backend,case_name,status,reason,dtype,algorithm,mode,k,n,timing_label,time_ms,timing_label_e2e,time_end_to_end_ms,timing_label_algorithmic,time_algorithmic_ms,bytes_moved,bytes_model,compare_ops,ops_model
cpu,q03_k8_max,PASS,ok,double,bitonic,max,8,8,Trunc bitonic end-to-end time (ms),0.076,Trunc bitonic end-to-end time (ms),0.076,Trunc bitonic algorithmic time (ms),0.076,128,exact,24,exact
cpu,q04_k8_max,PASS,ok,double,bitonic,max,8,16,Trunc bitonic end-to-end time (ms),0.097,Trunc bitonic end-to-end time (ms),0.097,Trunc bitonic algorithmic time (ms),0.097,448,exact,68,exact
cpu,q05_k8_max,PASS,ok,double,bitonic,max,8,32,Trunc bitonic end-to-end time (ms),0.083,Trunc bitonic end-to-end time (ms),0.083,Trunc bitonic algorithmic time (ms),0.083,1088,exact,156,exact
cpu,q06_k8_max,PASS,ok,double,bitonic,max,8,64,Trunc bitonic end-to-end time (ms),0.086,Trunc bitonic end-to-end time (ms),0.086,Trunc bitonic algorithmic time (ms),0.086,2368,exact,332,exact
cpu,q07_k8_max,PASS,ok,double,bitonic,max,8,128,Trunc bitonic end-to-end time (ms),0.073,Trunc bitonic end-to-end time (ms),0.073,Trunc bitonic algorithmic time (ms),0.073,4928,exact,684,exact
cpu,q08_k8_max,PASS,ok,double,bitonic,max,8,256,Trunc bitonic end-to-end time (ms),0.07,Trunc bitonic end-to-end time (ms),0.07,Trunc bitonic algorithmic time (ms),0.07,10048,exact,1388,exact
cpu,q08_k256_max,PASS,ok,double,bitonic,max,256,256,Trunc bitonic end-to-end time (ms),0.073,Trunc bitonic end-to-end time (ms),0.073,Trunc bitonic algorithmic time (ms),0.073,4096,exact,4608,exact
cpu,q09_k8_max,PASS,ok,double,bitonic,max,8,512,Trunc bitonic end-to-end time (ms),0.071,Trunc bitonic end-to-end time (ms),0.071,Trunc bitonic algorithmic time (ms),0.071,20288,exact,2796,exact
cpu,q09_k256_max,PASS,ok,double,bitonic,max,256,512,Trunc bitonic end-to-end time (ms),0.081,Trunc bitonic end-to-end time (ms),0.081,Trunc bitonic algorithmic time (ms),0.081,18432,exact,10496,exact
cpu,q10_k8_max,PASS,ok,double,bitonic,max,8,1024,Trunc bitonic end-to-end time (ms),0.072,Trunc bitonic end-to-end time (ms),0.072,Trunc bitonic algorithmic time (ms),0.072,40768,exact,5612,exact
cpu,q10_k256_max,PASS,ok,double,bitonic,max,256,1024,Trunc bitonic end-to-end time (ms),0.087,Trunc bitonic end-to-end time (ms),0.087,Trunc bitonic algorithmic time (ms),0.087,47104,exact,22272,exact
cpu,q11_k8_max,PASS,ok,double,bitonic,max,8,2048,Trunc bitonic end-to-end time (ms),0.08,Trunc bitonic end-to-end time (ms),0.08,Trunc bitonic algorithmic time (ms),0.08,81728,exact,11244,exact
cpu,q11_k256_max,PASS,ok,double,bitonic,max,256,2048,Trunc bitonic end-to-end time (ms),0.112,Trunc bitonic end-to-end time (ms),0.112,Trunc bitonic algorithmic time (ms),0.112,104448,exact,45824,exact
cpu,q12_k8_max,PASS,ok,double,bitonic,max,8,4096,Trunc bitonic end-to-end time (ms),0.082,Trunc bitonic end-to-end time (ms),0.082,Trunc bitonic algorithmic time (ms),0.082,163648,exact,22508,exact
cpu,q12_k256_max,PASS,ok,double,bitonic,max,256,4096,Trunc bitonic end-to-end time (ms),0.117,Trunc bitonic end-to-end time (ms),0.117,Trunc bitonic algorithmic time (ms),0.117,219136,exact,92928,exact
cpu,q12_k4096_max,PASS,ok,double,bitonic,max,4096,4096,Trunc bitonic end-to-end time (ms),0.143,Trunc bitonic end-to-end time (ms),0.143,Trunc bitonic algorithmic time (ms),0.143,65536,exact,159744,exact
cpu,q13_k8_max,PASS,ok,double,bitonic,max,8,8192,Trunc bitonic end-to-end time (ms),0.091,Trunc bitonic end-to-end time (ms),0.091,Trunc bitonic algorithmic time (ms),0.091,327488,exact,45036,exact
cpu,q13_k256_max,PASS,ok,double,bitonic,max,256,8192,Trunc bitonic end-to-end time (ms),0.161,Trunc bitonic end-to-end time (ms),0.161,Trunc bitonic algorithmic time (ms),0.161,448512,exact,187136,exact
cpu,q13_k4096_max,PASS,ok,double,bitonic,max,4096,8192,Trunc bitonic end-to-end time (ms),0.223,Trunc bitonic end-to-end time (ms),0.223,Trunc bitonic algorithmic time (ms),0.223,294912,exact,348160,exact
cpu,q14_k8_max,PASS,ok,double,bitonic,max,8,16384,Trunc bitonic end-to-end time (ms),0.142,Trunc bitonic end-to-end time (ms),0.142,Trunc bitonic algorithmic time (ms),0.142,655168,exact,90092,exact
cpu,q14_k256_max,PASS,ok,double,bitonic,max,256,16384,Trunc bitonic end-to-end time (ms),0.281,Trunc bitonic end-to-end time (ms),0.281,Trunc bitonic algorithmic time (ms),0.281,907264,exact,375552,exact
cpu,q14_k4096_max,PASS,ok,double,bitonic,max,4096,16384,Trunc bitonic end-to-end time (ms),0.411,Trunc bitonic end-to-end time (ms),0.411,Trunc bitonic algorithmic time (ms),0.411,753664,exact,724992,exact
cpu,q15_k8_max,PASS,ok,double,bitonic,max,8,32768,Trunc bitonic end-to-end time (ms),0.283,Trunc bitonic end-to-end time (ms),0.283,Trunc bitonic algorithmic time (ms),0.283,1310528,exact,180204,exact
cpu,q15_k256_max,PASS,ok,double,bitonic,max,256,32768,Trunc bitonic end-to-end time (ms),0.475,Trunc bitonic end-to-end time (ms),0.475,Trunc bitonic algorithmic time (ms),0.475,1824768,exact,752384,exact
cpu,q15_k4096_max,PASS,ok,double,bitonic,max,4096,32768,Trunc bitonic end-to-end time (ms),0.735,Trunc bitonic end-to-end time (ms),0.735,Trunc bitonic algorithmic time (ms),0.735,1671168,exact,1478656,exact
cpu,q16_k8_max,PASS,ok,double,bitonic,max,8,65536,Trunc bitonic end-to-end time (ms),0.33,Trunc bitonic end-to-end time (ms),0.33,Trunc bitonic algorithmic time (ms),0.33,2621248,exact,360428,exact
cpu,q16_k256_max,PASS,ok,double,bitonic,max,256,65536,Trunc bitonic end-to-end time (ms),0.813,Trunc bitonic end-to-end time (ms),0.813,Trunc bitonic algorithmic time (ms),0.813,3659776,exact,1506048,exact
cpu,q16_k4096_max,PASS,ok,double,bitonic,max,4096,65536,Trunc bitonic end-to-end time (ms),1.41,Trunc bitonic end-to-end time (ms),1.41,Trunc bitonic algorithmic time (ms),1.41,3506176,exact,2985984,exact
cpu,q17_k8_max,PASS,ok,double,bitonic,max,8,131072,Trunc bitonic end-to-end time (ms),0.367,Trunc bitonic end-to-end time (ms),0.367,Trunc bitonic algorithmic time (ms),0.367,5242688,exact,720876,exact
cpu,q17_k256_max,PASS,ok,double,bitonic,max,256,131072,Trunc bitonic end-to-end time (ms),1.287,Trunc bitonic end-to-end time (ms),1.287,Trunc bitonic algorithmic time (ms),1.287,7329792,exact,3013376,exact
cpu,q17_k4096_max,PASS,ok,double,bitonic,max,4096,131072,Trunc bitonic end-to-end time (ms),1.471,Trunc bitonic end-to-end time (ms),1.471,Trunc bitonic algorithmic time (ms),1.471,7176192,exact,6000640,exact
cpu,q17_k131072_max,PASS,ok,double,bitonic,max,131072,131072,Trunc bitonic end-to-end time (ms),2.033,Trunc bitonic end-to-end time (ms),2.033,Trunc bitonic algorithmic time (ms),2.033,6291456,exact,10027008,exact
cpu,q18_k8_max,PASS,ok,double,bitonic,max,8,262144,Trunc bitonic end-to-end time (ms),0.42,Trunc bitonic end-to-end time (ms),0.42,Trunc bitonic algorithmic time (ms),0.42,10485568,exact,1441772,exact
cpu,q18_k256_max,PASS,ok,double,bitonic,max,256,262144,Trunc bitonic end-to-end time (ms),1.016,Trunc bitonic end-to-end time (ms),1.016,Trunc bitonic algorithmic time (ms),1.016,14669824,exact,6028032,exact
cpu,q18_k4096_max,PASS,ok,double,bitonic,max,4096,262144,Trunc bitonic end-to-end time (ms),1.511,Trunc bitonic end-to-end time (ms),1.511,Trunc bitonic algorithmic time (ms),1.511,14516224,exact,12029952,exact
cpu,q18_k131072_max,PASS,ok,double,bitonic,max,131072,262144,Trunc bitonic end-to-end time (ms),2.533,Trunc bitonic end-to-end time (ms),2.533,Trunc bitonic algorithmic time (ms),2.533,19922944,exact,21299200,exact
cpu,q19_k8_max,PASS,ok,double,bitonic,max,8,524288,Trunc bitonic end-to-end time (ms),0.909,Trunc bitonic end-to-end time (ms),0.909,Trunc bitonic algorithmic time (ms),0.909,20971328,exact,2883564,exact
cpu,q19_k256_max,PASS,ok,double,bitonic,max,256,524288,Trunc bitonic end-to-end time (ms),1.292,Trunc bitonic end-to-end time (ms),1.292,Trunc bitonic algorithmic time (ms),1.292,29349888,exact,12057344,exact
cpu,q19_k4096_max,PASS,ok,double,bitonic,max,4096,524288,Trunc bitonic end-to-end time (ms),1.933,Trunc bitonic end-to-end time (ms),1.933,Trunc bitonic algorithmic time (ms),1.933,29196288,exact,24088576,exact
cpu,q19_k131072_max,PASS,ok,double,bitonic,max,131072,524288,Trunc bitonic end-to-end time (ms),3.279,Trunc bitonic end-to-end time (ms),3.279,Trunc bitonic algorithmic time (ms),3.279,47185920,exact,43843584,exact
cpu,q20_k8_max,PASS,ok,double,bitonic,max,8,1048576,Trunc bitonic end-to-end time (ms),1.25,Trunc bitonic end-to-end time (ms),1.25,Trunc bitonic algorithmic time (ms),1.25,41942848,exact,5767148,exact
cpu,q20_k256_max,PASS,ok,double,bitonic,max,256,1048576,Trunc bitonic end-to-end time (ms),2.651,Trunc bitonic end-to-end time (ms),2.651,Trunc bitonic algorithmic time (ms),2.651,58710016,exact,24115968,exact
cpu,q20_k4096_max,PASS,ok,double,bitonic,max,4096,1048576,Trunc bitonic end-to-end time (ms),3.72,Trunc bitonic end-to-end time (ms),3.72,Trunc bitonic algorithmic time (ms),3.72,58556416,exact,48205824,exact
cpu,q20_k131072_max,PASS,ok,double,bitonic,max,131072,1048576,Trunc bitonic end-to-end time (ms),8.085,Trunc bitonic end-to-end time (ms),8.085,Trunc bitonic algorithmic time (ms),8.085,101711872,exact,88932352,exact
cpu,q21_k8_max,PASS,ok,double,bitonic,max,8,2097152,Trunc bitonic end-to-end time (ms),2.377,Trunc bitonic end-to-end time (ms),2.377,Trunc bitonic algorithmic time (ms),2.377,83885888,exact,11534316,exact
cpu,q21_k256_max,PASS,ok,double,bitonic,max,256,2097152,Trunc bitonic end-to-end time (ms),5.296,Trunc bitonic end-to-end time (ms),5.296,Trunc bitonic algorithmic time (ms),5.296,117430272,exact,48233216,exact
cpu,q21_k4096_max,PASS,ok,double,bitonic,max,4096,2097152,Trunc bitonic end-to-end time (ms),8.869,Trunc bitonic end-to-end time (ms),8.869,Trunc bitonic algorithmic time (ms),8.869,117276672,exact,96440320,exact
cpu,q21_k131072_max,PASS,ok,double,bitonic,max,131072,2097152,Trunc bitonic end-to-end time (ms),11.754,Trunc bitonic end-to-end time (ms),11.754,Trunc bitonic algorithmic time (ms),11.754,210763776,exact,179109888,exact
cpu,q22_k8_max,PASS,ok,double,bitonic,max,8,4194304,Trunc bitonic end-to-end time (ms),4.32,Trunc bitonic end-to-end time (ms),4.32,Trunc bitonic algorithmic time (ms),4.32,167771968,exact,23068652,exact
cpu,q22_k256_max,PASS,ok,double,bitonic,max,256,4194304,Trunc bitonic end-to-end time (ms),10.632,Trunc bitonic end-to-end time (ms),10.632,Trunc bitonic algorithmic time (ms),10.632,234870784,exact,96467712,exact
cpu,q22_k4096_max,PASS,ok,double,bitonic,max,4096,4194304,Trunc bitonic end-to-end time (ms),15.47,Trunc bitonic end-to-end time (ms),15.47,Trunc bitonic algorithmic time (ms),15.47,234717184,exact,192909312,exact
cpu,q22_k131072_max,PASS,ok,double,bitonic,max,131072,4194304,Trunc bitonic end-to-end time (ms),28.066,Trunc bitonic end-to-end time (ms),28.066,Trunc bitonic algorithmic time (ms),28.066,428867584,exact,359464960,exact
cpu,q23_k8_max,PASS,ok,double,bitonic,max,8,8388608,Trunc bitonic end-to-end time (ms),8.746,Trunc bitonic end-to-end time (ms),8.746,Trunc bitonic algorithmic time (ms),8.746,335544128,exact,46137324,exact
cpu,q23_k256_max,PASS,ok,double,bitonic,max,256,8388608,Trunc bitonic end-to-end time (ms),20.992,Trunc bitonic end-to-end time (ms),20.992,Trunc bitonic algorithmic time (ms),20.992,469751808,exact,192936704,exact
cpu,q23_k4096_max,PASS,ok,double,bitonic,max,4096,8388608,Trunc bitonic end-to-end time (ms),32.713,Trunc bitonic end-to-end time (ms),32.713,Trunc bitonic algorithmic time (ms),32.713,469598208,exact,385847296,exact
cpu,q23_k131072_max,PASS,ok,double,bitonic,max,131072,8388608,Trunc bitonic end-to-end time (ms),53.437,Trunc bitonic end-to-end time (ms),53.437,Trunc bitonic algorithmic time (ms),53.437,865075200,exact,720175104,exact
cpu,q24_k8_max,PASS,ok,double,bitonic,max,8,16777216,Trunc bitonic end-to-end time (ms),17.772,Trunc bitonic end-to-end time (ms),17.772,Trunc bitonic algorithmic time (ms),17.772,671088448,exact,92274668,exact
cpu,q24_k256_max,PASS,ok,double,bitonic,max,256,16777216,Trunc bitonic end-to-end time (ms),44.748,Trunc bitonic end-to-end time (ms),44.748,Trunc bitonic algorithmic time (ms),44.748,939513856,exact,385874688,exact
cpu,q24_k4096_max,PASS,ok,double,bitonic,max,4096,16777216,Trunc bitonic end-to-end time (ms),62.381,Trunc bitonic end-to-end time (ms),62.381,Trunc bitonic algorithmic time (ms),62.381,939360256,exact,771723264,exact
cpu,q24_k131072_max,PASS,ok,double,bitonic,max,131072,16777216,Trunc bitonic end-to-end time (ms),108.248,Trunc bitonic end-to-end time (ms),108.248,Trunc bitonic algorithmic time (ms),108.248,1737490432,exact,1441595392,exact
cpu,q03_k8_max,PASS,ok,double,map_reduce,max,8,8,Map-reduce top-k end-to-end time (ms),0.048,Map-reduce top-k end-to-end time (ms),0.048,Map-reduce top-k algorithmic time (ms),0.048,192,exact,8,lower-bound
cpu,q04_k8_max,PASS,ok,double,map_reduce,max,8,16,Map-reduce top-k end-to-end time (ms),0.075,Map-reduce top-k end-to-end time (ms),0.075,Map-reduce top-k algorithmic time (ms),0.075,256,exact,16,lower-bound
cpu,q05_k8_max,PASS,ok,double,map_reduce,max,8,32,Map-reduce top-k end-to-end time (ms),0.048,Map-reduce top-k end-to-end time (ms),0.048,Map-reduce top-k algorithmic time (ms),0.048,384,exact,32,lower-bound
cpu,q06_k8_max,PASS,ok,double,map_reduce,max,8,64,Map-reduce top-k end-to-end time (ms),0.049,Map-reduce top-k end-to-end time (ms),0.049,Map-reduce top-k algorithmic time (ms),0.049,640,exact,64,lower-bound
cpu,q07_k8_max,PASS,ok,double,map_reduce,max,8,128,Map-reduce top-k end-to-end time (ms),0.049,Map-reduce top-k end-to-end time (ms),0.049,Map-reduce top-k algorithmic time (ms),0.049,1152,exact,128,lower-bound
cpu,q08_k8_max,PASS,ok,double,map_reduce,max,8,256,Map-reduce top-k end-to-end time (ms),0.05,Map-reduce top-k end-to-end time (ms),0.05,Map-reduce top-k algorithmic time (ms),0.05,2176,exact,256,lower-bound
cpu,q08_k256_max,PASS,ok,double,map_reduce,max,256,256,Map-reduce top-k end-to-end time (ms),0.05,Map-reduce top-k end-to-end time (ms),0.05,Map-reduce top-k algorithmic time (ms),0.05,6144,exact,256,lower-bound
cpu,q09_k8_max,PASS,ok,double,map_reduce,max,8,512,Map-reduce top-k end-to-end time (ms),0.048,Map-reduce top-k end-to-end time (ms),0.048,Map-reduce top-k algorithmic time (ms),0.048,4224,exact,512,lower-bound
cpu,q09_k256_max,PASS,ok,double,map_reduce,max,256,512,Map-reduce top-k end-to-end time (ms),0.054,Map-reduce top-k end-to-end time (ms),0.054,Map-reduce top-k algorithmic time (ms),0.054,8192,exact,512,lower-bound
cpu,q10_k8_max,PASS,ok,double,map_reduce,max,8,1024,Map-reduce top-k end-to-end time (ms),0.046,Map-reduce top-k end-to-end time (ms),0.046,Map-reduce top-k algorithmic time (ms),0.046,8320,exact,1024,lower-bound
cpu,q10_k256_max,PASS,ok,double,map_reduce,max,256,1024,Map-reduce top-k end-to-end time (ms),0.058,Map-reduce top-k end-to-end time (ms),0.058,Map-reduce top-k algorithmic time (ms),0.058,12288,exact,1024,lower-bound
cpu,q11_k8_max,PASS,ok,double,map_reduce,max,8,2048,Map-reduce top-k end-to-end time (ms),0.048,Map-reduce top-k end-to-end time (ms),0.048,Map-reduce top-k algorithmic time (ms),0.048,16512,exact,2048,lower-bound
cpu,q11_k256_max,PASS,ok,double,map_reduce,max,256,2048,Map-reduce top-k end-to-end time (ms),0.059,Map-reduce top-k end-to-end time (ms),0.059,Map-reduce top-k algorithmic time (ms),0.059,20480,exact,2048,lower-bound
cpu,q12_k8_max,PASS,ok,double,map_reduce,max,8,4096,Map-reduce top-k end-to-end time (ms),0.048,Map-reduce top-k end-to-end time (ms),0.048,Map-reduce top-k algorithmic time (ms),0.048,32896,exact,4096,lower-bound
cpu,q12_k256_max,PASS,ok,double,map_reduce,max,256,4096,Map-reduce top-k end-to-end time (ms),0.051,Map-reduce top-k end-to-end time (ms),0.051,Map-reduce top-k algorithmic time (ms),0.051,36864,exact,4096,lower-bound
cpu,q12_k4096_max,PASS,ok,double,map_reduce,max,4096,4096,Map-reduce top-k end-to-end time (ms),0.118,Map-reduce top-k end-to-end time (ms),0.118,Map-reduce top-k algorithmic time (ms),0.118,98304,exact,4096,lower-bound
cpu,q13_k8_max,PASS,ok,double,map_reduce,max,8,8192,Map-reduce top-k end-to-end time (ms),0.048,Map-reduce top-k end-to-end time (ms),0.048,Map-reduce top-k algorithmic time (ms),0.048,65664,exact,8192,lower-bound
cpu,q13_k256_max,PASS,ok,double,map_reduce,max,256,8192,Map-reduce top-k end-to-end time (ms),0.063,Map-reduce top-k end-to-end time (ms),0.063,Map-reduce top-k algorithmic time (ms),0.063,69632,exact,8192,lower-bound
cpu,q13_k4096_max,PASS,ok,double,map_reduce,max,4096,8192,Map-reduce top-k end-to-end time (ms),0.41,Map-reduce top-k end-to-end time (ms),0.41,Map-reduce top-k algorithmic time (ms),0.41,131072,exact,8192,lower-bound
cpu,q14_k8_max,PASS,ok,double,map_reduce,max,8,16384,Map-reduce top-k end-to-end time (ms),0.05,Map-reduce top-k end-to-end time (ms),0.05,Map-reduce top-k algorithmic time (ms),0.05,131200,exact,16384,lower-bound
cpu,q14_k256_max,PASS,ok,double,map_reduce,max,256,16384,Map-reduce top-k end-to-end time (ms),0.067,Map-reduce top-k end-to-end time (ms),0.067,Map-reduce top-k algorithmic time (ms),0.067,135168,exact,16384,lower-bound
cpu,q14_k4096_max,PASS,ok,double,map_reduce,max,4096,16384,Map-reduce top-k end-to-end time (ms),0.678,Map-reduce top-k end-to-end time (ms),0.678,Map-reduce top-k algorithmic time (ms),0.678,196608,exact,16384,lower-bound
cpu,q15_k8_max,PASS,ok,double,map_reduce,max,8,32768,Map-reduce top-k end-to-end time (ms),0.052,Map-reduce top-k end-to-end time (ms),0.052,Map-reduce top-k algorithmic time (ms),0.052,262272,exact,32768,lower-bound
cpu,q15_k256_max,PASS,ok,double,map_reduce,max,256,32768,Map-reduce top-k end-to-end time (ms),0.072,Map-reduce top-k end-to-end time (ms),0.072,Map-reduce top-k algorithmic time (ms),0.072,266240,exact,32768,lower-bound
cpu,q15_k4096_max,PASS,ok,double,map_reduce,max,4096,32768,Map-reduce top-k end-to-end time (ms),0.913,Map-reduce top-k end-to-end time (ms),0.913,Map-reduce top-k algorithmic time (ms),0.913,327680,exact,32768,lower-bound
cpu,q16_k8_max,PASS,ok,double,map_reduce,max,8,65536,Map-reduce top-k end-to-end time (ms),0.057,Map-reduce top-k end-to-end time (ms),0.057,Map-reduce top-k algorithmic time (ms),0.057,524416,exact,65536,lower-bound
cpu,q16_k256_max,PASS,ok,double,map_reduce,max,256,65536,Map-reduce top-k end-to-end time (ms),0.081,Map-reduce top-k end-to-end time (ms),0.081,Map-reduce top-k algorithmic time (ms),0.081,528384,exact,65536,lower-bound
cpu,q16_k4096_max,PASS,ok,double,map_reduce,max,4096,65536,Map-reduce top-k end-to-end time (ms),1.17,Map-reduce top-k end-to-end time (ms),1.17,Map-reduce top-k algorithmic time (ms),1.17,589824,exact,65536,lower-bound
cpu,q17_k8_max,PASS,ok,double,map_reduce,max,8,131072,Map-reduce top-k end-to-end time (ms),0.066,Map-reduce top-k end-to-end time (ms),0.066,Map-reduce top-k algorithmic time (ms),0.066,1048704,exact,131072,lower-bound
cpu,q17_k256_max,PASS,ok,double,map_reduce,max,256,131072,Map-reduce top-k end-to-end time (ms),0.099,Map-reduce top-k end-to-end time (ms),0.099,Map-reduce top-k algorithmic time (ms),0.099,1052672,exact,131072,lower-bound
cpu,q17_k4096_max,PASS,ok,double,map_reduce,max,4096,131072,Map-reduce top-k end-to-end time (ms),1.381,Map-reduce top-k end-to-end time (ms),1.381,Map-reduce top-k algorithmic time (ms),1.381,1114112,exact,131072,lower-bound
cpu,q17_k131072_max,PASS,ok,double,map_reduce,max,131072,131072,Map-reduce top-k end-to-end time (ms),9.606,Map-reduce top-k end-to-end time (ms),9.606,Map-reduce top-k algorithmic time (ms),9.606,3145728,exact,131072,lower-bound
cpu,q18_k8_max,PASS,ok,double,map_reduce,max,8,262144,Map-reduce top-k end-to-end time (ms),0.083,Map-reduce top-k end-to-end time (ms),0.083,Map-reduce top-k algorithmic time (ms),0.083,2097280,exact,262144,lower-bound
cpu,q18_k256_max,PASS,ok,double,map_reduce,max,256,262144,Map-reduce top-k end-to-end time (ms),0.107,Map-reduce top-k end-to-end time (ms),0.107,Map-reduce top-k algorithmic time (ms),0.107,2101248,exact,262144,lower-bound
cpu,q18_k4096_max,PASS,ok,double,map_reduce,max,4096,262144,Map-reduce top-k end-to-end time (ms),1.639,Map-reduce top-k end-to-end time (ms),1.639,Map-reduce top-k algorithmic time (ms),1.639,2162688,exact,262144,lower-bound
cpu,q18_k131072_max,PASS,ok,double,map_reduce,max,131072,262144,Map-reduce top-k end-to-end time (ms),20.025,Map-reduce top-k end-to-end time (ms),20.025,Map-reduce top-k algorithmic time (ms),20.025,4194304,exact,262144,lower-bound
cpu,q19_k8_max,PASS,ok,double,map_reduce,max,8,524288,Map-reduce top-k end-to-end time (ms),0.138,Map-reduce top-k end-to-end time (ms),0.138,Map-reduce top-k algorithmic time (ms),0.138,4194432,exact,524288,lower-bound
cpu,q19_k256_max,PASS,ok,double,map_reduce,max,256,524288,Map-reduce top-k end-to-end time (ms),0.145,Map-reduce top-k end-to-end time (ms),0.145,Map-reduce top-k algorithmic time (ms),0.145,4198400,exact,524288,lower-bound
cpu,q19_k4096_max,PASS,ok,double,map_reduce,max,4096,524288,Map-reduce top-k end-to-end time (ms),1.946,Map-reduce top-k end-to-end time (ms),1.946,Map-reduce top-k algorithmic time (ms),1.946,4259840,exact,524288,lower-bound
cpu,q19_k131072_max,PASS,ok,double,map_reduce,max,131072,524288,Map-reduce top-k end-to-end time (ms),30.039,Map-reduce top-k end-to-end time (ms),30.039,Map-reduce top-k algorithmic time (ms),30.039,6291456,exact,524288,lower-bound
cpu,q20_k8_max,PASS,ok,double,map_reduce,max,8,1048576,Map-reduce top-k end-to-end time (ms),0.191,Map-reduce top-k end-to-end time (ms),0.191,Map-reduce top-k algorithmic time (ms),0.191,8388736,exact,1048576,lower-bound
cpu,q20_k256_max,PASS,ok,double,map_reduce,max,256,1048576,Map-reduce top-k end-to-end time (ms),0.222,Map-reduce top-k end-to-end time (ms),0.222,Map-reduce top-k algorithmic time (ms),0.222,8392704,exact,1048576,lower-bound
cpu,q20_k4096_max,PASS,ok,double,map_reduce,max,4096,1048576,Map-reduce top-k end-to-end time (ms),2.274,Map-reduce top-k end-to-end time (ms),2.274,Map-reduce top-k algorithmic time (ms),2.274,8454144,exact,1048576,lower-bound
cpu,q20_k131072_max,PASS,ok,double,map_reduce,max,131072,1048576,Map-reduce top-k end-to-end time (ms),40.786,Map-reduce top-k end-to-end time (ms),40.786,Map-reduce top-k algorithmic time (ms),40.786,10485760,exact,1048576,lower-bound
cpu,q21_k8_max,PASS,ok,double,map_reduce,max,8,2097152,Map-reduce top-k end-to-end time (ms),0.247,Map-reduce top-k end-to-end time (ms),0.247,Map-reduce top-k algorithmic time (ms),0.247,16777472,exact,2097152,lower-bound
cpu,q21_k256_max,PASS,ok,double,map_reduce,max,256,2097152,Map-reduce top-k end-to-end time (ms),0.332,Map-reduce top-k end-to-end time (ms),0.332,Map-reduce top-k algorithmic time (ms),0.332,16785408,exact,2097152,lower-bound
cpu,q21_k4096_max,PASS,ok,double,map_reduce,max,4096,2097152,Map-reduce top-k end-to-end time (ms),2.622,Map-reduce top-k end-to-end time (ms),2.622,Map-reduce top-k algorithmic time (ms),2.622,16908288,exact,2097152,lower-bound
cpu,q21_k131072_max,PASS,ok,double,map_reduce,max,131072,2097152,Map-reduce top-k end-to-end time (ms),54.349,Map-reduce top-k end-to-end time (ms),54.349,Map-reduce top-k algorithmic time (ms),54.349,20971520,exact,2097152,lower-bound
cpu,q22_k8_max,PASS,ok,double,map_reduce,max,8,4194304,Map-reduce top-k end-to-end time (ms),0.515,Map-reduce top-k end-to-end time (ms),0.515,Map-reduce top-k algorithmic time (ms),0.515,33554944,exact,4194304,lower-bound
cpu,q22_k256_max,PASS,ok,double,map_reduce,max,256,4194304,Map-reduce top-k end-to-end time (ms),0.574,Map-reduce top-k end-to-end time (ms),0.574,Map-reduce top-k algorithmic time (ms),0.574,33570816,exact,4194304,lower-bound
cpu,q22_k4096_max,PASS,ok,double,map_reduce,max,4096,4194304,Map-reduce top-k end-to-end time (ms),2.905,Map-reduce top-k end-to-end time (ms),2.905,Map-reduce top-k algorithmic time (ms),2.905,33816576,exact,4194304,lower-bound
cpu,q22_k131072_max,PASS,ok,double,map_reduce,max,131072,4194304,Map-reduce top-k end-to-end time (ms),65.4,Map-reduce top-k end-to-end time (ms),65.4,Map-reduce top-k algorithmic time (ms),65.4,41943040,exact,4194304,lower-bound
cpu,q23_k8_max,PASS,ok,double,map_reduce,max,8,8388608,Map-reduce top-k end-to-end time (ms),1.364,Map-reduce top-k end-to-end time (ms),1.364,Map-reduce top-k algorithmic time (ms),1.364,67109888,exact,8388608,lower-bound
cpu,q23_k256_max,PASS,ok,double,map_reduce,max,256,8388608,Map-reduce top-k end-to-end time (ms),1.446,Map-reduce top-k end-to-end time (ms),1.446,Map-reduce top-k algorithmic time (ms),1.446,67141632,exact,8388608,lower-bound
cpu,q23_k4096_max,PASS,ok,double,map_reduce,max,4096,8388608,Map-reduce top-k end-to-end time (ms),3.855,Map-reduce top-k end-to-end time (ms),3.855,Map-reduce top-k algorithmic time (ms),3.855,67633152,exact,8388608,lower-bound
cpu,q23_k131072_max,PASS,ok,double,map_reduce,max,131072,8388608,Map-reduce top-k end-to-end time (ms),77.602,Map-reduce top-k end-to-end time (ms),77.602,Map-reduce top-k algorithmic time (ms),77.602,83886080,exact,8388608,lower-bound
cpu,q24_k8_max,PASS,ok,double,map_reduce,max,8,16777216,Map-reduce top-k end-to-end time (ms),2.491,Map-reduce top-k end-to-end time (ms),2.491,Map-reduce top-k algorithmic time (ms),2.491,134218752,exact,16777216,lower-bound
cpu,q24_k256_max,PASS,ok,double,map_reduce,max,256,16777216,Map-reduce top-k end-to-end time (ms),2.583,Map-reduce top-k end-to-end time (ms),2.583,Map-reduce top-k algorithmic time (ms),2.583,134250496,exact,16777216,lower-bound
cpu,q24_k4096_max,PASS,ok,double,map_reduce,max,4096,16777216,Map-reduce top-k end-to-end time (ms),5.483,Map-reduce top-k end-to-end time (ms),5.483,Map-reduce top-k algorithmic time (ms),5.483,134742016,exact,16777216,lower-bound
cpu,q24_k131072_max,PASS,ok,double,map_reduce,max,131072,16777216,Map-reduce top-k end-to-end time (ms),89.663,Map-reduce top-k end-to-end time (ms),89.663,Map-reduce top-k algorithmic time (ms),89.663,150994944,exact,16777216,lower-bound
cpu,q03_k8_max,PASS,ok,double,gt,max,8,8,Ground truth end-to-end time (ms),0.055,Ground truth end-to-end time (ms),0.055,Ground truth algorithmic time (ms),0.055,128,lower-bound,8,lower-bound
cpu,q04_k8_max,PASS,ok,double,gt,max,8,16,Ground truth end-to-end time (ms),0.075,Ground truth end-to-end time (ms),0.075,Ground truth algorithmic time (ms),0.075,192,lower-bound,16,lower-bound
cpu,q05_k8_max,PASS,ok,double,gt,max,8,32,Ground truth end-to-end time (ms),0.049,Ground truth end-to-end time (ms),0.049,Ground truth algorithmic time (ms),0.049,320,lower-bound,32,lower-bound
cpu,q06_k8_max,PASS,ok,double,gt,max,8,64,Ground truth end-to-end time (ms),0.05,Ground truth end-to-end time (ms),0.05,Ground truth algorithmic time (ms),0.05,576,lower-bound,64,lower-bound
cpu,q07_k8_max,PASS,ok,double,gt,max,8,128,Ground truth end-to-end time (ms),0.049,Ground truth end-to-end time (ms),0.049,Ground truth algorithmic time (ms),0.049,1088,lower-bound,128,lower-bound
cpu,q08_k8_max,PASS,ok,double,gt,max,8,256,Ground truth end-to-end time (ms),0.049,Ground truth end-to-end time (ms),0.049,Ground truth algorithmic time (ms),0.049,2112,lower-bound,256,lower-bound
cpu,q08_k256_max,PASS,ok,double,gt,max,256,256,Ground truth end-to-end time (ms),0.042,Ground truth end-to-end time (ms),0.042,Ground truth algorithmic time (ms),0.042,4096,lower-bound,256,lower-bound
cpu,q09_k8_max,PASS,ok,double,gt,max,8,512,Ground truth end-to-end time (ms),0.048,Ground truth end-to-end time (ms),0.048,Ground truth algorithmic time (ms),0.048,4160,lower-bound,512,lower-bound
cpu,q09_k256_max,PASS,ok,double,gt,max,256,512,Ground truth end-to-end time (ms),0.056,Ground truth end-to-end time (ms),0.056,Ground truth algorithmic time (ms),0.056,6144,lower-bound,512,lower-bound
cpu,q10_k8_max,PASS,ok,double,gt,max,8,1024,Ground truth end-to-end time (ms),0.049,Ground truth end-to-end time (ms),0.049,Ground truth algorithmic time (ms),0.049,8256,lower-bound,1024,lower-bound
cpu,q10_k256_max,PASS,ok,double,gt,max,256,1024,Ground truth end-to-end time (ms),0.06,Ground truth end-to-end time (ms),0.06,Ground truth algorithmic time (ms),0.06,10240,lower-bound,1024,lower-bound
cpu,q11_k8_max,PASS,ok,double,gt,max,8,2048,Ground truth end-to-end time (ms),0.033,Ground truth end-to-end time (ms),0.033,Ground truth algorithmic time (ms),0.033,16448,lower-bound,2048,lower-bound
cpu,q11_k256_max,PASS,ok,double,gt,max,256,2048,Ground truth end-to-end time (ms),0.055,Ground truth end-to-end time (ms),0.055,Ground truth algorithmic time (ms),0.055,18432,lower-bound,2048,lower-bound
cpu,q12_k8_max,PASS,ok,double,gt,max,8,4096,Ground truth end-to-end time (ms),0.049,Ground truth end-to-end time (ms),0.049,Ground truth algorithmic time (ms),0.049,32832,lower-bound,4096,lower-bound
cpu,q12_k256_max,PASS,ok,double,gt,max,256,4096,Ground truth end-to-end time (ms),0.069,Ground truth end-to-end time (ms),0.069,Ground truth algorithmic time (ms),0.069,34816,lower-bound,4096,lower-bound
cpu,q12_k4096_max,PASS,ok,double,gt,max,4096,4096,Ground truth end-to-end time (ms),0.11,Ground truth end-to-end time (ms),0.11,Ground truth algorithmic time (ms),0.11,65536,lower-bound,4096,lower-bound
cpu,q13_k8_max,PASS,ok,double,gt,max,8,8192,Ground truth end-to-end time (ms),0.055,Ground truth end-to-end time (ms),0.055,Ground truth algorithmic time (ms),0.055,65600,lower-bound,8192,lower-bound
cpu,q13_k256_max,PASS,ok,double,gt,max,256,8192,Ground truth end-to-end time (ms),0.058,Ground truth end-to-end time (ms),0.058,Ground truth algorithmic time (ms),0.058,67584,lower-bound,8192,lower-bound
cpu,q13_k4096_max,PASS,ok,double,gt,max,4096,8192,Ground truth end-to-end time (ms),0.255,Ground truth end-to-end time (ms),0.255,Ground truth algorithmic time (ms),0.255,98304,lower-bound,8192,lower-bound
cpu,q14_k8_max,PASS,ok,double,gt,max,8,16384,Ground truth end-to-end time (ms),0.054,Ground truth end-to-end time (ms),0.054,Ground truth algorithmic time (ms),0.054,131136,lower-bound,16384,lower-bound
cpu,q14_k256_max,PASS,ok,double,gt,max,256,16384,Ground truth end-to-end time (ms),0.086,Ground truth end-to-end time (ms),0.086,Ground truth algorithmic time (ms),0.086,133120,lower-bound,16384,lower-bound
cpu,q14_k4096_max,PASS,ok,double,gt,max,4096,16384,Ground truth end-to-end time (ms),0.359,Ground truth end-to-end time (ms),0.359,Ground truth algorithmic time (ms),0.359,163840,lower-bound,16384,lower-bound
cpu,q15_k8_max,PASS,ok,double,gt,max,8,32768,Ground truth end-to-end time (ms),0.061,Ground truth end-to-end time (ms),0.061,Ground truth algorithmic time (ms),0.061,262208,lower-bound,32768,lower-bound
cpu,q15_k256_max,PASS,ok,double,gt,max,256,32768,Ground truth end-to-end time (ms),0.09,Ground truth end-to-end time (ms),0.09,Ground truth algorithmic time (ms),0.09,264192,lower-bound,32768,lower-bound
cpu,q15_k4096_max,PASS,ok,double,gt,max,4096,32768,Ground truth end-to-end time (ms),0.653,Ground truth end-to-end time (ms),0.653,Ground truth algorithmic time (ms),0.653,294912,lower-bound,32768,lower-bound
cpu,q16_k8_max,PASS,ok,double,gt,max,8,65536,Ground truth end-to-end time (ms),0.076,Ground truth end-to-end time (ms),0.076,Ground truth algorithmic time (ms),0.076,524352,lower-bound,65536,lower-bound
cpu,q16_k256_max,PASS,ok,double,gt,max,256,65536,Ground truth end-to-end time (ms),0.113,Ground truth end-to-end time (ms),0.113,Ground truth algorithmic time (ms),0.113,526336,lower-bound,65536,lower-bound
cpu,q16_k4096_max,PASS,ok,double,gt,max,4096,65536,Ground truth end-to-end time (ms),0.854,Ground truth end-to-end time (ms),0.854,Ground truth algorithmic time (ms),0.854,557056,lower-bound,65536,lower-bound
cpu,q17_k8_max,PASS,ok,double,gt,max,8,131072,Ground truth end-to-end time (ms),0.114,Ground truth end-to-end time (ms),0.114,Ground truth algorithmic time (ms),0.114,1048640,lower-bound,131072,lower-bound
cpu,q17_k256_max,PASS,ok,double,gt,max,256,131072,Ground truth end-to-end time (ms),0.162,Ground truth end-to-end time (ms),0.162,Ground truth algorithmic time (ms),0.162,1050624,lower-bound,131072,lower-bound
cpu,q17_k4096_max,PASS,ok,double,gt,max,4096,131072,Ground truth end-to-end time (ms),1.092,Ground truth end-to-end time (ms),1.092,Ground truth algorithmic time (ms),1.092,1081344,lower-bound,131072,lower-bound
cpu,q17_k131072_max,PASS,ok,double,gt,max,131072,131072,Ground truth end-to-end time (ms),9.011,Ground truth end-to-end time (ms),9.011,Ground truth algorithmic time (ms),9.011,2097152,lower-bound,131072,lower-bound
cpu,q18_k8_max,PASS,ok,double,gt,max,8,262144,Ground truth end-to-end time (ms),0.165,Ground truth end-to-end time (ms),0.165,Ground truth algorithmic time (ms),0.165,2097216,lower-bound,262144,lower-bound
cpu,q18_k256_max,PASS,ok,double,gt,max,256,262144,Ground truth end-to-end time (ms),0.201,Ground truth end-to-end time (ms),0.201,Ground truth algorithmic time (ms),0.201,2099200,lower-bound,262144,lower-bound
cpu,q18_k4096_max,PASS,ok,double,gt,max,4096,262144,Ground truth end-to-end time (ms),1.296,Ground truth end-to-end time (ms),1.296,Ground truth algorithmic time (ms),1.296,2129920,lower-bound,262144,lower-bound
cpu,q18_k131072_max,PASS,ok,double,gt,max,131072,262144,Ground truth end-to-end time (ms),17.333,Ground truth end-to-end time (ms),17.333,Ground truth algorithmic time (ms),17.333,3145728,lower-bound,262144,lower-bound
cpu,q19_k8_max,PASS,ok,double,gt,max,8,524288,Ground truth end-to-end time (ms),0.259,Ground truth end-to-end time (ms),0.259,Ground truth algorithmic time (ms),0.259,4194368,lower-bound,524288,lower-bound
cpu,q19_k256_max,PASS,ok,double,gt,max,256,524288,Ground truth end-to-end time (ms),0.332,Ground truth end-to-end time (ms),0.332,Ground truth algorithmic time (ms),0.332,4196352,lower-bound,524288,lower-bound
cpu,q19_k4096_max,PASS,ok,double,gt,max,4096,524288,Ground truth end-to-end time (ms),1.608,Ground truth end-to-end time (ms),1.608,Ground truth algorithmic time (ms),1.608,4227072,lower-bound,524288,lower-bound
cpu,q19_k131072_max,PASS,ok,double,gt,max,131072,524288,Ground truth end-to-end time (ms),25.342,Ground truth end-to-end time (ms),25.342,Ground truth algorithmic time (ms),25.342,5242880,lower-bound,524288,lower-bound
cpu,q20_k8_max,PASS,ok,double,gt,max,8,1048576,Ground truth end-to-end time (ms),0.406,Ground truth end-to-end time (ms),0.406,Ground truth algorithmic time (ms),0.406,8388672,lower-bound,1048576,lower-bound
cpu,q20_k256_max,PASS,ok,double,gt,max,256,1048576,Ground truth end-to-end time (ms),0.488,Ground truth end-to-end time (ms),0.488,Ground truth algorithmic time (ms),0.488,8390656,lower-bound,1048576,lower-bound
cpu,q20_k4096_max,PASS,ok,double,gt,max,4096,1048576,Ground truth end-to-end time (ms),1.975,Ground truth end-to-end time (ms),1.975,Ground truth algorithmic time (ms),1.975,8421376,lower-bound,1048576,lower-bound
cpu,q20_k131072_max,PASS,ok,double,gt,max,131072,1048576,Ground truth end-to-end time (ms),36.073,Ground truth end-to-end time (ms),36.073,Ground truth algorithmic time (ms),36.073,9437184,lower-bound,1048576,lower-bound
cpu,q21_k8_max,PASS,ok,double,gt,max,8,2097152,Ground truth end-to-end time (ms),0.752,Ground truth end-to-end time (ms),0.752,Ground truth algorithmic time (ms),0.752,16777280,lower-bound,2097152,lower-bound
cpu,q21_k256_max,PASS,ok,double,gt,max,256,2097152,Ground truth end-to-end time (ms),0.854,Ground truth end-to-end time (ms),0.854,Ground truth algorithmic time (ms),0.854,16779264,lower-bound,2097152,lower-bound
cpu,q21_k4096_max,PASS,ok,double,gt,max,4096,2097152,Ground truth end-to-end time (ms),2.576,Ground truth end-to-end time (ms),2.576,Ground truth algorithmic time (ms),2.576,16809984,lower-bound,2097152,lower-bound
cpu,q21_k131072_max,PASS,ok,double,gt,max,131072,2097152,Ground truth end-to-end time (ms),46.383,Ground truth end-to-end time (ms),46.383,Ground truth algorithmic time (ms),46.383,17825792,lower-bound,2097152,lower-bound
cpu,q22_k8_max,PASS,ok,double,gt,max,8,4194304,Ground truth end-to-end time (ms),1.502,Ground truth end-to-end time (ms),1.502,Ground truth algorithmic time (ms),1.502,33554496,lower-bound,4194304,lower-bound
cpu,q22_k256_max,PASS,ok,double,gt,max,256,4194304,Ground truth end-to-end time (ms),1.638,Ground truth end-to-end time (ms),1.638,Ground truth algorithmic time (ms),1.638,33556480,lower-bound,4194304,lower-bound
cpu,q22_k4096_max,PASS,ok,double,gt,max,4096,4194304,Ground truth end-to-end time (ms),3.625,Ground truth end-to-end time (ms),3.625,Ground truth algorithmic time (ms),3.625,33587200,lower-bound,4194304,lower-bound
cpu,q22_k131072_max,PASS,ok,double,gt,max,131072,4194304,Ground truth end-to-end time (ms),54.372,Ground truth end-to-end time (ms),54.372,Ground truth algorithmic time (ms),54.372,34603008,lower-bound,4194304,lower-bound
cpu,q23_k8_max,PASS,ok,double,gt,max,8,8388608,Ground truth end-to-end time (ms),2.897,Ground truth end-to-end time (ms),2.897,Ground truth algorithmic time (ms),2.897,67108928,lower-bound,8388608,lower-bound
cpu,q23_k256_max,PASS,ok,double,gt,max,256,8388608,Ground truth end-to-end time (ms),3.021,Ground truth end-to-end time (ms),3.021,Ground truth algorithmic time (ms),3.021,67110912,lower-bound,8388608,lower-bound
cpu,q23_k4096_max,PASS,ok,double,gt,max,4096,8388608,Ground truth end-to-end time (ms),5.369,Ground truth end-to-end time (ms),5.369,Ground truth algorithmic time (ms),5.369,67141632,lower-bound,8388608,lower-bound
cpu,q23_k131072_max,PASS,ok,double,gt,max,131072,8388608,Ground truth end-to-end time (ms),67.26,Ground truth end-to-end time (ms),67.26,Ground truth algorithmic time (ms),67.26,68157440,lower-bound,8388608,lower-bound
cpu,q24_k8_max,PASS,ok,double,gt,max,8,16777216,Ground truth end-to-end time (ms),5.633,Ground truth end-to-end time (ms),5.633,Ground truth algorithmic time (ms),5.633,134217792,lower-bound,16777216,lower-bound
cpu,q24_k256_max,PASS,ok,double,gt,max,256,16777216,Ground truth end-to-end time (ms),5.817,Ground truth end-to-end time (ms),5.817,Ground truth algorithmic time (ms),5.817,134219776,lower-bound,16777216,lower-bound
cpu,q24_k4096_max,PASS,ok,double,gt,max,4096,16777216,Ground truth end-to-end time (ms),8.47,Ground truth end-to-end time (ms),8.47,Ground truth algorithmic time (ms),8.47,134250496,lower-bound,16777216,lower-bound
cpu,q24_k131072_max,PASS,ok,double,gt,max,131072,16777216,Ground truth end-to-end time (ms),83.524,Ground truth end-to-end time (ms),83.524,Ground truth algorithmic time (ms),83.524,135266304,lower-bound,16777216,lower-bound
gpu,q03_k8_max,PASS,ok,double,bitonic,max,8,8,Trunc bitonic end-to-end time (ms),0.268,Trunc bitonic end-to-end time (ms),0.268,Trunc bitonic algorithmic time (ms),0.008,128,exact,24,exact
gpu,q04_k8_max,PASS,ok,double,bitonic,max,8,16,Trunc bitonic end-to-end time (ms),0.279,Trunc bitonic end-to-end time (ms),0.279,Trunc bitonic algorithmic time (ms),0.012,576,exact,68,exact
gpu,q05_k8_max,PASS,ok,double,bitonic,max,8,32,Trunc bitonic end-to-end time (ms),0.284,Trunc bitonic end-to-end time (ms),0.284,Trunc bitonic algorithmic time (ms),0.014,1472,exact,156,exact
gpu,q06_k8_max,PASS,ok,double,bitonic,max,8,64,Trunc bitonic end-to-end time (ms),0.287,Trunc bitonic end-to-end time (ms),0.287,Trunc bitonic algorithmic time (ms),0.017,3264,exact,332,exact
gpu,q07_k8_max,PASS,ok,double,bitonic,max,8,128,Trunc bitonic end-to-end time (ms),0.293,Trunc bitonic end-to-end time (ms),0.293,Trunc bitonic algorithmic time (ms),0.019,6848,exact,684,exact
gpu,q08_k8_max,PASS,ok,double,bitonic,max,8,256,Trunc bitonic end-to-end time (ms),0.305,Trunc bitonic end-to-end time (ms),0.305,Trunc bitonic algorithmic time (ms),0.022,14016,exact,1388,exact
gpu,q08_k256_max,PASS,ok,double,bitonic,max,256,256,Trunc bitonic end-to-end time (ms),0.273,Trunc bitonic end-to-end time (ms),0.273,Trunc bitonic algorithmic time (ms),0.014,4096,exact,4608,exact
gpu,q09_k8_max,PASS,ok,double,bitonic,max,8,512,Trunc bitonic end-to-end time (ms),0.309,Trunc bitonic end-to-end time (ms),0.309,Trunc bitonic algorithmic time (ms),0.025,28352,exact,2796,exact
gpu,q09_k256_max,PASS,ok,double,bitonic,max,256,512,Trunc bitonic end-to-end time (ms),0.289,Trunc bitonic end-to-end time (ms),0.289,Trunc bitonic algorithmic time (ms),0.02,18432,exact,10496,exact
gpu,q10_k8_max,PASS,ok,double,bitonic,max,8,1024,Trunc bitonic end-to-end time (ms),0.322,Trunc bitonic end-to-end time (ms),0.322,Trunc bitonic algorithmic time (ms),0.029,57024,exact,5612,exact
gpu,q10_k256_max,PASS,ok,double,bitonic,max,256,1024,Trunc bitonic end-to-end time (ms),0.298,Trunc bitonic end-to-end time (ms),0.298,Trunc bitonic algorithmic time (ms),0.029,47104,exact,22272,exact
gpu,q11_k8_max,PASS,ok,double,bitonic,max,8,2048,Trunc bitonic end-to-end time (ms),0.324,Trunc bitonic end-to-end time (ms),0.324,Trunc bitonic algorithmic time (ms),0.035,114368,exact,11244,exact
gpu,q11_k256_max,PASS,ok,double,bitonic,max,256,2048,Trunc bitonic end-to-end time (ms),0.32,Trunc bitonic end-to-end time (ms),0.32,Trunc bitonic algorithmic time (ms),0.042,104448,exact,45824,exact
gpu,q12_k8_max,PASS,ok,double,bitonic,max,8,4096,Trunc bitonic end-to-end time (ms),0.338,Trunc bitonic end-to-end time (ms),0.338,Trunc bitonic algorithmic time (ms),0.042,229056,exact,22508,exact
gpu,q12_k256_max,PASS,ok,double,bitonic,max,256,4096,Trunc bitonic end-to-end time (ms),0.345,Trunc bitonic end-to-end time (ms),0.345,Trunc bitonic algorithmic time (ms),0.067,219136,exact,92928,exact
gpu,q12_k4096_max,PASS,ok,double,bitonic,max,4096,4096,Trunc bitonic end-to-end time (ms),0.358,Trunc bitonic end-to-end time (ms),0.358,Trunc bitonic algorithmic time (ms),0.092,65536,exact,159744,exact
gpu,q13_k8_max,PASS,ok,double,bitonic,max,8,8192,Trunc bitonic end-to-end time (ms),0.349,Trunc bitonic end-to-end time (ms),0.349,Trunc bitonic algorithmic time (ms),0.049,458432,exact,45036,exact
gpu,q13_k256_max,PASS,ok,double,bitonic,max,256,8192,Trunc bitonic end-to-end time (ms),0.368,Trunc bitonic end-to-end time (ms),0.368,Trunc bitonic algorithmic time (ms),0.085,448512,exact,187136,exact
gpu,q13_k4096_max,PASS,ok,double,bitonic,max,4096,8192,Trunc bitonic end-to-end time (ms),0.386,Trunc bitonic end-to-end time (ms),0.386,Trunc bitonic algorithmic time (ms),0.108,294912,exact,348160,exact
gpu,q14_k8_max,PASS,ok,double,bitonic,max,8,16384,Trunc bitonic end-to-end time (ms),0.362,Trunc bitonic end-to-end time (ms),0.362,Trunc bitonic algorithmic time (ms),0.055,917184,exact,90092,exact
gpu,q14_k256_max,PASS,ok,double,bitonic,max,256,16384,Trunc bitonic end-to-end time (ms),0.388,Trunc bitonic end-to-end time (ms),0.388,Trunc bitonic algorithmic time (ms),0.093,907264,exact,375552,exact
gpu,q14_k4096_max,PASS,ok,double,bitonic,max,4096,16384,Trunc bitonic end-to-end time (ms),0.414,Trunc bitonic end-to-end time (ms),0.414,Trunc bitonic algorithmic time (ms),0.124,753664,exact,724992,exact
gpu,q15_k8_max,PASS,ok,double,bitonic,max,8,32768,Trunc bitonic end-to-end time (ms),0.379,Trunc bitonic end-to-end time (ms),0.379,Trunc bitonic algorithmic time (ms),0.061,1834688,exact,180204,exact
gpu,q15_k256_max,PASS,ok,double,bitonic,max,256,32768,Trunc bitonic end-to-end time (ms),0.408,Trunc bitonic end-to-end time (ms),0.408,Trunc bitonic algorithmic time (ms),0.105,1824768,exact,752384,exact
gpu,q15_k4096_max,PASS,ok,double,bitonic,max,4096,32768,Trunc bitonic end-to-end time (ms),0.434,Trunc bitonic end-to-end time (ms),0.434,Trunc bitonic algorithmic time (ms),0.14,1671168,exact,1478656,exact
gpu,q16_k8_max,PASS,ok,double,bitonic,max,8,65536,Trunc bitonic end-to-end time (ms),0.396,Trunc bitonic end-to-end time (ms),0.396,Trunc bitonic algorithmic time (ms),0.067,3669696,exact,360428,exact
gpu,q16_k256_max,PASS,ok,double,bitonic,max,256,65536,Trunc bitonic end-to-end time (ms),0.435,Trunc bitonic end-to-end time (ms),0.435,Trunc bitonic algorithmic time (ms),0.117,3659776,exact,1506048,exact
gpu,q16_k4096_max,PASS,ok,double,bitonic,max,4096,65536,Trunc bitonic end-to-end time (ms),0.466,Trunc bitonic end-to-end time (ms),0.466,Trunc bitonic algorithmic time (ms),0.156,3506176,exact,2985984,exact
gpu,q17_k8_max,PASS,ok,double,bitonic,max,8,131072,Trunc bitonic end-to-end time (ms),0.428,Trunc bitonic end-to-end time (ms),0.428,Trunc bitonic algorithmic time (ms),0.077,7339712,exact,720876,exact
gpu,q17_k256_max,PASS,ok,double,bitonic,max,256,131072,Trunc bitonic end-to-end time (ms),0.503,Trunc bitonic end-to-end time (ms),0.503,Trunc bitonic algorithmic time (ms),0.152,7329792,exact,3013376,exact
gpu,q17_k4096_max,PASS,ok,double,bitonic,max,4096,131072,Trunc bitonic end-to-end time (ms),0.573,Trunc bitonic end-to-end time (ms),0.573,Trunc bitonic algorithmic time (ms),0.23,7176192,exact,6000640,exact
gpu,q17_k131072_max,PASS,ok,double,bitonic,max,131072,131072,Trunc bitonic end-to-end time (ms),0.784,Trunc bitonic end-to-end time (ms),0.784,Trunc bitonic algorithmic time (ms),0.309,23068672,exact,10027008,exact
gpu,q18_k8_max,PASS,ok,double,bitonic,max,8,262144,Trunc bitonic end-to-end time (ms),0.792,Trunc bitonic end-to-end time (ms),0.792,Trunc bitonic algorithmic time (ms),0.091,14679744,exact,1441772,exact
gpu,q18_k256_max,PASS,ok,double,bitonic,max,256,262144,Trunc bitonic end-to-end time (ms),0.792,Trunc bitonic end-to-end time (ms),0.792,Trunc bitonic algorithmic time (ms),0.203,14669824,exact,6028032,exact
gpu,q18_k4096_max,PASS,ok,double,bitonic,max,4096,262144,Trunc bitonic end-to-end time (ms),0.899,Trunc bitonic end-to-end time (ms),0.899,Trunc bitonic algorithmic time (ms),0.322,14516224,exact,12029952,exact
gpu,q18_k131072_max,PASS,ok,double,bitonic,max,131072,262144,Trunc bitonic end-to-end time (ms),1.218,Trunc bitonic end-to-end time (ms),1.218,Trunc bitonic algorithmic time (ms),0.484,53477376,exact,21299200,exact
gpu,q19_k8_max,PASS,ok,double,bitonic,max,8,524288,Trunc bitonic end-to-end time (ms),0.955,Trunc bitonic end-to-end time (ms),0.955,Trunc bitonic algorithmic time (ms),0.118,29359808,exact,2883564,exact
gpu,q19_k256_max,PASS,ok,double,bitonic,max,256,524288,Trunc bitonic end-to-end time (ms),1.067,Trunc bitonic end-to-end time (ms),1.067,Trunc bitonic algorithmic time (ms),0.295,29349888,exact,12057344,exact
gpu,q19_k4096_max,PASS,ok,double,bitonic,max,4096,524288,Trunc bitonic end-to-end time (ms),1.272,Trunc bitonic end-to-end time (ms),1.272,Trunc bitonic algorithmic time (ms),0.503,29196288,exact,24088576,exact
gpu,q19_k131072_max,PASS,ok,double,bitonic,max,131072,524288,Trunc bitonic end-to-end time (ms),1.672,Trunc bitonic end-to-end time (ms),1.672,Trunc bitonic algorithmic time (ms),0.827,114294784,exact,43843584,exact
gpu,q20_k8_max,PASS,ok,double,bitonic,max,8,1048576,Trunc bitonic end-to-end time (ms),1.328,Trunc bitonic end-to-end time (ms),1.328,Trunc bitonic algorithmic time (ms),0.212,58719936,exact,5767148,exact
gpu,q20_k256_max,PASS,ok,double,bitonic,max,256,1048576,Trunc bitonic end-to-end time (ms),1.582,Trunc bitonic end-to-end time (ms),1.582,Trunc bitonic algorithmic time (ms),0.53,58710016,exact,24115968,exact
gpu,q20_k4096_max,PASS,ok,double,bitonic,max,4096,1048576,Trunc bitonic end-to-end time (ms),2.021,Trunc bitonic end-to-end time (ms),2.021,Trunc bitonic algorithmic time (ms),0.937,58556416,exact,48205824,exact
gpu,q20_k131072_max,PASS,ok,double,bitonic,max,131072,1048576,Trunc bitonic end-to-end time (ms),2.885,Trunc bitonic end-to-end time (ms),2.885,Trunc bitonic algorithmic time (ms),1.638,235929600,exact,88932352,exact
gpu,q21_k8_max,PASS,ok,double,bitonic,max,8,2097152,Trunc bitonic end-to-end time (ms),2.017,Trunc bitonic end-to-end time (ms),2.017,Trunc bitonic algorithmic time (ms),0.318,117440192,exact,11534316,exact
gpu,q21_k256_max,PASS,ok,double,bitonic,max,256,2097152,Trunc bitonic end-to-end time (ms),2.708,Trunc bitonic end-to-end time (ms),2.708,Trunc bitonic algorithmic time (ms),0.962,117430272,exact,48233216,exact
gpu,q21_k4096_max,PASS,ok,double,bitonic,max,4096,2097152,Trunc bitonic end-to-end time (ms),3.571,Trunc bitonic end-to-end time (ms),3.571,Trunc bitonic algorithmic time (ms),1.76,117276672,exact,96440320,exact
gpu,q21_k131072_max,PASS,ok,double,bitonic,max,131072,2097152,Trunc bitonic end-to-end time (ms),5.177,Trunc bitonic end-to-end time (ms),5.177,Trunc bitonic algorithmic time (ms),3.221,479199232,exact,179109888,exact
gpu,q22_k8_max,PASS,ok,double,bitonic,max,8,4194304,Trunc bitonic end-to-end time (ms),3.944,Trunc bitonic end-to-end time (ms),3.944,Trunc bitonic algorithmic time (ms),0.641,234880704,exact,23068652,exact
gpu,q22_k256_max,PASS,ok,double,bitonic,max,256,4194304,Trunc bitonic end-to-end time (ms),5.274,Trunc bitonic end-to-end time (ms),5.274,Trunc bitonic algorithmic time (ms),1.84,234870784,exact,96467712,exact
gpu,q22_k4096_max,PASS,ok,double,bitonic,max,4096,4194304,Trunc bitonic end-to-end time (ms),6.924,Trunc bitonic end-to-end time (ms),6.924,Trunc bitonic algorithmic time (ms),3.446,234717184,exact,192909312,exact
gpu,q22_k131072_max,PASS,ok,double,bitonic,max,131072,4194304,Trunc bitonic end-to-end time (ms),10.327,Trunc bitonic end-to-end time (ms),10.327,Trunc bitonic algorithmic time (ms),6.667,965738496,exact,359464960,exact
gpu,q23_k8_max,PASS,ok,double,bitonic,max,8,8388608,Trunc bitonic end-to-end time (ms),7.444,Trunc bitonic end-to-end time (ms),7.444,Trunc bitonic algorithmic time (ms),1.477,469761728,exact,46137324,exact
gpu,q23_k256_max,PASS,ok,double,bitonic,max,256,8388608,Trunc bitonic end-to-end time (ms),9.753,Trunc bitonic end-to-end time (ms),9.753,Trunc bitonic algorithmic time (ms),3.655,469751808,exact,192936704,exact
gpu,q23_k4096_max,PASS,ok,double,bitonic,max,4096,8388608,Trunc bitonic end-to-end time (ms),13.193,Trunc bitonic end-to-end time (ms),13.193,Trunc bitonic algorithmic time (ms),6.949,469598208,exact,385847296,exact
gpu,q23_k131072_max,PASS,ok,double,bitonic,max,131072,8388608,Trunc bitonic end-to-end time (ms),21.11,Trunc bitonic end-to-end time (ms),21.11,Trunc bitonic algorithmic time (ms),14.608,1938817024,exact,720175104,exact
gpu,q24_k8_max,PASS,ok,double,bitonic,max,8,16777216,Trunc bitonic end-to-end time (ms),14.014,Trunc bitonic end-to-end time (ms),14.014,Trunc bitonic algorithmic time (ms),2.712,939523776,exact,92274668,exact
gpu,q24_k256_max,PASS,ok,double,bitonic,max,256,16777216,Trunc bitonic end-to-end time (ms),18.677,Trunc bitonic end-to-end time (ms),18.677,Trunc bitonic algorithmic time (ms),7.406,939513856,exact,385874688,exact
gpu,q24_k4096_max,PASS,ok,double,bitonic,max,4096,16777216,Trunc bitonic end-to-end time (ms),25.478,Trunc bitonic end-to-end time (ms),25.478,Trunc bitonic algorithmic time (ms),14.046,939360256,exact,771723264,exact
gpu,q24_k131072_max,PASS,ok,double,bitonic,max,131072,16777216,Trunc bitonic end-to-end time (ms),40.468,Trunc bitonic end-to-end time (ms),40.468,Trunc bitonic algorithmic time (ms),28.819,3884974080,exact,1441595392,exact
gpu,q03_k8_max,PASS,ok,double,map_reduce,max,8,8,Map-reduce top-k end-to-end time (ms),0.383,Map-reduce top-k end-to-end time (ms),0.383,Map-reduce top-k algorithmic time (ms),0.007,649024,exact,8,lower-bound
gpu,q04_k8_max,PASS,ok,double,map_reduce,max,8,16,Map-reduce top-k end-to-end time (ms),0.376,Map-reduce top-k end-to-end time (ms),0.376,Map-reduce top-k algorithmic time (ms),0.012,649088,exact,16,lower-bound
gpu,q05_k8_max,PASS,ok,double,map_reduce,max,8,32,Map-reduce top-k end-to-end time (ms),0.382,Map-reduce top-k end-to-end time (ms),0.382,Map-reduce top-k algorithmic time (ms),0.018,649216,exact,32,lower-bound
gpu,q06_k8_max,PASS,ok,double,map_reduce,max,8,64,Map-reduce top-k end-to-end time (ms),0.389,Map-reduce top-k end-to-end time (ms),0.389,Map-reduce top-k algorithmic time (ms),0.024,649472,exact,64,lower-bound
gpu,q07_k8_max,PASS,ok,double,map_reduce,max,8,128,Map-reduce top-k end-to-end time (ms),0.395,Map-reduce top-k end-to-end time (ms),0.395,Map-reduce top-k algorithmic time (ms),0.03,649984,exact,128,lower-bound
gpu,q08_k8_max,PASS,ok,double,map_reduce,max,8,256,Map-reduce top-k end-to-end time (ms),0.412,Map-reduce top-k end-to-end time (ms),0.412,Map-reduce top-k algorithmic time (ms),0.038,651008,exact,256,lower-bound
gpu,q08_k256_max,PASS,ok,double,map_reduce,max,256,256,Map-reduce top-k end-to-end time (ms),0.863,Map-reduce top-k end-to-end time (ms),0.863,Map-reduce top-k algorithmic time (ms),0.084,960512,exact,256,lower-bound
gpu,q09_k8_max,PASS,ok,double,map_reduce,max,8,512,Map-reduce top-k end-to-end time (ms),0.401,Map-reduce top-k end-to-end time (ms),0.401,Map-reduce top-k algorithmic time (ms),0.041,653056,exact,512,lower-bound
gpu,q09_k256_max,PASS,ok,double,map_reduce,max,256,512,Map-reduce top-k end-to-end time (ms),0.928,Map-reduce top-k end-to-end time (ms),0.928,Map-reduce top-k algorithmic time (ms),0.085,962560,exact,512,lower-bound
gpu,q10_k8_max,PASS,ok,double,map_reduce,max,8,1024,Map-reduce top-k end-to-end time (ms),0.411,Map-reduce top-k end-to-end time (ms),0.411,Map-reduce top-k algorithmic time (ms),0.038,657152,exact,1024,lower-bound
gpu,q10_k256_max,PASS,ok,double,map_reduce,max,256,1024,Map-reduce top-k end-to-end time (ms),1.027,Map-reduce top-k end-to-end time (ms),1.027,Map-reduce top-k algorithmic time (ms),0.087,966656,exact,1024,lower-bound
gpu,q11_k8_max,PASS,ok,double,map_reduce,max,8,2048,Map-reduce top-k end-to-end time (ms),0.414,Map-reduce top-k end-to-end time (ms),0.414,Map-reduce top-k algorithmic time (ms),0.038,665344,exact,2048,lower-bound
gpu,q11_k256_max,PASS,ok,double,map_reduce,max,256,2048,Map-reduce top-k end-to-end time (ms),0.946,Map-reduce top-k end-to-end time (ms),0.946,Map-reduce top-k algorithmic time (ms),0.088,974848,exact,2048,lower-bound
gpu,q12_k8_max,PASS,ok,double,map_reduce,max,8,4096,Map-reduce top-k end-to-end time (ms),0.411,Map-reduce top-k end-to-end time (ms),0.411,Map-reduce top-k algorithmic time (ms),0.039,681728,exact,4096,lower-bound
gpu,q12_k256_max,PASS,ok,double,map_reduce,max,256,4096,Map-reduce top-k end-to-end time (ms),0.876,Map-reduce top-k end-to-end time (ms),0.876,Map-reduce top-k algorithmic time (ms),0.089,991232,exact,4096,lower-bound
gpu,q12_k4096_max,PASS,ok,double,map_reduce,max,4096,4096,Map-reduce top-k end-to-end time (ms),3.736,Map-reduce top-k end-to-end time (ms),3.736,Map-reduce top-k algorithmic time (ms),0.048,2392064,exact,4096,lower-bound
gpu,q13_k8_max,PASS,ok,double,map_reduce,max,8,8192,Map-reduce top-k end-to-end time (ms),0.376,Map-reduce top-k end-to-end time (ms),0.376,Map-reduce top-k algorithmic time (ms),0.044,714496,exact,8192,lower-bound
gpu,q13_k256_max,PASS,ok,double,map_reduce,max,256,8192,Map-reduce top-k end-to-end time (ms),0.761,Map-reduce top-k end-to-end time (ms),0.761,Map-reduce top-k algorithmic time (ms),0.091,1024000,exact,8192,lower-bound
gpu,q13_k4096_max,PASS,ok,double,map_reduce,max,4096,8192,Map-reduce top-k end-to-end time (ms),3.339,Map-reduce top-k end-to-end time (ms),3.339,Map-reduce top-k algorithmic time (ms),0.058,2424832,exact,8192,lower-bound
gpu,q14_k8_max,PASS,ok,double,map_reduce,max,8,16384,Map-reduce top-k end-to-end time (ms),0.388,Map-reduce top-k end-to-end time (ms),0.388,Map-reduce top-k algorithmic time (ms),0.046,780032,exact,16384,lower-bound
gpu,q14_k256_max,PASS,ok,double,map_reduce,max,256,16384,Map-reduce top-k end-to-end time (ms),0.824,Map-reduce top-k end-to-end time (ms),0.824,Map-reduce top-k algorithmic time (ms),0.093,1089536,exact,16384,lower-bound
gpu,q14_k4096_max,PASS,ok,double,map_reduce,max,4096,16384,Map-reduce top-k end-to-end time (ms),3.31,Map-reduce top-k end-to-end time (ms),3.31,Map-reduce top-k algorithmic time (ms),0.224,2490368,exact,16384,lower-bound
gpu,q15_k8_max,PASS,ok,double,map_reduce,max,8,32768,Map-reduce top-k end-to-end time (ms),0.396,Map-reduce top-k end-to-end time (ms),0.396,Map-reduce top-k algorithmic time (ms),0.048,911104,exact,32768,lower-bound
gpu,q15_k256_max,PASS,ok,double,map_reduce,max,256,32768,Map-reduce top-k end-to-end time (ms),0.88,Map-reduce top-k end-to-end time (ms),0.88,Map-reduce top-k algorithmic time (ms),0.102,1220608,exact,32768,lower-bound
gpu,q15_k4096_max,PASS,ok,double,map_reduce,max,4096,32768,Map-reduce top-k end-to-end time (ms),3.439,Map-reduce top-k end-to-end time (ms),3.439,Map-reduce top-k algorithmic time (ms),0.107,2883584,exact,32768,lower-bound
gpu,q16_k8_max,PASS,ok,double,map_reduce,max,8,65536,Map-reduce top-k end-to-end time (ms),0.41,Map-reduce top-k end-to-end time (ms),0.41,Map-reduce top-k algorithmic time (ms),0.057,1812224,exact,65536,lower-bound
gpu,q16_k256_max,PASS,ok,double,map_reduce,max,256,65536,Map-reduce top-k end-to-end time (ms),1.27,Map-reduce top-k end-to-end time (ms),1.27,Map-reduce top-k algorithmic time (ms),0.473,2121728,exact,65536,lower-bound
gpu,q16_k4096_max,PASS,ok,double,map_reduce,max,4096,65536,Map-reduce top-k end-to-end time (ms),3.77,Map-reduce top-k end-to-end time (ms),3.77,Map-reduce top-k algorithmic time (ms),0.143,3670016,exact,65536,lower-bound
gpu,q17_k8_max,PASS,ok,double,map_reduce,max,8,131072,Map-reduce top-k end-to-end time (ms),0.485,Map-reduce top-k end-to-end time (ms),0.485,Map-reduce top-k algorithmic time (ms),0.078,3614464,exact,131072,lower-bound
gpu,q17_k256_max,PASS,ok,double,map_reduce,max,256,131072,Map-reduce top-k end-to-end time (ms),1.944,Map-reduce top-k end-to-end time (ms),1.944,Map-reduce top-k algorithmic time (ms),0.911,3923968,exact,131072,lower-bound
gpu,q17_k4096_max,PASS,ok,double,map_reduce,max,4096,131072,Map-reduce top-k end-to-end time (ms),4.646,Map-reduce top-k end-to-end time (ms),4.646,Map-reduce top-k algorithmic time (ms),0.294,5242880,exact,131072,lower-bound
gpu,q17_k131072_max,PASS,ok,double,map_reduce,max,131072,131072,Map-reduce top-k end-to-end time (ms),20.317,Map-reduce top-k end-to-end time (ms),20.317,Map-reduce top-k algorithmic time (ms),8.04,5242880,exact,131072,lower-bound
gpu,q18_k8_max,PASS,ok,double,map_reduce,max,8,262144,Map-reduce top-k end-to-end time (ms),0.677,Map-reduce top-k end-to-end time (ms),0.677,Map-reduce top-k algorithmic time (ms),0.104,6579968,exact,262144,lower-bound
gpu,q18_k256_max,PASS,ok,double,map_reduce,max,256,262144,Map-reduce top-k end-to-end time (ms),2.501,Map-reduce top-k end-to-end time (ms),2.501,Map-reduce top-k algorithmic time (ms),1.318,6889472,exact,262144,lower-bound
gpu,q18_k4096_max,PASS,ok,double,map_reduce,max,4096,262144,Map-reduce top-k end-to-end time (ms),6.332,Map-reduce top-k end-to-end time (ms),6.332,Map-reduce top-k algorithmic time (ms),1.574,8388608,exact,262144,lower-bound
gpu,q18_k131072_max,PASS,ok,double,map_reduce,max,131072,262144,Map-reduce top-k end-to-end time (ms),68.62,Map-reduce top-k end-to-end time (ms),68.62,Map-reduce top-k algorithmic time (ms),55.005,8388608,exact,262144,lower-bound
gpu,q19_k8_max,PASS,ok,double,map_reduce,max,8,524288,Map-reduce top-k end-to-end time (ms),0.889,Map-reduce top-k end-to-end time (ms),0.889,Map-reduce top-k algorithmic time (ms),0.148,9316096,exact,524288,lower-bound
gpu,q19_k256_max,PASS,ok,double,map_reduce,max,256,524288,Map-reduce top-k end-to-end time (ms),3.265,Map-reduce top-k end-to-end time (ms),3.265,Map-reduce top-k algorithmic time (ms),1.922,13459456,exact,524288,lower-bound
gpu,q19_k4096_max,PASS,ok,double,map_reduce,max,4096,524288,Map-reduce top-k end-to-end time (ms),12.826,Map-reduce top-k end-to-end time (ms),12.826,Map-reduce top-k algorithmic time (ms),8.373,14680064,exact,524288,lower-bound
gpu,q19_k131072_max,PASS,ok,double,map_reduce,max,131072,524288,Map-reduce top-k end-to-end time (ms),426.246,Map-reduce top-k end-to-end time (ms),426.246,Map-reduce top-k algorithmic time (ms),412.202,14680064,exact,524288,lower-bound
gpu,q20_k8_max,PASS,ok,double,map_reduce,max,8,1048576,Map-reduce top-k end-to-end time (ms),1.232,Map-reduce top-k end-to-end time (ms),1.232,Map-reduce top-k algorithmic time (ms),0.227,13510400,exact,1048576,lower-bound
gpu,q20_k256_max,PASS,ok,double,map_reduce,max,256,1048576,Map-reduce top-k end-to-end time (ms),4.276,Map-reduce top-k end-to-end time (ms),4.276,Map-reduce top-k algorithmic time (ms),2.615,25960448,exact,1048576,lower-bound
gpu,q20_k4096_max,PASS,ok,double,map_reduce,max,4096,1048576,Map-reduce top-k end-to-end time (ms),21.13,Map-reduce top-k end-to-end time (ms),21.13,Map-reduce top-k algorithmic time (ms),16.008,27262976,exact,1048576,lower-bound
gpu,q20_k131072_max,PASS,ok,double,map_reduce,max,131072,1048576,Map-reduce top-k end-to-end time (ms),804.939,Map-reduce top-k end-to-end time (ms),804.939,Map-reduce top-k algorithmic time (ms),790.525,27262976,exact,1048576,lower-bound
gpu,q21_k8_max,PASS,ok,double,map_reduce,max,8,2097152,Map-reduce top-k end-to-end time (ms),2.039,Map-reduce top-k end-to-end time (ms),2.039,Map-reduce top-k algorithmic time (ms),0.401,21899008,exact,2097152,lower-bound
gpu,q21_k256_max,PASS,ok,double,map_reduce,max,256,2097152,Map-reduce top-k end-to-end time (ms),6.158,Map-reduce top-k end-to-end time (ms),6.158,Map-reduce top-k algorithmic time (ms),3.674,50962432,exact,2097152,lower-bound
gpu,q21_k4096_max,PASS,ok,double,map_reduce,max,4096,2097152,Map-reduce top-k end-to-end time (ms),30.537,Map-reduce top-k end-to-end time (ms),30.537,Map-reduce top-k algorithmic time (ms),24.642,52428800,exact,2097152,lower-bound
gpu,q21_k131072_max,PASS,ok,double,map_reduce,max,131072,2097152,Map-reduce top-k end-to-end time (ms),1226.2,Map-reduce top-k end-to-end time (ms),1226.2,Map-reduce top-k algorithmic time (ms),1211.976,52428800,exact,2097152,lower-bound
gpu,q22_k8_max,PASS,ok,double,map_reduce,max,8,4194304,Map-reduce top-k end-to-end time (ms),3.51,Map-reduce top-k end-to-end time (ms),3.51,Map-reduce top-k algorithmic time (ms),0.66,38676224,exact,4194304,lower-bound
gpu,q22_k256_max,PASS,ok,double,map_reduce,max,256,4194304,Map-reduce top-k end-to-end time (ms),9.43,Map-reduce top-k end-to-end time (ms),9.43,Map-reduce top-k algorithmic time (ms),5.712,101605376,exact,4194304,lower-bound
gpu,q22_k4096_max,PASS,ok,double,map_reduce,max,4096,4194304,Map-reduce top-k end-to-end time (ms),44.969,Map-reduce top-k end-to-end time (ms),44.969,Map-reduce top-k algorithmic time (ms),38.177,102760448,exact,4194304,lower-bound
gpu,q22_k131072_max,PASS,ok,double,map_reduce,max,131072,4194304,Map-reduce top-k end-to-end time (ms),1788.29,Map-reduce top-k end-to-end time (ms),1788.29,Map-reduce top-k algorithmic time (ms),1772.644,102760448,exact,4194304,lower-bound
gpu,q23_k8_max,PASS,ok,double,map_reduce,max,8,8388608,Map-reduce top-k end-to-end time (ms),6.4,Map-reduce top-k end-to-end time (ms),6.4,Map-reduce top-k algorithmic time (ms),1.062,72230656,exact,8388608,lower-bound
gpu,q23_k256_max,PASS,ok,double,map_reduce,max,256,8388608,Map-reduce top-k end-to-end time (ms),17.521,Map-reduce top-k end-to-end time (ms),17.521,Map-reduce top-k algorithmic time (ms),11.132,202252288,exact,8388608,lower-bound
gpu,q23_k4096_max,PASS,ok,double,map_reduce,max,4096,8388608,Map-reduce top-k end-to-end time (ms),67.939,Map-reduce top-k end-to-end time (ms),67.939,Map-reduce top-k algorithmic time (ms),57.737,203423744,exact,8388608,lower-bound
gpu,q23_k131072_max,PASS,ok,double,map_reduce,max,131072,8388608,Map-reduce top-k end-to-end time (ms),2542.13,Map-reduce top-k end-to-end time (ms),2542.13,Map-reduce top-k algorithmic time (ms),2523.323,203423744,exact,8388608,lower-bound
gpu,q24_k8_max,PASS,ok,double,map_reduce,max,8,16777216,Map-reduce top-k end-to-end time (ms),12.003,Map-reduce top-k end-to-end time (ms),12.003,Map-reduce top-k algorithmic time (ms),1.667,139339520,exact,16777216,lower-bound
gpu,q24_k256_max,PASS,ok,double,map_reduce,max,256,16777216,Map-reduce top-k end-to-end time (ms),21.67,Map-reduce top-k end-to-end time (ms),21.67,Map-reduce top-k algorithmic time (ms),10.806,188850176,exact,16777216,lower-bound
gpu,q24_k4096_max,PASS,ok,double,map_reduce,max,4096,16777216,Map-reduce top-k end-to-end time (ms),105.09,Map-reduce top-k end-to-end time (ms),105.09,Map-reduce top-k algorithmic time (ms),90.134,404750336,exact,16777216,lower-bound
gpu,q24_k131072_max,PASS,ok,double,map_reduce,max,131072,16777216,Map-reduce top-k end-to-end time (ms),3686.458,Map-reduce top-k end-to-end time (ms),3686.458,Map-reduce top-k algorithmic time (ms),3662.555,404750336,exact,16777216,lower-bound
gpu,q03_k8_max,PASS,ok,double,gt,max,8,8,Ground truth end-to-end time (ms),0.264,Ground truth end-to-end time (ms),0.264,Ground truth algorithmic time (ms),0.026,128,lower-bound,8,lower-bound
gpu,q04_k8_max,PASS,ok,double,gt,max,8,16,Ground truth end-to-end time (ms),0.263,Ground truth end-to-end time (ms),0.263,Ground truth algorithmic time (ms),0.026,192,lower-bound,16,lower-bound
gpu,q05_k8_max,PASS,ok,double,gt,max,8,32,Ground truth end-to-end time (ms),0.269,Ground truth end-to-end time (ms),0.269,Ground truth algorithmic time (ms),0.026,320,lower-bound,32,lower-bound
gpu,q06_k8_max,PASS,ok,double,gt,max,8,64,Ground truth end-to-end time (ms),0.263,Ground truth end-to-end time (ms),0.263,Ground truth algorithmic time (ms),0.026,576,lower-bound,64,lower-bound
gpu,q07_k8_max,PASS,ok,double,gt,max,8,128,Ground truth end-to-end time (ms),0.264,Ground truth end-to-end time (ms),0.264,Ground truth algorithmic time (ms),0.026,1088,lower-bound,128,lower-bound
gpu,q08_k8_max,PASS,ok,double,gt,max,8,256,Ground truth end-to-end time (ms),0.266,Ground truth end-to-end time (ms),0.266,Ground truth algorithmic time (ms),0.027,2112,lower-bound,256,lower-bound
gpu,q08_k256_max,PASS,ok,double,gt,max,256,256,Ground truth end-to-end time (ms),0.268,Ground truth end-to-end time (ms),0.268,Ground truth algorithmic time (ms),0.026,4096,lower-bound,256,lower-bound
gpu,q09_k8_max,PASS,ok,double,gt,max,8,512,Ground truth end-to-end time (ms),0.268,Ground truth end-to-end time (ms),0.268,Ground truth algorithmic time (ms),0.029,4160,lower-bound,512,lower-bound
gpu,q09_k256_max,PASS,ok,double,gt,max,256,512,Ground truth end-to-end time (ms),0.275,Ground truth end-to-end time (ms),0.275,Ground truth algorithmic time (ms),0.029,6144,lower-bound,512,lower-bound
gpu,q10_k8_max,PASS,ok,double,gt,max,8,1024,Ground truth end-to-end time (ms),0.274,Ground truth end-to-end time (ms),0.274,Ground truth algorithmic time (ms),0.034,8256,lower-bound,1024,lower-bound
gpu,q10_k256_max,PASS,ok,double,gt,max,256,1024,Ground truth end-to-end time (ms),0.284,Ground truth end-to-end time (ms),0.284,Ground truth algorithmic time (ms),0.035,10240,lower-bound,1024,lower-bound
gpu,q11_k8_max,PASS,ok,double,gt,max,8,2048,Ground truth end-to-end time (ms),0.275,Ground truth end-to-end time (ms),0.275,Ground truth algorithmic time (ms),0.034,16448,lower-bound,2048,lower-bound
gpu,q11_k256_max,PASS,ok,double,gt,max,256,2048,Ground truth end-to-end time (ms),0.283,Ground truth end-to-end time (ms),0.283,Ground truth algorithmic time (ms),0.035,18432,lower-bound,2048,lower-bound
gpu,q12_k8_max,PASS,ok,double,gt,max,8,4096,Ground truth end-to-end time (ms),0.278,Ground truth end-to-end time (ms),0.278,Ground truth algorithmic time (ms),0.037,32832,lower-bound,4096,lower-bound
gpu,q12_k256_max,PASS,ok,double,gt,max,256,4096,Ground truth end-to-end time (ms),0.29,Ground truth end-to-end time (ms),0.29,Ground truth algorithmic time (ms),0.038,34816,lower-bound,4096,lower-bound
gpu,q12_k4096_max,PASS,ok,double,gt,max,4096,4096,Ground truth end-to-end time (ms),0.494,Ground truth end-to-end time (ms),0.494,Ground truth algorithmic time (ms),0.033,65536,lower-bound,4096,lower-bound
gpu,q13_k8_max,PASS,ok,double,gt,max,8,8192,Ground truth end-to-end time (ms),0.281,Ground truth end-to-end time (ms),0.281,Ground truth algorithmic time (ms),0.038,65600,lower-bound,8192,lower-bound
gpu,q13_k256_max,PASS,ok,double,gt,max,256,8192,Ground truth end-to-end time (ms),0.291,Ground truth end-to-end time (ms),0.291,Ground truth algorithmic time (ms),0.038,67584,lower-bound,8192,lower-bound
gpu,q13_k4096_max,PASS,ok,double,gt,max,4096,8192,Ground truth end-to-end time (ms),0.497,Ground truth end-to-end time (ms),0.497,Ground truth algorithmic time (ms),0.038,98304,lower-bound,8192,lower-bound
gpu,q14_k8_max,PASS,ok,double,gt,max,8,16384,Ground truth end-to-end time (ms),0.284,Ground truth end-to-end time (ms),0.284,Ground truth algorithmic time (ms),0.038,131136,lower-bound,16384,lower-bound
gpu,q14_k256_max,PASS,ok,double,gt,max,256,16384,Ground truth end-to-end time (ms),0.296,Ground truth end-to-end time (ms),0.296,Ground truth algorithmic time (ms),0.038,133120,lower-bound,16384,lower-bound
gpu,q14_k4096_max,PASS,ok,double,gt,max,4096,16384,Ground truth end-to-end time (ms),0.497,Ground truth end-to-end time (ms),0.497,Ground truth algorithmic time (ms),0.036,163840,lower-bound,16384,lower-bound
gpu,q15_k8_max,PASS,ok,double,gt,max,8,32768,Ground truth end-to-end time (ms),0.294,Ground truth end-to-end time (ms),0.294,Ground truth algorithmic time (ms),0.043,262208,lower-bound,32768,lower-bound
gpu,q15_k256_max,PASS,ok,double,gt,max,256,32768,Ground truth end-to-end time (ms),0.306,Ground truth end-to-end time (ms),0.306,Ground truth algorithmic time (ms),0.043,264192,lower-bound,32768,lower-bound
gpu,q15_k4096_max,PASS,ok,double,gt,max,4096,32768,Ground truth end-to-end time (ms),0.509,Ground truth end-to-end time (ms),0.509,Ground truth algorithmic time (ms),0.043,294912,lower-bound,32768,lower-bound
gpu,q16_k8_max,PASS,ok,double,gt,max,8,65536,Ground truth end-to-end time (ms),0.316,Ground truth end-to-end time (ms),0.316,Ground truth algorithmic time (ms),0.047,524352,lower-bound,65536,lower-bound
gpu,q16_k256_max,PASS,ok,double,gt,max,256,65536,Ground truth end-to-end time (ms),0.328,Ground truth end-to-end time (ms),0.328,Ground truth algorithmic time (ms),0.047,526336,lower-bound,65536,lower-bound
gpu,q16_k4096_max,PASS,ok,double,gt,max,4096,65536,Ground truth end-to-end time (ms),0.539,Ground truth end-to-end time (ms),0.539,Ground truth algorithmic time (ms),0.047,557056,lower-bound,65536,lower-bound
gpu,q17_k8_max,PASS,ok,double,gt,max,8,131072,Ground truth end-to-end time (ms),0.383,Ground truth end-to-end time (ms),0.383,Ground truth algorithmic time (ms),0.06,1048640,lower-bound,131072,lower-bound
gpu,q17_k256_max,PASS,ok,double,gt,max,256,131072,Ground truth end-to-end time (ms),0.392,Ground truth end-to-end time (ms),0.392,Ground truth algorithmic time (ms),0.059,1050624,lower-bound,131072,lower-bound
gpu,q17_k4096_max,PASS,ok,double,gt,max,4096,131072,Ground truth end-to-end time (ms),0.597,Ground truth end-to-end time (ms),0.597,Ground truth algorithmic time (ms),0.06,1081344,lower-bound,131072,lower-bound
gpu,q17_k131072_max,PASS,ok,double,gt,max,131072,131072,Ground truth end-to-end time (ms),9.947,Ground truth end-to-end time (ms),9.947,Ground truth algorithmic time (ms),0.361,2097152,lower-bound,131072,lower-bound
gpu,q18_k8_max,PASS,ok,double,gt,max,8,262144,Ground truth end-to-end time (ms),0.593,Ground truth end-to-end time (ms),0.593,Ground truth algorithmic time (ms),0.097,2097216,lower-bound,262144,lower-bound
gpu,q18_k256_max,PASS,ok,double,gt,max,256,262144,Ground truth end-to-end time (ms),0.608,Ground truth end-to-end time (ms),0.608,Ground truth algorithmic time (ms),0.096,2099200,lower-bound,262144,lower-bound
gpu,q18_k4096_max,PASS,ok,double,gt,max,4096,262144,Ground truth end-to-end time (ms),0.819,Ground truth end-to-end time (ms),0.819,Ground truth algorithmic time (ms),0.099,2129920,lower-bound,262144,lower-bound
gpu,q18_k131072_max,PASS,ok,double,gt,max,131072,262144,Ground truth end-to-end time (ms),9.921,Ground truth end-to-end time (ms),9.921,Ground truth algorithmic time (ms),0.299,3145728,lower-bound,262144,lower-bound
gpu,q19_k8_max,PASS,ok,double,gt,max,8,524288,Ground truth end-to-end time (ms),0.816,Ground truth end-to-end time (ms),0.816,Ground truth algorithmic time (ms),0.162,4194368,lower-bound,524288,lower-bound
gpu,q19_k256_max,PASS,ok,double,gt,max,256,524288,Ground truth end-to-end time (ms),0.831,Ground truth end-to-end time (ms),0.831,Ground truth algorithmic time (ms),0.167,4196352,lower-bound,524288,lower-bound
gpu,q19_k4096_max,PASS,ok,double,gt,max,4096,524288,Ground truth end-to-end time (ms),1.127,Ground truth end-to-end time (ms),1.127,Ground truth algorithmic time (ms),0.236,4227072,lower-bound,524288,lower-bound
gpu,q19_k131072_max,PASS,ok,double,gt,max,131072,524288,Ground truth end-to-end time (ms),10.051,Ground truth end-to-end time (ms),10.051,Ground truth algorithmic time (ms),0.248,5242880,lower-bound,524288,lower-bound
gpu,q20_k8_max,PASS,ok,double,gt,max,8,1048576,Ground truth end-to-end time (ms),1.665,Ground truth end-to-end time (ms),1.665,Ground truth algorithmic time (ms),0.609,8388672,lower-bound,1048576,lower-bound
gpu,q20_k256_max,PASS,ok,double,gt,max,256,1048576,Ground truth end-to-end time (ms),1.573,Ground truth end-to-end time (ms),1.573,Ground truth algorithmic time (ms),0.52,8390656,lower-bound,1048576,lower-bound
gpu,q20_k4096_max,PASS,ok,double,gt,max,4096,1048576,Ground truth end-to-end time (ms),1.546,Ground truth end-to-end time (ms),1.546,Ground truth algorithmic time (ms),0.311,8421376,lower-bound,1048576,lower-bound
gpu,q20_k131072_max,PASS,ok,double,gt,max,131072,1048576,Ground truth end-to-end time (ms),10.506,Ground truth end-to-end time (ms),10.506,Ground truth algorithmic time (ms),0.334,9437184,lower-bound,1048576,lower-bound
gpu,q21_k8_max,PASS,ok,double,gt,max,8,2097152,Ground truth end-to-end time (ms),3,Ground truth end-to-end time (ms),3,Ground truth algorithmic time (ms),1.138,16777280,lower-bound,2097152,lower-bound
gpu,q21_k256_max,PASS,ok,double,gt,max,256,2097152,Ground truth end-to-end time (ms),2.204,Ground truth end-to-end time (ms),2.204,Ground truth algorithmic time (ms),0.571,16779264,lower-bound,2097152,lower-bound
gpu,q21_k4096_max,PASS,ok,double,gt,max,4096,2097152,Ground truth end-to-end time (ms),2.42,Ground truth end-to-end time (ms),2.42,Ground truth algorithmic time (ms),0.573,16809984,lower-bound,2097152,lower-bound
gpu,q21_k131072_max,PASS,ok,double,gt,max,131072,2097152,Ground truth end-to-end time (ms),11.875,Ground truth end-to-end time (ms),11.875,Ground truth algorithmic time (ms),0.926,17825792,lower-bound,2097152,lower-bound
gpu,q22_k8_max,PASS,ok,double,gt,max,8,4194304,Ground truth end-to-end time (ms),4.747,Ground truth end-to-end time (ms),4.747,Ground truth algorithmic time (ms),1.52,33554496,lower-bound,4194304,lower-bound
gpu,q22_k256_max,PASS,ok,double,gt,max,256,4194304,Ground truth end-to-end time (ms),4.246,Ground truth end-to-end time (ms),4.246,Ground truth algorithmic time (ms),1.077,33556480,lower-bound,4194304,lower-bound
gpu,q22_k4096_max,PASS,ok,double,gt,max,4096,4194304,Ground truth end-to-end time (ms),4.456,Ground truth end-to-end time (ms),4.456,Ground truth algorithmic time (ms),1.093,33587200,lower-bound,4194304,lower-bound
gpu,q22_k131072_max,PASS,ok,double,gt,max,131072,4194304,Ground truth end-to-end time (ms),14.324,Ground truth end-to-end time (ms),14.324,Ground truth algorithmic time (ms),1.889,34603008,lower-bound,4194304,lower-bound
gpu,q23_k8_max,PASS,ok,double,gt,max,8,8388608,Ground truth end-to-end time (ms),8.08,Ground truth end-to-end time (ms),8.08,Ground truth algorithmic time (ms),2.387,67108928,lower-bound,8388608,lower-bound
gpu,q23_k256_max,PASS,ok,double,gt,max,256,8388608,Ground truth end-to-end time (ms),7.957,Ground truth end-to-end time (ms),7.957,Ground truth algorithmic time (ms),2.368,67110912,lower-bound,8388608,lower-bound
gpu,q23_k4096_max,PASS,ok,double,gt,max,4096,8388608,Ground truth end-to-end time (ms),8.188,Ground truth end-to-end time (ms),8.188,Ground truth algorithmic time (ms),2.35,67141632,lower-bound,8388608,lower-bound
gpu,q23_k131072_max,PASS,ok,double,gt,max,131072,8388608,Ground truth end-to-end time (ms),17.486,Ground truth end-to-end time (ms),17.486,Ground truth algorithmic time (ms),2.357,68157440,lower-bound,8388608,lower-bound
gpu,q24_k8_max,PASS,ok,double,gt,max,8,16777216,Ground truth end-to-end time (ms),15.408,Ground truth end-to-end time (ms),15.408,Ground truth algorithmic time (ms),4.582,134217792,lower-bound,16777216,lower-bound
gpu,q24_k256_max,PASS,ok,double,gt,max,256,16777216,Ground truth end-to-end time (ms),15.45,Ground truth end-to-end time (ms),15.45,Ground truth algorithmic time (ms),4.632,134219776,lower-bound,16777216,lower-bound
gpu,q24_k4096_max,PASS,ok,double,gt,max,4096,16777216,Ground truth end-to-end time (ms),15.607,Ground truth end-to-end time (ms),15.607,Ground truth algorithmic time (ms),4.603,134250496,lower-bound,16777216,lower-bound
gpu,q24_k131072_max,PASS,ok,double,gt,max,131072,16777216,Ground truth end-to-end time (ms),24.55,Ground truth end-to-end time (ms),24.55,Ground truth algorithmic time (ms),4.603,135266304,lower-bound,16777216,lower-bound
npu,q03_k8_max,PASS,ok,double,bitonic,max,8,8,Trunc bitonic end-to-end time (ms),0.651,Trunc bitonic end-to-end time (ms),0.651,Trunc bitonic algorithmic time (ms),0.56,24704,exact,5120,exact
npu,q04_k8_max,PASS,ok,double,bitonic,max,8,16,Trunc bitonic end-to-end time (ms),0.646,Trunc bitonic end-to-end time (ms),0.646,Trunc bitonic algorithmic time (ms),0.557,24832,exact,5120,exact
npu,q05_k8_max,PASS,ok,double,bitonic,max,8,32,Trunc bitonic end-to-end time (ms),0.632,Trunc bitonic end-to-end time (ms),0.632,Trunc bitonic algorithmic time (ms),0.55,25088,exact,5120,exact
npu,q06_k8_max,PASS,ok,double,bitonic,max,8,64,Trunc bitonic end-to-end time (ms),0.631,Trunc bitonic end-to-end time (ms),0.631,Trunc bitonic algorithmic time (ms),0.547,25600,exact,5120,exact
npu,q07_k8_max,PASS,ok,double,bitonic,max,8,128,Trunc bitonic end-to-end time (ms),0.651,Trunc bitonic end-to-end time (ms),0.651,Trunc bitonic algorithmic time (ms),0.561,26624,exact,5120,exact
npu,q08_k8_max,PASS,ok,double,bitonic,max,8,256,Trunc bitonic end-to-end time (ms),0.643,Trunc bitonic end-to-end time (ms),0.643,Trunc bitonic algorithmic time (ms),0.554,28672,exact,5120,exact
npu,q08_k256_max,PASS,ok,double,bitonic,max,256,256,Trunc bitonic end-to-end time (ms),0.648,Trunc bitonic end-to-end time (ms),0.648,Trunc bitonic algorithmic time (ms),0.561,28672,exact,5120,exact
npu,q09_k8_max,PASS,ok,double,bitonic,max,8,512,Trunc bitonic end-to-end time (ms),0.65,Trunc bitonic end-to-end time (ms),0.65,Trunc bitonic algorithmic time (ms),0.559,32768,exact,5120,exact
npu,q09_k256_max,PASS,ok,double,bitonic,max,256,512,Trunc bitonic end-to-end time (ms),0.655,Trunc bitonic end-to-end time (ms),0.655,Trunc bitonic algorithmic time (ms),0.567,32768,exact,5120,exact
npu,q10_k8_max,PASS,ok,double,bitonic,max,8,1024,Trunc bitonic end-to-end time (ms),0.662,Trunc bitonic end-to-end time (ms),0.662,Trunc bitonic algorithmic time (ms),0.567,40960,exact,5120,exact
npu,q10_k256_max,PASS,ok,double,bitonic,max,256,1024,Trunc bitonic end-to-end time (ms),0.66,Trunc bitonic end-to-end time (ms),0.66,Trunc bitonic algorithmic time (ms),0.57,40960,exact,5120,exact
npu,q11_k8_max,PASS,ok,double,bitonic,max,8,2048,Trunc bitonic end-to-end time (ms),0.648,Trunc bitonic end-to-end time (ms),0.648,Trunc bitonic algorithmic time (ms),0.559,81920,exact,10240,exact
npu,q11_k256_max,PASS,ok,double,bitonic,max,256,2048,Trunc bitonic end-to-end time (ms),0.667,Trunc bitonic end-to-end time (ms),0.667,Trunc bitonic algorithmic time (ms),0.576,81920,exact,10240,exact
npu,q12_k8_max,PASS,ok,double,bitonic,max,8,4096,Trunc bitonic end-to-end time (ms),0.648,Trunc bitonic end-to-end time (ms),0.648,Trunc bitonic algorithmic time (ms),0.562,163840,exact,20480,exact
npu,q12_k256_max,PASS,ok,double,bitonic,max,256,4096,Trunc bitonic end-to-end time (ms),0.67,Trunc bitonic end-to-end time (ms),0.67,Trunc bitonic algorithmic time (ms),0.578,163840,exact,20480,exact
npu,q12_k4096_max,PASS,ok,double,bitonic,max,4096,4096,Trunc bitonic end-to-end time (ms),0.792,Trunc bitonic end-to-end time (ms),0.792,Trunc bitonic algorithmic time (ms),0.702,163840,exact,20480,exact
npu,q13_k8_max,PASS,ok,double,bitonic,max,8,8192,Trunc bitonic end-to-end time (ms),0.657,Trunc bitonic end-to-end time (ms),0.657,Trunc bitonic algorithmic time (ms),0.568,327680,exact,40960,exact
npu,q13_k256_max,PASS,ok,double,bitonic,max,256,8192,Trunc bitonic end-to-end time (ms),0.684,Trunc bitonic end-to-end time (ms),0.684,Trunc bitonic algorithmic time (ms),0.592,327680,exact,40960,exact
npu,q13_k4096_max,PASS,ok,double,bitonic,max,4096,8192,Trunc bitonic end-to-end time (ms),0.907,Trunc bitonic end-to-end time (ms),0.907,Trunc bitonic algorithmic time (ms),0.815,327680,exact,40960,exact
npu,q14_k8_max,PASS,ok,double,bitonic,max,8,16384,Trunc bitonic end-to-end time (ms),0.674,Trunc bitonic end-to-end time (ms),0.674,Trunc bitonic algorithmic time (ms),0.586,655360,exact,81920,exact
npu,q14_k256_max,PASS,ok,double,bitonic,max,256,16384,Trunc bitonic end-to-end time (ms),0.701,Trunc bitonic end-to-end time (ms),0.701,Trunc bitonic algorithmic time (ms),0.61,655360,exact,81920,exact
npu,q14_k4096_max,PASS,ok,double,bitonic,max,4096,16384,Trunc bitonic end-to-end time (ms),1.052,Trunc bitonic end-to-end time (ms),1.052,Trunc bitonic algorithmic time (ms),0.953,655360,exact,81920,exact
npu,q15_k8_max,PASS,ok,double,bitonic,max,8,32768,Trunc bitonic end-to-end time (ms),0.701,Trunc bitonic end-to-end time (ms),0.701,Trunc bitonic algorithmic time (ms),0.608,1310720,exact,163840,exact
npu,q15_k256_max,PASS,ok,double,bitonic,max,256,32768,Trunc bitonic end-to-end time (ms),0.726,Trunc bitonic end-to-end time (ms),0.726,Trunc bitonic algorithmic time (ms),0.634,1310720,exact,163840,exact
npu,q15_k4096_max,PASS,ok,double,bitonic,max,4096,32768,Trunc bitonic end-to-end time (ms),1.19,Trunc bitonic end-to-end time (ms),1.19,Trunc bitonic algorithmic time (ms),1.093,1310720,exact,163840,exact
npu,q16_k8_max,PASS,ok,double,bitonic,max,8,65536,Trunc bitonic end-to-end time (ms),0.751,Trunc bitonic end-to-end time (ms),0.751,Trunc bitonic algorithmic time (ms),0.656,2621440,exact,327680,exact
npu,q16_k256_max,PASS,ok,double,bitonic,max,256,65536,Trunc bitonic end-to-end time (ms),0.807,Trunc bitonic end-to-end time (ms),0.807,Trunc bitonic algorithmic time (ms),0.711,2621440,exact,327680,exact
npu,q16_k4096_max,PASS,ok,double,bitonic,max,4096,65536,Trunc bitonic end-to-end time (ms),1.358,Trunc bitonic end-to-end time (ms),1.358,Trunc bitonic algorithmic time (ms),1.259,2621440,exact,327680,exact
npu,q17_k8_max,PASS,ok,double,bitonic,max,8,131072,Trunc bitonic end-to-end time (ms),0.856,Trunc bitonic end-to-end time (ms),0.856,Trunc bitonic algorithmic time (ms),0.758,5242880,exact,655360,exact
npu,q17_k256_max,PASS,ok,double,bitonic,max,256,131072,Trunc bitonic end-to-end time (ms),0.891,Trunc bitonic end-to-end time (ms),0.891,Trunc bitonic algorithmic time (ms),0.792,5242880,exact,655360,exact
npu,q17_k4096_max,PASS,ok,double,bitonic,max,4096,131072,Trunc bitonic end-to-end time (ms),1.577,Trunc bitonic end-to-end time (ms),1.577,Trunc bitonic algorithmic time (ms),1.48,5242880,exact,655360,exact
npu,q17_k131072_max,PASS,ok,double,bitonic,max,131072,131072,Trunc bitonic end-to-end time (ms),10.181,Trunc bitonic end-to-end time (ms),10.181,Trunc bitonic algorithmic time (ms),10.049,5242880,exact,655360,exact
npu,q18_k8_max,PASS,ok,double,bitonic,max,8,262144,Trunc bitonic end-to-end time (ms),1.048,Trunc bitonic end-to-end time (ms),1.048,Trunc bitonic algorithmic time (ms),0.948,10485760,exact,1310720,exact
npu,q18_k256_max,PASS,ok,double,bitonic,max,256,262144,Trunc bitonic end-to-end time (ms),1.091,Trunc bitonic end-to-end time (ms),1.091,Trunc bitonic algorithmic time (ms),0.991,10485760,exact,1310720,exact
npu,q18_k4096_max,PASS,ok,double,bitonic,max,4096,262144,Trunc bitonic end-to-end time (ms),1.876,Trunc bitonic end-to-end time (ms),1.876,Trunc bitonic algorithmic time (ms),1.775,10485760,exact,1310720,exact
npu,q18_k131072_max,PASS,ok,double,bitonic,max,131072,262144,Trunc bitonic end-to-end time (ms),17.34,Trunc bitonic end-to-end time (ms),17.34,Trunc bitonic algorithmic time (ms),17.159,10485760,exact,1310720,exact
npu,q19_k8_max,PASS,ok,double,bitonic,max,8,524288,Trunc bitonic end-to-end time (ms),1.443,Trunc bitonic end-to-end time (ms),1.443,Trunc bitonic algorithmic time (ms),1.339,20971520,exact,2621440,exact
npu,q19_k256_max,PASS,ok,double,bitonic,max,256,524288,Trunc bitonic end-to-end time (ms),1.478,Trunc bitonic end-to-end time (ms),1.478,Trunc bitonic algorithmic time (ms),1.375,20971520,exact,2621440,exact
npu,q19_k4096_max,PASS,ok,double,bitonic,max,4096,524288,Trunc bitonic end-to-end time (ms),2.393,Trunc bitonic end-to-end time (ms),2.393,Trunc bitonic algorithmic time (ms),2.289,20971520,exact,2621440,exact
npu,q19_k131072_max,PASS,ok,double,bitonic,max,131072,524288,Trunc bitonic end-to-end time (ms),22.404,Trunc bitonic end-to-end time (ms),22.404,Trunc bitonic algorithmic time (ms),22.201,20971520,exact,2621440,exact
npu,q20_k8_max,PASS,ok,double,bitonic,max,8,1048576,Trunc bitonic end-to-end time (ms),2.298,Trunc bitonic end-to-end time (ms),2.298,Trunc bitonic algorithmic time (ms),2.174,41943040,exact,5242880,exact
npu,q20_k256_max,PASS,ok,double,bitonic,max,256,1048576,Trunc bitonic end-to-end time (ms),2.291,Trunc bitonic end-to-end time (ms),2.291,Trunc bitonic algorithmic time (ms),2.181,41943040,exact,5242880,exact
npu,q20_k4096_max,PASS,ok,double,bitonic,max,4096,1048576,Trunc bitonic end-to-end time (ms),3.364,Trunc bitonic end-to-end time (ms),3.364,Trunc bitonic algorithmic time (ms),3.23,41943040,exact,5242880,exact
npu,q20_k131072_max,PASS,ok,double,bitonic,max,131072,1048576,Trunc bitonic end-to-end time (ms),29.022,Trunc bitonic end-to-end time (ms),29.022,Trunc bitonic algorithmic time (ms),28.797,41943040,exact,5242880,exact
npu,q21_k8_max,PASS,ok,double,bitonic,max,8,2097152,Trunc bitonic end-to-end time (ms),3.966,Trunc bitonic end-to-end time (ms),3.966,Trunc bitonic algorithmic time (ms),3.838,83886080,exact,10485760,exact
npu,q21_k256_max,PASS,ok,double,bitonic,max,256,2097152,Trunc bitonic end-to-end time (ms),4.025,Trunc bitonic end-to-end time (ms),4.025,Trunc bitonic algorithmic time (ms),3.886,83886080,exact,10485760,exact
npu,q21_k4096_max,PASS,ok,double,bitonic,max,4096,2097152,Trunc bitonic end-to-end time (ms),4.928,Trunc bitonic end-to-end time (ms),4.928,Trunc bitonic algorithmic time (ms),4.79,83886080,exact,10485760,exact
npu,q21_k131072_max,PASS,ok,double,bitonic,max,131072,2097152,Trunc bitonic end-to-end time (ms),36.2,Trunc bitonic end-to-end time (ms),36.2,Trunc bitonic algorithmic time (ms),35.965,83886080,exact,10485760,exact
npu,q22_k8_max,PASS,ok,double,bitonic,max,8,4194304,Trunc bitonic end-to-end time (ms),7.604,Trunc bitonic end-to-end time (ms),7.604,Trunc bitonic algorithmic time (ms),7.425,167772160,exact,20971520,exact
npu,q22_k256_max,PASS,ok,double,bitonic,max,256,4194304,Trunc bitonic end-to-end time (ms),7.656,Trunc bitonic end-to-end time (ms),7.656,Trunc bitonic algorithmic time (ms),7.462,167772160,exact,20971520,exact
npu,q22_k4096_max,PASS,ok,double,bitonic,max,4096,4194304,Trunc bitonic end-to-end time (ms),8.756,Trunc bitonic end-to-end time (ms),8.756,Trunc bitonic algorithmic time (ms),8.569,167772160,exact,20971520,exact
npu,q22_k131072_max,PASS,ok,double,bitonic,max,131072,4194304,Trunc bitonic end-to-end time (ms),46.275,Trunc bitonic end-to-end time (ms),46.275,Trunc bitonic algorithmic time (ms),46.02,167772160,exact,20971520,exact
npu,q23_k8_max,PASS,ok,double,bitonic,max,8,8388608,Trunc bitonic end-to-end time (ms),14.633,Trunc bitonic end-to-end time (ms),14.633,Trunc bitonic algorithmic time (ms),14.427,335544320,exact,41943040,exact
npu,q23_k256_max,PASS,ok,double,bitonic,max,256,8388608,Trunc bitonic end-to-end time (ms),14.691,Trunc bitonic end-to-end time (ms),14.691,Trunc bitonic algorithmic time (ms),14.492,335544320,exact,41943040,exact
npu,q23_k4096_max,PASS,ok,double,bitonic,max,4096,8388608,Trunc bitonic end-to-end time (ms),16.07,Trunc bitonic end-to-end time (ms),16.07,Trunc bitonic algorithmic time (ms),15.867,335544320,exact,41943040,exact
npu,q23_k131072_max,PASS,ok,double,bitonic,max,131072,8388608,Trunc bitonic end-to-end time (ms),60.04,Trunc bitonic end-to-end time (ms),60.04,Trunc bitonic algorithmic time (ms),59.781,335544320,exact,41943040,exact
npu,q24_k8_max,PASS,ok,double,bitonic,max,8,16777216,Trunc bitonic end-to-end time (ms),28.853,Trunc bitonic end-to-end time (ms),28.853,Trunc bitonic algorithmic time (ms),28.614,671088640,exact,83886080,exact
npu,q24_k256_max,PASS,ok,double,bitonic,max,256,16777216,Trunc bitonic end-to-end time (ms),28.852,Trunc bitonic end-to-end time (ms),28.852,Trunc bitonic algorithmic time (ms),28.606,671088640,exact,83886080,exact
npu,q24_k4096_max,PASS,ok,double,bitonic,max,4096,16777216,Trunc bitonic end-to-end time (ms),30.282,Trunc bitonic end-to-end time (ms),30.282,Trunc bitonic algorithmic time (ms),30.041,671088640,exact,83886080,exact
npu,q24_k131072_max,PASS,ok,double,bitonic,max,131072,16777216,Trunc bitonic end-to-end time (ms),82.024,Trunc bitonic end-to-end time (ms),82.024,Trunc bitonic algorithmic time (ms),81.749,671088640,exact,83886080,exact
npu,q03_k8_max,PASS,ok,double,map_reduce,max,8,8,Map-reduce top-k end-to-end time (ms),0.162,Map-reduce top-k end-to-end time (ms),0.162,Map-reduce top-k algorithmic time (ms),0.077,128,exact,8,lower-bound
npu,q04_k8_max,PASS,ok,double,map_reduce,max,8,16,Map-reduce top-k end-to-end time (ms),0.536,Map-reduce top-k end-to-end time (ms),0.536,Map-reduce top-k algorithmic time (ms),0.447,24832,exact,16,lower-bound
npu,q05_k8_max,PASS,ok,double,map_reduce,max,8,32,Map-reduce top-k end-to-end time (ms),0.544,Map-reduce top-k end-to-end time (ms),0.544,Map-reduce top-k algorithmic time (ms),0.45,25088,exact,32,lower-bound
npu,q06_k8_max,PASS,ok,double,map_reduce,max,8,64,Map-reduce top-k end-to-end time (ms),0.538,Map-reduce top-k end-to-end time (ms),0.538,Map-reduce top-k algorithmic time (ms),0.448,25600,exact,64,lower-bound
npu,q07_k8_max,PASS,ok,double,map_reduce,max,8,128,Map-reduce top-k end-to-end time (ms),0.541,Map-reduce top-k end-to-end time (ms),0.541,Map-reduce top-k algorithmic time (ms),0.45,26624,exact,128,lower-bound
npu,q08_k8_max,PASS,ok,double,map_reduce,max,8,256,Map-reduce top-k end-to-end time (ms),0.534,Map-reduce top-k end-to-end time (ms),0.534,Map-reduce top-k algorithmic time (ms),0.444,28672,exact,256,lower-bound
npu,q08_k256_max,PASS,ok,double,map_reduce,max,256,256,Map-reduce top-k end-to-end time (ms),0.165,Map-reduce top-k end-to-end time (ms),0.165,Map-reduce top-k algorithmic time (ms),0.083,4096,exact,256,lower-bound
npu,q09_k8_max,PASS,ok,double,map_reduce,max,8,512,Map-reduce top-k end-to-end time (ms),0.533,Map-reduce top-k end-to-end time (ms),0.533,Map-reduce top-k algorithmic time (ms),0.444,32768,exact,512,lower-bound
npu,q09_k256_max,PASS,ok,double,map_reduce,max,256,512,Map-reduce top-k end-to-end time (ms),0.548,Map-reduce top-k end-to-end time (ms),0.548,Map-reduce top-k algorithmic time (ms),0.457,32768,exact,512,lower-bound
npu,q10_k8_max,PASS,ok,double,map_reduce,max,8,1024,Map-reduce top-k end-to-end time (ms),0.536,Map-reduce top-k end-to-end time (ms),0.536,Map-reduce top-k algorithmic time (ms),0.448,40960,exact,1024,lower-bound
npu,q10_k256_max,PASS,ok,double,map_reduce,max,256,1024,Map-reduce top-k end-to-end time (ms),0.535,Map-reduce top-k end-to-end time (ms),0.535,Map-reduce top-k algorithmic time (ms),0.452,40960,exact,1024,lower-bound
npu,q11_k8_max,PASS,ok,double,map_reduce,max,8,2048,Map-reduce top-k end-to-end time (ms),0.544,Map-reduce top-k end-to-end time (ms),0.544,Map-reduce top-k algorithmic time (ms),0.451,81920,exact,2048,lower-bound
npu,q11_k256_max,PASS,ok,double,map_reduce,max,256,2048,Map-reduce top-k end-to-end time (ms),0.557,Map-reduce top-k end-to-end time (ms),0.557,Map-reduce top-k algorithmic time (ms),0.466,81920,exact,2048,lower-bound
npu,q12_k8_max,PASS,ok,double,map_reduce,max,8,4096,Map-reduce top-k end-to-end time (ms),0.543,Map-reduce top-k end-to-end time (ms),0.543,Map-reduce top-k algorithmic time (ms),0.452,163840,exact,4096,lower-bound
npu,q12_k256_max,PASS,ok,double,map_reduce,max,256,4096,Map-reduce top-k end-to-end time (ms),0.568,Map-reduce top-k end-to-end time (ms),0.568,Map-reduce top-k algorithmic time (ms),0.475,163840,exact,4096,lower-bound
npu,q12_k4096_max,PASS,ok,double,map_reduce,max,4096,4096,Map-reduce top-k end-to-end time (ms),0.309,Map-reduce top-k end-to-end time (ms),0.309,Map-reduce top-k algorithmic time (ms),0.221,65536,exact,4096,lower-bound
npu,q13_k8_max,PASS,ok,double,map_reduce,max,8,8192,Map-reduce top-k end-to-end time (ms),0.548,Map-reduce top-k end-to-end time (ms),0.548,Map-reduce top-k algorithmic time (ms),0.457,327680,exact,8192,lower-bound
npu,q13_k256_max,PASS,ok,double,map_reduce,max,256,8192,Map-reduce top-k end-to-end time (ms),0.572,Map-reduce top-k end-to-end time (ms),0.572,Map-reduce top-k algorithmic time (ms),0.481,327680,exact,8192,lower-bound
npu,q13_k4096_max,PASS,ok,double,map_reduce,max,4096,8192,Map-reduce top-k end-to-end time (ms),0.77,Map-reduce top-k end-to-end time (ms),0.77,Map-reduce top-k algorithmic time (ms),0.679,229376,exact,8192,lower-bound
npu,q14_k8_max,PASS,ok,double,map_reduce,max,8,16384,Map-reduce top-k end-to-end time (ms),0.574,Map-reduce top-k end-to-end time (ms),0.574,Map-reduce top-k algorithmic time (ms),0.481,655360,exact,16384,lower-bound
npu,q14_k256_max,PASS,ok,double,map_reduce,max,256,16384,Map-reduce top-k end-to-end time (ms),0.583,Map-reduce top-k end-to-end time (ms),0.583,Map-reduce top-k algorithmic time (ms),0.493,655360,exact,16384,lower-bound
npu,q14_k4096_max,PASS,ok,double,map_reduce,max,4096,16384,Map-reduce top-k end-to-end time (ms),0.92,Map-reduce top-k end-to-end time (ms),0.92,Map-reduce top-k algorithmic time (ms),0.833,557056,exact,16384,lower-bound
npu,q15_k8_max,PASS,ok,double,map_reduce,max,8,32768,Map-reduce top-k end-to-end time (ms),0.594,Map-reduce top-k end-to-end time (ms),0.594,Map-reduce top-k algorithmic time (ms),0.5,1310720,exact,32768,lower-bound
npu,q15_k256_max,PASS,ok,double,map_reduce,max,256,32768,Map-reduce top-k end-to-end time (ms),0.616,Map-reduce top-k end-to-end time (ms),0.616,Map-reduce top-k algorithmic time (ms),0.522,1310720,exact,32768,lower-bound
npu,q15_k4096_max,PASS,ok,double,map_reduce,max,4096,32768,Map-reduce top-k end-to-end time (ms),1.184,Map-reduce top-k end-to-end time (ms),1.184,Map-reduce top-k algorithmic time (ms),1.088,1212416,exact,32768,lower-bound
npu,q16_k8_max,PASS,ok,double,map_reduce,max,8,65536,Map-reduce top-k end-to-end time (ms),0.632,Map-reduce top-k end-to-end time (ms),0.632,Map-reduce top-k algorithmic time (ms),0.543,2596864,exact,65536,lower-bound
npu,q16_k256_max,PASS,ok,double,map_reduce,max,256,65536,Map-reduce top-k end-to-end time (ms),0.667,Map-reduce top-k end-to-end time (ms),0.667,Map-reduce top-k algorithmic time (ms),0.573,2596864,exact,65536,lower-bound
npu,q16_k4096_max,PASS,ok,double,map_reduce,max,4096,65536,Map-reduce top-k end-to-end time (ms),1.365,Map-reduce top-k end-to-end time (ms),1.365,Map-reduce top-k algorithmic time (ms),1.275,2523136,exact,65536,lower-bound
npu,q17_k8_max,PASS,ok,double,map_reduce,max,8,131072,Map-reduce top-k end-to-end time (ms),0.736,Map-reduce top-k end-to-end time (ms),0.736,Map-reduce top-k algorithmic time (ms),0.64,5193728,exact,131072,lower-bound
npu,q17_k256_max,PASS,ok,double,map_reduce,max,256,131072,Map-reduce top-k end-to-end time (ms),0.753,Map-reduce top-k end-to-end time (ms),0.753,Map-reduce top-k algorithmic time (ms),0.661,5193728,exact,131072,lower-bound
npu,q17_k4096_max,PASS,ok,double,map_reduce,max,4096,131072,Map-reduce top-k end-to-end time (ms),1.601,Map-reduce top-k end-to-end time (ms),1.601,Map-reduce top-k algorithmic time (ms),1.512,5144576,exact,131072,lower-bound
npu,q17_k131072_max,PASS,ok,double,map_reduce,max,131072,131072,Map-reduce top-k end-to-end time (ms),9.717,Map-reduce top-k end-to-end time (ms),9.717,Map-reduce top-k algorithmic time (ms),9.57,2097152,exact,131072,lower-bound
npu,q18_k8_max,PASS,ok,double,map_reduce,max,8,262144,Map-reduce top-k end-to-end time (ms),0.898,Map-reduce top-k end-to-end time (ms),0.898,Map-reduce top-k algorithmic time (ms),0.811,10362880,exact,262144,lower-bound
npu,q18_k256_max,PASS,ok,double,map_reduce,max,256,262144,Map-reduce top-k end-to-end time (ms),0.936,Map-reduce top-k end-to-end time (ms),0.936,Map-reduce top-k algorithmic time (ms),0.841,10362880,exact,262144,lower-bound
npu,q18_k4096_max,PASS,ok,double,map_reduce,max,4096,262144,Map-reduce top-k end-to-end time (ms),1.946,Map-reduce top-k end-to-end time (ms),1.946,Map-reduce top-k algorithmic time (ms),1.847,10362880,exact,262144,lower-bound
npu,q18_k131072_max,PASS,ok,double,map_reduce,max,131072,262144,Map-reduce top-k end-to-end time (ms),17.635,Map-reduce top-k end-to-end time (ms),17.635,Map-reduce top-k algorithmic time (ms),17.468,7340032,exact,262144,lower-bound
npu,q19_k8_max,PASS,ok,double,map_reduce,max,8,524288,Map-reduce top-k end-to-end time (ms),1.263,Map-reduce top-k end-to-end time (ms),1.263,Map-reduce top-k algorithmic time (ms),1.168,20725760,exact,524288,lower-bound
npu,q19_k256_max,PASS,ok,double,map_reduce,max,256,524288,Map-reduce top-k end-to-end time (ms),1.303,Map-reduce top-k end-to-end time (ms),1.303,Map-reduce top-k algorithmic time (ms),1.211,20725760,exact,524288,lower-bound
npu,q19_k4096_max,PASS,ok,double,map_reduce,max,4096,524288,Map-reduce top-k end-to-end time (ms),2.399,Map-reduce top-k end-to-end time (ms),2.399,Map-reduce top-k algorithmic time (ms),2.301,20725760,exact,524288,lower-bound
npu,q19_k131072_max,PASS,ok,double,map_reduce,max,131072,524288,Map-reduce top-k end-to-end time (ms),24.443,Map-reduce top-k end-to-end time (ms),24.443,Map-reduce top-k algorithmic time (ms),24.281,17825792,exact,524288,lower-bound
npu,q20_k8_max,PASS,ok,double,map_reduce,max,8,1048576,Map-reduce top-k end-to-end time (ms),2.01,Map-reduce top-k end-to-end time (ms),2.01,Map-reduce top-k algorithmic time (ms),1.913,41451520,exact,1048576,lower-bound
npu,q20_k256_max,PASS,ok,double,map_reduce,max,256,1048576,Map-reduce top-k end-to-end time (ms),2.068,Map-reduce top-k end-to-end time (ms),2.068,Map-reduce top-k algorithmic time (ms),1.966,41451520,exact,1048576,lower-bound
npu,q20_k4096_max,PASS,ok,double,map_reduce,max,4096,1048576,Map-reduce top-k end-to-end time (ms),3.309,Map-reduce top-k end-to-end time (ms),3.309,Map-reduce top-k algorithmic time (ms),3.201,41451520,exact,1048576,lower-bound
npu,q20_k131072_max,PASS,ok,double,map_reduce,max,131072,1048576,Map-reduce top-k end-to-end time (ms),31.855,Map-reduce top-k end-to-end time (ms),31.855,Map-reduce top-k algorithmic time (ms),31.685,38797312,exact,1048576,lower-bound
npu,q21_k8_max,PASS,ok,double,map_reduce,max,8,2097152,Map-reduce top-k end-to-end time (ms),3.806,Map-reduce top-k end-to-end time (ms),3.806,Map-reduce top-k algorithmic time (ms),3.69,82903040,exact,2097152,lower-bound
npu,q21_k256_max,PASS,ok,double,map_reduce,max,256,2097152,Map-reduce top-k end-to-end time (ms),3.878,Map-reduce top-k end-to-end time (ms),3.878,Map-reduce top-k algorithmic time (ms),3.758,82903040,exact,2097152,lower-bound
npu,q21_k4096_max,PASS,ok,double,map_reduce,max,4096,2097152,Map-reduce top-k end-to-end time (ms),4.908,Map-reduce top-k end-to-end time (ms),4.908,Map-reduce top-k algorithmic time (ms),4.782,82903040,exact,2097152,lower-bound
npu,q21_k131072_max,PASS,ok,double,map_reduce,max,131072,2097152,Map-reduce top-k end-to-end time (ms),39.924,Map-reduce top-k end-to-end time (ms),39.924,Map-reduce top-k algorithmic time (ms),39.714,80740352,exact,2097152,lower-bound
npu,q22_k8_max,PASS,ok,double,map_reduce,max,8,4194304,Map-reduce top-k end-to-end time (ms),7.438,Map-reduce top-k end-to-end time (ms),7.438,Map-reduce top-k algorithmic time (ms),7.302,165781504,exact,4194304,lower-bound
npu,q22_k256_max,PASS,ok,double,map_reduce,max,256,4194304,Map-reduce top-k end-to-end time (ms),7.165,Map-reduce top-k end-to-end time (ms),7.165,Map-reduce top-k algorithmic time (ms),7.031,165781504,exact,4194304,lower-bound
npu,q22_k4096_max,PASS,ok,double,map_reduce,max,4096,4194304,Map-reduce top-k end-to-end time (ms),8.487,Map-reduce top-k end-to-end time (ms),8.487,Map-reduce top-k algorithmic time (ms),8.349,165781504,exact,4194304,lower-bound
npu,q22_k131072_max,PASS,ok,double,map_reduce,max,131072,4194304,Map-reduce top-k end-to-end time (ms),50.845,Map-reduce top-k end-to-end time (ms),50.845,Map-reduce top-k algorithmic time (ms),50.632,164626432,exact,4194304,lower-bound
npu,q23_k8_max,PASS,ok,double,map_reduce,max,8,8388608,Map-reduce top-k end-to-end time (ms),14.399,Map-reduce top-k end-to-end time (ms),14.399,Map-reduce top-k algorithmic time (ms),14.243,331538432,exact,8388608,lower-bound
npu,q23_k256_max,PASS,ok,double,map_reduce,max,256,8388608,Map-reduce top-k end-to-end time (ms),14.381,Map-reduce top-k end-to-end time (ms),14.381,Map-reduce top-k algorithmic time (ms),14.227,331538432,exact,8388608,lower-bound
npu,q23_k4096_max,PASS,ok,double,map_reduce,max,4096,8388608,Map-reduce top-k end-to-end time (ms),15.188,Map-reduce top-k end-to-end time (ms),15.188,Map-reduce top-k algorithmic time (ms),15.036,331538432,exact,8388608,lower-bound
npu,q23_k131072_max,PASS,ok,double,map_reduce,max,131072,8388608,Map-reduce top-k end-to-end time (ms),64.898,Map-reduce top-k end-to-end time (ms),64.898,Map-reduce top-k algorithmic time (ms),64.697,331538432,exact,8388608,lower-bound
npu,q24_k8_max,PASS,ok,double,map_reduce,max,8,16777216,Map-reduce top-k end-to-end time (ms),28.072,Map-reduce top-k end-to-end time (ms),28.072,Map-reduce top-k algorithmic time (ms),27.904,663052288,exact,16777216,lower-bound
npu,q24_k256_max,PASS,ok,double,map_reduce,max,256,16777216,Map-reduce top-k end-to-end time (ms),28.563,Map-reduce top-k end-to-end time (ms),28.563,Map-reduce top-k algorithmic time (ms),28.4,663052288,exact,16777216,lower-bound
npu,q24_k4096_max,PASS,ok,double,map_reduce,max,4096,16777216,Map-reduce top-k end-to-end time (ms),29.103,Map-reduce top-k end-to-end time (ms),29.103,Map-reduce top-k algorithmic time (ms),28.919,663052288,exact,16777216,lower-bound
npu,q24_k131072_max,PASS,ok,double,map_reduce,max,131072,16777216,Map-reduce top-k end-to-end time (ms),82.944,Map-reduce top-k end-to-end time (ms),82.944,Map-reduce top-k algorithmic time (ms),82.722,663052288,exact,16777216,lower-bound
npu,q03_k8_max,PASS,ok,double,gt,max,8,8,Ground truth end-to-end time (ms),0.048,Ground truth end-to-end time (ms),0.048,Ground truth algorithmic time (ms),0.048,128,lower-bound,8,lower-bound
npu,q04_k8_max,PASS,ok,double,gt,max,8,16,Ground truth end-to-end time (ms),0.048,Ground truth end-to-end time (ms),0.048,Ground truth algorithmic time (ms),0.048,192,lower-bound,16,lower-bound
npu,q05_k8_max,PASS,ok,double,gt,max,8,32,Ground truth end-to-end time (ms),0.049,Ground truth end-to-end time (ms),0.049,Ground truth algorithmic time (ms),0.049,320,lower-bound,32,lower-bound
npu,q06_k8_max,PASS,ok,double,gt,max,8,64,Ground truth end-to-end time (ms),0.048,Ground truth end-to-end time (ms),0.048,Ground truth algorithmic time (ms),0.048,576,lower-bound,64,lower-bound
npu,q07_k8_max,PASS,ok,double,gt,max,8,128,Ground truth end-to-end time (ms),0.049,Ground truth end-to-end time (ms),0.049,Ground truth algorithmic time (ms),0.049,1088,lower-bound,128,lower-bound
npu,q08_k8_max,PASS,ok,double,gt,max,8,256,Ground truth end-to-end time (ms),0.048,Ground truth end-to-end time (ms),0.048,Ground truth algorithmic time (ms),0.048,2112,lower-bound,256,lower-bound
npu,q08_k256_max,PASS,ok,double,gt,max,256,256,Ground truth end-to-end time (ms),0.049,Ground truth end-to-end time (ms),0.049,Ground truth algorithmic time (ms),0.049,4096,lower-bound,256,lower-bound
npu,q09_k8_max,PASS,ok,double,gt,max,8,512,Ground truth end-to-end time (ms),0.048,Ground truth end-to-end time (ms),0.048,Ground truth algorithmic time (ms),0.048,4160,lower-bound,512,lower-bound
npu,q09_k256_max,PASS,ok,double,gt,max,256,512,Ground truth end-to-end time (ms),0.058,Ground truth end-to-end time (ms),0.058,Ground truth algorithmic time (ms),0.058,6144,lower-bound,512,lower-bound
npu,q10_k8_max,PASS,ok,double,gt,max,8,1024,Ground truth end-to-end time (ms),0.048,Ground truth end-to-end time (ms),0.048,Ground truth algorithmic time (ms),0.048,8256,lower-bound,1024,lower-bound
npu,q10_k256_max,PASS,ok,double,gt,max,256,1024,Ground truth end-to-end time (ms),0.061,Ground truth end-to-end time (ms),0.061,Ground truth algorithmic time (ms),0.061,10240,lower-bound,1024,lower-bound
npu,q11_k8_max,PASS,ok,double,gt,max,8,2048,Ground truth end-to-end time (ms),0.05,Ground truth end-to-end time (ms),0.05,Ground truth algorithmic time (ms),0.05,16448,lower-bound,2048,lower-bound
npu,q11_k256_max,PASS,ok,double,gt,max,256,2048,Ground truth end-to-end time (ms),0.064,Ground truth end-to-end time (ms),0.064,Ground truth algorithmic time (ms),0.064,18432,lower-bound,2048,lower-bound
npu,q12_k8_max,PASS,ok,double,gt,max,8,4096,Ground truth end-to-end time (ms),0.049,Ground truth end-to-end time (ms),0.049,Ground truth algorithmic time (ms),0.049,32832,lower-bound,4096,lower-bound
npu,q12_k256_max,PASS,ok,double,gt,max,256,4096,Ground truth end-to-end time (ms),0.069,Ground truth end-to-end time (ms),0.069,Ground truth algorithmic time (ms),0.069,34816,lower-bound,4096,lower-bound
npu,q12_k4096_max,PASS,ok,double,gt,max,4096,4096,Ground truth end-to-end time (ms),0.086,Ground truth end-to-end time (ms),0.086,Ground truth algorithmic time (ms),0.086,65536,lower-bound,4096,lower-bound
npu,q13_k8_max,PASS,ok,double,gt,max,8,8192,Ground truth end-to-end time (ms),0.051,Ground truth end-to-end time (ms),0.051,Ground truth algorithmic time (ms),0.051,65600,lower-bound,8192,lower-bound
npu,q13_k256_max,PASS,ok,double,gt,max,256,8192,Ground truth end-to-end time (ms),0.074,Ground truth end-to-end time (ms),0.074,Ground truth algorithmic time (ms),0.074,67584,lower-bound,8192,lower-bound
npu,q13_k4096_max,PASS,ok,double,gt,max,4096,8192,Ground truth end-to-end time (ms),0.252,Ground truth end-to-end time (ms),0.252,Ground truth algorithmic time (ms),0.252,98304,lower-bound,8192,lower-bound
npu,q14_k8_max,PASS,ok,double,gt,max,8,16384,Ground truth end-to-end time (ms),0.054,Ground truth end-to-end time (ms),0.054,Ground truth algorithmic time (ms),0.054,131136,lower-bound,16384,lower-bound
npu,q14_k256_max,PASS,ok,double,gt,max,256,16384,Ground truth end-to-end time (ms),0.081,Ground truth end-to-end time (ms),0.081,Ground truth algorithmic time (ms),0.081,133120,lower-bound,16384,lower-bound
npu,q14_k4096_max,PASS,ok,double,gt,max,4096,16384,Ground truth end-to-end time (ms),0.362,Ground truth end-to-end time (ms),0.362,Ground truth algorithmic time (ms),0.362,163840,lower-bound,16384,lower-bound
npu,q15_k8_max,PASS,ok,double,gt,max,8,32768,Ground truth end-to-end time (ms),0.06,Ground truth end-to-end time (ms),0.06,Ground truth algorithmic time (ms),0.06,262208,lower-bound,32768,lower-bound
npu,q15_k256_max,PASS,ok,double,gt,max,256,32768,Ground truth end-to-end time (ms),0.091,Ground truth end-to-end time (ms),0.091,Ground truth algorithmic time (ms),0.091,264192,lower-bound,32768,lower-bound
npu,q15_k4096_max,PASS,ok,double,gt,max,4096,32768,Ground truth end-to-end time (ms),0.605,Ground truth end-to-end time (ms),0.605,Ground truth algorithmic time (ms),0.605,294912,lower-bound,32768,lower-bound
npu,q16_k8_max,PASS,ok,double,gt,max,8,65536,Ground truth end-to-end time (ms),0.075,Ground truth end-to-end time (ms),0.075,Ground truth algorithmic time (ms),0.075,524352,lower-bound,65536,lower-bound
npu,q16_k256_max,PASS,ok,double,gt,max,256,65536,Ground truth end-to-end time (ms),0.113,Ground truth end-to-end time (ms),0.113,Ground truth algorithmic time (ms),0.113,526336,lower-bound,65536,lower-bound
npu,q16_k4096_max,PASS,ok,double,gt,max,4096,65536,Ground truth end-to-end time (ms),0.84,Ground truth end-to-end time (ms),0.84,Ground truth algorithmic time (ms),0.84,557056,lower-bound,65536,lower-bound
npu,q17_k8_max,PASS,ok,double,gt,max,8,131072,Ground truth end-to-end time (ms),0.1,Ground truth end-to-end time (ms),0.1,Ground truth algorithmic time (ms),0.1,1048640,lower-bound,131072,lower-bound
npu,q17_k256_max,PASS,ok,double,gt,max,256,131072,Ground truth end-to-end time (ms),0.144,Ground truth end-to-end time (ms),0.144,Ground truth algorithmic time (ms),0.144,1050624,lower-bound,131072,lower-bound
npu,q17_k4096_max,PASS,ok,double,gt,max,4096,131072,Ground truth end-to-end time (ms),1.076,Ground truth end-to-end time (ms),1.076,Ground truth algorithmic time (ms),1.076,1081344,lower-bound,131072,lower-bound
npu,q17_k131072_max,PASS,ok,double,gt,max,131072,131072,Ground truth end-to-end time (ms),9.051,Ground truth end-to-end time (ms),9.051,Ground truth algorithmic time (ms),9.051,2097152,lower-bound,131072,lower-bound
npu,q18_k8_max,PASS,ok,double,gt,max,8,262144,Ground truth end-to-end time (ms),0.145,Ground truth end-to-end time (ms),0.145,Ground truth algorithmic time (ms),0.145,2097216,lower-bound,262144,lower-bound
npu,q18_k256_max,PASS,ok,double,gt,max,256,262144,Ground truth end-to-end time (ms),0.201,Ground truth end-to-end time (ms),0.201,Ground truth algorithmic time (ms),0.201,2099200,lower-bound,262144,lower-bound
npu,q18_k4096_max,PASS,ok,double,gt,max,4096,262144,Ground truth end-to-end time (ms),1.314,Ground truth end-to-end time (ms),1.314,Ground truth algorithmic time (ms),1.314,2129920,lower-bound,262144,lower-bound
npu,q18_k131072_max,PASS,ok,double,gt,max,131072,262144,Ground truth end-to-end time (ms),17.456,Ground truth end-to-end time (ms),17.456,Ground truth algorithmic time (ms),17.456,3145728,lower-bound,262144,lower-bound
npu,q19_k8_max,PASS,ok,double,gt,max,8,524288,Ground truth end-to-end time (ms),0.232,Ground truth end-to-end time (ms),0.232,Ground truth algorithmic time (ms),0.232,4194368,lower-bound,524288,lower-bound
npu,q19_k256_max,PASS,ok,double,gt,max,256,524288,Ground truth end-to-end time (ms),0.302,Ground truth end-to-end time (ms),0.302,Ground truth algorithmic time (ms),0.302,4196352,lower-bound,524288,lower-bound
npu,q19_k4096_max,PASS,ok,double,gt,max,4096,524288,Ground truth end-to-end time (ms),1.612,Ground truth end-to-end time (ms),1.612,Ground truth algorithmic time (ms),1.612,4227072,lower-bound,524288,lower-bound
npu,q19_k131072_max,PASS,ok,double,gt,max,131072,524288,Ground truth end-to-end time (ms),26.763,Ground truth end-to-end time (ms),26.763,Ground truth algorithmic time (ms),26.763,5242880,lower-bound,524288,lower-bound
npu,q20_k8_max,PASS,ok,double,gt,max,8,1048576,Ground truth end-to-end time (ms),0.406,Ground truth end-to-end time (ms),0.406,Ground truth algorithmic time (ms),0.406,8388672,lower-bound,1048576,lower-bound
npu,q20_k256_max,PASS,ok,double,gt,max,256,1048576,Ground truth end-to-end time (ms),0.486,Ground truth end-to-end time (ms),0.486,Ground truth algorithmic time (ms),0.486,8390656,lower-bound,1048576,lower-bound
npu,q20_k4096_max,PASS,ok,double,gt,max,4096,1048576,Ground truth end-to-end time (ms),1.993,Ground truth end-to-end time (ms),1.993,Ground truth algorithmic time (ms),1.993,8421376,lower-bound,1048576,lower-bound
npu,q20_k131072_max,PASS,ok,double,gt,max,131072,1048576,Ground truth end-to-end time (ms),36.468,Ground truth end-to-end time (ms),36.468,Ground truth algorithmic time (ms),36.468,9437184,lower-bound,1048576,lower-bound
npu,q21_k8_max,PASS,ok,double,gt,max,8,2097152,Ground truth end-to-end time (ms),0.752,Ground truth end-to-end time (ms),0.752,Ground truth algorithmic time (ms),0.752,16777280,lower-bound,2097152,lower-bound
npu,q21_k256_max,PASS,ok,double,gt,max,256,2097152,Ground truth end-to-end time (ms),0.847,Ground truth end-to-end time (ms),0.847,Ground truth algorithmic time (ms),0.847,16779264,lower-bound,2097152,lower-bound
npu,q21_k4096_max,PASS,ok,double,gt,max,4096,2097152,Ground truth end-to-end time (ms),2.597,Ground truth end-to-end time (ms),2.597,Ground truth algorithmic time (ms),2.597,16809984,lower-bound,2097152,lower-bound
npu,q21_k131072_max,PASS,ok,double,gt,max,131072,2097152,Ground truth end-to-end time (ms),45.326,Ground truth end-to-end time (ms),45.326,Ground truth algorithmic time (ms),45.326,17825792,lower-bound,2097152,lower-bound
npu,q22_k8_max,PASS,ok,double,gt,max,8,4194304,Ground truth end-to-end time (ms),1.482,Ground truth end-to-end time (ms),1.482,Ground truth algorithmic time (ms),1.482,33554496,lower-bound,4194304,lower-bound
npu,q22_k256_max,PASS,ok,double,gt,max,256,4194304,Ground truth end-to-end time (ms),1.624,Ground truth end-to-end time (ms),1.624,Ground truth algorithmic time (ms),1.624,33556480,lower-bound,4194304,lower-bound
npu,q22_k4096_max,PASS,ok,double,gt,max,4096,4194304,Ground truth end-to-end time (ms),3.619,Ground truth end-to-end time (ms),3.619,Ground truth algorithmic time (ms),3.619,33587200,lower-bound,4194304,lower-bound
npu,q22_k131072_max,PASS,ok,double,gt,max,131072,4194304,Ground truth end-to-end time (ms),54.324,Ground truth end-to-end time (ms),54.324,Ground truth algorithmic time (ms),54.324,34603008,lower-bound,4194304,lower-bound
npu,q23_k8_max,PASS,ok,double,gt,max,8,8388608,Ground truth end-to-end time (ms),2.897,Ground truth end-to-end time (ms),2.897,Ground truth algorithmic time (ms),2.897,67108928,lower-bound,8388608,lower-bound
npu,q23_k256_max,PASS,ok,double,gt,max,256,8388608,Ground truth end-to-end time (ms),3.036,Ground truth end-to-end time (ms),3.036,Ground truth algorithmic time (ms),3.036,67110912,lower-bound,8388608,lower-bound
npu,q23_k4096_max,PASS,ok,double,gt,max,4096,8388608,Ground truth end-to-end time (ms),5.37,Ground truth end-to-end time (ms),5.37,Ground truth algorithmic time (ms),5.37,67141632,lower-bound,8388608,lower-bound
npu,q23_k131072_max,PASS,ok,double,gt,max,131072,8388608,Ground truth end-to-end time (ms),67.142,Ground truth end-to-end time (ms),67.142,Ground truth algorithmic time (ms),67.142,68157440,lower-bound,8388608,lower-bound
npu,q24_k8_max,PASS,ok,double,gt,max,8,16777216,Ground truth end-to-end time (ms),5.634,Ground truth end-to-end time (ms),5.634,Ground truth algorithmic time (ms),5.634,134217792,lower-bound,16777216,lower-bound
npu,q24_k256_max,PASS,ok,double,gt,max,256,16777216,Ground truth end-to-end time (ms),5.794,Ground truth end-to-end time (ms),5.794,Ground truth algorithmic time (ms),5.794,134219776,lower-bound,16777216,lower-bound
npu,q24_k4096_max,PASS,ok,double,gt,max,4096,16777216,Ground truth end-to-end time (ms),8.495,Ground truth end-to-end time (ms),8.495,Ground truth algorithmic time (ms),8.495,134250496,lower-bound,16777216,lower-bound
npu,q24_k131072_max,PASS,ok,double,gt,max,131072,16777216,Ground truth end-to-end time (ms),83.488,Ground truth end-to-end time (ms),83.488,Ground truth algorithmic time (ms),83.488,135266304,lower-bound,16777216,lower-bound
