backend,case_name,status,reason,dtype,algorithm,mode,k,n,dist,seed,rep,timing_label,time_ms,timing_label_e2e,time_end_to_end_ms,timing_label_algorithmic,time_algorithmic_ms,bytes_moved,bytes_model,compare_ops,ops_model
cpu,q03_k8_max,PASS,ok,int,bitonic,max,8,8,uniform,3000117,1,Trunc bitonic end-to-end time (ms),0.072,Trunc bitonic end-to-end time (ms),0.072,Trunc bitonic algorithmic time (ms),0.072,64,exact,24,exact
cpu,q04_k8_max,PASS,ok,int,bitonic,max,8,16,uniform,4000120,1,Trunc bitonic end-to-end time (ms),0.075,Trunc bitonic end-to-end time (ms),0.075,Trunc bitonic algorithmic time (ms),0.075,288,exact,68,exact
cpu,q05_k8_max,PASS,ok,int,bitonic,max,8,32,uniform,5000123,1,Trunc bitonic end-to-end time (ms),0.074,Trunc bitonic end-to-end time (ms),0.074,Trunc bitonic algorithmic time (ms),0.074,736,exact,156,exact
cpu,q06_k8_max,PASS,ok,int,bitonic,max,8,64,uniform,6000126,1,Trunc bitonic end-to-end time (ms),0.076,Trunc bitonic end-to-end time (ms),0.076,Trunc bitonic algorithmic time (ms),0.076,1632,exact,332,exact
cpu,q07_k8_max,PASS,ok,int,bitonic,max,8,128,uniform,7000129,1,Trunc bitonic end-to-end time (ms),0.091,Trunc bitonic end-to-end time (ms),0.091,Trunc bitonic algorithmic time (ms),0.091,3424,exact,684,exact
cpu,q08_k8_max,PASS,ok,int,bitonic,max,8,256,uniform,8000132,1,Trunc bitonic end-to-end time (ms),0.076,Trunc bitonic end-to-end time (ms),0.076,Trunc bitonic algorithmic time (ms),0.076,7008,exact,1388,exact
cpu,q08_k256_max,PASS,ok,int,bitonic,max,256,256,uniform,8000380,1,Trunc bitonic end-to-end time (ms),0.076,Trunc bitonic end-to-end time (ms),0.076,Trunc bitonic algorithmic time (ms),0.076,2048,exact,4608,exact
cpu,q09_k8_max,PASS,ok,int,bitonic,max,8,512,uniform,9000135,1,Trunc bitonic end-to-end time (ms),0.061,Trunc bitonic end-to-end time (ms),0.061,Trunc bitonic algorithmic time (ms),0.061,14176,exact,2796,exact
cpu,q09_k256_max,PASS,ok,int,bitonic,max,256,512,uniform,9000383,1,Trunc bitonic end-to-end time (ms),0.076,Trunc bitonic end-to-end time (ms),0.076,Trunc bitonic algorithmic time (ms),0.076,9216,exact,10496,exact
cpu,q10_k8_max,PASS,ok,int,bitonic,max,8,1024,uniform,10000138,1,Trunc bitonic end-to-end time (ms),0.074,Trunc bitonic end-to-end time (ms),0.074,Trunc bitonic algorithmic time (ms),0.074,28512,exact,5612,exact
cpu,q10_k256_max,PASS,ok,int,bitonic,max,256,1024,uniform,10000386,1,Trunc bitonic end-to-end time (ms),0.083,Trunc bitonic end-to-end time (ms),0.083,Trunc bitonic algorithmic time (ms),0.083,23552,exact,22272,exact
cpu,q11_k8_max,PASS,ok,int,bitonic,max,8,2048,uniform,11000141,1,Trunc bitonic end-to-end time (ms),0.078,Trunc bitonic end-to-end time (ms),0.078,Trunc bitonic algorithmic time (ms),0.078,57184,exact,11244,exact
cpu,q11_k256_max,PASS,ok,int,bitonic,max,256,2048,uniform,11000389,1,Trunc bitonic end-to-end time (ms),0.092,Trunc bitonic end-to-end time (ms),0.092,Trunc bitonic algorithmic time (ms),0.092,52224,exact,45824,exact
cpu,q12_k8_max,PASS,ok,int,bitonic,max,8,4096,uniform,12000144,1,Trunc bitonic end-to-end time (ms),0.083,Trunc bitonic end-to-end time (ms),0.083,Trunc bitonic algorithmic time (ms),0.083,114528,exact,22508,exact
cpu,q12_k256_max,PASS,ok,int,bitonic,max,256,4096,uniform,12000392,1,Trunc bitonic end-to-end time (ms),0.101,Trunc bitonic end-to-end time (ms),0.101,Trunc bitonic algorithmic time (ms),0.101,109568,exact,92928,exact
cpu,q12_k4096_max,PASS,ok,int,bitonic,max,4096,4096,uniform,12004232,1,Trunc bitonic end-to-end time (ms),0.113,Trunc bitonic end-to-end time (ms),0.113,Trunc bitonic algorithmic time (ms),0.113,32768,exact,159744,exact
cpu,q13_k8_max,PASS,ok,int,bitonic,max,8,8192,uniform,13000147,1,Trunc bitonic end-to-end time (ms),0.081,Trunc bitonic end-to-end time (ms),0.081,Trunc bitonic algorithmic time (ms),0.081,229216,exact,45036,exact
cpu,q13_k256_max,PASS,ok,int,bitonic,max,256,8192,uniform,13000395,1,Trunc bitonic end-to-end time (ms),0.124,Trunc bitonic end-to-end time (ms),0.124,Trunc bitonic algorithmic time (ms),0.124,224256,exact,187136,exact
cpu,q13_k4096_max,PASS,ok,int,bitonic,max,4096,8192,uniform,13004235,1,Trunc bitonic end-to-end time (ms),0.158,Trunc bitonic end-to-end time (ms),0.158,Trunc bitonic algorithmic time (ms),0.158,147456,exact,348160,exact
cpu,q14_k8_max,PASS,ok,int,bitonic,max,8,16384,uniform,14000150,1,Trunc bitonic end-to-end time (ms),0.092,Trunc bitonic end-to-end time (ms),0.092,Trunc bitonic algorithmic time (ms),0.092,458592,exact,90092,exact
cpu,q14_k256_max,PASS,ok,int,bitonic,max,256,16384,uniform,14000398,1,Trunc bitonic end-to-end time (ms),0.172,Trunc bitonic end-to-end time (ms),0.172,Trunc bitonic algorithmic time (ms),0.172,453632,exact,375552,exact
cpu,q14_k4096_max,PASS,ok,int,bitonic,max,4096,16384,uniform,14004238,1,Trunc bitonic end-to-end time (ms),0.242,Trunc bitonic end-to-end time (ms),0.242,Trunc bitonic algorithmic time (ms),0.242,376832,exact,724992,exact
cpu,q15_k8_max,PASS,ok,int,bitonic,max,8,32768,uniform,15000153,1,Trunc bitonic end-to-end time (ms),0.148,Trunc bitonic end-to-end time (ms),0.148,Trunc bitonic algorithmic time (ms),0.148,917344,exact,180204,exact
cpu,q15_k256_max,PASS,ok,int,bitonic,max,256,32768,uniform,15000401,1,Trunc bitonic end-to-end time (ms),0.294,Trunc bitonic end-to-end time (ms),0.294,Trunc bitonic algorithmic time (ms),0.294,912384,exact,752384,exact
cpu,q15_k4096_max,PASS,ok,int,bitonic,max,4096,32768,uniform,15004241,1,Trunc bitonic end-to-end time (ms),0.43,Trunc bitonic end-to-end time (ms),0.43,Trunc bitonic algorithmic time (ms),0.43,835584,exact,1478656,exact
cpu,q16_k8_max,PASS,ok,int,bitonic,max,8,65536,uniform,16000156,1,Trunc bitonic end-to-end time (ms),0.2,Trunc bitonic end-to-end time (ms),0.2,Trunc bitonic algorithmic time (ms),0.2,1834848,exact,360428,exact
cpu,q16_k256_max,PASS,ok,int,bitonic,max,256,65536,uniform,16000404,1,Trunc bitonic end-to-end time (ms),0.48,Trunc bitonic end-to-end time (ms),0.48,Trunc bitonic algorithmic time (ms),0.48,1829888,exact,1506048,exact
cpu,q16_k4096_max,PASS,ok,int,bitonic,max,4096,65536,uniform,16004244,1,Trunc bitonic end-to-end time (ms),0.778,Trunc bitonic end-to-end time (ms),0.778,Trunc bitonic algorithmic time (ms),0.778,1753088,exact,2985984,exact
cpu,q17_k8_max,PASS,ok,int,bitonic,max,8,131072,uniform,17000159,1,Trunc bitonic end-to-end time (ms),0.24,Trunc bitonic end-to-end time (ms),0.24,Trunc bitonic algorithmic time (ms),0.24,3669856,exact,720876,exact
cpu,q17_k256_max,PASS,ok,int,bitonic,max,256,131072,uniform,17000407,1,Trunc bitonic end-to-end time (ms),0.55,Trunc bitonic end-to-end time (ms),0.55,Trunc bitonic algorithmic time (ms),0.55,3664896,exact,3013376,exact
cpu,q17_k4096_max,PASS,ok,int,bitonic,max,4096,131072,uniform,17004247,1,Trunc bitonic end-to-end time (ms),0.824,Trunc bitonic end-to-end time (ms),0.824,Trunc bitonic algorithmic time (ms),0.824,3588096,exact,6000640,exact
cpu,q17_k131072_max,PASS,ok,int,bitonic,max,131072,131072,uniform,17131223,1,Trunc bitonic end-to-end time (ms),2.191,Trunc bitonic end-to-end time (ms),2.191,Trunc bitonic algorithmic time (ms),2.191,1048576,exact,10027008,exact
cpu,q18_k8_max,PASS,ok,int,bitonic,max,8,262144,uniform,18000162,1,Trunc bitonic end-to-end time (ms),0.266,Trunc bitonic end-to-end time (ms),0.266,Trunc bitonic algorithmic time (ms),0.266,7339872,exact,1441772,exact
cpu,q18_k256_max,PASS,ok,int,bitonic,max,256,262144,uniform,18000410,1,Trunc bitonic end-to-end time (ms),0.578,Trunc bitonic end-to-end time (ms),0.578,Trunc bitonic algorithmic time (ms),0.578,7334912,exact,6028032,exact
cpu,q18_k4096_max,PASS,ok,int,bitonic,max,4096,262144,uniform,18004250,1,Trunc bitonic end-to-end time (ms),0.875,Trunc bitonic end-to-end time (ms),0.875,Trunc bitonic algorithmic time (ms),0.875,7258112,exact,12029952,exact
cpu,q18_k131072_max,PASS,ok,int,bitonic,max,131072,262144,uniform,18131226,1,Trunc bitonic end-to-end time (ms),2.511,Trunc bitonic end-to-end time (ms),2.511,Trunc bitonic algorithmic time (ms),2.511,4718592,exact,21299200,exact
cpu,q19_k8_max,PASS,ok,int,bitonic,max,8,524288,uniform,19000165,1,Trunc bitonic end-to-end time (ms),0.424,Trunc bitonic end-to-end time (ms),0.424,Trunc bitonic algorithmic time (ms),0.424,14679904,exact,2883564,exact
cpu,q19_k256_max,PASS,ok,int,bitonic,max,256,524288,uniform,19000413,1,Trunc bitonic end-to-end time (ms),0.747,Trunc bitonic end-to-end time (ms),0.747,Trunc bitonic algorithmic time (ms),0.747,14674944,exact,12057344,exact
cpu,q19_k4096_max,PASS,ok,int,bitonic,max,4096,524288,uniform,19004253,1,Trunc bitonic end-to-end time (ms),0.989,Trunc bitonic end-to-end time (ms),0.989,Trunc bitonic algorithmic time (ms),0.989,14598144,exact,24088576,exact
cpu,q19_k131072_max,PASS,ok,int,bitonic,max,131072,524288,uniform,19131229,1,Trunc bitonic end-to-end time (ms),2.639,Trunc bitonic end-to-end time (ms),2.639,Trunc bitonic algorithmic time (ms),2.639,12058624,exact,43843584,exact
cpu,q20_k8_max,PASS,ok,int,bitonic,max,8,1048576,uniform,20000168,1,Trunc bitonic end-to-end time (ms),0.732,Trunc bitonic end-to-end time (ms),0.732,Trunc bitonic algorithmic time (ms),0.732,29359968,exact,5767148,exact
cpu,q20_k256_max,PASS,ok,int,bitonic,max,256,1048576,uniform,20000416,1,Trunc bitonic end-to-end time (ms),1.492,Trunc bitonic end-to-end time (ms),1.492,Trunc bitonic algorithmic time (ms),1.492,29355008,exact,24115968,exact
cpu,q20_k4096_max,PASS,ok,int,bitonic,max,4096,1048576,uniform,20004256,1,Trunc bitonic end-to-end time (ms),1.846,Trunc bitonic end-to-end time (ms),1.846,Trunc bitonic algorithmic time (ms),1.846,29278208,exact,48205824,exact
cpu,q20_k131072_max,PASS,ok,int,bitonic,max,131072,1048576,uniform,20131232,1,Trunc bitonic end-to-end time (ms),3.4,Trunc bitonic end-to-end time (ms),3.4,Trunc bitonic algorithmic time (ms),3.4,26738688,exact,88932352,exact
cpu,q21_k8_max,PASS,ok,int,bitonic,max,8,2097152,uniform,21000171,1,Trunc bitonic end-to-end time (ms),1.2,Trunc bitonic end-to-end time (ms),1.2,Trunc bitonic algorithmic time (ms),1.2,58720096,exact,11534316,exact
cpu,q21_k256_max,PASS,ok,int,bitonic,max,256,2097152,uniform,21000419,1,Trunc bitonic end-to-end time (ms),2.279,Trunc bitonic end-to-end time (ms),2.279,Trunc bitonic algorithmic time (ms),2.279,58715136,exact,48233216,exact
cpu,q21_k4096_max,PASS,ok,int,bitonic,max,4096,2097152,uniform,21004259,1,Trunc bitonic end-to-end time (ms),3.626,Trunc bitonic end-to-end time (ms),3.626,Trunc bitonic algorithmic time (ms),3.626,58638336,exact,96440320,exact
cpu,q21_k131072_max,PASS,ok,int,bitonic,max,131072,2097152,uniform,21131235,1,Trunc bitonic end-to-end time (ms),5.519,Trunc bitonic end-to-end time (ms),5.519,Trunc bitonic algorithmic time (ms),5.519,56098816,exact,179109888,exact
cpu,q22_k8_max,PASS,ok,int,bitonic,max,8,4194304,uniform,22000174,1,Trunc bitonic end-to-end time (ms),2.218,Trunc bitonic end-to-end time (ms),2.218,Trunc bitonic algorithmic time (ms),2.218,117440352,exact,23068652,exact
cpu,q22_k256_max,PASS,ok,int,bitonic,max,256,4194304,uniform,22000422,1,Trunc bitonic end-to-end time (ms),4.792,Trunc bitonic end-to-end time (ms),4.792,Trunc bitonic algorithmic time (ms),4.792,117435392,exact,96467712,exact
cpu,q22_k4096_max,PASS,ok,int,bitonic,max,4096,4194304,uniform,22004262,1,Trunc bitonic end-to-end time (ms),11.513,Trunc bitonic end-to-end time (ms),11.513,Trunc bitonic algorithmic time (ms),11.513,117358592,exact,192909312,exact
cpu,q22_k131072_max,PASS,ok,int,bitonic,max,131072,4194304,uniform,22131238,1,Trunc bitonic end-to-end time (ms),14.978,Trunc bitonic end-to-end time (ms),14.978,Trunc bitonic algorithmic time (ms),14.978,114819072,exact,359464960,exact
cpu,q23_k8_max,PASS,ok,int,bitonic,max,8,8388608,uniform,23000177,1,Trunc bitonic end-to-end time (ms),4.557,Trunc bitonic end-to-end time (ms),4.557,Trunc bitonic algorithmic time (ms),4.557,234880864,exact,46137324,exact
cpu,q23_k256_max,PASS,ok,int,bitonic,max,256,8388608,uniform,23000425,1,Trunc bitonic end-to-end time (ms),10.027,Trunc bitonic end-to-end time (ms),10.027,Trunc bitonic algorithmic time (ms),10.027,234875904,exact,192936704,exact
cpu,q23_k4096_max,PASS,ok,int,bitonic,max,4096,8388608,uniform,23004265,1,Trunc bitonic end-to-end time (ms),14.368,Trunc bitonic end-to-end time (ms),14.368,Trunc bitonic algorithmic time (ms),14.368,234799104,exact,385847296,exact
cpu,q23_k131072_max,PASS,ok,int,bitonic,max,131072,8388608,uniform,23131241,1,Trunc bitonic end-to-end time (ms),24.667,Trunc bitonic end-to-end time (ms),24.667,Trunc bitonic algorithmic time (ms),24.667,232259584,exact,720175104,exact
cpu,q24_k8_max,PASS,ok,int,bitonic,max,8,16777216,uniform,24000180,1,Trunc bitonic end-to-end time (ms),9.85,Trunc bitonic end-to-end time (ms),9.85,Trunc bitonic algorithmic time (ms),9.85,469761888,exact,92274668,exact
cpu,q24_k256_max,PASS,ok,int,bitonic,max,256,16777216,uniform,24000428,1,Trunc bitonic end-to-end time (ms),21.793,Trunc bitonic end-to-end time (ms),21.793,Trunc bitonic algorithmic time (ms),21.793,469756928,exact,385874688,exact
cpu,q24_k4096_max,PASS,ok,int,bitonic,max,4096,16777216,uniform,24004268,1,Trunc bitonic end-to-end time (ms),29.3,Trunc bitonic end-to-end time (ms),29.3,Trunc bitonic algorithmic time (ms),29.3,469680128,exact,771723264,exact
cpu,q24_k131072_max,PASS,ok,int,bitonic,max,131072,16777216,uniform,24131244,1,Trunc bitonic end-to-end time (ms),46.496,Trunc bitonic end-to-end time (ms),46.496,Trunc bitonic algorithmic time (ms),46.496,467140608,exact,1441595392,exact
cpu,q03_k8_max,PASS,ok,int,map_reduce,max,8,8,uniform,3000117,1,Map-reduce top-k end-to-end time (ms),0.048,Map-reduce top-k end-to-end time (ms),0.048,Map-reduce top-k algorithmic time (ms),0.048,96,exact,8,lower-bound
cpu,q04_k8_max,PASS,ok,int,map_reduce,max,8,16,uniform,4000120,1,Map-reduce top-k end-to-end time (ms),0.048,Map-reduce top-k end-to-end time (ms),0.048,Map-reduce top-k algorithmic time (ms),0.048,128,exact,16,lower-bound
cpu,q05_k8_max,PASS,ok,int,map_reduce,max,8,32,uniform,5000123,1,Map-reduce top-k end-to-end time (ms),0.05,Map-reduce top-k end-to-end time (ms),0.05,Map-reduce top-k algorithmic time (ms),0.05,192,exact,32,lower-bound
cpu,q06_k8_max,PASS,ok,int,map_reduce,max,8,64,uniform,6000126,1,Map-reduce top-k end-to-end time (ms),0.047,Map-reduce top-k end-to-end time (ms),0.047,Map-reduce top-k algorithmic time (ms),0.047,320,exact,64,lower-bound
cpu,q07_k8_max,PASS,ok,int,map_reduce,max,8,128,uniform,7000129,1,Map-reduce top-k end-to-end time (ms),0.048,Map-reduce top-k end-to-end time (ms),0.048,Map-reduce top-k algorithmic time (ms),0.048,576,exact,128,lower-bound
cpu,q08_k8_max,PASS,ok,int,map_reduce,max,8,256,uniform,8000132,1,Map-reduce top-k end-to-end time (ms),0.048,Map-reduce top-k end-to-end time (ms),0.048,Map-reduce top-k algorithmic time (ms),0.048,1088,exact,256,lower-bound
cpu,q08_k256_max,PASS,ok,int,map_reduce,max,256,256,uniform,8000380,1,Map-reduce top-k end-to-end time (ms),0.05,Map-reduce top-k end-to-end time (ms),0.05,Map-reduce top-k algorithmic time (ms),0.05,3072,exact,256,lower-bound
cpu,q09_k8_max,PASS,ok,int,map_reduce,max,8,512,uniform,9000135,1,Map-reduce top-k end-to-end time (ms),0.048,Map-reduce top-k end-to-end time (ms),0.048,Map-reduce top-k algorithmic time (ms),0.048,2112,exact,512,lower-bound
cpu,q09_k256_max,PASS,ok,int,map_reduce,max,256,512,uniform,9000383,1,Map-reduce top-k end-to-end time (ms),0.052,Map-reduce top-k end-to-end time (ms),0.052,Map-reduce top-k algorithmic time (ms),0.052,4096,exact,512,lower-bound
cpu,q10_k8_max,PASS,ok,int,map_reduce,max,8,1024,uniform,10000138,1,Map-reduce top-k end-to-end time (ms),0.049,Map-reduce top-k end-to-end time (ms),0.049,Map-reduce top-k algorithmic time (ms),0.049,4160,exact,1024,lower-bound
cpu,q10_k256_max,PASS,ok,int,map_reduce,max,256,1024,uniform,10000386,1,Map-reduce top-k end-to-end time (ms),0.055,Map-reduce top-k end-to-end time (ms),0.055,Map-reduce top-k algorithmic time (ms),0.055,6144,exact,1024,lower-bound
cpu,q11_k8_max,PASS,ok,int,map_reduce,max,8,2048,uniform,11000141,1,Map-reduce top-k end-to-end time (ms),0.048,Map-reduce top-k end-to-end time (ms),0.048,Map-reduce top-k algorithmic time (ms),0.048,8256,exact,2048,lower-bound
cpu,q11_k256_max,PASS,ok,int,map_reduce,max,256,2048,uniform,11000389,1,Map-reduce top-k end-to-end time (ms),0.057,Map-reduce top-k end-to-end time (ms),0.057,Map-reduce top-k algorithmic time (ms),0.057,10240,exact,2048,lower-bound
cpu,q12_k8_max,PASS,ok,int,map_reduce,max,8,4096,uniform,12000144,1,Map-reduce top-k end-to-end time (ms),0.033,Map-reduce top-k end-to-end time (ms),0.033,Map-reduce top-k algorithmic time (ms),0.033,16448,exact,4096,lower-bound
cpu,q12_k256_max,PASS,ok,int,map_reduce,max,256,4096,uniform,12000392,1,Map-reduce top-k end-to-end time (ms),0.058,Map-reduce top-k end-to-end time (ms),0.058,Map-reduce top-k algorithmic time (ms),0.058,18432,exact,4096,lower-bound
cpu,q12_k4096_max,PASS,ok,int,map_reduce,max,4096,4096,uniform,12004232,1,Map-reduce top-k end-to-end time (ms),0.126,Map-reduce top-k end-to-end time (ms),0.126,Map-reduce top-k algorithmic time (ms),0.126,49152,exact,4096,lower-bound
cpu,q13_k8_max,PASS,ok,int,map_reduce,max,8,8192,uniform,13000147,1,Map-reduce top-k end-to-end time (ms),0.05,Map-reduce top-k end-to-end time (ms),0.05,Map-reduce top-k algorithmic time (ms),0.05,32832,exact,8192,lower-bound
cpu,q13_k256_max,PASS,ok,int,map_reduce,max,256,8192,uniform,13000395,1,Map-reduce top-k end-to-end time (ms),0.066,Map-reduce top-k end-to-end time (ms),0.066,Map-reduce top-k algorithmic time (ms),0.066,34816,exact,8192,lower-bound
cpu,q13_k4096_max,PASS,ok,int,map_reduce,max,4096,8192,uniform,13004235,1,Map-reduce top-k end-to-end time (ms),0.301,Map-reduce top-k end-to-end time (ms),0.301,Map-reduce top-k algorithmic time (ms),0.301,65536,exact,8192,lower-bound
cpu,q14_k8_max,PASS,ok,int,map_reduce,max,8,16384,uniform,14000150,1,Map-reduce top-k end-to-end time (ms),0.05,Map-reduce top-k end-to-end time (ms),0.05,Map-reduce top-k algorithmic time (ms),0.05,65600,exact,16384,lower-bound
cpu,q14_k256_max,PASS,ok,int,map_reduce,max,256,16384,uniform,14000398,1,Map-reduce top-k end-to-end time (ms),0.064,Map-reduce top-k end-to-end time (ms),0.064,Map-reduce top-k algorithmic time (ms),0.064,67584,exact,16384,lower-bound
cpu,q14_k4096_max,PASS,ok,int,map_reduce,max,4096,16384,uniform,14004238,1,Map-reduce top-k end-to-end time (ms),0.486,Map-reduce top-k end-to-end time (ms),0.486,Map-reduce top-k algorithmic time (ms),0.486,98304,exact,16384,lower-bound
cpu,q15_k8_max,PASS,ok,int,map_reduce,max,8,32768,uniform,15000153,1,Map-reduce top-k end-to-end time (ms),0.051,Map-reduce top-k end-to-end time (ms),0.051,Map-reduce top-k algorithmic time (ms),0.051,131136,exact,32768,lower-bound
cpu,q15_k256_max,PASS,ok,int,map_reduce,max,256,32768,uniform,15000401,1,Map-reduce top-k end-to-end time (ms),0.068,Map-reduce top-k end-to-end time (ms),0.068,Map-reduce top-k algorithmic time (ms),0.068,133120,exact,32768,lower-bound
cpu,q15_k4096_max,PASS,ok,int,map_reduce,max,4096,32768,uniform,15004241,1,Map-reduce top-k end-to-end time (ms),0.656,Map-reduce top-k end-to-end time (ms),0.656,Map-reduce top-k algorithmic time (ms),0.656,163840,exact,32768,lower-bound
cpu,q16_k8_max,PASS,ok,int,map_reduce,max,8,65536,uniform,16000156,1,Map-reduce top-k end-to-end time (ms),0.052,Map-reduce top-k end-to-end time (ms),0.052,Map-reduce top-k algorithmic time (ms),0.052,262208,exact,65536,lower-bound
cpu,q16_k256_max,PASS,ok,int,map_reduce,max,256,65536,uniform,16000404,1,Map-reduce top-k end-to-end time (ms),0.073,Map-reduce top-k end-to-end time (ms),0.073,Map-reduce top-k algorithmic time (ms),0.073,264192,exact,65536,lower-bound
cpu,q16_k4096_max,PASS,ok,int,map_reduce,max,4096,65536,uniform,16004244,1,Map-reduce top-k end-to-end time (ms),0.813,Map-reduce top-k end-to-end time (ms),0.813,Map-reduce top-k algorithmic time (ms),0.813,294912,exact,65536,lower-bound
cpu,q17_k8_max,PASS,ok,int,map_reduce,max,8,131072,uniform,17000159,1,Map-reduce top-k end-to-end time (ms),0.058,Map-reduce top-k end-to-end time (ms),0.058,Map-reduce top-k algorithmic time (ms),0.058,524352,exact,131072,lower-bound
cpu,q17_k256_max,PASS,ok,int,map_reduce,max,256,131072,uniform,17000407,1,Map-reduce top-k end-to-end time (ms),0.082,Map-reduce top-k end-to-end time (ms),0.082,Map-reduce top-k algorithmic time (ms),0.082,526336,exact,131072,lower-bound
cpu,q17_k4096_max,PASS,ok,int,map_reduce,max,4096,131072,uniform,17004247,1,Map-reduce top-k end-to-end time (ms),0.986,Map-reduce top-k end-to-end time (ms),0.986,Map-reduce top-k algorithmic time (ms),0.986,557056,exact,131072,lower-bound
cpu,q17_k131072_max,PASS,ok,int,map_reduce,max,131072,131072,uniform,17131223,1,Map-reduce top-k end-to-end time (ms),6.6,Map-reduce top-k end-to-end time (ms),6.6,Map-reduce top-k algorithmic time (ms),6.6,1572864,exact,131072,lower-bound
cpu,q18_k8_max,PASS,ok,int,map_reduce,max,8,262144,uniform,18000162,1,Map-reduce top-k end-to-end time (ms),0.066,Map-reduce top-k end-to-end time (ms),0.066,Map-reduce top-k algorithmic time (ms),0.066,1048640,exact,262144,lower-bound
cpu,q18_k256_max,PASS,ok,int,map_reduce,max,256,262144,uniform,18000410,1,Map-reduce top-k end-to-end time (ms),0.091,Map-reduce top-k end-to-end time (ms),0.091,Map-reduce top-k algorithmic time (ms),0.091,1050624,exact,262144,lower-bound
cpu,q18_k4096_max,PASS,ok,int,map_reduce,max,4096,262144,uniform,18004250,1,Map-reduce top-k end-to-end time (ms),1.164,Map-reduce top-k end-to-end time (ms),1.164,Map-reduce top-k algorithmic time (ms),1.164,1081344,exact,262144,lower-bound
cpu,q18_k131072_max,PASS,ok,int,map_reduce,max,131072,262144,uniform,18131226,1,Map-reduce top-k end-to-end time (ms),13.605,Map-reduce top-k end-to-end time (ms),13.605,Map-reduce top-k algorithmic time (ms),13.605,2097152,exact,262144,lower-bound
cpu,q19_k8_max,PASS,ok,int,map_reduce,max,8,524288,uniform,19000165,1,Map-reduce top-k end-to-end time (ms),0.096,Map-reduce top-k end-to-end time (ms),0.096,Map-reduce top-k algorithmic time (ms),0.096,2097216,exact,524288,lower-bound
cpu,q19_k256_max,PASS,ok,int,map_reduce,max,256,524288,uniform,19000413,1,Map-reduce top-k end-to-end time (ms),0.105,Map-reduce top-k end-to-end time (ms),0.105,Map-reduce top-k algorithmic time (ms),0.105,2099200,exact,524288,lower-bound
cpu,q19_k4096_max,PASS,ok,int,map_reduce,max,4096,524288,uniform,19004253,1,Map-reduce top-k end-to-end time (ms),1.358,Map-reduce top-k end-to-end time (ms),1.358,Map-reduce top-k algorithmic time (ms),1.358,2129920,exact,524288,lower-bound
cpu,q19_k131072_max,PASS,ok,int,map_reduce,max,131072,524288,uniform,19131229,1,Map-reduce top-k end-to-end time (ms),20.964,Map-reduce top-k end-to-end time (ms),20.964,Map-reduce top-k algorithmic time (ms),20.964,3145728,exact,524288,lower-bound
cpu,q20_k8_max,PASS,ok,int,map_reduce,max,8,1048576,uniform,20000168,1,Map-reduce top-k end-to-end time (ms),0.094,Map-reduce top-k end-to-end time (ms),0.094,Map-reduce top-k algorithmic time (ms),0.094,4194368,exact,1048576,lower-bound
cpu,q20_k256_max,PASS,ok,int,map_reduce,max,256,1048576,uniform,20000416,1,Map-reduce top-k end-to-end time (ms),0.135,Map-reduce top-k end-to-end time (ms),0.135,Map-reduce top-k algorithmic time (ms),0.135,4196352,exact,1048576,lower-bound
cpu,q20_k4096_max,PASS,ok,int,map_reduce,max,4096,1048576,uniform,20004256,1,Map-reduce top-k end-to-end time (ms),1.583,Map-reduce top-k end-to-end time (ms),1.583,Map-reduce top-k algorithmic time (ms),1.583,4227072,exact,1048576,lower-bound
cpu,q20_k131072_max,PASS,ok,int,map_reduce,max,131072,1048576,uniform,20131232,1,Map-reduce top-k end-to-end time (ms),28.349,Map-reduce top-k end-to-end time (ms),28.349,Map-reduce top-k algorithmic time (ms),28.349,5242880,exact,1048576,lower-bound
cpu,q21_k8_max,PASS,ok,int,map_reduce,max,8,2097152,uniform,21000171,1,Map-reduce top-k end-to-end time (ms),0.138,Map-reduce top-k end-to-end time (ms),0.138,Map-reduce top-k algorithmic time (ms),0.138,8388736,exact,2097152,lower-bound
cpu,q21_k256_max,PASS,ok,int,map_reduce,max,256,2097152,uniform,21000419,1,Map-reduce top-k end-to-end time (ms),0.214,Map-reduce top-k end-to-end time (ms),0.214,Map-reduce top-k algorithmic time (ms),0.214,8392704,exact,2097152,lower-bound
cpu,q21_k4096_max,PASS,ok,int,map_reduce,max,4096,2097152,uniform,21004259,1,Map-reduce top-k end-to-end time (ms),1.819,Map-reduce top-k end-to-end time (ms),1.819,Map-reduce top-k algorithmic time (ms),1.819,8454144,exact,2097152,lower-bound
cpu,q21_k131072_max,PASS,ok,int,map_reduce,max,131072,2097152,uniform,21131235,1,Map-reduce top-k end-to-end time (ms),37.894,Map-reduce top-k end-to-end time (ms),37.894,Map-reduce top-k algorithmic time (ms),37.894,10485760,exact,2097152,lower-bound
cpu,q22_k8_max,PASS,ok,int,map_reduce,max,8,4194304,uniform,22000174,1,Map-reduce top-k end-to-end time (ms),0.181,Map-reduce top-k end-to-end time (ms),0.181,Map-reduce top-k algorithmic time (ms),0.181,16777472,exact,4194304,lower-bound
cpu,q22_k256_max,PASS,ok,int,map_reduce,max,256,4194304,uniform,22000422,1,Map-reduce top-k end-to-end time (ms),0.265,Map-reduce top-k end-to-end time (ms),0.265,Map-reduce top-k algorithmic time (ms),0.265,16785408,exact,4194304,lower-bound
cpu,q22_k4096_max,PASS,ok,int,map_reduce,max,4096,4194304,uniform,22004262,1,Map-reduce top-k end-to-end time (ms),2.006,Map-reduce top-k end-to-end time (ms),2.006,Map-reduce top-k algorithmic time (ms),2.006,16908288,exact,4194304,lower-bound
cpu,q22_k131072_max,PASS,ok,int,map_reduce,max,131072,4194304,uniform,22131238,1,Map-reduce top-k end-to-end time (ms),45.959,Map-reduce top-k end-to-end time (ms),45.959,Map-reduce top-k algorithmic time (ms),45.959,20971520,exact,4194304,lower-bound
cpu,q23_k8_max,PASS,ok,int,map_reduce,max,8,8388608,uniform,23000177,1,Map-reduce top-k end-to-end time (ms),0.868,Map-reduce top-k end-to-end time (ms),0.868,Map-reduce top-k algorithmic time (ms),0.868,33554944,exact,8388608,lower-bound
cpu,q23_k256_max,PASS,ok,int,map_reduce,max,256,8388608,uniform,23000425,1,Map-reduce top-k end-to-end time (ms),0.612,Map-reduce top-k end-to-end time (ms),0.612,Map-reduce top-k algorithmic time (ms),0.612,33570816,exact,8388608,lower-bound
cpu,q23_k4096_max,PASS,ok,int,map_reduce,max,4096,8388608,uniform,23004265,1,Map-reduce top-k end-to-end time (ms),2.617,Map-reduce top-k end-to-end time (ms),2.617,Map-reduce top-k algorithmic time (ms),2.617,33816576,exact,8388608,lower-bound
cpu,q23_k131072_max,PASS,ok,int,map_reduce,max,131072,8388608,uniform,23131241,1,Map-reduce top-k end-to-end time (ms),57.928,Map-reduce top-k end-to-end time (ms),57.928,Map-reduce top-k algorithmic time (ms),57.928,41943040,exact,8388608,lower-bound
cpu,q24_k8_max,PASS,ok,int,map_reduce,max,8,16777216,uniform,24000180,1,Map-reduce top-k end-to-end time (ms),1.6,Map-reduce top-k end-to-end time (ms),1.6,Map-reduce top-k algorithmic time (ms),1.6,67109376,exact,16777216,lower-bound
cpu,q24_k256_max,PASS,ok,int,map_reduce,max,256,16777216,uniform,24000428,1,Map-reduce top-k end-to-end time (ms),1.437,Map-reduce top-k end-to-end time (ms),1.437,Map-reduce top-k algorithmic time (ms),1.437,67125248,exact,16777216,lower-bound
cpu,q24_k4096_max,PASS,ok,int,map_reduce,max,4096,16777216,uniform,24004268,1,Map-reduce top-k end-to-end time (ms),3.761,Map-reduce top-k end-to-end time (ms),3.761,Map-reduce top-k algorithmic time (ms),3.761,67371008,exact,16777216,lower-bound
cpu,q24_k131072_max,PASS,ok,int,map_reduce,max,131072,16777216,uniform,24131244,1,Map-reduce top-k end-to-end time (ms),62.884,Map-reduce top-k end-to-end time (ms),62.884,Map-reduce top-k algorithmic time (ms),62.884,75497472,exact,16777216,lower-bound
cpu,q03_k8_max,PASS,ok,int,gt,max,8,8,uniform,3000117,1,Ground truth end-to-end time (ms),0.048,Ground truth end-to-end time (ms),0.048,Ground truth algorithmic time (ms),0.048,64,lower-bound,8,lower-bound
cpu,q04_k8_max,PASS,ok,int,gt,max,8,16,uniform,4000120,1,Ground truth end-to-end time (ms),0.073,Ground truth end-to-end time (ms),0.073,Ground truth algorithmic time (ms),0.073,96,lower-bound,16,lower-bound
cpu,q05_k8_max,PASS,ok,int,gt,max,8,32,uniform,5000123,1,Ground truth end-to-end time (ms),0.048,Ground truth end-to-end time (ms),0.048,Ground truth algorithmic time (ms),0.048,160,lower-bound,32,lower-bound
cpu,q06_k8_max,PASS,ok,int,gt,max,8,64,uniform,6000126,1,Ground truth end-to-end time (ms),0.047,Ground truth end-to-end time (ms),0.047,Ground truth algorithmic time (ms),0.047,288,lower-bound,64,lower-bound
cpu,q07_k8_max,PASS,ok,int,gt,max,8,128,uniform,7000129,1,Ground truth end-to-end time (ms),0.048,Ground truth end-to-end time (ms),0.048,Ground truth algorithmic time (ms),0.048,544,lower-bound,128,lower-bound
cpu,q08_k8_max,PASS,ok,int,gt,max,8,256,uniform,8000132,1,Ground truth end-to-end time (ms),0.033,Ground truth end-to-end time (ms),0.033,Ground truth algorithmic time (ms),0.033,1056,lower-bound,256,lower-bound
cpu,q08_k256_max,PASS,ok,int,gt,max,256,256,uniform,8000380,1,Ground truth end-to-end time (ms),0.044,Ground truth end-to-end time (ms),0.044,Ground truth algorithmic time (ms),0.044,2048,lower-bound,256,lower-bound
cpu,q09_k8_max,PASS,ok,int,gt,max,8,512,uniform,9000135,1,Ground truth end-to-end time (ms),0.049,Ground truth end-to-end time (ms),0.049,Ground truth algorithmic time (ms),0.049,2080,lower-bound,512,lower-bound
cpu,q09_k256_max,PASS,ok,int,gt,max,256,512,uniform,9000383,1,Ground truth end-to-end time (ms),0.054,Ground truth end-to-end time (ms),0.054,Ground truth algorithmic time (ms),0.054,3072,lower-bound,512,lower-bound
cpu,q10_k8_max,PASS,ok,int,gt,max,8,1024,uniform,10000138,1,Ground truth end-to-end time (ms),0.048,Ground truth end-to-end time (ms),0.048,Ground truth algorithmic time (ms),0.048,4128,lower-bound,1024,lower-bound
cpu,q10_k256_max,PASS,ok,int,gt,max,256,1024,uniform,10000386,1,Ground truth end-to-end time (ms),0.058,Ground truth end-to-end time (ms),0.058,Ground truth algorithmic time (ms),0.058,5120,lower-bound,1024,lower-bound
cpu,q11_k8_max,PASS,ok,int,gt,max,8,2048,uniform,11000141,1,Ground truth end-to-end time (ms),0.049,Ground truth end-to-end time (ms),0.049,Ground truth algorithmic time (ms),0.049,8224,lower-bound,2048,lower-bound
cpu,q11_k256_max,PASS,ok,int,gt,max,256,2048,uniform,11000389,1,Ground truth end-to-end time (ms),0.06,Ground truth end-to-end time (ms),0.06,Ground truth algorithmic time (ms),0.06,9216,lower-bound,2048,lower-bound
cpu,q12_k8_max,PASS,ok,int,gt,max,8,4096,uniform,12000144,1,Ground truth end-to-end time (ms),0.049,Ground truth end-to-end time (ms),0.049,Ground truth algorithmic time (ms),0.049,16416,lower-bound,4096,lower-bound
cpu,q12_k256_max,PASS,ok,int,gt,max,256,4096,uniform,12000392,1,Ground truth end-to-end time (ms),0.06,Ground truth end-to-end time (ms),0.06,Ground truth algorithmic time (ms),0.06,17408,lower-bound,4096,lower-bound
cpu,q12_k4096_max,PASS,ok,int,gt,max,4096,4096,uniform,12004232,1,Ground truth end-to-end time (ms),0.086,Ground truth end-to-end time (ms),0.086,Ground truth algorithmic time (ms),0.086,32768,lower-bound,4096,lower-bound
cpu,q13_k8_max,PASS,ok,int,gt,max,8,8192,uniform,13000147,1,Ground truth end-to-end time (ms),0.054,Ground truth end-to-end time (ms),0.054,Ground truth algorithmic time (ms),0.054,32800,lower-bound,8192,lower-bound
cpu,q13_k256_max,PASS,ok,int,gt,max,256,8192,uniform,13000395,1,Ground truth end-to-end time (ms),0.05,Ground truth end-to-end time (ms),0.05,Ground truth algorithmic time (ms),0.05,33792,lower-bound,8192,lower-bound
cpu,q13_k4096_max,PASS,ok,int,gt,max,4096,8192,uniform,13004235,1,Ground truth end-to-end time (ms),0.184,Ground truth end-to-end time (ms),0.184,Ground truth algorithmic time (ms),0.184,49152,lower-bound,8192,lower-bound
cpu,q14_k8_max,PASS,ok,int,gt,max,8,16384,uniform,14000150,1,Ground truth end-to-end time (ms),0.054,Ground truth end-to-end time (ms),0.054,Ground truth algorithmic time (ms),0.054,65568,lower-bound,16384,lower-bound
cpu,q14_k256_max,PASS,ok,int,gt,max,256,16384,uniform,14000398,1,Ground truth end-to-end time (ms),0.071,Ground truth end-to-end time (ms),0.071,Ground truth algorithmic time (ms),0.071,66560,lower-bound,16384,lower-bound
cpu,q14_k4096_max,PASS,ok,int,gt,max,4096,16384,uniform,14004238,1,Ground truth end-to-end time (ms),0.277,Ground truth end-to-end time (ms),0.277,Ground truth algorithmic time (ms),0.277,81920,lower-bound,16384,lower-bound
cpu,q15_k8_max,PASS,ok,int,gt,max,8,32768,uniform,15000153,1,Ground truth end-to-end time (ms),0.059,Ground truth end-to-end time (ms),0.059,Ground truth algorithmic time (ms),0.059,131104,lower-bound,32768,lower-bound
cpu,q15_k256_max,PASS,ok,int,gt,max,256,32768,uniform,15000401,1,Ground truth end-to-end time (ms),0.081,Ground truth end-to-end time (ms),0.081,Ground truth algorithmic time (ms),0.081,132096,lower-bound,32768,lower-bound
cpu,q15_k4096_max,PASS,ok,int,gt,max,4096,32768,uniform,15004241,1,Ground truth end-to-end time (ms),0.418,Ground truth end-to-end time (ms),0.418,Ground truth algorithmic time (ms),0.418,147456,lower-bound,32768,lower-bound
cpu,q16_k8_max,PASS,ok,int,gt,max,8,65536,uniform,16000156,1,Ground truth end-to-end time (ms),0.068,Ground truth end-to-end time (ms),0.068,Ground truth algorithmic time (ms),0.068,262176,lower-bound,65536,lower-bound
cpu,q16_k256_max,PASS,ok,int,gt,max,256,65536,uniform,16000404,1,Ground truth end-to-end time (ms),0.093,Ground truth end-to-end time (ms),0.093,Ground truth algorithmic time (ms),0.093,263168,lower-bound,65536,lower-bound
cpu,q16_k4096_max,PASS,ok,int,gt,max,4096,65536,uniform,16004244,1,Ground truth end-to-end time (ms),0.554,Ground truth end-to-end time (ms),0.554,Ground truth algorithmic time (ms),0.554,278528,lower-bound,65536,lower-bound
cpu,q17_k8_max,PASS,ok,int,gt,max,8,131072,uniform,17000159,1,Ground truth end-to-end time (ms),0.091,Ground truth end-to-end time (ms),0.091,Ground truth algorithmic time (ms),0.091,524320,lower-bound,131072,lower-bound
cpu,q17_k256_max,PASS,ok,int,gt,max,256,131072,uniform,17000407,1,Ground truth end-to-end time (ms),0.12,Ground truth end-to-end time (ms),0.12,Ground truth algorithmic time (ms),0.12,525312,lower-bound,131072,lower-bound
cpu,q17_k4096_max,PASS,ok,int,gt,max,4096,131072,uniform,17004247,1,Ground truth end-to-end time (ms),0.708,Ground truth end-to-end time (ms),0.708,Ground truth algorithmic time (ms),0.708,540672,lower-bound,131072,lower-bound
cpu,q17_k131072_max,PASS,ok,int,gt,max,131072,131072,uniform,17131223,1,Ground truth end-to-end time (ms),6.346,Ground truth end-to-end time (ms),6.346,Ground truth algorithmic time (ms),6.346,1048576,lower-bound,131072,lower-bound
cpu,q18_k8_max,PASS,ok,int,gt,max,8,262144,uniform,18000162,1,Ground truth end-to-end time (ms),0.164,Ground truth end-to-end time (ms),0.164,Ground truth algorithmic time (ms),0.164,1048608,lower-bound,262144,lower-bound
cpu,q18_k256_max,PASS,ok,int,gt,max,256,262144,uniform,18000410,1,Ground truth end-to-end time (ms),0.169,Ground truth end-to-end time (ms),0.169,Ground truth algorithmic time (ms),0.169,1049600,lower-bound,262144,lower-bound
cpu,q18_k4096_max,PASS,ok,int,gt,max,4096,262144,uniform,18004250,1,Ground truth end-to-end time (ms),0.84,Ground truth end-to-end time (ms),0.84,Ground truth algorithmic time (ms),0.84,1064960,lower-bound,262144,lower-bound
cpu,q18_k131072_max,PASS,ok,int,gt,max,131072,262144,uniform,18131226,1,Ground truth end-to-end time (ms),11.225,Ground truth end-to-end time (ms),11.225,Ground truth algorithmic time (ms),11.225,1572864,lower-bound,262144,lower-bound
cpu,q19_k8_max,PASS,ok,int,gt,max,8,524288,uniform,19000165,1,Ground truth end-to-end time (ms),0.202,Ground truth end-to-end time (ms),0.202,Ground truth algorithmic time (ms),0.202,2097184,lower-bound,524288,lower-bound
cpu,q19_k256_max,PASS,ok,int,gt,max,256,524288,uniform,19000413,1,Ground truth end-to-end time (ms),0.243,Ground truth end-to-end time (ms),0.243,Ground truth algorithmic time (ms),0.243,2098176,lower-bound,524288,lower-bound
cpu,q19_k4096_max,PASS,ok,int,gt,max,4096,524288,uniform,19004253,1,Ground truth end-to-end time (ms),1.052,Ground truth end-to-end time (ms),1.052,Ground truth algorithmic time (ms),1.052,2113536,lower-bound,524288,lower-bound
cpu,q19_k131072_max,PASS,ok,int,gt,max,131072,524288,uniform,19131229,1,Ground truth end-to-end time (ms),16.891,Ground truth end-to-end time (ms),16.891,Ground truth algorithmic time (ms),16.891,2621440,lower-bound,524288,lower-bound
cpu,q20_k8_max,PASS,ok,int,gt,max,8,1048576,uniform,20000168,1,Ground truth end-to-end time (ms),0.347,Ground truth end-to-end time (ms),0.347,Ground truth algorithmic time (ms),0.347,4194336,lower-bound,1048576,lower-bound
cpu,q20_k256_max,PASS,ok,int,gt,max,256,1048576,uniform,20000416,1,Ground truth end-to-end time (ms),0.39,Ground truth end-to-end time (ms),0.39,Ground truth algorithmic time (ms),0.39,4195328,lower-bound,1048576,lower-bound
cpu,q20_k4096_max,PASS,ok,int,gt,max,4096,1048576,uniform,20004256,1,Ground truth end-to-end time (ms),1.356,Ground truth end-to-end time (ms),1.356,Ground truth algorithmic time (ms),1.356,4210688,lower-bound,1048576,lower-bound
cpu,q20_k131072_max,PASS,ok,int,gt,max,131072,1048576,uniform,20131232,1,Ground truth end-to-end time (ms),22.855,Ground truth end-to-end time (ms),22.855,Ground truth algorithmic time (ms),22.855,4718592,lower-bound,1048576,lower-bound
cpu,q21_k8_max,PASS,ok,int,gt,max,8,2097152,uniform,21000171,1,Ground truth end-to-end time (ms),0.658,Ground truth end-to-end time (ms),0.658,Ground truth algorithmic time (ms),0.658,8388640,lower-bound,2097152,lower-bound
cpu,q21_k256_max,PASS,ok,int,gt,max,256,2097152,uniform,21000419,1,Ground truth end-to-end time (ms),0.682,Ground truth end-to-end time (ms),0.682,Ground truth algorithmic time (ms),0.682,8389632,lower-bound,2097152,lower-bound
cpu,q21_k4096_max,PASS,ok,int,gt,max,4096,2097152,uniform,21004259,1,Ground truth end-to-end time (ms),1.726,Ground truth end-to-end time (ms),1.726,Ground truth algorithmic time (ms),1.726,8404992,lower-bound,2097152,lower-bound
cpu,q21_k131072_max,PASS,ok,int,gt,max,131072,2097152,uniform,21131235,1,Ground truth end-to-end time (ms),28.88,Ground truth end-to-end time (ms),28.88,Ground truth algorithmic time (ms),28.88,8912896,lower-bound,2097152,lower-bound
cpu,q22_k8_max,PASS,ok,int,gt,max,8,4194304,uniform,22000174,1,Ground truth end-to-end time (ms),1.628,Ground truth end-to-end time (ms),1.628,Ground truth algorithmic time (ms),1.628,16777248,lower-bound,4194304,lower-bound
cpu,q22_k256_max,PASS,ok,int,gt,max,256,4194304,uniform,22000422,1,Ground truth end-to-end time (ms),1.431,Ground truth end-to-end time (ms),1.431,Ground truth algorithmic time (ms),1.431,16778240,lower-bound,4194304,lower-bound
cpu,q22_k4096_max,PASS,ok,int,gt,max,4096,4194304,uniform,22004262,1,Ground truth end-to-end time (ms),2.836,Ground truth end-to-end time (ms),2.836,Ground truth algorithmic time (ms),2.836,16793600,lower-bound,4194304,lower-bound
cpu,q22_k131072_max,PASS,ok,int,gt,max,131072,4194304,uniform,22131238,1,Ground truth end-to-end time (ms),38.674,Ground truth end-to-end time (ms),38.674,Ground truth algorithmic time (ms),38.674,17301504,lower-bound,4194304,lower-bound
cpu,q23_k8_max,PASS,ok,int,gt,max,8,8388608,uniform,23000177,1,Ground truth end-to-end time (ms),2.81,Ground truth end-to-end time (ms),2.81,Ground truth algorithmic time (ms),2.81,33554464,lower-bound,8388608,lower-bound
cpu,q23_k256_max,PASS,ok,int,gt,max,256,8388608,uniform,23000425,1,Ground truth end-to-end time (ms),3.41,Ground truth end-to-end time (ms),3.41,Ground truth algorithmic time (ms),3.41,33555456,lower-bound,8388608,lower-bound
cpu,q23_k4096_max,PASS,ok,int,gt,max,4096,8388608,uniform,23004265,1,Ground truth end-to-end time (ms),3.823,Ground truth end-to-end time (ms),3.823,Ground truth algorithmic time (ms),3.823,33570816,lower-bound,8388608,lower-bound
cpu,q23_k131072_max,PASS,ok,int,gt,max,131072,8388608,uniform,23131241,1,Ground truth end-to-end time (ms),42.419,Ground truth end-to-end time (ms),42.419,Ground truth algorithmic time (ms),42.419,34078720,lower-bound,8388608,lower-bound
cpu,q24_k8_max,PASS,ok,int,gt,max,8,16777216,uniform,24000180,1,Ground truth end-to-end time (ms),4.867,Ground truth end-to-end time (ms),4.867,Ground truth algorithmic time (ms),4.867,67108896,lower-bound,16777216,lower-bound
cpu,q24_k256_max,PASS,ok,int,gt,max,256,16777216,uniform,24000428,1,Ground truth end-to-end time (ms),4.877,Ground truth end-to-end time (ms),4.877,Ground truth algorithmic time (ms),4.877,67109888,lower-bound,16777216,lower-bound
cpu,q24_k4096_max,PASS,ok,int,gt,max,4096,16777216,uniform,24004268,1,Ground truth end-to-end time (ms),6.355,Ground truth end-to-end time (ms),6.355,Ground truth algorithmic time (ms),6.355,67125248,lower-bound,16777216,lower-bound
cpu,q24_k131072_max,PASS,ok,int,gt,max,131072,16777216,uniform,24131244,1,Ground truth end-to-end time (ms),52.539,Ground truth end-to-end time (ms),52.539,Ground truth algorithmic time (ms),52.539,67633152,lower-bound,16777216,lower-bound
gpu,q03_k8_max,PASS,ok,int,bitonic,max,8,8,uniform,3000117,1,Trunc bitonic end-to-end time (ms),0.267,Trunc bitonic end-to-end time (ms),0.267,Trunc bitonic algorithmic time (ms),0.008,64,exact,24,exact
gpu,q04_k8_max,PASS,ok,int,bitonic,max,8,16,uniform,4000120,1,Trunc bitonic end-to-end time (ms),0.28,Trunc bitonic end-to-end time (ms),0.28,Trunc bitonic algorithmic time (ms),0.011,288,exact,68,exact
gpu,q05_k8_max,PASS,ok,int,bitonic,max,8,32,uniform,5000123,1,Trunc bitonic end-to-end time (ms),0.287,Trunc bitonic end-to-end time (ms),0.287,Trunc bitonic algorithmic time (ms),0.014,736,exact,156,exact
gpu,q06_k8_max,PASS,ok,int,bitonic,max,8,64,uniform,6000126,1,Trunc bitonic end-to-end time (ms),0.29,Trunc bitonic end-to-end time (ms),0.29,Trunc bitonic algorithmic time (ms),0.016,1632,exact,332,exact
gpu,q07_k8_max,PASS,ok,int,bitonic,max,8,128,uniform,7000129,1,Trunc bitonic end-to-end time (ms),0.296,Trunc bitonic end-to-end time (ms),0.296,Trunc bitonic algorithmic time (ms),0.019,3424,exact,684,exact
gpu,q08_k8_max,PASS,ok,int,bitonic,max,8,256,uniform,8000132,1,Trunc bitonic end-to-end time (ms),0.3,Trunc bitonic end-to-end time (ms),0.3,Trunc bitonic algorithmic time (ms),0.021,7008,exact,1388,exact
gpu,q08_k256_max,PASS,ok,int,bitonic,max,256,256,uniform,8000380,1,Trunc bitonic end-to-end time (ms),0.27,Trunc bitonic end-to-end time (ms),0.27,Trunc bitonic algorithmic time (ms),0.012,2048,exact,4608,exact
gpu,q09_k8_max,PASS,ok,int,bitonic,max,8,512,uniform,9000135,1,Trunc bitonic end-to-end time (ms),0.308,Trunc bitonic end-to-end time (ms),0.308,Trunc bitonic algorithmic time (ms),0.023,14176,exact,2796,exact
gpu,q09_k256_max,PASS,ok,int,bitonic,max,256,512,uniform,9000383,1,Trunc bitonic end-to-end time (ms),0.282,Trunc bitonic end-to-end time (ms),0.282,Trunc bitonic algorithmic time (ms),0.014,9216,exact,10496,exact
gpu,q10_k8_max,PASS,ok,int,bitonic,max,8,1024,uniform,10000138,1,Trunc bitonic end-to-end time (ms),0.312,Trunc bitonic end-to-end time (ms),0.312,Trunc bitonic algorithmic time (ms),0.026,28512,exact,5612,exact
gpu,q10_k256_max,PASS,ok,int,bitonic,max,256,1024,uniform,10000386,1,Trunc bitonic end-to-end time (ms),0.29,Trunc bitonic end-to-end time (ms),0.29,Trunc bitonic algorithmic time (ms),0.019,23552,exact,22272,exact
gpu,q11_k8_max,PASS,ok,int,bitonic,max,8,2048,uniform,11000141,1,Trunc bitonic end-to-end time (ms),0.319,Trunc bitonic end-to-end time (ms),0.319,Trunc bitonic algorithmic time (ms),0.029,57184,exact,11244,exact
gpu,q11_k256_max,PASS,ok,int,bitonic,max,256,2048,uniform,11000389,1,Trunc bitonic end-to-end time (ms),0.299,Trunc bitonic end-to-end time (ms),0.299,Trunc bitonic algorithmic time (ms),0.025,52224,exact,45824,exact
gpu,q12_k8_max,PASS,ok,int,bitonic,max,8,4096,uniform,12000144,1,Trunc bitonic end-to-end time (ms),0.329,Trunc bitonic end-to-end time (ms),0.329,Trunc bitonic algorithmic time (ms),0.034,114528,exact,22508,exact
gpu,q12_k256_max,PASS,ok,int,bitonic,max,256,4096,uniform,12000392,1,Trunc bitonic end-to-end time (ms),0.311,Trunc bitonic end-to-end time (ms),0.311,Trunc bitonic algorithmic time (ms),0.032,109568,exact,92928,exact
gpu,q12_k4096_max,PASS,ok,int,bitonic,max,4096,4096,uniform,12004232,1,Trunc bitonic end-to-end time (ms),0.298,Trunc bitonic end-to-end time (ms),0.298,Trunc bitonic algorithmic time (ms),0.032,32768,exact,159744,exact
gpu,q13_k8_max,PASS,ok,int,bitonic,max,8,8192,uniform,13000147,1,Trunc bitonic end-to-end time (ms),0.335,Trunc bitonic end-to-end time (ms),0.335,Trunc bitonic algorithmic time (ms),0.036,229216,exact,45036,exact
gpu,q13_k256_max,PASS,ok,int,bitonic,max,256,8192,uniform,13000395,1,Trunc bitonic end-to-end time (ms),0.323,Trunc bitonic end-to-end time (ms),0.323,Trunc bitonic algorithmic time (ms),0.038,224256,exact,187136,exact
gpu,q13_k4096_max,PASS,ok,int,bitonic,max,4096,8192,uniform,13004235,1,Trunc bitonic end-to-end time (ms),0.332,Trunc bitonic end-to-end time (ms),0.332,Trunc bitonic algorithmic time (ms),0.039,147456,exact,348160,exact
gpu,q14_k8_max,PASS,ok,int,bitonic,max,8,16384,uniform,14000150,1,Trunc bitonic end-to-end time (ms),0.345,Trunc bitonic end-to-end time (ms),0.345,Trunc bitonic algorithmic time (ms),0.04,458592,exact,90092,exact
gpu,q14_k256_max,PASS,ok,int,bitonic,max,256,16384,uniform,14000398,1,Trunc bitonic end-to-end time (ms),0.34,Trunc bitonic end-to-end time (ms),0.34,Trunc bitonic algorithmic time (ms),0.044,453632,exact,375552,exact
gpu,q14_k4096_max,PASS,ok,int,bitonic,max,4096,16384,uniform,14004238,1,Trunc bitonic end-to-end time (ms),0.324,Trunc bitonic end-to-end time (ms),0.324,Trunc bitonic algorithmic time (ms),0.045,376832,exact,724992,exact
gpu,q15_k8_max,PASS,ok,int,bitonic,max,8,32768,uniform,15000153,1,Trunc bitonic end-to-end time (ms),0.351,Trunc bitonic end-to-end time (ms),0.351,Trunc bitonic algorithmic time (ms),0.044,917344,exact,180204,exact
gpu,q15_k256_max,PASS,ok,int,bitonic,max,256,32768,uniform,15000401,1,Trunc bitonic end-to-end time (ms),0.35,Trunc bitonic end-to-end time (ms),0.35,Trunc bitonic algorithmic time (ms),0.049,912384,exact,752384,exact
gpu,q15_k4096_max,PASS,ok,int,bitonic,max,4096,32768,uniform,15004241,1,Trunc bitonic end-to-end time (ms),0.367,Trunc bitonic end-to-end time (ms),0.367,Trunc bitonic algorithmic time (ms),0.052,835584,exact,1478656,exact
gpu,q16_k8_max,PASS,ok,int,bitonic,max,8,65536,uniform,16000156,1,Trunc bitonic end-to-end time (ms),0.406,Trunc bitonic end-to-end time (ms),0.406,Trunc bitonic algorithmic time (ms),0.049,1834848,exact,360428,exact
gpu,q16_k256_max,PASS,ok,int,bitonic,max,256,65536,uniform,16000404,1,Trunc bitonic end-to-end time (ms),0.398,Trunc bitonic end-to-end time (ms),0.398,Trunc bitonic algorithmic time (ms),0.056,1829888,exact,1506048,exact
gpu,q16_k4096_max,PASS,ok,int,bitonic,max,4096,65536,uniform,16004244,1,Trunc bitonic end-to-end time (ms),0.39,Trunc bitonic end-to-end time (ms),0.39,Trunc bitonic algorithmic time (ms),0.059,1753088,exact,2985984,exact
gpu,q17_k8_max,PASS,ok,int,bitonic,max,8,131072,uniform,17000159,1,Trunc bitonic end-to-end time (ms),0.451,Trunc bitonic end-to-end time (ms),0.451,Trunc bitonic algorithmic time (ms),0.049,3669856,exact,720876,exact
gpu,q17_k256_max,PASS,ok,int,bitonic,max,256,131072,uniform,17000407,1,Trunc bitonic end-to-end time (ms),0.385,Trunc bitonic end-to-end time (ms),0.385,Trunc bitonic algorithmic time (ms),0.065,3664896,exact,3013376,exact
gpu,q17_k4096_max,PASS,ok,int,bitonic,max,4096,131072,uniform,17004247,1,Trunc bitonic end-to-end time (ms),0.388,Trunc bitonic end-to-end time (ms),0.388,Trunc bitonic algorithmic time (ms),0.076,3588096,exact,6000640,exact
gpu,q17_k131072_max,PASS,ok,int,bitonic,max,131072,131072,uniform,17131223,1,Trunc bitonic end-to-end time (ms),0.466,Trunc bitonic end-to-end time (ms),0.466,Trunc bitonic algorithmic time (ms),0.093,11534336,exact,10027008,exact
gpu,q18_k8_max,PASS,ok,int,bitonic,max,8,262144,uniform,18000162,1,Trunc bitonic end-to-end time (ms),0.433,Trunc bitonic end-to-end time (ms),0.433,Trunc bitonic algorithmic time (ms),0.057,7339872,exact,1441772,exact
gpu,q18_k256_max,PASS,ok,int,bitonic,max,256,262144,uniform,18000410,1,Trunc bitonic end-to-end time (ms),0.483,Trunc bitonic end-to-end time (ms),0.483,Trunc bitonic algorithmic time (ms),0.075,7334912,exact,6028032,exact
gpu,q18_k4096_max,PASS,ok,int,bitonic,max,4096,262144,uniform,18004250,1,Trunc bitonic end-to-end time (ms),0.448,Trunc bitonic end-to-end time (ms),0.448,Trunc bitonic algorithmic time (ms),0.099,7258112,exact,12029952,exact
gpu,q18_k131072_max,PASS,ok,int,bitonic,max,131072,262144,uniform,18131226,1,Trunc bitonic end-to-end time (ms),0.546,Trunc bitonic end-to-end time (ms),0.546,Trunc bitonic algorithmic time (ms),0.133,26738688,exact,21299200,exact
gpu,q19_k8_max,PASS,ok,int,bitonic,max,8,524288,uniform,19000165,1,Trunc bitonic end-to-end time (ms),0.749,Trunc bitonic end-to-end time (ms),0.749,Trunc bitonic algorithmic time (ms),0.06,14679904,exact,2883564,exact
gpu,q19_k256_max,PASS,ok,int,bitonic,max,256,524288,uniform,19000413,1,Trunc bitonic end-to-end time (ms),0.775,Trunc bitonic end-to-end time (ms),0.775,Trunc bitonic algorithmic time (ms),0.103,14674944,exact,12057344,exact
gpu,q19_k4096_max,PASS,ok,int,bitonic,max,4096,524288,uniform,19004253,1,Trunc bitonic end-to-end time (ms),0.828,Trunc bitonic end-to-end time (ms),0.828,Trunc bitonic algorithmic time (ms),0.147,14598144,exact,24088576,exact
gpu,q19_k131072_max,PASS,ok,int,bitonic,max,131072,524288,uniform,19131229,1,Trunc bitonic end-to-end time (ms),1.014,Trunc bitonic end-to-end time (ms),1.014,Trunc bitonic algorithmic time (ms),0.218,57147392,exact,43843584,exact
gpu,q20_k8_max,PASS,ok,int,bitonic,max,8,1048576,uniform,20000168,1,Trunc bitonic end-to-end time (ms),0.907,Trunc bitonic end-to-end time (ms),0.907,Trunc bitonic algorithmic time (ms),0.083,29359968,exact,5767148,exact
gpu,q20_k256_max,PASS,ok,int,bitonic,max,256,1048576,uniform,20000416,1,Trunc bitonic end-to-end time (ms),1.232,Trunc bitonic end-to-end time (ms),1.232,Trunc bitonic algorithmic time (ms),0.158,29355008,exact,24115968,exact
gpu,q20_k4096_max,PASS,ok,int,bitonic,max,4096,1048576,uniform,20004256,1,Trunc bitonic end-to-end time (ms),1.107,Trunc bitonic end-to-end time (ms),1.107,Trunc bitonic algorithmic time (ms),0.247,29278208,exact,48205824,exact
gpu,q20_k131072_max,PASS,ok,int,bitonic,max,131072,1048576,uniform,20131232,1,Trunc bitonic end-to-end time (ms),1.552,Trunc bitonic end-to-end time (ms),1.552,Trunc bitonic algorithmic time (ms),0.404,117964800,exact,88932352,exact
gpu,q21_k8_max,PASS,ok,int,bitonic,max,8,2097152,uniform,21000171,1,Trunc bitonic end-to-end time (ms),1.728,Trunc bitonic end-to-end time (ms),1.728,Trunc bitonic algorithmic time (ms),0.128,58720096,exact,11534316,exact
gpu,q21_k256_max,PASS,ok,int,bitonic,max,256,2097152,uniform,21000419,1,Trunc bitonic end-to-end time (ms),2.053,Trunc bitonic end-to-end time (ms),2.053,Trunc bitonic algorithmic time (ms),0.27,58715136,exact,48233216,exact
gpu,q21_k4096_max,PASS,ok,int,bitonic,max,4096,2097152,uniform,21004259,1,Trunc bitonic end-to-end time (ms),1.976,Trunc bitonic end-to-end time (ms),1.976,Trunc bitonic algorithmic time (ms),0.447,58638336,exact,96440320,exact
gpu,q21_k131072_max,PASS,ok,int,bitonic,max,131072,2097152,uniform,21131235,1,Trunc bitonic end-to-end time (ms),1.927,Trunc bitonic end-to-end time (ms),1.927,Trunc bitonic algorithmic time (ms),0.779,239599616,exact,179109888,exact
gpu,q22_k8_max,PASS,ok,int,bitonic,max,8,4194304,uniform,22000174,1,Trunc bitonic end-to-end time (ms),2.296,Trunc bitonic end-to-end time (ms),2.296,Trunc bitonic algorithmic time (ms),0.249,117440352,exact,23068652,exact
gpu,q22_k256_max,PASS,ok,int,bitonic,max,256,4194304,uniform,22000422,1,Trunc bitonic end-to-end time (ms),2.254,Trunc bitonic end-to-end time (ms),2.254,Trunc bitonic algorithmic time (ms),0.507,117435392,exact,96467712,exact
gpu,q22_k4096_max,PASS,ok,int,bitonic,max,4096,4194304,uniform,22004262,1,Trunc bitonic end-to-end time (ms),2.713,Trunc bitonic end-to-end time (ms),2.713,Trunc bitonic algorithmic time (ms),0.855,117358592,exact,192909312,exact
gpu,q22_k131072_max,PASS,ok,int,bitonic,max,131072,4194304,uniform,22131238,1,Trunc bitonic end-to-end time (ms),4.292,Trunc bitonic end-to-end time (ms),4.292,Trunc bitonic algorithmic time (ms),1.52,482869248,exact,359464960,exact
gpu,q23_k8_max,PASS,ok,int,bitonic,max,8,8388608,uniform,23000177,1,Trunc bitonic end-to-end time (ms),4.126,Trunc bitonic end-to-end time (ms),4.126,Trunc bitonic algorithmic time (ms),0.486,234880864,exact,46137324,exact
gpu,q23_k256_max,PASS,ok,int,bitonic,max,256,8388608,uniform,23000425,1,Trunc bitonic end-to-end time (ms),4.622,Trunc bitonic end-to-end time (ms),4.622,Trunc bitonic algorithmic time (ms),1,234875904,exact,192936704,exact
gpu,q23_k4096_max,PASS,ok,int,bitonic,max,4096,8388608,uniform,23004265,1,Trunc bitonic end-to-end time (ms),5.131,Trunc bitonic end-to-end time (ms),5.131,Trunc bitonic algorithmic time (ms),1.699,234799104,exact,385847296,exact
gpu,q23_k131072_max,PASS,ok,int,bitonic,max,131072,8388608,uniform,23131241,1,Trunc bitonic end-to-end time (ms),7.321,Trunc bitonic end-to-end time (ms),7.321,Trunc bitonic algorithmic time (ms),3.404,969408512,exact,720175104,exact
gpu,q24_k8_max,PASS,ok,int,bitonic,max,8,16777216,uniform,24000180,1,Trunc bitonic end-to-end time (ms),7.545,Trunc bitonic end-to-end time (ms),7.545,Trunc bitonic algorithmic time (ms),1.246,469761888,exact,92274668,exact
gpu,q24_k256_max,PASS,ok,int,bitonic,max,256,16777216,uniform,24000428,1,Trunc bitonic end-to-end time (ms),8.714,Trunc bitonic end-to-end time (ms),8.714,Trunc bitonic algorithmic time (ms),2.102,469756928,exact,385874688,exact
gpu,q24_k4096_max,PASS,ok,int,bitonic,max,4096,16777216,uniform,24004268,1,Trunc bitonic end-to-end time (ms),10.116,Trunc bitonic end-to-end time (ms),10.116,Trunc bitonic algorithmic time (ms),3.512,469680128,exact,771723264,exact
gpu,q24_k131072_max,PASS,ok,int,bitonic,max,131072,16777216,uniform,24131244,1,Trunc bitonic end-to-end time (ms),14.609,Trunc bitonic end-to-end time (ms),14.609,Trunc bitonic algorithmic time (ms),8.028,1674051584,exact,1441595392,exact
gpu,q03_k8_max,PASS,ok,int,map_reduce,max,8,8,uniform,3000117,1,Map-reduce top-k end-to-end time (ms),0.249,Map-reduce top-k end-to-end time (ms),0.249,Map-reduce top-k algorithmic time (ms),0.01,324512,exact,8,lower-bound
gpu,q04_k8_max,PASS,ok,int,map_reduce,max,8,16,uniform,4000120,1,Map-reduce top-k end-to-end time (ms),0.254,Map-reduce top-k end-to-end time (ms),0.254,Map-reduce top-k algorithmic time (ms),0.012,324544,exact,16,lower-bound
gpu,q05_k8_max,PASS,ok,int,map_reduce,max,8,32,uniform,5000123,1,Map-reduce top-k end-to-end time (ms),0.253,Map-reduce top-k end-to-end time (ms),0.253,Map-reduce top-k algorithmic time (ms),0.014,324608,exact,32,lower-bound
gpu,q06_k8_max,PASS,ok,int,map_reduce,max,8,64,uniform,6000126,1,Map-reduce top-k end-to-end time (ms),0.279,Map-reduce top-k end-to-end time (ms),0.279,Map-reduce top-k algorithmic time (ms),0.018,324736,exact,64,lower-bound
gpu,q07_k8_max,PASS,ok,int,map_reduce,max,8,128,uniform,7000129,1,Map-reduce top-k end-to-end time (ms),0.263,Map-reduce top-k end-to-end time (ms),0.263,Map-reduce top-k algorithmic time (ms),0.018,324992,exact,128,lower-bound
gpu,q08_k8_max,PASS,ok,int,map_reduce,max,8,256,uniform,8000132,1,Map-reduce top-k end-to-end time (ms),0.264,Map-reduce top-k end-to-end time (ms),0.264,Map-reduce top-k algorithmic time (ms),0.024,325504,exact,256,lower-bound
gpu,q08_k256_max,PASS,ok,int,map_reduce,max,256,256,uniform,8000380,1,Map-reduce top-k end-to-end time (ms),0.659,Map-reduce top-k end-to-end time (ms),0.659,Map-reduce top-k algorithmic time (ms),0.048,480256,exact,256,lower-bound
gpu,q09_k8_max,PASS,ok,int,map_reduce,max,8,512,uniform,9000135,1,Map-reduce top-k end-to-end time (ms),0.314,Map-reduce top-k end-to-end time (ms),0.314,Map-reduce top-k algorithmic time (ms),0.026,326528,exact,512,lower-bound
gpu,q09_k256_max,PASS,ok,int,map_reduce,max,256,512,uniform,9000383,1,Map-reduce top-k end-to-end time (ms),0.618,Map-reduce top-k end-to-end time (ms),0.618,Map-reduce top-k algorithmic time (ms),0.047,481280,exact,512,lower-bound
gpu,q10_k8_max,PASS,ok,int,map_reduce,max,8,1024,uniform,10000138,1,Map-reduce top-k end-to-end time (ms),0.263,Map-reduce top-k end-to-end time (ms),0.263,Map-reduce top-k algorithmic time (ms),0.024,328576,exact,1024,lower-bound
gpu,q10_k256_max,PASS,ok,int,map_reduce,max,256,1024,uniform,10000386,1,Map-reduce top-k end-to-end time (ms),0.647,Map-reduce top-k end-to-end time (ms),0.647,Map-reduce top-k algorithmic time (ms),0.052,483328,exact,1024,lower-bound
gpu,q11_k8_max,PASS,ok,int,map_reduce,max,8,2048,uniform,11000141,1,Map-reduce top-k end-to-end time (ms),0.302,Map-reduce top-k end-to-end time (ms),0.302,Map-reduce top-k algorithmic time (ms),0.025,332672,exact,2048,lower-bound
gpu,q11_k256_max,PASS,ok,int,map_reduce,max,256,2048,uniform,11000389,1,Map-reduce top-k end-to-end time (ms),0.708,Map-reduce top-k end-to-end time (ms),0.708,Map-reduce top-k algorithmic time (ms),0.053,487424,exact,2048,lower-bound
gpu,q12_k8_max,PASS,ok,int,map_reduce,max,8,4096,uniform,12000144,1,Map-reduce top-k end-to-end time (ms),0.266,Map-reduce top-k end-to-end time (ms),0.266,Map-reduce top-k algorithmic time (ms),0.025,340864,exact,4096,lower-bound
gpu,q12_k256_max,PASS,ok,int,map_reduce,max,256,4096,uniform,12000392,1,Map-reduce top-k end-to-end time (ms),0.645,Map-reduce top-k end-to-end time (ms),0.645,Map-reduce top-k algorithmic time (ms),0.052,495616,exact,4096,lower-bound
gpu,q12_k4096_max,PASS,ok,int,map_reduce,max,4096,4096,uniform,12004232,1,Map-reduce top-k end-to-end time (ms),3.531,Map-reduce top-k end-to-end time (ms),3.531,Map-reduce top-k algorithmic time (ms),0.057,2375680,exact,4096,lower-bound
gpu,q13_k8_max,PASS,ok,int,map_reduce,max,8,8192,uniform,13000147,1,Map-reduce top-k end-to-end time (ms),0.264,Map-reduce top-k end-to-end time (ms),0.264,Map-reduce top-k algorithmic time (ms),0.025,357248,exact,8192,lower-bound
gpu,q13_k256_max,PASS,ok,int,map_reduce,max,256,8192,uniform,13000395,1,Map-reduce top-k end-to-end time (ms),0.6,Map-reduce top-k end-to-end time (ms),0.6,Map-reduce top-k algorithmic time (ms),0.053,512000,exact,8192,lower-bound
gpu,q13_k4096_max,PASS,ok,int,map_reduce,max,4096,8192,uniform,13004235,1,Map-reduce top-k end-to-end time (ms),3.325,Map-reduce top-k end-to-end time (ms),3.325,Map-reduce top-k algorithmic time (ms),0.068,2392064,exact,8192,lower-bound
gpu,q14_k8_max,PASS,ok,int,map_reduce,max,8,16384,uniform,14000150,1,Map-reduce top-k end-to-end time (ms),0.277,Map-reduce top-k end-to-end time (ms),0.277,Map-reduce top-k algorithmic time (ms),0.027,390016,exact,16384,lower-bound
gpu,q14_k256_max,PASS,ok,int,map_reduce,max,256,16384,uniform,14000398,1,Map-reduce top-k end-to-end time (ms),0.714,Map-reduce top-k end-to-end time (ms),0.714,Map-reduce top-k algorithmic time (ms),0.055,544768,exact,16384,lower-bound
gpu,q14_k4096_max,PASS,ok,int,map_reduce,max,4096,16384,uniform,14004238,1,Map-reduce top-k end-to-end time (ms),3.289,Map-reduce top-k end-to-end time (ms),3.289,Map-reduce top-k algorithmic time (ms),0.072,2424832,exact,16384,lower-bound
gpu,q15_k8_max,PASS,ok,int,map_reduce,max,8,32768,uniform,15000153,1,Map-reduce top-k end-to-end time (ms),0.287,Map-reduce top-k end-to-end time (ms),0.287,Map-reduce top-k algorithmic time (ms),0.033,455552,exact,32768,lower-bound
gpu,q15_k256_max,PASS,ok,int,map_reduce,max,256,32768,uniform,15000401,1,Map-reduce top-k end-to-end time (ms),0.655,Map-reduce top-k end-to-end time (ms),0.655,Map-reduce top-k algorithmic time (ms),0.062,610304,exact,32768,lower-bound
gpu,q15_k4096_max,PASS,ok,int,map_reduce,max,4096,32768,uniform,15004241,1,Map-reduce top-k end-to-end time (ms),3.296,Map-reduce top-k end-to-end time (ms),3.296,Map-reduce top-k algorithmic time (ms),0.11,2490368,exact,32768,lower-bound
gpu,q16_k8_max,PASS,ok,int,map_reduce,max,8,65536,uniform,16000156,1,Map-reduce top-k end-to-end time (ms),0.329,Map-reduce top-k end-to-end time (ms),0.329,Map-reduce top-k algorithmic time (ms),0.042,906112,exact,65536,lower-bound
gpu,q16_k256_max,PASS,ok,int,map_reduce,max,256,65536,uniform,16000404,1,Map-reduce top-k end-to-end time (ms),0.953,Map-reduce top-k end-to-end time (ms),0.953,Map-reduce top-k algorithmic time (ms),0.218,1060864,exact,65536,lower-bound
gpu,q16_k4096_max,PASS,ok,int,map_reduce,max,4096,65536,uniform,16004244,1,Map-reduce top-k end-to-end time (ms),3.756,Map-reduce top-k end-to-end time (ms),3.756,Map-reduce top-k algorithmic time (ms),0.138,2883584,exact,65536,lower-bound
gpu,q17_k8_max,PASS,ok,int,map_reduce,max,8,131072,uniform,17000159,1,Map-reduce top-k end-to-end time (ms),0.316,Map-reduce top-k end-to-end time (ms),0.316,Map-reduce top-k algorithmic time (ms),0.048,1807232,exact,131072,lower-bound
gpu,q17_k256_max,PASS,ok,int,map_reduce,max,256,131072,uniform,17000407,1,Map-reduce top-k end-to-end time (ms),1.198,Map-reduce top-k end-to-end time (ms),1.198,Map-reduce top-k algorithmic time (ms),0.407,1961984,exact,131072,lower-bound
gpu,q17_k4096_max,PASS,ok,int,map_reduce,max,4096,131072,uniform,17004247,1,Map-reduce top-k end-to-end time (ms),3.741,Map-reduce top-k end-to-end time (ms),3.741,Map-reduce top-k algorithmic time (ms),0.162,3670016,exact,131072,lower-bound
gpu,q17_k131072_max,PASS,ok,int,map_reduce,max,131072,131072,uniform,17131223,1,Map-reduce top-k end-to-end time (ms),13.74,Map-reduce top-k end-to-end time (ms),13.74,Map-reduce top-k algorithmic time (ms),3.285,3670016,exact,131072,lower-bound
gpu,q18_k8_max,PASS,ok,int,map_reduce,max,8,262144,uniform,18000162,1,Map-reduce top-k end-to-end time (ms),0.467,Map-reduce top-k end-to-end time (ms),0.467,Map-reduce top-k algorithmic time (ms),0.063,3289984,exact,262144,lower-bound
gpu,q18_k256_max,PASS,ok,int,map_reduce,max,256,262144,uniform,18000410,1,Map-reduce top-k end-to-end time (ms),1.259,Map-reduce top-k end-to-end time (ms),1.259,Map-reduce top-k algorithmic time (ms),0.578,3444736,exact,262144,lower-bound
gpu,q18_k4096_max,PASS,ok,int,map_reduce,max,4096,262144,uniform,18004250,1,Map-reduce top-k end-to-end time (ms),4.167,Map-reduce top-k end-to-end time (ms),4.167,Map-reduce top-k algorithmic time (ms),0.238,5242880,exact,262144,lower-bound
gpu,q18_k131072_max,PASS,ok,int,map_reduce,max,131072,262144,uniform,18131226,1,Map-reduce top-k end-to-end time (ms),16.36,Map-reduce top-k end-to-end time (ms),16.36,Map-reduce top-k algorithmic time (ms),6.108,5242880,exact,262144,lower-bound
gpu,q19_k8_max,PASS,ok,int,map_reduce,max,8,524288,uniform,19000165,1,Map-reduce top-k end-to-end time (ms),0.578,Map-reduce top-k end-to-end time (ms),0.578,Map-reduce top-k algorithmic time (ms),0.089,4658048,exact,524288,lower-bound
gpu,q19_k256_max,PASS,ok,int,map_reduce,max,256,524288,uniform,19000413,1,Map-reduce top-k end-to-end time (ms),1.926,Map-reduce top-k end-to-end time (ms),1.926,Map-reduce top-k algorithmic time (ms),0.854,6729728,exact,524288,lower-bound
gpu,q19_k4096_max,PASS,ok,int,map_reduce,max,4096,524288,uniform,19004253,1,Map-reduce top-k end-to-end time (ms),5.341,Map-reduce top-k end-to-end time (ms),5.341,Map-reduce top-k algorithmic time (ms),0.903,8388608,exact,524288,lower-bound
gpu,q19_k131072_max,PASS,ok,int,map_reduce,max,131072,524288,uniform,19131229,1,Map-reduce top-k end-to-end time (ms),40.993,Map-reduce top-k end-to-end time (ms),40.993,Map-reduce top-k algorithmic time (ms),30.503,8388608,exact,524288,lower-bound
gpu,q20_k8_max,PASS,ok,int,map_reduce,max,8,1048576,uniform,20000168,1,Map-reduce top-k end-to-end time (ms),0.747,Map-reduce top-k end-to-end time (ms),0.747,Map-reduce top-k algorithmic time (ms),0.109,6755200,exact,1048576,lower-bound
gpu,q20_k256_max,PASS,ok,int,map_reduce,max,256,1048576,uniform,20000416,1,Map-reduce top-k end-to-end time (ms),2.406,Map-reduce top-k end-to-end time (ms),2.406,Map-reduce top-k algorithmic time (ms),1.309,12980224,exact,1048576,lower-bound
gpu,q20_k4096_max,PASS,ok,int,map_reduce,max,4096,1048576,uniform,20004256,1,Map-reduce top-k end-to-end time (ms),8.907,Map-reduce top-k end-to-end time (ms),8.907,Map-reduce top-k algorithmic time (ms),3.815,14680064,exact,1048576,lower-bound
gpu,q20_k131072_max,PASS,ok,int,map_reduce,max,131072,1048576,uniform,20131232,1,Map-reduce top-k end-to-end time (ms),209.881,Map-reduce top-k end-to-end time (ms),209.881,Map-reduce top-k algorithmic time (ms),199.494,14680064,exact,1048576,lower-bound
gpu,q21_k8_max,PASS,ok,int,map_reduce,max,8,2097152,uniform,21000171,1,Map-reduce top-k end-to-end time (ms),1.086,Map-reduce top-k end-to-end time (ms),1.086,Map-reduce top-k algorithmic time (ms),0.166,10949504,exact,2097152,lower-bound
gpu,q21_k256_max,PASS,ok,int,map_reduce,max,256,2097152,uniform,21000419,1,Map-reduce top-k end-to-end time (ms),3.378,Map-reduce top-k end-to-end time (ms),3.378,Map-reduce top-k algorithmic time (ms),2.072,25481216,exact,2097152,lower-bound
gpu,q21_k4096_max,PASS,ok,int,map_reduce,max,4096,2097152,uniform,21004259,1,Map-reduce top-k end-to-end time (ms),12.31,Map-reduce top-k end-to-end time (ms),12.31,Map-reduce top-k algorithmic time (ms),7.101,27262976,exact,2097152,lower-bound
gpu,q21_k131072_max,PASS,ok,int,map_reduce,max,131072,2097152,uniform,21131235,1,Map-reduce top-k end-to-end time (ms),388.181,Map-reduce top-k end-to-end time (ms),388.181,Map-reduce top-k algorithmic time (ms),375.637,27262976,exact,2097152,lower-bound
gpu,q22_k8_max,PASS,ok,int,map_reduce,max,8,4194304,uniform,22000174,1,Map-reduce top-k end-to-end time (ms),1.753,Map-reduce top-k end-to-end time (ms),1.753,Map-reduce top-k algorithmic time (ms),0.214,19338112,exact,4194304,lower-bound
gpu,q22_k256_max,PASS,ok,int,map_reduce,max,256,4194304,uniform,22000422,1,Map-reduce top-k end-to-end time (ms),5.478,Map-reduce top-k end-to-end time (ms),5.478,Map-reduce top-k algorithmic time (ms),3.3,50802688,exact,4194304,lower-bound
gpu,q22_k4096_max,PASS,ok,int,map_reduce,max,4096,4194304,uniform,22004262,1,Map-reduce top-k end-to-end time (ms),16.797,Map-reduce top-k end-to-end time (ms),16.797,Map-reduce top-k algorithmic time (ms),11.153,52428800,exact,4194304,lower-bound
gpu,q22_k131072_max,PASS,ok,int,map_reduce,max,131072,4194304,uniform,22131238,1,Map-reduce top-k end-to-end time (ms),582.734,Map-reduce top-k end-to-end time (ms),582.734,Map-reduce top-k algorithmic time (ms),571.064,52428800,exact,4194304,lower-bound
gpu,q23_k8_max,PASS,ok,int,map_reduce,max,8,8388608,uniform,23000177,1,Map-reduce top-k end-to-end time (ms),3.044,Map-reduce top-k end-to-end time (ms),3.044,Map-reduce top-k algorithmic time (ms),0.301,36115328,exact,8388608,lower-bound
gpu,q23_k256_max,PASS,ok,int,map_reduce,max,256,8388608,uniform,23000425,1,Map-reduce top-k end-to-end time (ms),11.023,Map-reduce top-k end-to-end time (ms),11.023,Map-reduce top-k algorithmic time (ms),6.93,101126144,exact,8388608,lower-bound
gpu,q23_k4096_max,PASS,ok,int,map_reduce,max,4096,8388608,uniform,23004265,1,Map-reduce top-k end-to-end time (ms),25.588,Map-reduce top-k end-to-end time (ms),25.588,Map-reduce top-k algorithmic time (ms),17.673,102760448,exact,8388608,lower-bound
gpu,q23_k131072_max,PASS,ok,int,map_reduce,max,131072,8388608,uniform,23131241,1,Map-reduce top-k end-to-end time (ms),850.799,Map-reduce top-k end-to-end time (ms),850.799,Map-reduce top-k algorithmic time (ms),837.108,102760448,exact,8388608,lower-bound
gpu,q24_k8_max,PASS,ok,int,map_reduce,max,8,16777216,uniform,24000180,1,Map-reduce top-k end-to-end time (ms),5.699,Map-reduce top-k end-to-end time (ms),5.699,Map-reduce top-k algorithmic time (ms),0.426,69669760,exact,16777216,lower-bound
gpu,q24_k256_max,PASS,ok,int,map_reduce,max,256,16777216,uniform,24000428,1,Map-reduce top-k end-to-end time (ms),12.279,Map-reduce top-k end-to-end time (ms),12.279,Map-reduce top-k algorithmic time (ms),6.632,94425088,exact,16777216,lower-bound
gpu,q24_k4096_max,PASS,ok,int,map_reduce,max,4096,16777216,uniform,24004268,1,Map-reduce top-k end-to-end time (ms),37.175,Map-reduce top-k end-to-end time (ms),37.175,Map-reduce top-k algorithmic time (ms),27.102,203423744,exact,16777216,lower-bound
gpu,q24_k131072_max,PASS,ok,int,map_reduce,max,131072,16777216,uniform,24131244,1,Map-reduce top-k end-to-end time (ms),1211.258,Map-reduce top-k end-to-end time (ms),1211.258,Map-reduce top-k algorithmic time (ms),1194.682,203423744,exact,16777216,lower-bound
gpu,q03_k8_max,PASS,ok,int,gt,max,8,8,uniform,3000117,1,Ground truth end-to-end time (ms),0.258,Ground truth end-to-end time (ms),0.258,Ground truth algorithmic time (ms),0.02,64,lower-bound,8,lower-bound
gpu,q04_k8_max,PASS,ok,int,gt,max,8,16,uniform,4000120,1,Ground truth end-to-end time (ms),0.256,Ground truth end-to-end time (ms),0.256,Ground truth algorithmic time (ms),0.021,96,lower-bound,16,lower-bound
gpu,q05_k8_max,PASS,ok,int,gt,max,8,32,uniform,5000123,1,Ground truth end-to-end time (ms),0.258,Ground truth end-to-end time (ms),0.258,Ground truth algorithmic time (ms),0.021,160,lower-bound,32,lower-bound
gpu,q06_k8_max,PASS,ok,int,gt,max,8,64,uniform,6000126,1,Ground truth end-to-end time (ms),0.257,Ground truth end-to-end time (ms),0.257,Ground truth algorithmic time (ms),0.021,288,lower-bound,64,lower-bound
gpu,q07_k8_max,PASS,ok,int,gt,max,8,128,uniform,7000129,1,Ground truth end-to-end time (ms),0.257,Ground truth end-to-end time (ms),0.257,Ground truth algorithmic time (ms),0.021,544,lower-bound,128,lower-bound
gpu,q08_k8_max,PASS,ok,int,gt,max,8,256,uniform,8000132,1,Ground truth end-to-end time (ms),0.256,Ground truth end-to-end time (ms),0.256,Ground truth algorithmic time (ms),0.021,1056,lower-bound,256,lower-bound
gpu,q08_k256_max,PASS,ok,int,gt,max,256,256,uniform,8000380,1,Ground truth end-to-end time (ms),0.26,Ground truth end-to-end time (ms),0.26,Ground truth algorithmic time (ms),0.021,2048,lower-bound,256,lower-bound
gpu,q09_k8_max,PASS,ok,int,gt,max,8,512,uniform,9000135,1,Ground truth end-to-end time (ms),0.258,Ground truth end-to-end time (ms),0.258,Ground truth algorithmic time (ms),0.021,2080,lower-bound,512,lower-bound
gpu,q09_k256_max,PASS,ok,int,gt,max,256,512,uniform,9000383,1,Ground truth end-to-end time (ms),0.261,Ground truth end-to-end time (ms),0.261,Ground truth algorithmic time (ms),0.02,3072,lower-bound,512,lower-bound
gpu,q10_k8_max,PASS,ok,int,gt,max,8,1024,uniform,10000138,1,Ground truth end-to-end time (ms),0.257,Ground truth end-to-end time (ms),0.257,Ground truth algorithmic time (ms),0.021,4128,lower-bound,1024,lower-bound
gpu,q10_k256_max,PASS,ok,int,gt,max,256,1024,uniform,10000386,1,Ground truth end-to-end time (ms),0.262,Ground truth end-to-end time (ms),0.262,Ground truth algorithmic time (ms),0.021,5120,lower-bound,1024,lower-bound
gpu,q11_k8_max,PASS,ok,int,gt,max,8,2048,uniform,11000141,1,Ground truth end-to-end time (ms),0.258,Ground truth end-to-end time (ms),0.258,Ground truth algorithmic time (ms),0.023,8224,lower-bound,2048,lower-bound
gpu,q11_k256_max,PASS,ok,int,gt,max,256,2048,uniform,11000389,1,Ground truth end-to-end time (ms),0.268,Ground truth end-to-end time (ms),0.268,Ground truth algorithmic time (ms),0.024,9216,lower-bound,2048,lower-bound
gpu,q12_k8_max,PASS,ok,int,gt,max,8,4096,uniform,12000144,1,Ground truth end-to-end time (ms),0.262,Ground truth end-to-end time (ms),0.262,Ground truth algorithmic time (ms),0.024,16416,lower-bound,4096,lower-bound
gpu,q12_k256_max,PASS,ok,int,gt,max,256,4096,uniform,12000392,1,Ground truth end-to-end time (ms),0.27,Ground truth end-to-end time (ms),0.27,Ground truth algorithmic time (ms),0.025,17408,lower-bound,4096,lower-bound
gpu,q12_k4096_max,PASS,ok,int,gt,max,4096,4096,uniform,12004232,1,Ground truth end-to-end time (ms),0.41,Ground truth end-to-end time (ms),0.41,Ground truth algorithmic time (ms),0.021,32768,lower-bound,4096,lower-bound
gpu,q13_k8_max,PASS,ok,int,gt,max,8,8192,uniform,13000147,1,Ground truth end-to-end time (ms),0.264,Ground truth end-to-end time (ms),0.264,Ground truth algorithmic time (ms),0.024,32800,lower-bound,8192,lower-bound
gpu,q13_k256_max,PASS,ok,int,gt,max,256,8192,uniform,13000395,1,Ground truth end-to-end time (ms),0.272,Ground truth end-to-end time (ms),0.272,Ground truth algorithmic time (ms),0.025,33792,lower-bound,8192,lower-bound
gpu,q13_k4096_max,PASS,ok,int,gt,max,4096,8192,uniform,13004235,1,Ground truth end-to-end time (ms),0.415,Ground truth end-to-end time (ms),0.415,Ground truth algorithmic time (ms),0.025,49152,lower-bound,8192,lower-bound
gpu,q14_k8_max,PASS,ok,int,gt,max,8,16384,uniform,14000150,1,Ground truth end-to-end time (ms),0.269,Ground truth end-to-end time (ms),0.269,Ground truth algorithmic time (ms),0.025,65568,lower-bound,16384,lower-bound
gpu,q14_k256_max,PASS,ok,int,gt,max,256,16384,uniform,14000398,1,Ground truth end-to-end time (ms),0.274,Ground truth end-to-end time (ms),0.274,Ground truth algorithmic time (ms),0.024,66560,lower-bound,16384,lower-bound
gpu,q14_k4096_max,PASS,ok,int,gt,max,4096,16384,uniform,14004238,1,Ground truth end-to-end time (ms),0.411,Ground truth end-to-end time (ms),0.411,Ground truth algorithmic time (ms),0.021,81920,lower-bound,16384,lower-bound
gpu,q15_k8_max,PASS,ok,int,gt,max,8,32768,uniform,15000153,1,Ground truth end-to-end time (ms),0.269,Ground truth end-to-end time (ms),0.269,Ground truth algorithmic time (ms),0.025,131104,lower-bound,32768,lower-bound
gpu,q15_k256_max,PASS,ok,int,gt,max,256,32768,uniform,15000401,1,Ground truth end-to-end time (ms),0.277,Ground truth end-to-end time (ms),0.277,Ground truth algorithmic time (ms),0.025,132096,lower-bound,32768,lower-bound
gpu,q15_k4096_max,PASS,ok,int,gt,max,4096,32768,uniform,15004241,1,Ground truth end-to-end time (ms),0.419,Ground truth end-to-end time (ms),0.419,Ground truth algorithmic time (ms),0.026,147456,lower-bound,32768,lower-bound
gpu,q16_k8_max,PASS,ok,int,gt,max,8,65536,uniform,16000156,1,Ground truth end-to-end time (ms),0.278,Ground truth end-to-end time (ms),0.278,Ground truth algorithmic time (ms),0.026,262176,lower-bound,65536,lower-bound
gpu,q16_k256_max,PASS,ok,int,gt,max,256,65536,uniform,16000404,1,Ground truth end-to-end time (ms),0.283,Ground truth end-to-end time (ms),0.283,Ground truth algorithmic time (ms),0.026,263168,lower-bound,65536,lower-bound
gpu,q16_k4096_max,PASS,ok,int,gt,max,4096,65536,uniform,16004244,1,Ground truth end-to-end time (ms),0.425,Ground truth end-to-end time (ms),0.425,Ground truth algorithmic time (ms),0.027,278528,lower-bound,65536,lower-bound
gpu,q17_k8_max,PASS,ok,int,gt,max,8,131072,uniform,17000159,1,Ground truth end-to-end time (ms),0.294,Ground truth end-to-end time (ms),0.294,Ground truth algorithmic time (ms),0.022,524320,lower-bound,131072,lower-bound
gpu,q17_k256_max,PASS,ok,int,gt,max,256,131072,uniform,17000407,1,Ground truth end-to-end time (ms),0.296,Ground truth end-to-end time (ms),0.296,Ground truth algorithmic time (ms),0.021,525312,lower-bound,131072,lower-bound
gpu,q17_k4096_max,PASS,ok,int,gt,max,4096,131072,uniform,17004247,1,Ground truth end-to-end time (ms),0.437,Ground truth end-to-end time (ms),0.437,Ground truth algorithmic time (ms),0.022,540672,lower-bound,131072,lower-bound
gpu,q17_k131072_max,PASS,ok,int,gt,max,131072,131072,uniform,17131223,1,Ground truth end-to-end time (ms),6.691,Ground truth end-to-end time (ms),6.691,Ground truth algorithmic time (ms),0.069,1048576,lower-bound,131072,lower-bound
gpu,q18_k8_max,PASS,ok,int,gt,max,8,262144,uniform,18000162,1,Ground truth end-to-end time (ms),0.351,Ground truth end-to-end time (ms),0.351,Ground truth algorithmic time (ms),0.026,1048608,lower-bound,262144,lower-bound
gpu,q18_k256_max,PASS,ok,int,gt,max,256,262144,uniform,18000410,1,Ground truth end-to-end time (ms),0.36,Ground truth end-to-end time (ms),0.36,Ground truth algorithmic time (ms),0.025,1049600,lower-bound,262144,lower-bound
gpu,q18_k4096_max,PASS,ok,int,gt,max,4096,262144,uniform,18004250,1,Ground truth end-to-end time (ms),0.498,Ground truth end-to-end time (ms),0.498,Ground truth algorithmic time (ms),0.029,1064960,lower-bound,262144,lower-bound
gpu,q18_k131072_max,PASS,ok,int,gt,max,131072,262144,uniform,18131226,1,Ground truth end-to-end time (ms),6.804,Ground truth end-to-end time (ms),6.804,Ground truth algorithmic time (ms),0.141,1572864,lower-bound,262144,lower-bound
gpu,q19_k8_max,PASS,ok,int,gt,max,8,524288,uniform,19000165,1,Ground truth end-to-end time (ms),0.522,Ground truth end-to-end time (ms),0.522,Ground truth algorithmic time (ms),0.031,2097184,lower-bound,524288,lower-bound
gpu,q19_k256_max,PASS,ok,int,gt,max,256,524288,uniform,19000413,1,Ground truth end-to-end time (ms),0.532,Ground truth end-to-end time (ms),0.532,Ground truth algorithmic time (ms),0.031,2098176,lower-bound,524288,lower-bound
gpu,q19_k4096_max,PASS,ok,int,gt,max,4096,524288,uniform,19004253,1,Ground truth end-to-end time (ms),0.665,Ground truth end-to-end time (ms),0.665,Ground truth algorithmic time (ms),0.03,2113536,lower-bound,524288,lower-bound
gpu,q19_k131072_max,PASS,ok,int,gt,max,131072,524288,uniform,19131229,1,Ground truth end-to-end time (ms),7.141,Ground truth end-to-end time (ms),7.141,Ground truth algorithmic time (ms),0.308,2621440,lower-bound,524288,lower-bound
gpu,q20_k8_max,PASS,ok,int,gt,max,8,1048576,uniform,20000168,1,Ground truth end-to-end time (ms),0.683,Ground truth end-to-end time (ms),0.683,Ground truth algorithmic time (ms),0.045,4194336,lower-bound,1048576,lower-bound
gpu,q20_k256_max,PASS,ok,int,gt,max,256,1048576,uniform,20000416,1,Ground truth end-to-end time (ms),0.696,Ground truth end-to-end time (ms),0.696,Ground truth algorithmic time (ms),0.046,4195328,lower-bound,1048576,lower-bound
gpu,q20_k4096_max,PASS,ok,int,gt,max,4096,1048576,uniform,20004256,1,Ground truth end-to-end time (ms),0.863,Ground truth end-to-end time (ms),0.863,Ground truth algorithmic time (ms),0.056,4210688,lower-bound,1048576,lower-bound
gpu,q20_k131072_max,PASS,ok,int,gt,max,131072,1048576,uniform,20131232,1,Ground truth end-to-end time (ms),7.416,Ground truth end-to-end time (ms),7.416,Ground truth algorithmic time (ms),0.412,4718592,lower-bound,1048576,lower-bound
gpu,q21_k8_max,PASS,ok,int,gt,max,8,2097152,uniform,21000171,1,Ground truth end-to-end time (ms),1.247,Ground truth end-to-end time (ms),1.247,Ground truth algorithmic time (ms),0.266,8388640,lower-bound,2097152,lower-bound
gpu,q21_k256_max,PASS,ok,int,gt,max,256,2097152,uniform,21000419,1,Ground truth end-to-end time (ms),1.055,Ground truth end-to-end time (ms),1.055,Ground truth algorithmic time (ms),0.078,8389632,lower-bound,2097152,lower-bound
gpu,q21_k4096_max,PASS,ok,int,gt,max,4096,2097152,uniform,21004259,1,Ground truth end-to-end time (ms),1.508,Ground truth end-to-end time (ms),1.508,Ground truth algorithmic time (ms),0.359,8404992,lower-bound,2097152,lower-bound
gpu,q21_k131072_max,PASS,ok,int,gt,max,131072,2097152,uniform,21131235,1,Ground truth end-to-end time (ms),7.661,Ground truth end-to-end time (ms),7.661,Ground truth algorithmic time (ms),0.292,8912896,lower-bound,2097152,lower-bound
gpu,q22_k8_max,PASS,ok,int,gt,max,8,4194304,uniform,22000174,1,Ground truth end-to-end time (ms),2.051,Ground truth end-to-end time (ms),2.051,Ground truth algorithmic time (ms),0.432,16777248,lower-bound,4194304,lower-bound
gpu,q22_k256_max,PASS,ok,int,gt,max,256,4194304,uniform,22000422,1,Ground truth end-to-end time (ms),1.726,Ground truth end-to-end time (ms),1.726,Ground truth algorithmic time (ms),0.129,16778240,lower-bound,4194304,lower-bound
gpu,q22_k4096_max,PASS,ok,int,gt,max,4096,4194304,uniform,22004262,1,Ground truth end-to-end time (ms),1.86,Ground truth end-to-end time (ms),1.86,Ground truth algorithmic time (ms),0.124,16793600,lower-bound,4194304,lower-bound
gpu,q22_k131072_max,PASS,ok,int,gt,max,131072,4194304,uniform,22131238,1,Ground truth end-to-end time (ms),8.242,Ground truth end-to-end time (ms),8.242,Ground truth algorithmic time (ms),0.175,17301504,lower-bound,4194304,lower-bound
gpu,q23_k8_max,PASS,ok,int,gt,max,8,8388608,uniform,23000177,1,Ground truth end-to-end time (ms),3.166,Ground truth end-to-end time (ms),3.166,Ground truth algorithmic time (ms),0.229,33554464,lower-bound,8388608,lower-bound
gpu,q23_k256_max,PASS,ok,int,gt,max,256,8388608,uniform,23000425,1,Ground truth end-to-end time (ms),3.184,Ground truth end-to-end time (ms),3.184,Ground truth algorithmic time (ms),0.231,33555456,lower-bound,8388608,lower-bound
gpu,q23_k4096_max,PASS,ok,int,gt,max,4096,8388608,uniform,23004265,1,Ground truth end-to-end time (ms),3.331,Ground truth end-to-end time (ms),3.331,Ground truth algorithmic time (ms),0.224,33570816,lower-bound,8388608,lower-bound
gpu,q23_k131072_max,PASS,ok,int,gt,max,131072,8388608,uniform,23131241,1,Ground truth end-to-end time (ms),9.67,Ground truth end-to-end time (ms),9.67,Ground truth algorithmic time (ms),0.269,34078720,lower-bound,8388608,lower-bound
gpu,q24_k8_max,PASS,ok,int,gt,max,8,16777216,uniform,24000180,1,Ground truth end-to-end time (ms),6.042,Ground truth end-to-end time (ms),6.042,Ground truth algorithmic time (ms),0.515,67108896,lower-bound,16777216,lower-bound
gpu,q24_k256_max,PASS,ok,int,gt,max,256,16777216,uniform,24000428,1,Ground truth end-to-end time (ms),6.032,Ground truth end-to-end time (ms),6.032,Ground truth algorithmic time (ms),0.518,67109888,lower-bound,16777216,lower-bound
gpu,q24_k4096_max,PASS,ok,int,gt,max,4096,16777216,uniform,24004268,1,Ground truth end-to-end time (ms),6.4,Ground truth end-to-end time (ms),6.4,Ground truth algorithmic time (ms),0.7,67125248,lower-bound,16777216,lower-bound
gpu,q24_k131072_max,PASS,ok,int,gt,max,131072,16777216,uniform,24131244,1,Ground truth end-to-end time (ms),12.545,Ground truth end-to-end time (ms),12.545,Ground truth algorithmic time (ms),0.609,67633152,lower-bound,16777216,lower-bound
npu,q03_k8_max,PASS,ok,int,bitonic,max,8,8,uniform,3000117,1,Trunc bitonic end-to-end time (ms),0.646,Trunc bitonic end-to-end time (ms),0.646,Trunc bitonic algorithmic time (ms),0.557,24608,exact,5120,exact
npu,q04_k8_max,PASS,ok,int,bitonic,max,8,16,uniform,4000120,1,Trunc bitonic end-to-end time (ms),0.639,Trunc bitonic end-to-end time (ms),0.639,Trunc bitonic algorithmic time (ms),0.553,24640,exact,5120,exact
npu,q05_k8_max,PASS,ok,int,bitonic,max,8,32,uniform,5000123,1,Trunc bitonic end-to-end time (ms),0.638,Trunc bitonic end-to-end time (ms),0.638,Trunc bitonic algorithmic time (ms),0.552,24704,exact,5120,exact
npu,q06_k8_max,PASS,ok,int,bitonic,max,8,64,uniform,6000126,1,Trunc bitonic end-to-end time (ms),0.643,Trunc bitonic end-to-end time (ms),0.643,Trunc bitonic algorithmic time (ms),0.556,24832,exact,5120,exact
npu,q07_k8_max,PASS,ok,int,bitonic,max,8,128,uniform,7000129,1,Trunc bitonic end-to-end time (ms),0.642,Trunc bitonic end-to-end time (ms),0.642,Trunc bitonic algorithmic time (ms),0.554,25088,exact,5120,exact
npu,q08_k8_max,PASS,ok,int,bitonic,max,8,256,uniform,8000132,1,Trunc bitonic end-to-end time (ms),0.645,Trunc bitonic end-to-end time (ms),0.645,Trunc bitonic algorithmic time (ms),0.556,25600,exact,5120,exact
npu,q08_k256_max,PASS,ok,int,bitonic,max,256,256,uniform,8000380,1,Trunc bitonic end-to-end time (ms),0.637,Trunc bitonic end-to-end time (ms),0.637,Trunc bitonic algorithmic time (ms),0.556,25600,exact,5120,exact
npu,q09_k8_max,PASS,ok,int,bitonic,max,8,512,uniform,9000135,1,Trunc bitonic end-to-end time (ms),0.651,Trunc bitonic end-to-end time (ms),0.651,Trunc bitonic algorithmic time (ms),0.56,26624,exact,5120,exact
npu,q09_k256_max,PASS,ok,int,bitonic,max,256,512,uniform,9000383,1,Trunc bitonic end-to-end time (ms),0.651,Trunc bitonic end-to-end time (ms),0.651,Trunc bitonic algorithmic time (ms),0.563,26624,exact,5120,exact
npu,q10_k8_max,PASS,ok,int,bitonic,max,8,1024,uniform,10000138,1,Trunc bitonic end-to-end time (ms),0.643,Trunc bitonic end-to-end time (ms),0.643,Trunc bitonic algorithmic time (ms),0.556,28672,exact,5120,exact
npu,q10_k256_max,PASS,ok,int,bitonic,max,256,1024,uniform,10000386,1,Trunc bitonic end-to-end time (ms),0.682,Trunc bitonic end-to-end time (ms),0.682,Trunc bitonic algorithmic time (ms),0.581,28672,exact,5120,exact
npu,q11_k8_max,PASS,ok,int,bitonic,max,8,2048,uniform,11000141,1,Trunc bitonic end-to-end time (ms),0.633,Trunc bitonic end-to-end time (ms),0.633,Trunc bitonic algorithmic time (ms),0.551,57344,exact,10240,exact
npu,q11_k256_max,PASS,ok,int,bitonic,max,256,2048,uniform,11000389,1,Trunc bitonic end-to-end time (ms),0.654,Trunc bitonic end-to-end time (ms),0.654,Trunc bitonic algorithmic time (ms),0.568,57344,exact,10240,exact
npu,q12_k8_max,PASS,ok,int,bitonic,max,8,4096,uniform,12000144,1,Trunc bitonic end-to-end time (ms),0.65,Trunc bitonic end-to-end time (ms),0.65,Trunc bitonic algorithmic time (ms),0.559,114688,exact,20480,exact
npu,q12_k256_max,PASS,ok,int,bitonic,max,256,4096,uniform,12000392,1,Trunc bitonic end-to-end time (ms),0.657,Trunc bitonic end-to-end time (ms),0.657,Trunc bitonic algorithmic time (ms),0.568,114688,exact,20480,exact
npu,q12_k4096_max,PASS,ok,int,bitonic,max,4096,4096,uniform,12004232,1,Trunc bitonic end-to-end time (ms),0.71,Trunc bitonic end-to-end time (ms),0.71,Trunc bitonic algorithmic time (ms),0.623,114688,exact,20480,exact
npu,q13_k8_max,PASS,ok,int,bitonic,max,8,8192,uniform,13000147,1,Trunc bitonic end-to-end time (ms),0.644,Trunc bitonic end-to-end time (ms),0.644,Trunc bitonic algorithmic time (ms),0.557,229376,exact,40960,exact
npu,q13_k256_max,PASS,ok,int,bitonic,max,256,8192,uniform,13000395,1,Trunc bitonic end-to-end time (ms),0.657,Trunc bitonic end-to-end time (ms),0.657,Trunc bitonic algorithmic time (ms),0.57,229376,exact,40960,exact
npu,q13_k4096_max,PASS,ok,int,bitonic,max,4096,8192,uniform,13004235,1,Trunc bitonic end-to-end time (ms),0.778,Trunc bitonic end-to-end time (ms),0.778,Trunc bitonic algorithmic time (ms),0.693,229376,exact,40960,exact
npu,q14_k8_max,PASS,ok,int,bitonic,max,8,16384,uniform,14000150,1,Trunc bitonic end-to-end time (ms),0.644,Trunc bitonic end-to-end time (ms),0.644,Trunc bitonic algorithmic time (ms),0.561,458752,exact,81920,exact
npu,q14_k256_max,PASS,ok,int,bitonic,max,256,16384,uniform,14000398,1,Trunc bitonic end-to-end time (ms),0.663,Trunc bitonic end-to-end time (ms),0.663,Trunc bitonic algorithmic time (ms),0.577,458752,exact,81920,exact
npu,q14_k4096_max,PASS,ok,int,bitonic,max,4096,16384,uniform,14004238,1,Trunc bitonic end-to-end time (ms),0.862,Trunc bitonic end-to-end time (ms),0.862,Trunc bitonic algorithmic time (ms),0.779,458752,exact,81920,exact
npu,q15_k8_max,PASS,ok,int,bitonic,max,8,32768,uniform,15000153,1,Trunc bitonic end-to-end time (ms),0.652,Trunc bitonic end-to-end time (ms),0.652,Trunc bitonic algorithmic time (ms),0.567,917504,exact,163840,exact
npu,q15_k256_max,PASS,ok,int,bitonic,max,256,32768,uniform,15000401,1,Trunc bitonic end-to-end time (ms),0.673,Trunc bitonic end-to-end time (ms),0.673,Trunc bitonic algorithmic time (ms),0.588,917504,exact,163840,exact
npu,q15_k4096_max,PASS,ok,int,bitonic,max,4096,32768,uniform,15004241,1,Trunc bitonic end-to-end time (ms),1.029,Trunc bitonic end-to-end time (ms),1.029,Trunc bitonic algorithmic time (ms),0.939,917504,exact,163840,exact
npu,q16_k8_max,PASS,ok,int,bitonic,max,8,65536,uniform,16000156,1,Trunc bitonic end-to-end time (ms),0.664,Trunc bitonic end-to-end time (ms),0.664,Trunc bitonic algorithmic time (ms),0.58,1835008,exact,327680,exact
npu,q16_k256_max,PASS,ok,int,bitonic,max,256,65536,uniform,16000404,1,Trunc bitonic end-to-end time (ms),0.692,Trunc bitonic end-to-end time (ms),0.692,Trunc bitonic algorithmic time (ms),0.603,1835008,exact,327680,exact
npu,q16_k4096_max,PASS,ok,int,bitonic,max,4096,65536,uniform,16004244,1,Trunc bitonic end-to-end time (ms),1.206,Trunc bitonic end-to-end time (ms),1.206,Trunc bitonic algorithmic time (ms),1.115,1835008,exact,327680,exact
npu,q17_k8_max,PASS,ok,int,bitonic,max,8,131072,uniform,17000159,1,Trunc bitonic end-to-end time (ms),0.7,Trunc bitonic end-to-end time (ms),0.7,Trunc bitonic algorithmic time (ms),0.606,3670016,exact,655360,exact
npu,q17_k256_max,PASS,ok,int,bitonic,max,256,131072,uniform,17000407,1,Trunc bitonic end-to-end time (ms),0.722,Trunc bitonic end-to-end time (ms),0.722,Trunc bitonic algorithmic time (ms),0.633,3670016,exact,655360,exact
npu,q17_k4096_max,PASS,ok,int,bitonic,max,4096,131072,uniform,17004247,1,Trunc bitonic end-to-end time (ms),1.358,Trunc bitonic end-to-end time (ms),1.358,Trunc bitonic algorithmic time (ms),1.264,3670016,exact,655360,exact
npu,q17_k131072_max,PASS,ok,int,bitonic,max,131072,131072,uniform,17131223,1,Trunc bitonic end-to-end time (ms),7.43,Trunc bitonic end-to-end time (ms),7.43,Trunc bitonic algorithmic time (ms),7.307,3670016,exact,655360,exact
npu,q18_k8_max,PASS,ok,int,bitonic,max,8,262144,uniform,18000162,1,Trunc bitonic end-to-end time (ms),0.762,Trunc bitonic end-to-end time (ms),0.762,Trunc bitonic algorithmic time (ms),0.67,7340032,exact,1310720,exact
npu,q18_k256_max,PASS,ok,int,bitonic,max,256,262144,uniform,18000410,1,Trunc bitonic end-to-end time (ms),0.768,Trunc bitonic end-to-end time (ms),0.768,Trunc bitonic algorithmic time (ms),0.677,7340032,exact,1310720,exact
npu,q18_k4096_max,PASS,ok,int,bitonic,max,4096,262144,uniform,18004250,1,Trunc bitonic end-to-end time (ms),1.508,Trunc bitonic end-to-end time (ms),1.508,Trunc bitonic algorithmic time (ms),1.414,7340032,exact,1310720,exact
npu,q18_k131072_max,PASS,ok,int,bitonic,max,131072,262144,uniform,18131226,1,Trunc bitonic end-to-end time (ms),12.888,Trunc bitonic end-to-end time (ms),12.888,Trunc bitonic algorithmic time (ms),12.709,7340032,exact,1310720,exact
npu,q19_k8_max,PASS,ok,int,bitonic,max,8,524288,uniform,19000165,1,Trunc bitonic end-to-end time (ms),0.822,Trunc bitonic end-to-end time (ms),0.822,Trunc bitonic algorithmic time (ms),0.73,14680064,exact,2621440,exact
npu,q19_k256_max,PASS,ok,int,bitonic,max,256,524288,uniform,19000413,1,Trunc bitonic end-to-end time (ms),0.858,Trunc bitonic end-to-end time (ms),0.858,Trunc bitonic algorithmic time (ms),0.763,14680064,exact,2621440,exact
npu,q19_k4096_max,PASS,ok,int,bitonic,max,4096,524288,uniform,19004253,1,Trunc bitonic end-to-end time (ms),1.721,Trunc bitonic end-to-end time (ms),1.721,Trunc bitonic algorithmic time (ms),1.621,14680064,exact,2621440,exact
npu,q19_k131072_max,PASS,ok,int,bitonic,max,131072,524288,uniform,19131229,1,Trunc bitonic end-to-end time (ms),18.183,Trunc bitonic end-to-end time (ms),18.183,Trunc bitonic algorithmic time (ms),18.028,14680064,exact,2621440,exact
npu,q20_k8_max,PASS,ok,int,bitonic,max,8,1048576,uniform,20000168,1,Trunc bitonic end-to-end time (ms),1,Trunc bitonic end-to-end time (ms),1,Trunc bitonic algorithmic time (ms),0.902,29360128,exact,5242880,exact
npu,q20_k256_max,PASS,ok,int,bitonic,max,256,1048576,uniform,20000416,1,Trunc bitonic end-to-end time (ms),1.084,Trunc bitonic end-to-end time (ms),1.084,Trunc bitonic algorithmic time (ms),0.983,29360128,exact,5242880,exact
npu,q20_k4096_max,PASS,ok,int,bitonic,max,4096,1048576,uniform,20004256,1,Trunc bitonic end-to-end time (ms),2.036,Trunc bitonic end-to-end time (ms),2.036,Trunc bitonic algorithmic time (ms),1.934,29360128,exact,5242880,exact
npu,q20_k131072_max,PASS,ok,int,bitonic,max,131072,1048576,uniform,20131232,1,Trunc bitonic end-to-end time (ms),24.007,Trunc bitonic end-to-end time (ms),24.007,Trunc bitonic algorithmic time (ms),23.835,29360128,exact,5242880,exact
npu,q21_k8_max,PASS,ok,int,bitonic,max,8,2097152,uniform,21000171,1,Trunc bitonic end-to-end time (ms),1.516,Trunc bitonic end-to-end time (ms),1.516,Trunc bitonic algorithmic time (ms),1.41,58720256,exact,10485760,exact
npu,q21_k256_max,PASS,ok,int,bitonic,max,256,2097152,uniform,21000419,1,Trunc bitonic end-to-end time (ms),1.571,Trunc bitonic end-to-end time (ms),1.571,Trunc bitonic algorithmic time (ms),1.453,58720256,exact,10485760,exact
npu,q21_k4096_max,PASS,ok,int,bitonic,max,4096,2097152,uniform,21004259,1,Trunc bitonic end-to-end time (ms),2.407,Trunc bitonic end-to-end time (ms),2.407,Trunc bitonic algorithmic time (ms),2.298,58720256,exact,10485760,exact
npu,q21_k131072_max,PASS,ok,int,bitonic,max,131072,2097152,uniform,21131235,1,Trunc bitonic end-to-end time (ms),29.857,Trunc bitonic end-to-end time (ms),29.857,Trunc bitonic algorithmic time (ms),29.677,58720256,exact,10485760,exact
npu,q22_k8_max,PASS,ok,int,bitonic,max,8,4194304,uniform,22000174,1,Trunc bitonic end-to-end time (ms),2.672,Trunc bitonic end-to-end time (ms),2.672,Trunc bitonic algorithmic time (ms),2.548,117440512,exact,20971520,exact
npu,q22_k256_max,PASS,ok,int,bitonic,max,256,4194304,uniform,22000422,1,Trunc bitonic end-to-end time (ms),2.67,Trunc bitonic end-to-end time (ms),2.67,Trunc bitonic algorithmic time (ms),2.555,117440512,exact,20971520,exact
npu,q22_k4096_max,PASS,ok,int,bitonic,max,4096,4194304,uniform,22004262,1,Trunc bitonic end-to-end time (ms),3.765,Trunc bitonic end-to-end time (ms),3.765,Trunc bitonic algorithmic time (ms),3.645,117440512,exact,20971520,exact
npu,q22_k131072_max,PASS,ok,int,bitonic,max,131072,4194304,uniform,22131238,1,Trunc bitonic end-to-end time (ms),37.378,Trunc bitonic end-to-end time (ms),37.378,Trunc bitonic algorithmic time (ms),37.187,117440512,exact,20971520,exact
npu,q23_k8_max,PASS,ok,int,bitonic,max,8,8388608,uniform,23000177,1,Trunc bitonic end-to-end time (ms),4.809,Trunc bitonic end-to-end time (ms),4.809,Trunc bitonic algorithmic time (ms),4.643,234881024,exact,41943040,exact
npu,q23_k256_max,PASS,ok,int,bitonic,max,256,8388608,uniform,23000425,1,Trunc bitonic end-to-end time (ms),4.89,Trunc bitonic end-to-end time (ms),4.89,Trunc bitonic algorithmic time (ms),4.725,234881024,exact,41943040,exact
npu,q23_k4096_max,PASS,ok,int,bitonic,max,4096,8388608,uniform,23004265,1,Trunc bitonic end-to-end time (ms),6.003,Trunc bitonic end-to-end time (ms),6.003,Trunc bitonic algorithmic time (ms),5.828,234881024,exact,41943040,exact
npu,q23_k131072_max,PASS,ok,int,bitonic,max,131072,8388608,uniform,23131241,1,Trunc bitonic end-to-end time (ms),46.031,Trunc bitonic end-to-end time (ms),46.031,Trunc bitonic algorithmic time (ms),45.788,234881024,exact,41943040,exact
npu,q24_k8_max,PASS,ok,int,bitonic,max,8,16777216,uniform,24000180,1,Trunc bitonic end-to-end time (ms),8.894,Trunc bitonic end-to-end time (ms),8.894,Trunc bitonic algorithmic time (ms),8.703,469762048,exact,83886080,exact
npu,q24_k256_max,PASS,ok,int,bitonic,max,256,16777216,uniform,24000428,1,Trunc bitonic end-to-end time (ms),8.968,Trunc bitonic end-to-end time (ms),8.968,Trunc bitonic algorithmic time (ms),8.778,469762048,exact,83886080,exact
npu,q24_k4096_max,PASS,ok,int,bitonic,max,4096,16777216,uniform,24004268,1,Trunc bitonic end-to-end time (ms),10.28,Trunc bitonic end-to-end time (ms),10.28,Trunc bitonic algorithmic time (ms),10.09,469762048,exact,83886080,exact
npu,q24_k131072_max,PASS,ok,int,bitonic,max,131072,16777216,uniform,24131244,1,Trunc bitonic end-to-end time (ms),57.247,Trunc bitonic end-to-end time (ms),57.247,Trunc bitonic algorithmic time (ms),57.037,469762048,exact,83886080,exact
npu,q03_k8_max,PASS,ok,int,map_reduce,max,8,8,uniform,3000117,1,Map-reduce top-k end-to-end time (ms),0.161,Map-reduce top-k end-to-end time (ms),0.161,Map-reduce top-k algorithmic time (ms),0.077,32,exact,8,lower-bound
npu,q04_k8_max,PASS,ok,int,map_reduce,max,8,16,uniform,4000120,1,Map-reduce top-k end-to-end time (ms),0.525,Map-reduce top-k end-to-end time (ms),0.525,Map-reduce top-k algorithmic time (ms),0.442,24640,exact,16,lower-bound
npu,q05_k8_max,PASS,ok,int,map_reduce,max,8,32,uniform,5000123,1,Map-reduce top-k end-to-end time (ms),0.52,Map-reduce top-k end-to-end time (ms),0.52,Map-reduce top-k algorithmic time (ms),0.439,24704,exact,32,lower-bound
npu,q06_k8_max,PASS,ok,int,map_reduce,max,8,64,uniform,6000126,1,Map-reduce top-k end-to-end time (ms),0.531,Map-reduce top-k end-to-end time (ms),0.531,Map-reduce top-k algorithmic time (ms),0.443,24832,exact,64,lower-bound
npu,q07_k8_max,PASS,ok,int,map_reduce,max,8,128,uniform,7000129,1,Map-reduce top-k end-to-end time (ms),0.519,Map-reduce top-k end-to-end time (ms),0.519,Map-reduce top-k algorithmic time (ms),0.439,25088,exact,128,lower-bound
npu,q08_k8_max,PASS,ok,int,map_reduce,max,8,256,uniform,8000132,1,Map-reduce top-k end-to-end time (ms),0.529,Map-reduce top-k end-to-end time (ms),0.529,Map-reduce top-k algorithmic time (ms),0.443,25600,exact,256,lower-bound
npu,q08_k256_max,PASS,ok,int,map_reduce,max,256,256,uniform,8000380,1,Map-reduce top-k end-to-end time (ms),0.157,Map-reduce top-k end-to-end time (ms),0.157,Map-reduce top-k algorithmic time (ms),0.08,1024,exact,256,lower-bound
npu,q09_k8_max,PASS,ok,int,map_reduce,max,8,512,uniform,9000135,1,Map-reduce top-k end-to-end time (ms),0.527,Map-reduce top-k end-to-end time (ms),0.527,Map-reduce top-k algorithmic time (ms),0.443,26624,exact,512,lower-bound
npu,q09_k256_max,PASS,ok,int,map_reduce,max,256,512,uniform,9000383,1,Map-reduce top-k end-to-end time (ms),0.528,Map-reduce top-k end-to-end time (ms),0.528,Map-reduce top-k algorithmic time (ms),0.446,26624,exact,512,lower-bound
npu,q10_k8_max,PASS,ok,int,map_reduce,max,8,1024,uniform,10000138,1,Map-reduce top-k end-to-end time (ms),0.522,Map-reduce top-k end-to-end time (ms),0.522,Map-reduce top-k algorithmic time (ms),0.44,28672,exact,1024,lower-bound
npu,q10_k256_max,PASS,ok,int,map_reduce,max,256,1024,uniform,10000386,1,Map-reduce top-k end-to-end time (ms),0.545,Map-reduce top-k end-to-end time (ms),0.545,Map-reduce top-k algorithmic time (ms),0.455,28672,exact,1024,lower-bound
npu,q11_k8_max,PASS,ok,int,map_reduce,max,8,2048,uniform,11000141,1,Map-reduce top-k end-to-end time (ms),0.519,Map-reduce top-k end-to-end time (ms),0.519,Map-reduce top-k algorithmic time (ms),0.439,57344,exact,2048,lower-bound
npu,q11_k256_max,PASS,ok,int,map_reduce,max,256,2048,uniform,11000389,1,Map-reduce top-k end-to-end time (ms),0.532,Map-reduce top-k end-to-end time (ms),0.532,Map-reduce top-k algorithmic time (ms),0.451,57344,exact,2048,lower-bound
npu,q12_k8_max,PASS,ok,int,map_reduce,max,8,4096,uniform,12000144,1,Map-reduce top-k end-to-end time (ms),0.524,Map-reduce top-k end-to-end time (ms),0.524,Map-reduce top-k algorithmic time (ms),0.442,114688,exact,4096,lower-bound
npu,q12_k256_max,PASS,ok,int,map_reduce,max,256,4096,uniform,12000392,1,Map-reduce top-k end-to-end time (ms),0.539,Map-reduce top-k end-to-end time (ms),0.539,Map-reduce top-k algorithmic time (ms),0.455,114688,exact,4096,lower-bound
npu,q12_k4096_max,PASS,ok,int,map_reduce,max,4096,4096,uniform,12004232,1,Map-reduce top-k end-to-end time (ms),0.204,Map-reduce top-k end-to-end time (ms),0.204,Map-reduce top-k algorithmic time (ms),0.127,16384,exact,4096,lower-bound
npu,q13_k8_max,PASS,ok,int,map_reduce,max,8,8192,uniform,13000147,1,Map-reduce top-k end-to-end time (ms),0.528,Map-reduce top-k end-to-end time (ms),0.528,Map-reduce top-k algorithmic time (ms),0.445,229376,exact,8192,lower-bound
npu,q13_k256_max,PASS,ok,int,map_reduce,max,256,8192,uniform,13000395,1,Map-reduce top-k end-to-end time (ms),0.554,Map-reduce top-k end-to-end time (ms),0.554,Map-reduce top-k algorithmic time (ms),0.468,229376,exact,8192,lower-bound
npu,q13_k4096_max,PASS,ok,int,map_reduce,max,4096,8192,uniform,13004235,1,Map-reduce top-k end-to-end time (ms),0.665,Map-reduce top-k end-to-end time (ms),0.665,Map-reduce top-k algorithmic time (ms),0.579,131072,exact,8192,lower-bound
npu,q14_k8_max,PASS,ok,int,map_reduce,max,8,16384,uniform,14000150,1,Map-reduce top-k end-to-end time (ms),0.541,Map-reduce top-k end-to-end time (ms),0.541,Map-reduce top-k algorithmic time (ms),0.451,458752,exact,16384,lower-bound
npu,q14_k256_max,PASS,ok,int,map_reduce,max,256,16384,uniform,14000398,1,Map-reduce top-k end-to-end time (ms),0.549,Map-reduce top-k end-to-end time (ms),0.549,Map-reduce top-k algorithmic time (ms),0.467,458752,exact,16384,lower-bound
npu,q14_k4096_max,PASS,ok,int,map_reduce,max,4096,16384,uniform,14004238,1,Map-reduce top-k end-to-end time (ms),0.856,Map-reduce top-k end-to-end time (ms),0.856,Map-reduce top-k algorithmic time (ms),0.77,360448,exact,16384,lower-bound
npu,q15_k8_max,PASS,ok,int,map_reduce,max,8,32768,uniform,15000153,1,Map-reduce top-k end-to-end time (ms),0.54,Map-reduce top-k end-to-end time (ms),0.54,Map-reduce top-k algorithmic time (ms),0.454,917504,exact,32768,lower-bound
npu,q15_k256_max,PASS,ok,int,map_reduce,max,256,32768,uniform,15000401,1,Map-reduce top-k end-to-end time (ms),0.565,Map-reduce top-k end-to-end time (ms),0.565,Map-reduce top-k algorithmic time (ms),0.481,917504,exact,32768,lower-bound
npu,q15_k4096_max,PASS,ok,int,map_reduce,max,4096,32768,uniform,15004241,1,Map-reduce top-k end-to-end time (ms),1.045,Map-reduce top-k end-to-end time (ms),1.045,Map-reduce top-k algorithmic time (ms),0.959,819200,exact,32768,lower-bound
npu,q16_k8_max,PASS,ok,int,map_reduce,max,8,65536,uniform,16000156,1,Map-reduce top-k end-to-end time (ms),0.564,Map-reduce top-k end-to-end time (ms),0.564,Map-reduce top-k algorithmic time (ms),0.48,1810432,exact,65536,lower-bound
npu,q16_k256_max,PASS,ok,int,map_reduce,max,256,65536,uniform,16000404,1,Map-reduce top-k end-to-end time (ms),0.574,Map-reduce top-k end-to-end time (ms),0.574,Map-reduce top-k algorithmic time (ms),0.488,1810432,exact,65536,lower-bound
npu,q16_k4096_max,PASS,ok,int,map_reduce,max,4096,65536,uniform,16004244,1,Map-reduce top-k end-to-end time (ms),1.215,Map-reduce top-k end-to-end time (ms),1.215,Map-reduce top-k algorithmic time (ms),1.127,1736704,exact,65536,lower-bound
npu,q17_k8_max,PASS,ok,int,map_reduce,max,8,131072,uniform,17000159,1,Map-reduce top-k end-to-end time (ms),0.575,Map-reduce top-k end-to-end time (ms),0.575,Map-reduce top-k algorithmic time (ms),0.492,3620864,exact,131072,lower-bound
npu,q17_k256_max,PASS,ok,int,map_reduce,max,256,131072,uniform,17000407,1,Map-reduce top-k end-to-end time (ms),0.602,Map-reduce top-k end-to-end time (ms),0.602,Map-reduce top-k algorithmic time (ms),0.513,3620864,exact,131072,lower-bound
npu,q17_k4096_max,PASS,ok,int,map_reduce,max,4096,131072,uniform,17004247,1,Map-reduce top-k end-to-end time (ms),1.415,Map-reduce top-k end-to-end time (ms),1.415,Map-reduce top-k algorithmic time (ms),1.32,3571712,exact,131072,lower-bound
npu,q17_k131072_max,PASS,ok,int,map_reduce,max,131072,131072,uniform,17131223,1,Map-reduce top-k end-to-end time (ms),7.194,Map-reduce top-k end-to-end time (ms),7.194,Map-reduce top-k algorithmic time (ms),7.063,524288,exact,131072,lower-bound
npu,q18_k8_max,PASS,ok,int,map_reduce,max,8,262144,uniform,18000162,1,Map-reduce top-k end-to-end time (ms),0.623,Map-reduce top-k end-to-end time (ms),0.623,Map-reduce top-k algorithmic time (ms),0.54,7217152,exact,262144,lower-bound
npu,q18_k256_max,PASS,ok,int,map_reduce,max,256,262144,uniform,18000410,1,Map-reduce top-k end-to-end time (ms),0.648,Map-reduce top-k end-to-end time (ms),0.648,Map-reduce top-k algorithmic time (ms),0.562,7217152,exact,262144,lower-bound
npu,q18_k4096_max,PASS,ok,int,map_reduce,max,4096,262144,uniform,18004250,1,Map-reduce top-k end-to-end time (ms),1.587,Map-reduce top-k end-to-end time (ms),1.587,Map-reduce top-k algorithmic time (ms),1.497,7217152,exact,262144,lower-bound
npu,q18_k131072_max,PASS,ok,int,map_reduce,max,131072,262144,uniform,18131226,1,Map-reduce top-k end-to-end time (ms),13.362,Map-reduce top-k end-to-end time (ms),13.362,Map-reduce top-k algorithmic time (ms),13.211,4194304,exact,262144,lower-bound
npu,q19_k8_max,PASS,ok,int,map_reduce,max,8,524288,uniform,19000165,1,Map-reduce top-k end-to-end time (ms),0.702,Map-reduce top-k end-to-end time (ms),0.702,Map-reduce top-k algorithmic time (ms),0.617,14434304,exact,524288,lower-bound
npu,q19_k256_max,PASS,ok,int,map_reduce,max,256,524288,uniform,19000413,1,Map-reduce top-k end-to-end time (ms),0.754,Map-reduce top-k end-to-end time (ms),0.754,Map-reduce top-k algorithmic time (ms),0.662,14434304,exact,524288,lower-bound
npu,q19_k4096_max,PASS,ok,int,map_reduce,max,4096,524288,uniform,19004253,1,Map-reduce top-k end-to-end time (ms),1.792,Map-reduce top-k end-to-end time (ms),1.792,Map-reduce top-k algorithmic time (ms),1.699,14434304,exact,524288,lower-bound
npu,q19_k131072_max,PASS,ok,int,map_reduce,max,131072,524288,uniform,19131229,1,Map-reduce top-k end-to-end time (ms),19.561,Map-reduce top-k end-to-end time (ms),19.561,Map-reduce top-k algorithmic time (ms),19.399,11534336,exact,524288,lower-bound
npu,q20_k8_max,PASS,ok,int,map_reduce,max,8,1048576,uniform,20000168,1,Map-reduce top-k end-to-end time (ms),0.951,Map-reduce top-k end-to-end time (ms),0.951,Map-reduce top-k algorithmic time (ms),0.866,28868608,exact,1048576,lower-bound
npu,q20_k256_max,PASS,ok,int,map_reduce,max,256,1048576,uniform,20000416,1,Map-reduce top-k end-to-end time (ms),0.921,Map-reduce top-k end-to-end time (ms),0.921,Map-reduce top-k algorithmic time (ms),0.834,28868608,exact,1048576,lower-bound
npu,q20_k4096_max,PASS,ok,int,map_reduce,max,4096,1048576,uniform,20004256,1,Map-reduce top-k end-to-end time (ms),2.125,Map-reduce top-k end-to-end time (ms),2.125,Map-reduce top-k algorithmic time (ms),2.03,28868608,exact,1048576,lower-bound
npu,q20_k131072_max,PASS,ok,int,map_reduce,max,131072,1048576,uniform,20131232,1,Map-reduce top-k end-to-end time (ms),26.15,Map-reduce top-k end-to-end time (ms),26.15,Map-reduce top-k algorithmic time (ms),26.001,26214400,exact,1048576,lower-bound
npu,q21_k8_max,PASS,ok,int,map_reduce,max,8,2097152,uniform,21000171,1,Map-reduce top-k end-to-end time (ms),1.32,Map-reduce top-k end-to-end time (ms),1.32,Map-reduce top-k algorithmic time (ms),1.229,57737216,exact,2097152,lower-bound
npu,q21_k256_max,PASS,ok,int,map_reduce,max,256,2097152,uniform,21000419,1,Map-reduce top-k end-to-end time (ms),1.492,Map-reduce top-k end-to-end time (ms),1.492,Map-reduce top-k algorithmic time (ms),1.398,57737216,exact,2097152,lower-bound
npu,q21_k4096_max,PASS,ok,int,map_reduce,max,4096,2097152,uniform,21004259,1,Map-reduce top-k end-to-end time (ms),2.617,Map-reduce top-k end-to-end time (ms),2.617,Map-reduce top-k algorithmic time (ms),2.518,57737216,exact,2097152,lower-bound
npu,q21_k131072_max,PASS,ok,int,map_reduce,max,131072,2097152,uniform,21131235,1,Map-reduce top-k end-to-end time (ms),33.502,Map-reduce top-k end-to-end time (ms),33.502,Map-reduce top-k algorithmic time (ms),33.333,55574528,exact,2097152,lower-bound
npu,q22_k8_max,PASS,ok,int,map_reduce,max,8,4194304,uniform,22000174,1,Map-reduce top-k end-to-end time (ms),2.569,Map-reduce top-k end-to-end time (ms),2.569,Map-reduce top-k algorithmic time (ms),2.464,115449856,exact,4194304,lower-bound
npu,q22_k256_max,PASS,ok,int,map_reduce,max,256,4194304,uniform,22000422,1,Map-reduce top-k end-to-end time (ms),2.8,Map-reduce top-k end-to-end time (ms),2.8,Map-reduce top-k algorithmic time (ms),2.704,115449856,exact,4194304,lower-bound
npu,q22_k4096_max,PASS,ok,int,map_reduce,max,4096,4194304,uniform,22004262,1,Map-reduce top-k end-to-end time (ms),3.71,Map-reduce top-k end-to-end time (ms),3.71,Map-reduce top-k algorithmic time (ms),3.612,115449856,exact,4194304,lower-bound
npu,q22_k131072_max,PASS,ok,int,map_reduce,max,131072,4194304,uniform,22131238,1,Map-reduce top-k end-to-end time (ms),41.972,Map-reduce top-k end-to-end time (ms),41.972,Map-reduce top-k algorithmic time (ms),41.818,114294784,exact,4194304,lower-bound
npu,q23_k8_max,PASS,ok,int,map_reduce,max,8,8388608,uniform,23000177,1,Map-reduce top-k end-to-end time (ms),5.416,Map-reduce top-k end-to-end time (ms),5.416,Map-reduce top-k algorithmic time (ms),5.305,230875136,exact,8388608,lower-bound
npu,q23_k256_max,PASS,ok,int,map_reduce,max,256,8388608,uniform,23000425,1,Map-reduce top-k end-to-end time (ms),5.359,Map-reduce top-k end-to-end time (ms),5.359,Map-reduce top-k algorithmic time (ms),5.24,230875136,exact,8388608,lower-bound
npu,q23_k4096_max,PASS,ok,int,map_reduce,max,4096,8388608,uniform,23004265,1,Map-reduce top-k end-to-end time (ms),6.112,Map-reduce top-k end-to-end time (ms),6.112,Map-reduce top-k algorithmic time (ms),5.998,230875136,exact,8388608,lower-bound
npu,q23_k131072_max,PASS,ok,int,map_reduce,max,131072,8388608,uniform,23131241,1,Map-reduce top-k end-to-end time (ms),51.167,Map-reduce top-k end-to-end time (ms),51.167,Map-reduce top-k algorithmic time (ms),50.995,230875136,exact,8388608,lower-bound
npu,q24_k8_max,PASS,ok,int,map_reduce,max,8,16777216,uniform,24000180,1,Map-reduce top-k end-to-end time (ms),10.486,Map-reduce top-k end-to-end time (ms),10.486,Map-reduce top-k algorithmic time (ms),10.344,461725696,exact,16777216,lower-bound
npu,q24_k256_max,PASS,ok,int,map_reduce,max,256,16777216,uniform,24000428,1,Map-reduce top-k end-to-end time (ms),10.705,Map-reduce top-k end-to-end time (ms),10.705,Map-reduce top-k algorithmic time (ms),10.56,461725696,exact,16777216,lower-bound
npu,q24_k4096_max,PASS,ok,int,map_reduce,max,4096,16777216,uniform,24004268,1,Map-reduce top-k end-to-end time (ms),11.096,Map-reduce top-k end-to-end time (ms),11.096,Map-reduce top-k algorithmic time (ms),10.946,461725696,exact,16777216,lower-bound
npu,q24_k131072_max,PASS,ok,int,map_reduce,max,131072,16777216,uniform,24131244,1,Map-reduce top-k end-to-end time (ms),60.255,Map-reduce top-k end-to-end time (ms),60.255,Map-reduce top-k algorithmic time (ms),60.103,461725696,exact,16777216,lower-bound
npu,q03_k8_max,PASS,ok,int,gt,max,8,8,uniform,3000117,1,Ground truth end-to-end time (ms),0.049,Ground truth end-to-end time (ms),0.049,Ground truth algorithmic time (ms),0.049,64,lower-bound,8,lower-bound
npu,q04_k8_max,PASS,ok,int,gt,max,8,16,uniform,4000120,1,Ground truth end-to-end time (ms),0.049,Ground truth end-to-end time (ms),0.049,Ground truth algorithmic time (ms),0.049,96,lower-bound,16,lower-bound
npu,q05_k8_max,PASS,ok,int,gt,max,8,32,uniform,5000123,1,Ground truth end-to-end time (ms),0.049,Ground truth end-to-end time (ms),0.049,Ground truth algorithmic time (ms),0.049,160,lower-bound,32,lower-bound
npu,q06_k8_max,PASS,ok,int,gt,max,8,64,uniform,6000126,1,Ground truth end-to-end time (ms),0.049,Ground truth end-to-end time (ms),0.049,Ground truth algorithmic time (ms),0.049,288,lower-bound,64,lower-bound
npu,q07_k8_max,PASS,ok,int,gt,max,8,128,uniform,7000129,1,Ground truth end-to-end time (ms),0.049,Ground truth end-to-end time (ms),0.049,Ground truth algorithmic time (ms),0.049,544,lower-bound,128,lower-bound
npu,q08_k8_max,PASS,ok,int,gt,max,8,256,uniform,8000132,1,Ground truth end-to-end time (ms),0.049,Ground truth end-to-end time (ms),0.049,Ground truth algorithmic time (ms),0.049,1056,lower-bound,256,lower-bound
npu,q08_k256_max,PASS,ok,int,gt,max,256,256,uniform,8000380,1,Ground truth end-to-end time (ms),0.049,Ground truth end-to-end time (ms),0.049,Ground truth algorithmic time (ms),0.049,2048,lower-bound,256,lower-bound
npu,q09_k8_max,PASS,ok,int,gt,max,8,512,uniform,9000135,1,Ground truth end-to-end time (ms),0.049,Ground truth end-to-end time (ms),0.049,Ground truth algorithmic time (ms),0.049,2080,lower-bound,512,lower-bound
npu,q09_k256_max,PASS,ok,int,gt,max,256,512,uniform,9000383,1,Ground truth end-to-end time (ms),0.054,Ground truth end-to-end time (ms),0.054,Ground truth algorithmic time (ms),0.054,3072,lower-bound,512,lower-bound
npu,q10_k8_max,PASS,ok,int,gt,max,8,1024,uniform,10000138,1,Ground truth end-to-end time (ms),0.037,Ground truth end-to-end time (ms),0.037,Ground truth algorithmic time (ms),0.037,4128,lower-bound,1024,lower-bound
npu,q10_k256_max,PASS,ok,int,gt,max,256,1024,uniform,10000386,1,Ground truth end-to-end time (ms),0.057,Ground truth end-to-end time (ms),0.057,Ground truth algorithmic time (ms),0.057,5120,lower-bound,1024,lower-bound
npu,q11_k8_max,PASS,ok,int,gt,max,8,2048,uniform,11000141,1,Ground truth end-to-end time (ms),0.049,Ground truth end-to-end time (ms),0.049,Ground truth algorithmic time (ms),0.049,8224,lower-bound,2048,lower-bound
npu,q11_k256_max,PASS,ok,int,gt,max,256,2048,uniform,11000389,1,Ground truth end-to-end time (ms),0.059,Ground truth end-to-end time (ms),0.059,Ground truth algorithmic time (ms),0.059,9216,lower-bound,2048,lower-bound
npu,q12_k8_max,PASS,ok,int,gt,max,8,4096,uniform,12000144,1,Ground truth end-to-end time (ms),0.05,Ground truth end-to-end time (ms),0.05,Ground truth algorithmic time (ms),0.05,16416,lower-bound,4096,lower-bound
npu,q12_k256_max,PASS,ok,int,gt,max,256,4096,uniform,12000392,1,Ground truth end-to-end time (ms),0.062,Ground truth end-to-end time (ms),0.062,Ground truth algorithmic time (ms),0.062,17408,lower-bound,4096,lower-bound
npu,q12_k4096_max,PASS,ok,int,gt,max,4096,4096,uniform,12004232,1,Ground truth end-to-end time (ms),0.084,Ground truth end-to-end time (ms),0.084,Ground truth algorithmic time (ms),0.084,32768,lower-bound,4096,lower-bound
npu,q13_k8_max,PASS,ok,int,gt,max,8,8192,uniform,13000147,1,Ground truth end-to-end time (ms),0.051,Ground truth end-to-end time (ms),0.051,Ground truth algorithmic time (ms),0.051,32800,lower-bound,8192,lower-bound
npu,q13_k256_max,PASS,ok,int,gt,max,256,8192,uniform,13000395,1,Ground truth end-to-end time (ms),0.066,Ground truth end-to-end time (ms),0.066,Ground truth algorithmic time (ms),0.066,33792,lower-bound,8192,lower-bound
npu,q13_k4096_max,PASS,ok,int,gt,max,4096,8192,uniform,13004235,1,Ground truth end-to-end time (ms),0.196,Ground truth end-to-end time (ms),0.196,Ground truth algorithmic time (ms),0.196,49152,lower-bound,8192,lower-bound
npu,q14_k8_max,PASS,ok,int,gt,max,8,16384,uniform,14000150,1,Ground truth end-to-end time (ms),0.053,Ground truth end-to-end time (ms),0.053,Ground truth algorithmic time (ms),0.053,65568,lower-bound,16384,lower-bound
npu,q14_k256_max,PASS,ok,int,gt,max,256,16384,uniform,14000398,1,Ground truth end-to-end time (ms),0.07,Ground truth end-to-end time (ms),0.07,Ground truth algorithmic time (ms),0.07,66560,lower-bound,16384,lower-bound
npu,q14_k4096_max,PASS,ok,int,gt,max,4096,16384,uniform,14004238,1,Ground truth end-to-end time (ms),0.258,Ground truth end-to-end time (ms),0.258,Ground truth algorithmic time (ms),0.258,81920,lower-bound,16384,lower-bound
npu,q15_k8_max,PASS,ok,int,gt,max,8,32768,uniform,15000153,1,Ground truth end-to-end time (ms),0.058,Ground truth end-to-end time (ms),0.058,Ground truth algorithmic time (ms),0.058,131104,lower-bound,32768,lower-bound
npu,q15_k256_max,PASS,ok,int,gt,max,256,32768,uniform,15000401,1,Ground truth end-to-end time (ms),0.079,Ground truth end-to-end time (ms),0.079,Ground truth algorithmic time (ms),0.079,132096,lower-bound,32768,lower-bound
npu,q15_k4096_max,PASS,ok,int,gt,max,4096,32768,uniform,15004241,1,Ground truth end-to-end time (ms),0.413,Ground truth end-to-end time (ms),0.413,Ground truth algorithmic time (ms),0.413,147456,lower-bound,32768,lower-bound
npu,q16_k8_max,PASS,ok,int,gt,max,8,65536,uniform,16000156,1,Ground truth end-to-end time (ms),0.068,Ground truth end-to-end time (ms),0.068,Ground truth algorithmic time (ms),0.068,262176,lower-bound,65536,lower-bound
npu,q16_k256_max,PASS,ok,int,gt,max,256,65536,uniform,16000404,1,Ground truth end-to-end time (ms),0.093,Ground truth end-to-end time (ms),0.093,Ground truth algorithmic time (ms),0.093,263168,lower-bound,65536,lower-bound
npu,q16_k4096_max,PASS,ok,int,gt,max,4096,65536,uniform,16004244,1,Ground truth end-to-end time (ms),0.555,Ground truth end-to-end time (ms),0.555,Ground truth algorithmic time (ms),0.555,278528,lower-bound,65536,lower-bound
npu,q17_k8_max,PASS,ok,int,gt,max,8,131072,uniform,17000159,1,Ground truth end-to-end time (ms),0.09,Ground truth end-to-end time (ms),0.09,Ground truth algorithmic time (ms),0.09,524320,lower-bound,131072,lower-bound
npu,q17_k256_max,PASS,ok,int,gt,max,256,131072,uniform,17000407,1,Ground truth end-to-end time (ms),0.119,Ground truth end-to-end time (ms),0.119,Ground truth algorithmic time (ms),0.119,525312,lower-bound,131072,lower-bound
npu,q17_k4096_max,PASS,ok,int,gt,max,4096,131072,uniform,17004247,1,Ground truth end-to-end time (ms),0.703,Ground truth end-to-end time (ms),0.703,Ground truth algorithmic time (ms),0.703,540672,lower-bound,131072,lower-bound
npu,q17_k131072_max,PASS,ok,int,gt,max,131072,131072,uniform,17131223,1,Ground truth end-to-end time (ms),6.269,Ground truth end-to-end time (ms),6.269,Ground truth algorithmic time (ms),6.269,1048576,lower-bound,131072,lower-bound
npu,q18_k8_max,PASS,ok,int,gt,max,8,262144,uniform,18000162,1,Ground truth end-to-end time (ms),0.131,Ground truth end-to-end time (ms),0.131,Ground truth algorithmic time (ms),0.131,1048608,lower-bound,262144,lower-bound
npu,q18_k256_max,PASS,ok,int,gt,max,256,262144,uniform,18000410,1,Ground truth end-to-end time (ms),0.162,Ground truth end-to-end time (ms),0.162,Ground truth algorithmic time (ms),0.162,1049600,lower-bound,262144,lower-bound
npu,q18_k4096_max,PASS,ok,int,gt,max,4096,262144,uniform,18004250,1,Ground truth end-to-end time (ms),0.842,Ground truth end-to-end time (ms),0.842,Ground truth algorithmic time (ms),0.842,1064960,lower-bound,262144,lower-bound
npu,q18_k131072_max,PASS,ok,int,gt,max,131072,262144,uniform,18131226,1,Ground truth end-to-end time (ms),10.951,Ground truth end-to-end time (ms),10.951,Ground truth algorithmic time (ms),10.951,1572864,lower-bound,262144,lower-bound
npu,q19_k8_max,PASS,ok,int,gt,max,8,524288,uniform,19000165,1,Ground truth end-to-end time (ms),0.201,Ground truth end-to-end time (ms),0.201,Ground truth algorithmic time (ms),0.201,2097184,lower-bound,524288,lower-bound
npu,q19_k256_max,PASS,ok,int,gt,max,256,524288,uniform,19000413,1,Ground truth end-to-end time (ms),0.24,Ground truth end-to-end time (ms),0.24,Ground truth algorithmic time (ms),0.24,2098176,lower-bound,524288,lower-bound
npu,q19_k4096_max,PASS,ok,int,gt,max,4096,524288,uniform,19004253,1,Ground truth end-to-end time (ms),1.062,Ground truth end-to-end time (ms),1.062,Ground truth algorithmic time (ms),1.062,2113536,lower-bound,524288,lower-bound
npu,q19_k131072_max,PASS,ok,int,gt,max,131072,524288,uniform,19131229,1,Ground truth end-to-end time (ms),16.666,Ground truth end-to-end time (ms),16.666,Ground truth algorithmic time (ms),16.666,2621440,lower-bound,524288,lower-bound
npu,q20_k8_max,PASS,ok,int,gt,max,8,1048576,uniform,20000168,1,Ground truth end-to-end time (ms),0.346,Ground truth end-to-end time (ms),0.346,Ground truth algorithmic time (ms),0.346,4194336,lower-bound,1048576,lower-bound
npu,q20_k256_max,PASS,ok,int,gt,max,256,1048576,uniform,20000416,1,Ground truth end-to-end time (ms),0.389,Ground truth end-to-end time (ms),0.389,Ground truth algorithmic time (ms),0.389,4195328,lower-bound,1048576,lower-bound
npu,q20_k4096_max,PASS,ok,int,gt,max,4096,1048576,uniform,20004256,1,Ground truth end-to-end time (ms),1.295,Ground truth end-to-end time (ms),1.295,Ground truth algorithmic time (ms),1.295,4210688,lower-bound,1048576,lower-bound
npu,q20_k131072_max,PASS,ok,int,gt,max,131072,1048576,uniform,20131232,1,Ground truth end-to-end time (ms),22.485,Ground truth end-to-end time (ms),22.485,Ground truth algorithmic time (ms),22.485,4718592,lower-bound,1048576,lower-bound
npu,q21_k8_max,PASS,ok,int,gt,max,8,2097152,uniform,21000171,1,Ground truth end-to-end time (ms),0.629,Ground truth end-to-end time (ms),0.629,Ground truth algorithmic time (ms),0.629,8388640,lower-bound,2097152,lower-bound
npu,q21_k256_max,PASS,ok,int,gt,max,256,2097152,uniform,21000419,1,Ground truth end-to-end time (ms),0.686,Ground truth end-to-end time (ms),0.686,Ground truth algorithmic time (ms),0.686,8389632,lower-bound,2097152,lower-bound
npu,q21_k4096_max,PASS,ok,int,gt,max,4096,2097152,uniform,21004259,1,Ground truth end-to-end time (ms),1.722,Ground truth end-to-end time (ms),1.722,Ground truth algorithmic time (ms),1.722,8404992,lower-bound,2097152,lower-bound
npu,q21_k131072_max,PASS,ok,int,gt,max,131072,2097152,uniform,21131235,1,Ground truth end-to-end time (ms),28.745,Ground truth end-to-end time (ms),28.745,Ground truth algorithmic time (ms),28.745,8912896,lower-bound,2097152,lower-bound
npu,q22_k8_max,PASS,ok,int,gt,max,8,4194304,uniform,22000174,1,Ground truth end-to-end time (ms),1.205,Ground truth end-to-end time (ms),1.205,Ground truth algorithmic time (ms),1.205,16777248,lower-bound,4194304,lower-bound
npu,q22_k256_max,PASS,ok,int,gt,max,256,4194304,uniform,22000422,1,Ground truth end-to-end time (ms),1.282,Ground truth end-to-end time (ms),1.282,Ground truth algorithmic time (ms),1.282,16778240,lower-bound,4194304,lower-bound
npu,q22_k4096_max,PASS,ok,int,gt,max,4096,4194304,uniform,22004262,1,Ground truth end-to-end time (ms),2.468,Ground truth end-to-end time (ms),2.468,Ground truth algorithmic time (ms),2.468,16793600,lower-bound,4194304,lower-bound
npu,q22_k131072_max,PASS,ok,int,gt,max,131072,4194304,uniform,22131238,1,Ground truth end-to-end time (ms),35.3,Ground truth end-to-end time (ms),35.3,Ground truth algorithmic time (ms),35.3,17301504,lower-bound,4194304,lower-bound
npu,q23_k8_max,PASS,ok,int,gt,max,8,8388608,uniform,23000177,1,Ground truth end-to-end time (ms),2.401,Ground truth end-to-end time (ms),2.401,Ground truth algorithmic time (ms),2.401,33554464,lower-bound,8388608,lower-bound
npu,q23_k256_max,PASS,ok,int,gt,max,256,8388608,uniform,23000425,1,Ground truth end-to-end time (ms),2.501,Ground truth end-to-end time (ms),2.501,Ground truth algorithmic time (ms),2.501,33555456,lower-bound,8388608,lower-bound
npu,q23_k4096_max,PASS,ok,int,gt,max,4096,8388608,uniform,23004265,1,Ground truth end-to-end time (ms),3.843,Ground truth end-to-end time (ms),3.843,Ground truth algorithmic time (ms),3.843,33570816,lower-bound,8388608,lower-bound
npu,q23_k131072_max,PASS,ok,int,gt,max,131072,8388608,uniform,23131241,1,Ground truth end-to-end time (ms),43.064,Ground truth end-to-end time (ms),43.064,Ground truth algorithmic time (ms),43.064,34078720,lower-bound,8388608,lower-bound
npu,q24_k8_max,PASS,ok,int,gt,max,8,16777216,uniform,24000180,1,Ground truth end-to-end time (ms),4.733,Ground truth end-to-end time (ms),4.733,Ground truth algorithmic time (ms),4.733,67108896,lower-bound,16777216,lower-bound
npu,q24_k256_max,PASS,ok,int,gt,max,256,16777216,uniform,24000428,1,Ground truth end-to-end time (ms),4.824,Ground truth end-to-end time (ms),4.824,Ground truth algorithmic time (ms),4.824,67109888,lower-bound,16777216,lower-bound
npu,q24_k4096_max,PASS,ok,int,gt,max,4096,16777216,uniform,24004268,1,Ground truth end-to-end time (ms),6.284,Ground truth end-to-end time (ms),6.284,Ground truth algorithmic time (ms),6.284,67125248,lower-bound,16777216,lower-bound
npu,q24_k131072_max,PASS,ok,int,gt,max,131072,16777216,uniform,24131244,1,Ground truth end-to-end time (ms),52.792,Ground truth end-to-end time (ms),52.792,Ground truth algorithmic time (ms),52.792,67633152,lower-bound,16777216,lower-bound
