backend,case_name,status,reason,dtype,algorithm,mode,k,n,dist,seed,rep,timing_label,time_ms,timing_label_e2e,time_end_to_end_ms,timing_label_algorithmic,time_algorithmic_ms,bytes_moved,bytes_model,compare_ops,ops_model
cpu,q03_k8_max,PASS,ok,uint,bitonic,max,8,8,uniform,3000117,1,Trunc bitonic end-to-end time (ms),0.082,Trunc bitonic end-to-end time (ms),0.082,Trunc bitonic algorithmic time (ms),0.082,64,exact,24,exact
cpu,q04_k8_max,PASS,ok,uint,bitonic,max,8,16,uniform,4000120,1,Trunc bitonic end-to-end time (ms),0.073,Trunc bitonic end-to-end time (ms),0.073,Trunc bitonic algorithmic time (ms),0.073,288,exact,68,exact
cpu,q05_k8_max,PASS,ok,uint,bitonic,max,8,32,uniform,5000123,1,Trunc bitonic end-to-end time (ms),0.07,Trunc bitonic end-to-end time (ms),0.07,Trunc bitonic algorithmic time (ms),0.07,736,exact,156,exact
cpu,q06_k8_max,PASS,ok,uint,bitonic,max,8,64,uniform,6000126,1,Trunc bitonic end-to-end time (ms),0.073,Trunc bitonic end-to-end time (ms),0.073,Trunc bitonic algorithmic time (ms),0.073,1632,exact,332,exact
cpu,q07_k8_max,PASS,ok,uint,bitonic,max,8,128,uniform,7000129,1,Trunc bitonic end-to-end time (ms),0.074,Trunc bitonic end-to-end time (ms),0.074,Trunc bitonic algorithmic time (ms),0.074,3424,exact,684,exact
cpu,q08_k8_max,PASS,ok,uint,bitonic,max,8,256,uniform,8000132,1,Trunc bitonic end-to-end time (ms),0.073,Trunc bitonic end-to-end time (ms),0.073,Trunc bitonic algorithmic time (ms),0.073,7008,exact,1388,exact
cpu,q08_k256_max,PASS,ok,uint,bitonic,max,256,256,uniform,8000380,1,Trunc bitonic end-to-end time (ms),0.072,Trunc bitonic end-to-end time (ms),0.072,Trunc bitonic algorithmic time (ms),0.072,2048,exact,4608,exact
cpu,q09_k8_max,PASS,ok,uint,bitonic,max,8,512,uniform,9000135,1,Trunc bitonic end-to-end time (ms),0.074,Trunc bitonic end-to-end time (ms),0.074,Trunc bitonic algorithmic time (ms),0.074,14176,exact,2796,exact
cpu,q09_k256_max,PASS,ok,uint,bitonic,max,256,512,uniform,9000383,1,Trunc bitonic end-to-end time (ms),0.071,Trunc bitonic end-to-end time (ms),0.071,Trunc bitonic algorithmic time (ms),0.071,9216,exact,10496,exact
cpu,q10_k8_max,PASS,ok,uint,bitonic,max,8,1024,uniform,10000138,1,Trunc bitonic end-to-end time (ms),0.075,Trunc bitonic end-to-end time (ms),0.075,Trunc bitonic algorithmic time (ms),0.075,28512,exact,5612,exact
cpu,q10_k256_max,PASS,ok,uint,bitonic,max,256,1024,uniform,10000386,1,Trunc bitonic end-to-end time (ms),0.078,Trunc bitonic end-to-end time (ms),0.078,Trunc bitonic algorithmic time (ms),0.078,23552,exact,22272,exact
cpu,q11_k8_max,PASS,ok,uint,bitonic,max,8,2048,uniform,11000141,1,Trunc bitonic end-to-end time (ms),0.075,Trunc bitonic end-to-end time (ms),0.075,Trunc bitonic algorithmic time (ms),0.075,57184,exact,11244,exact
cpu,q11_k256_max,PASS,ok,uint,bitonic,max,256,2048,uniform,11000389,1,Trunc bitonic end-to-end time (ms),0.084,Trunc bitonic end-to-end time (ms),0.084,Trunc bitonic algorithmic time (ms),0.084,52224,exact,45824,exact
cpu,q12_k8_max,PASS,ok,uint,bitonic,max,8,4096,uniform,12000144,1,Trunc bitonic end-to-end time (ms),0.072,Trunc bitonic end-to-end time (ms),0.072,Trunc bitonic algorithmic time (ms),0.072,114528,exact,22508,exact
cpu,q12_k256_max,PASS,ok,uint,bitonic,max,256,4096,uniform,12000392,1,Trunc bitonic end-to-end time (ms),0.089,Trunc bitonic end-to-end time (ms),0.089,Trunc bitonic algorithmic time (ms),0.089,109568,exact,92928,exact
cpu,q12_k4096_max,PASS,ok,uint,bitonic,max,4096,4096,uniform,12004232,1,Trunc bitonic end-to-end time (ms),0.105,Trunc bitonic end-to-end time (ms),0.105,Trunc bitonic algorithmic time (ms),0.105,32768,exact,159744,exact
cpu,q13_k8_max,PASS,ok,uint,bitonic,max,8,8192,uniform,13000147,1,Trunc bitonic end-to-end time (ms),0.081,Trunc bitonic end-to-end time (ms),0.081,Trunc bitonic algorithmic time (ms),0.081,229216,exact,45036,exact
cpu,q13_k256_max,PASS,ok,uint,bitonic,max,256,8192,uniform,13000395,1,Trunc bitonic end-to-end time (ms),0.095,Trunc bitonic end-to-end time (ms),0.095,Trunc bitonic algorithmic time (ms),0.095,224256,exact,187136,exact
cpu,q13_k4096_max,PASS,ok,uint,bitonic,max,4096,8192,uniform,13004235,1,Trunc bitonic end-to-end time (ms),0.131,Trunc bitonic end-to-end time (ms),0.131,Trunc bitonic algorithmic time (ms),0.131,147456,exact,348160,exact
cpu,q14_k8_max,PASS,ok,uint,bitonic,max,8,16384,uniform,14000150,1,Trunc bitonic end-to-end time (ms),0.091,Trunc bitonic end-to-end time (ms),0.091,Trunc bitonic algorithmic time (ms),0.091,458592,exact,90092,exact
cpu,q14_k256_max,PASS,ok,uint,bitonic,max,256,16384,uniform,14000398,1,Trunc bitonic end-to-end time (ms),0.144,Trunc bitonic end-to-end time (ms),0.144,Trunc bitonic algorithmic time (ms),0.144,453632,exact,375552,exact
cpu,q14_k4096_max,PASS,ok,uint,bitonic,max,4096,16384,uniform,14004238,1,Trunc bitonic end-to-end time (ms),0.19,Trunc bitonic end-to-end time (ms),0.19,Trunc bitonic algorithmic time (ms),0.19,376832,exact,724992,exact
cpu,q15_k8_max,PASS,ok,uint,bitonic,max,8,32768,uniform,15000153,1,Trunc bitonic end-to-end time (ms),0.135,Trunc bitonic end-to-end time (ms),0.135,Trunc bitonic algorithmic time (ms),0.135,917344,exact,180204,exact
cpu,q15_k256_max,PASS,ok,uint,bitonic,max,256,32768,uniform,15000401,1,Trunc bitonic end-to-end time (ms),0.237,Trunc bitonic end-to-end time (ms),0.237,Trunc bitonic algorithmic time (ms),0.237,912384,exact,752384,exact
cpu,q15_k4096_max,PASS,ok,uint,bitonic,max,4096,32768,uniform,15004241,1,Trunc bitonic end-to-end time (ms),0.343,Trunc bitonic end-to-end time (ms),0.343,Trunc bitonic algorithmic time (ms),0.343,835584,exact,1478656,exact
cpu,q16_k8_max,PASS,ok,uint,bitonic,max,8,65536,uniform,16000156,1,Trunc bitonic end-to-end time (ms),0.198,Trunc bitonic end-to-end time (ms),0.198,Trunc bitonic algorithmic time (ms),0.198,1834848,exact,360428,exact
cpu,q16_k256_max,PASS,ok,uint,bitonic,max,256,65536,uniform,16000404,1,Trunc bitonic end-to-end time (ms),0.381,Trunc bitonic end-to-end time (ms),0.381,Trunc bitonic algorithmic time (ms),0.381,1829888,exact,1506048,exact
cpu,q16_k4096_max,PASS,ok,uint,bitonic,max,4096,65536,uniform,16004244,1,Trunc bitonic end-to-end time (ms),0.608,Trunc bitonic end-to-end time (ms),0.608,Trunc bitonic algorithmic time (ms),0.608,1753088,exact,2985984,exact
cpu,q17_k8_max,PASS,ok,uint,bitonic,max,8,131072,uniform,17000159,1,Trunc bitonic end-to-end time (ms),0.236,Trunc bitonic end-to-end time (ms),0.236,Trunc bitonic algorithmic time (ms),0.236,3669856,exact,720876,exact
cpu,q17_k256_max,PASS,ok,uint,bitonic,max,256,131072,uniform,17000407,1,Trunc bitonic end-to-end time (ms),0.427,Trunc bitonic end-to-end time (ms),0.427,Trunc bitonic algorithmic time (ms),0.427,3664896,exact,3013376,exact
cpu,q17_k4096_max,PASS,ok,uint,bitonic,max,4096,131072,uniform,17004247,1,Trunc bitonic end-to-end time (ms),0.651,Trunc bitonic end-to-end time (ms),0.651,Trunc bitonic algorithmic time (ms),0.651,3588096,exact,6000640,exact
cpu,q17_k131072_max,PASS,ok,uint,bitonic,max,131072,131072,uniform,17131223,1,Trunc bitonic end-to-end time (ms),1.657,Trunc bitonic end-to-end time (ms),1.657,Trunc bitonic algorithmic time (ms),1.657,1048576,exact,10027008,exact
cpu,q18_k8_max,PASS,ok,uint,bitonic,max,8,262144,uniform,18000162,1,Trunc bitonic end-to-end time (ms),0.263,Trunc bitonic end-to-end time (ms),0.263,Trunc bitonic algorithmic time (ms),0.263,7339872,exact,1441772,exact
cpu,q18_k256_max,PASS,ok,uint,bitonic,max,256,262144,uniform,18000410,1,Trunc bitonic end-to-end time (ms),0.499,Trunc bitonic end-to-end time (ms),0.499,Trunc bitonic algorithmic time (ms),0.499,7334912,exact,6028032,exact
cpu,q18_k4096_max,PASS,ok,uint,bitonic,max,4096,262144,uniform,18004250,1,Trunc bitonic end-to-end time (ms),0.706,Trunc bitonic end-to-end time (ms),0.706,Trunc bitonic algorithmic time (ms),0.706,7258112,exact,12029952,exact
cpu,q18_k131072_max,PASS,ok,uint,bitonic,max,131072,262144,uniform,18131226,1,Trunc bitonic end-to-end time (ms),2.264,Trunc bitonic end-to-end time (ms),2.264,Trunc bitonic algorithmic time (ms),2.264,4718592,exact,21299200,exact
cpu,q19_k8_max,PASS,ok,uint,bitonic,max,8,524288,uniform,19000165,1,Trunc bitonic end-to-end time (ms),0.422,Trunc bitonic end-to-end time (ms),0.422,Trunc bitonic algorithmic time (ms),0.422,14679904,exact,2883564,exact
cpu,q19_k256_max,PASS,ok,uint,bitonic,max,256,524288,uniform,19000413,1,Trunc bitonic end-to-end time (ms),0.607,Trunc bitonic end-to-end time (ms),0.607,Trunc bitonic algorithmic time (ms),0.607,14674944,exact,12057344,exact
cpu,q19_k4096_max,PASS,ok,uint,bitonic,max,4096,524288,uniform,19004253,1,Trunc bitonic end-to-end time (ms),0.814,Trunc bitonic end-to-end time (ms),0.814,Trunc bitonic algorithmic time (ms),0.814,14598144,exact,24088576,exact
cpu,q19_k131072_max,PASS,ok,uint,bitonic,max,131072,524288,uniform,19131229,1,Trunc bitonic end-to-end time (ms),2.425,Trunc bitonic end-to-end time (ms),2.425,Trunc bitonic algorithmic time (ms),2.425,12058624,exact,43843584,exact
cpu,q20_k8_max,PASS,ok,uint,bitonic,max,8,1048576,uniform,20000168,1,Trunc bitonic end-to-end time (ms),0.61,Trunc bitonic end-to-end time (ms),0.61,Trunc bitonic algorithmic time (ms),0.61,29359968,exact,5767148,exact
cpu,q20_k256_max,PASS,ok,uint,bitonic,max,256,1048576,uniform,20000416,1,Trunc bitonic end-to-end time (ms),1.283,Trunc bitonic end-to-end time (ms),1.283,Trunc bitonic algorithmic time (ms),1.283,29355008,exact,24115968,exact
cpu,q20_k4096_max,PASS,ok,uint,bitonic,max,4096,1048576,uniform,20004256,1,Trunc bitonic end-to-end time (ms),3.064,Trunc bitonic end-to-end time (ms),3.064,Trunc bitonic algorithmic time (ms),3.064,29278208,exact,48205824,exact
cpu,q20_k131072_max,PASS,ok,uint,bitonic,max,131072,1048576,uniform,20131232,1,Trunc bitonic end-to-end time (ms),6.799,Trunc bitonic end-to-end time (ms),6.799,Trunc bitonic algorithmic time (ms),6.799,26738688,exact,88932352,exact
cpu,q21_k8_max,PASS,ok,uint,bitonic,max,8,2097152,uniform,21000171,1,Trunc bitonic end-to-end time (ms),3.172,Trunc bitonic end-to-end time (ms),3.172,Trunc bitonic algorithmic time (ms),3.172,58720096,exact,11534316,exact
cpu,q21_k256_max,PASS,ok,uint,bitonic,max,256,2097152,uniform,21000419,1,Trunc bitonic end-to-end time (ms),5.142,Trunc bitonic end-to-end time (ms),5.142,Trunc bitonic algorithmic time (ms),5.142,58715136,exact,48233216,exact
cpu,q21_k4096_max,PASS,ok,uint,bitonic,max,4096,2097152,uniform,21004259,1,Trunc bitonic end-to-end time (ms),6.415,Trunc bitonic end-to-end time (ms),6.415,Trunc bitonic algorithmic time (ms),6.415,58638336,exact,96440320,exact
cpu,q21_k131072_max,PASS,ok,uint,bitonic,max,131072,2097152,uniform,21131235,1,Trunc bitonic end-to-end time (ms),4.788,Trunc bitonic end-to-end time (ms),4.788,Trunc bitonic algorithmic time (ms),4.788,56098816,exact,179109888,exact
cpu,q22_k8_max,PASS,ok,uint,bitonic,max,8,4194304,uniform,22000174,1,Trunc bitonic end-to-end time (ms),4.784,Trunc bitonic end-to-end time (ms),4.784,Trunc bitonic algorithmic time (ms),4.784,117440352,exact,23068652,exact
cpu,q22_k256_max,PASS,ok,uint,bitonic,max,256,4194304,uniform,22000422,1,Trunc bitonic end-to-end time (ms),7.364,Trunc bitonic end-to-end time (ms),7.364,Trunc bitonic algorithmic time (ms),7.364,117435392,exact,96467712,exact
cpu,q22_k4096_max,PASS,ok,uint,bitonic,max,4096,4194304,uniform,22004262,1,Trunc bitonic end-to-end time (ms),10.924,Trunc bitonic end-to-end time (ms),10.924,Trunc bitonic algorithmic time (ms),10.924,117358592,exact,192909312,exact
cpu,q22_k131072_max,PASS,ok,uint,bitonic,max,131072,4194304,uniform,22131238,1,Trunc bitonic end-to-end time (ms),12.807,Trunc bitonic end-to-end time (ms),12.807,Trunc bitonic algorithmic time (ms),12.807,114819072,exact,359464960,exact
cpu,q23_k8_max,PASS,ok,uint,bitonic,max,8,8388608,uniform,23000177,1,Trunc bitonic end-to-end time (ms),7.622,Trunc bitonic end-to-end time (ms),7.622,Trunc bitonic algorithmic time (ms),7.622,234880864,exact,46137324,exact
cpu,q23_k256_max,PASS,ok,uint,bitonic,max,256,8388608,uniform,23000425,1,Trunc bitonic end-to-end time (ms),12.072,Trunc bitonic end-to-end time (ms),12.072,Trunc bitonic algorithmic time (ms),12.072,234875904,exact,192936704,exact
cpu,q23_k4096_max,PASS,ok,uint,bitonic,max,4096,8388608,uniform,23004265,1,Trunc bitonic end-to-end time (ms),11.53,Trunc bitonic end-to-end time (ms),11.53,Trunc bitonic algorithmic time (ms),11.53,234799104,exact,385847296,exact
cpu,q23_k131072_max,PASS,ok,uint,bitonic,max,131072,8388608,uniform,23131241,1,Trunc bitonic end-to-end time (ms),19.169,Trunc bitonic end-to-end time (ms),19.169,Trunc bitonic algorithmic time (ms),19.169,232259584,exact,720175104,exact
cpu,q24_k8_max,PASS,ok,uint,bitonic,max,8,16777216,uniform,24000180,1,Trunc bitonic end-to-end time (ms),11.664,Trunc bitonic end-to-end time (ms),11.664,Trunc bitonic algorithmic time (ms),11.664,469761888,exact,92274668,exact
cpu,q24_k256_max,PASS,ok,uint,bitonic,max,256,16777216,uniform,24000428,1,Trunc bitonic end-to-end time (ms),15.845,Trunc bitonic end-to-end time (ms),15.845,Trunc bitonic algorithmic time (ms),15.845,469756928,exact,385874688,exact
cpu,q24_k4096_max,PASS,ok,uint,bitonic,max,4096,16777216,uniform,24004268,1,Trunc bitonic end-to-end time (ms),26.173,Trunc bitonic end-to-end time (ms),26.173,Trunc bitonic algorithmic time (ms),26.173,469680128,exact,771723264,exact
cpu,q24_k131072_max,PASS,ok,uint,bitonic,max,131072,16777216,uniform,24131244,1,Trunc bitonic end-to-end time (ms),41.087,Trunc bitonic end-to-end time (ms),41.087,Trunc bitonic algorithmic time (ms),41.087,467140608,exact,1441595392,exact
cpu,q03_k8_max,PASS,ok,uint,map_reduce,max,8,8,uniform,3000117,1,Map-reduce top-k end-to-end time (ms),0.048,Map-reduce top-k end-to-end time (ms),0.048,Map-reduce top-k algorithmic time (ms),0.048,96,exact,8,lower-bound
cpu,q04_k8_max,PASS,ok,uint,map_reduce,max,8,16,uniform,4000120,1,Map-reduce top-k end-to-end time (ms),0.075,Map-reduce top-k end-to-end time (ms),0.075,Map-reduce top-k algorithmic time (ms),0.075,128,exact,16,lower-bound
cpu,q05_k8_max,PASS,ok,uint,map_reduce,max,8,32,uniform,5000123,1,Map-reduce top-k end-to-end time (ms),0.048,Map-reduce top-k end-to-end time (ms),0.048,Map-reduce top-k algorithmic time (ms),0.048,192,exact,32,lower-bound
cpu,q06_k8_max,PASS,ok,uint,map_reduce,max,8,64,uniform,6000126,1,Map-reduce top-k end-to-end time (ms),0.048,Map-reduce top-k end-to-end time (ms),0.048,Map-reduce top-k algorithmic time (ms),0.048,320,exact,64,lower-bound
cpu,q07_k8_max,PASS,ok,uint,map_reduce,max,8,128,uniform,7000129,1,Map-reduce top-k end-to-end time (ms),0.048,Map-reduce top-k end-to-end time (ms),0.048,Map-reduce top-k algorithmic time (ms),0.048,576,exact,128,lower-bound
cpu,q08_k8_max,PASS,ok,uint,map_reduce,max,8,256,uniform,8000132,1,Map-reduce top-k end-to-end time (ms),0.053,Map-reduce top-k end-to-end time (ms),0.053,Map-reduce top-k algorithmic time (ms),0.053,1088,exact,256,lower-bound
cpu,q08_k256_max,PASS,ok,uint,map_reduce,max,256,256,uniform,8000380,1,Map-reduce top-k end-to-end time (ms),0.05,Map-reduce top-k end-to-end time (ms),0.05,Map-reduce top-k algorithmic time (ms),0.05,3072,exact,256,lower-bound
cpu,q09_k8_max,PASS,ok,uint,map_reduce,max,8,512,uniform,9000135,1,Map-reduce top-k end-to-end time (ms),0.055,Map-reduce top-k end-to-end time (ms),0.055,Map-reduce top-k algorithmic time (ms),0.055,2112,exact,512,lower-bound
cpu,q09_k256_max,PASS,ok,uint,map_reduce,max,256,512,uniform,9000383,1,Map-reduce top-k end-to-end time (ms),0.06,Map-reduce top-k end-to-end time (ms),0.06,Map-reduce top-k algorithmic time (ms),0.06,4096,exact,512,lower-bound
cpu,q10_k8_max,PASS,ok,uint,map_reduce,max,8,1024,uniform,10000138,1,Map-reduce top-k end-to-end time (ms),0.066,Map-reduce top-k end-to-end time (ms),0.066,Map-reduce top-k algorithmic time (ms),0.066,4160,exact,1024,lower-bound
cpu,q10_k256_max,PASS,ok,uint,map_reduce,max,256,1024,uniform,10000386,1,Map-reduce top-k end-to-end time (ms),0.066,Map-reduce top-k end-to-end time (ms),0.066,Map-reduce top-k algorithmic time (ms),0.066,6144,exact,1024,lower-bound
cpu,q11_k8_max,PASS,ok,uint,map_reduce,max,8,2048,uniform,11000141,1,Map-reduce top-k end-to-end time (ms),0.049,Map-reduce top-k end-to-end time (ms),0.049,Map-reduce top-k algorithmic time (ms),0.049,8256,exact,2048,lower-bound
cpu,q11_k256_max,PASS,ok,uint,map_reduce,max,256,2048,uniform,11000389,1,Map-reduce top-k end-to-end time (ms),0.058,Map-reduce top-k end-to-end time (ms),0.058,Map-reduce top-k algorithmic time (ms),0.058,10240,exact,2048,lower-bound
cpu,q12_k8_max,PASS,ok,uint,map_reduce,max,8,4096,uniform,12000144,1,Map-reduce top-k end-to-end time (ms),0.046,Map-reduce top-k end-to-end time (ms),0.046,Map-reduce top-k algorithmic time (ms),0.046,16448,exact,4096,lower-bound
cpu,q12_k256_max,PASS,ok,uint,map_reduce,max,256,4096,uniform,12000392,1,Map-reduce top-k end-to-end time (ms),0.06,Map-reduce top-k end-to-end time (ms),0.06,Map-reduce top-k algorithmic time (ms),0.06,18432,exact,4096,lower-bound
cpu,q12_k4096_max,PASS,ok,uint,map_reduce,max,4096,4096,uniform,12004232,1,Map-reduce top-k end-to-end time (ms),0.087,Map-reduce top-k end-to-end time (ms),0.087,Map-reduce top-k algorithmic time (ms),0.087,49152,exact,4096,lower-bound
cpu,q13_k8_max,PASS,ok,uint,map_reduce,max,8,8192,uniform,13000147,1,Map-reduce top-k end-to-end time (ms),0.049,Map-reduce top-k end-to-end time (ms),0.049,Map-reduce top-k algorithmic time (ms),0.049,32832,exact,8192,lower-bound
cpu,q13_k256_max,PASS,ok,uint,map_reduce,max,256,8192,uniform,13000395,1,Map-reduce top-k end-to-end time (ms),0.045,Map-reduce top-k end-to-end time (ms),0.045,Map-reduce top-k algorithmic time (ms),0.045,34816,exact,8192,lower-bound
cpu,q13_k4096_max,PASS,ok,uint,map_reduce,max,4096,8192,uniform,13004235,1,Map-reduce top-k end-to-end time (ms),0.296,Map-reduce top-k end-to-end time (ms),0.296,Map-reduce top-k algorithmic time (ms),0.296,65536,exact,8192,lower-bound
cpu,q14_k8_max,PASS,ok,uint,map_reduce,max,8,16384,uniform,14000150,1,Map-reduce top-k end-to-end time (ms),0.049,Map-reduce top-k end-to-end time (ms),0.049,Map-reduce top-k algorithmic time (ms),0.049,65600,exact,16384,lower-bound
cpu,q14_k256_max,PASS,ok,uint,map_reduce,max,256,16384,uniform,14000398,1,Map-reduce top-k end-to-end time (ms),0.063,Map-reduce top-k end-to-end time (ms),0.063,Map-reduce top-k algorithmic time (ms),0.063,67584,exact,16384,lower-bound
cpu,q14_k4096_max,PASS,ok,uint,map_reduce,max,4096,16384,uniform,14004238,1,Map-reduce top-k end-to-end time (ms),0.484,Map-reduce top-k end-to-end time (ms),0.484,Map-reduce top-k algorithmic time (ms),0.484,98304,exact,16384,lower-bound
cpu,q15_k8_max,PASS,ok,uint,map_reduce,max,8,32768,uniform,15000153,1,Map-reduce top-k end-to-end time (ms),0.05,Map-reduce top-k end-to-end time (ms),0.05,Map-reduce top-k algorithmic time (ms),0.05,131136,exact,32768,lower-bound
cpu,q15_k256_max,PASS,ok,uint,map_reduce,max,256,32768,uniform,15000401,1,Map-reduce top-k end-to-end time (ms),0.058,Map-reduce top-k end-to-end time (ms),0.058,Map-reduce top-k algorithmic time (ms),0.058,133120,exact,32768,lower-bound
cpu,q15_k4096_max,PASS,ok,uint,map_reduce,max,4096,32768,uniform,15004241,1,Map-reduce top-k end-to-end time (ms),0.65,Map-reduce top-k end-to-end time (ms),0.65,Map-reduce top-k algorithmic time (ms),0.65,163840,exact,32768,lower-bound
cpu,q16_k8_max,PASS,ok,uint,map_reduce,max,8,65536,uniform,16000156,1,Map-reduce top-k end-to-end time (ms),0.052,Map-reduce top-k end-to-end time (ms),0.052,Map-reduce top-k algorithmic time (ms),0.052,262208,exact,65536,lower-bound
cpu,q16_k256_max,PASS,ok,uint,map_reduce,max,256,65536,uniform,16000404,1,Map-reduce top-k end-to-end time (ms),0.07,Map-reduce top-k end-to-end time (ms),0.07,Map-reduce top-k algorithmic time (ms),0.07,264192,exact,65536,lower-bound
cpu,q16_k4096_max,PASS,ok,uint,map_reduce,max,4096,65536,uniform,16004244,1,Map-reduce top-k end-to-end time (ms),0.815,Map-reduce top-k end-to-end time (ms),0.815,Map-reduce top-k algorithmic time (ms),0.815,294912,exact,65536,lower-bound
cpu,q17_k8_max,PASS,ok,uint,map_reduce,max,8,131072,uniform,17000159,1,Map-reduce top-k end-to-end time (ms),0.056,Map-reduce top-k end-to-end time (ms),0.056,Map-reduce top-k algorithmic time (ms),0.056,524352,exact,131072,lower-bound
cpu,q17_k256_max,PASS,ok,uint,map_reduce,max,256,131072,uniform,17000407,1,Map-reduce top-k end-to-end time (ms),0.077,Map-reduce top-k end-to-end time (ms),0.077,Map-reduce top-k algorithmic time (ms),0.077,526336,exact,131072,lower-bound
cpu,q17_k4096_max,PASS,ok,uint,map_reduce,max,4096,131072,uniform,17004247,1,Map-reduce top-k end-to-end time (ms),1.044,Map-reduce top-k end-to-end time (ms),1.044,Map-reduce top-k algorithmic time (ms),1.044,557056,exact,131072,lower-bound
cpu,q17_k131072_max,PASS,ok,uint,map_reduce,max,131072,131072,uniform,17131223,1,Map-reduce top-k end-to-end time (ms),6.723,Map-reduce top-k end-to-end time (ms),6.723,Map-reduce top-k algorithmic time (ms),6.723,1572864,exact,131072,lower-bound
cpu,q18_k8_max,PASS,ok,uint,map_reduce,max,8,262144,uniform,18000162,1,Map-reduce top-k end-to-end time (ms),0.067,Map-reduce top-k end-to-end time (ms),0.067,Map-reduce top-k algorithmic time (ms),0.067,1048640,exact,262144,lower-bound
cpu,q18_k256_max,PASS,ok,uint,map_reduce,max,256,262144,uniform,18000410,1,Map-reduce top-k end-to-end time (ms),0.087,Map-reduce top-k end-to-end time (ms),0.087,Map-reduce top-k algorithmic time (ms),0.087,1050624,exact,262144,lower-bound
cpu,q18_k4096_max,PASS,ok,uint,map_reduce,max,4096,262144,uniform,18004250,1,Map-reduce top-k end-to-end time (ms),1.32,Map-reduce top-k end-to-end time (ms),1.32,Map-reduce top-k algorithmic time (ms),1.32,1081344,exact,262144,lower-bound
cpu,q18_k131072_max,PASS,ok,uint,map_reduce,max,131072,262144,uniform,18131226,1,Map-reduce top-k end-to-end time (ms),13.833,Map-reduce top-k end-to-end time (ms),13.833,Map-reduce top-k algorithmic time (ms),13.833,2097152,exact,262144,lower-bound
cpu,q19_k8_max,PASS,ok,uint,map_reduce,max,8,524288,uniform,19000165,1,Map-reduce top-k end-to-end time (ms),0.11,Map-reduce top-k end-to-end time (ms),0.11,Map-reduce top-k algorithmic time (ms),0.11,2097216,exact,524288,lower-bound
cpu,q19_k256_max,PASS,ok,uint,map_reduce,max,256,524288,uniform,19000413,1,Map-reduce top-k end-to-end time (ms),0.136,Map-reduce top-k end-to-end time (ms),0.136,Map-reduce top-k algorithmic time (ms),0.136,2099200,exact,524288,lower-bound
cpu,q19_k4096_max,PASS,ok,uint,map_reduce,max,4096,524288,uniform,19004253,1,Map-reduce top-k end-to-end time (ms),1.36,Map-reduce top-k end-to-end time (ms),1.36,Map-reduce top-k algorithmic time (ms),1.36,2129920,exact,524288,lower-bound
cpu,q19_k131072_max,PASS,ok,uint,map_reduce,max,131072,524288,uniform,19131229,1,Map-reduce top-k end-to-end time (ms),21.592,Map-reduce top-k end-to-end time (ms),21.592,Map-reduce top-k algorithmic time (ms),21.592,3145728,exact,524288,lower-bound
cpu,q20_k8_max,PASS,ok,uint,map_reduce,max,8,1048576,uniform,20000168,1,Map-reduce top-k end-to-end time (ms),0.107,Map-reduce top-k end-to-end time (ms),0.107,Map-reduce top-k algorithmic time (ms),0.107,4194368,exact,1048576,lower-bound
cpu,q20_k256_max,PASS,ok,uint,map_reduce,max,256,1048576,uniform,20000416,1,Map-reduce top-k end-to-end time (ms),0.134,Map-reduce top-k end-to-end time (ms),0.134,Map-reduce top-k algorithmic time (ms),0.134,4196352,exact,1048576,lower-bound
cpu,q20_k4096_max,PASS,ok,uint,map_reduce,max,4096,1048576,uniform,20004256,1,Map-reduce top-k end-to-end time (ms),1.669,Map-reduce top-k end-to-end time (ms),1.669,Map-reduce top-k algorithmic time (ms),1.669,4227072,exact,1048576,lower-bound
cpu,q20_k131072_max,PASS,ok,uint,map_reduce,max,131072,1048576,uniform,20131232,1,Map-reduce top-k end-to-end time (ms),30.558,Map-reduce top-k end-to-end time (ms),30.558,Map-reduce top-k algorithmic time (ms),30.558,5242880,exact,1048576,lower-bound
cpu,q21_k8_max,PASS,ok,uint,map_reduce,max,8,2097152,uniform,21000171,1,Map-reduce top-k end-to-end time (ms),0.251,Map-reduce top-k end-to-end time (ms),0.251,Map-reduce top-k algorithmic time (ms),0.251,8388736,exact,2097152,lower-bound
cpu,q21_k256_max,PASS,ok,uint,map_reduce,max,256,2097152,uniform,21000419,1,Map-reduce top-k end-to-end time (ms),0.165,Map-reduce top-k end-to-end time (ms),0.165,Map-reduce top-k algorithmic time (ms),0.165,8392704,exact,2097152,lower-bound
cpu,q21_k4096_max,PASS,ok,uint,map_reduce,max,4096,2097152,uniform,21004259,1,Map-reduce top-k end-to-end time (ms),2.714,Map-reduce top-k end-to-end time (ms),2.714,Map-reduce top-k algorithmic time (ms),2.714,8454144,exact,2097152,lower-bound
cpu,q21_k131072_max,PASS,ok,uint,map_reduce,max,131072,2097152,uniform,21131235,1,Map-reduce top-k end-to-end time (ms),43.687,Map-reduce top-k end-to-end time (ms),43.687,Map-reduce top-k algorithmic time (ms),43.687,10485760,exact,2097152,lower-bound
cpu,q22_k8_max,PASS,ok,uint,map_reduce,max,8,4194304,uniform,22000174,1,Map-reduce top-k end-to-end time (ms),0.185,Map-reduce top-k end-to-end time (ms),0.185,Map-reduce top-k algorithmic time (ms),0.185,16777472,exact,4194304,lower-bound
cpu,q22_k256_max,PASS,ok,uint,map_reduce,max,256,4194304,uniform,22000422,1,Map-reduce top-k end-to-end time (ms),0.26,Map-reduce top-k end-to-end time (ms),0.26,Map-reduce top-k algorithmic time (ms),0.26,16785408,exact,4194304,lower-bound
cpu,q22_k4096_max,PASS,ok,uint,map_reduce,max,4096,4194304,uniform,22004262,1,Map-reduce top-k end-to-end time (ms),2.042,Map-reduce top-k end-to-end time (ms),2.042,Map-reduce top-k algorithmic time (ms),2.042,16908288,exact,4194304,lower-bound
cpu,q22_k131072_max,PASS,ok,uint,map_reduce,max,131072,4194304,uniform,22131238,1,Map-reduce top-k end-to-end time (ms),51.323,Map-reduce top-k end-to-end time (ms),51.323,Map-reduce top-k algorithmic time (ms),51.323,20971520,exact,4194304,lower-bound
cpu,q23_k8_max,PASS,ok,uint,map_reduce,max,8,8388608,uniform,23000177,1,Map-reduce top-k end-to-end time (ms),1,Map-reduce top-k end-to-end time (ms),1,Map-reduce top-k algorithmic time (ms),1,33554944,exact,8388608,lower-bound
cpu,q23_k256_max,PASS,ok,uint,map_reduce,max,256,8388608,uniform,23000425,1,Map-reduce top-k end-to-end time (ms),0.61,Map-reduce top-k end-to-end time (ms),0.61,Map-reduce top-k algorithmic time (ms),0.61,33570816,exact,8388608,lower-bound
cpu,q23_k4096_max,PASS,ok,uint,map_reduce,max,4096,8388608,uniform,23004265,1,Map-reduce top-k end-to-end time (ms),2.942,Map-reduce top-k end-to-end time (ms),2.942,Map-reduce top-k algorithmic time (ms),2.942,33816576,exact,8388608,lower-bound
cpu,q23_k131072_max,PASS,ok,uint,map_reduce,max,131072,8388608,uniform,23131241,1,Map-reduce top-k end-to-end time (ms),64.652,Map-reduce top-k end-to-end time (ms),64.652,Map-reduce top-k algorithmic time (ms),64.652,41943040,exact,8388608,lower-bound
cpu,q24_k8_max,PASS,ok,uint,map_reduce,max,8,16777216,uniform,24000180,1,Map-reduce top-k end-to-end time (ms),1.957,Map-reduce top-k end-to-end time (ms),1.957,Map-reduce top-k algorithmic time (ms),1.957,67109376,exact,16777216,lower-bound
cpu,q24_k256_max,PASS,ok,uint,map_reduce,max,256,16777216,uniform,24000428,1,Map-reduce top-k end-to-end time (ms),1.869,Map-reduce top-k end-to-end time (ms),1.869,Map-reduce top-k algorithmic time (ms),1.869,67125248,exact,16777216,lower-bound
cpu,q24_k4096_max,PASS,ok,uint,map_reduce,max,4096,16777216,uniform,24004268,1,Map-reduce top-k end-to-end time (ms),4.708,Map-reduce top-k end-to-end time (ms),4.708,Map-reduce top-k algorithmic time (ms),4.708,67371008,exact,16777216,lower-bound
cpu,q24_k131072_max,PASS,ok,uint,map_reduce,max,131072,16777216,uniform,24131244,1,Map-reduce top-k end-to-end time (ms),65.23,Map-reduce top-k end-to-end time (ms),65.23,Map-reduce top-k algorithmic time (ms),65.23,75497472,exact,16777216,lower-bound
cpu,q03_k8_max,PASS,ok,uint,gt,max,8,8,uniform,3000117,1,Ground truth end-to-end time (ms),0.048,Ground truth end-to-end time (ms),0.048,Ground truth algorithmic time (ms),0.048,64,lower-bound,8,lower-bound
cpu,q04_k8_max,PASS,ok,uint,gt,max,8,16,uniform,4000120,1,Ground truth end-to-end time (ms),0.05,Ground truth end-to-end time (ms),0.05,Ground truth algorithmic time (ms),0.05,96,lower-bound,16,lower-bound
cpu,q05_k8_max,PASS,ok,uint,gt,max,8,32,uniform,5000123,1,Ground truth end-to-end time (ms),0.048,Ground truth end-to-end time (ms),0.048,Ground truth algorithmic time (ms),0.048,160,lower-bound,32,lower-bound
cpu,q06_k8_max,PASS,ok,uint,gt,max,8,64,uniform,6000126,1,Ground truth end-to-end time (ms),0.048,Ground truth end-to-end time (ms),0.048,Ground truth algorithmic time (ms),0.048,288,lower-bound,64,lower-bound
cpu,q07_k8_max,PASS,ok,uint,gt,max,8,128,uniform,7000129,1,Ground truth end-to-end time (ms),0.047,Ground truth end-to-end time (ms),0.047,Ground truth algorithmic time (ms),0.047,544,lower-bound,128,lower-bound
cpu,q08_k8_max,PASS,ok,uint,gt,max,8,256,uniform,8000132,1,Ground truth end-to-end time (ms),0.048,Ground truth end-to-end time (ms),0.048,Ground truth algorithmic time (ms),0.048,1056,lower-bound,256,lower-bound
cpu,q08_k256_max,PASS,ok,uint,gt,max,256,256,uniform,8000380,1,Ground truth end-to-end time (ms),0.049,Ground truth end-to-end time (ms),0.049,Ground truth algorithmic time (ms),0.049,2048,lower-bound,256,lower-bound
cpu,q09_k8_max,PASS,ok,uint,gt,max,8,512,uniform,9000135,1,Ground truth end-to-end time (ms),0.048,Ground truth end-to-end time (ms),0.048,Ground truth algorithmic time (ms),0.048,2080,lower-bound,512,lower-bound
cpu,q09_k256_max,PASS,ok,uint,gt,max,256,512,uniform,9000383,1,Ground truth end-to-end time (ms),0.054,Ground truth end-to-end time (ms),0.054,Ground truth algorithmic time (ms),0.054,3072,lower-bound,512,lower-bound
cpu,q10_k8_max,PASS,ok,uint,gt,max,8,1024,uniform,10000138,1,Ground truth end-to-end time (ms),0.048,Ground truth end-to-end time (ms),0.048,Ground truth algorithmic time (ms),0.048,4128,lower-bound,1024,lower-bound
cpu,q10_k256_max,PASS,ok,uint,gt,max,256,1024,uniform,10000386,1,Ground truth end-to-end time (ms),0.056,Ground truth end-to-end time (ms),0.056,Ground truth algorithmic time (ms),0.056,5120,lower-bound,1024,lower-bound
cpu,q11_k8_max,PASS,ok,uint,gt,max,8,2048,uniform,11000141,1,Ground truth end-to-end time (ms),0.048,Ground truth end-to-end time (ms),0.048,Ground truth algorithmic time (ms),0.048,8224,lower-bound,2048,lower-bound
cpu,q11_k256_max,PASS,ok,uint,gt,max,256,2048,uniform,11000389,1,Ground truth end-to-end time (ms),0.059,Ground truth end-to-end time (ms),0.059,Ground truth algorithmic time (ms),0.059,9216,lower-bound,2048,lower-bound
cpu,q12_k8_max,PASS,ok,uint,gt,max,8,4096,uniform,12000144,1,Ground truth end-to-end time (ms),0.049,Ground truth end-to-end time (ms),0.049,Ground truth algorithmic time (ms),0.049,16416,lower-bound,4096,lower-bound
cpu,q12_k256_max,PASS,ok,uint,gt,max,256,4096,uniform,12000392,1,Ground truth end-to-end time (ms),0.061,Ground truth end-to-end time (ms),0.061,Ground truth algorithmic time (ms),0.061,17408,lower-bound,4096,lower-bound
cpu,q12_k4096_max,PASS,ok,uint,gt,max,4096,4096,uniform,12004232,1,Ground truth end-to-end time (ms),0.084,Ground truth end-to-end time (ms),0.084,Ground truth algorithmic time (ms),0.084,32768,lower-bound,4096,lower-bound
cpu,q13_k8_max,PASS,ok,uint,gt,max,8,8192,uniform,13000147,1,Ground truth end-to-end time (ms),0.051,Ground truth end-to-end time (ms),0.051,Ground truth algorithmic time (ms),0.051,32800,lower-bound,8192,lower-bound
cpu,q13_k256_max,PASS,ok,uint,gt,max,256,8192,uniform,13000395,1,Ground truth end-to-end time (ms),0.065,Ground truth end-to-end time (ms),0.065,Ground truth algorithmic time (ms),0.065,33792,lower-bound,8192,lower-bound
cpu,q13_k4096_max,PASS,ok,uint,gt,max,4096,8192,uniform,13004235,1,Ground truth end-to-end time (ms),0.192,Ground truth end-to-end time (ms),0.192,Ground truth algorithmic time (ms),0.192,49152,lower-bound,8192,lower-bound
cpu,q14_k8_max,PASS,ok,uint,gt,max,8,16384,uniform,14000150,1,Ground truth end-to-end time (ms),0.052,Ground truth end-to-end time (ms),0.052,Ground truth algorithmic time (ms),0.052,65568,lower-bound,16384,lower-bound
cpu,q14_k256_max,PASS,ok,uint,gt,max,256,16384,uniform,14000398,1,Ground truth end-to-end time (ms),0.07,Ground truth end-to-end time (ms),0.07,Ground truth algorithmic time (ms),0.07,66560,lower-bound,16384,lower-bound
cpu,q14_k4096_max,PASS,ok,uint,gt,max,4096,16384,uniform,14004238,1,Ground truth end-to-end time (ms),0.241,Ground truth end-to-end time (ms),0.241,Ground truth algorithmic time (ms),0.241,81920,lower-bound,16384,lower-bound
cpu,q15_k8_max,PASS,ok,uint,gt,max,8,32768,uniform,15000153,1,Ground truth end-to-end time (ms),0.057,Ground truth end-to-end time (ms),0.057,Ground truth algorithmic time (ms),0.057,131104,lower-bound,32768,lower-bound
cpu,q15_k256_max,PASS,ok,uint,gt,max,256,32768,uniform,15000401,1,Ground truth end-to-end time (ms),0.077,Ground truth end-to-end time (ms),0.077,Ground truth algorithmic time (ms),0.077,132096,lower-bound,32768,lower-bound
cpu,q15_k4096_max,PASS,ok,uint,gt,max,4096,32768,uniform,15004241,1,Ground truth end-to-end time (ms),0.416,Ground truth end-to-end time (ms),0.416,Ground truth algorithmic time (ms),0.416,147456,lower-bound,32768,lower-bound
cpu,q16_k8_max,PASS,ok,uint,gt,max,8,65536,uniform,16000156,1,Ground truth end-to-end time (ms),0.068,Ground truth end-to-end time (ms),0.068,Ground truth algorithmic time (ms),0.068,262176,lower-bound,65536,lower-bound
cpu,q16_k256_max,PASS,ok,uint,gt,max,256,65536,uniform,16000404,1,Ground truth end-to-end time (ms),0.092,Ground truth end-to-end time (ms),0.092,Ground truth algorithmic time (ms),0.092,263168,lower-bound,65536,lower-bound
cpu,q16_k4096_max,PASS,ok,uint,gt,max,4096,65536,uniform,16004244,1,Ground truth end-to-end time (ms),0.538,Ground truth end-to-end time (ms),0.538,Ground truth algorithmic time (ms),0.538,278528,lower-bound,65536,lower-bound
cpu,q17_k8_max,PASS,ok,uint,gt,max,8,131072,uniform,17000159,1,Ground truth end-to-end time (ms),0.088,Ground truth end-to-end time (ms),0.088,Ground truth algorithmic time (ms),0.088,524320,lower-bound,131072,lower-bound
cpu,q17_k256_max,PASS,ok,uint,gt,max,256,131072,uniform,17000407,1,Ground truth end-to-end time (ms),0.118,Ground truth end-to-end time (ms),0.118,Ground truth algorithmic time (ms),0.118,525312,lower-bound,131072,lower-bound
cpu,q17_k4096_max,PASS,ok,uint,gt,max,4096,131072,uniform,17004247,1,Ground truth end-to-end time (ms),0.669,Ground truth end-to-end time (ms),0.669,Ground truth algorithmic time (ms),0.669,540672,lower-bound,131072,lower-bound
cpu,q17_k131072_max,PASS,ok,uint,gt,max,131072,131072,uniform,17131223,1,Ground truth end-to-end time (ms),6.471,Ground truth end-to-end time (ms),6.471,Ground truth algorithmic time (ms),6.471,1048576,lower-bound,131072,lower-bound
cpu,q18_k8_max,PASS,ok,uint,gt,max,8,262144,uniform,18000162,1,Ground truth end-to-end time (ms),0.158,Ground truth end-to-end time (ms),0.158,Ground truth algorithmic time (ms),0.158,1048608,lower-bound,262144,lower-bound
cpu,q18_k256_max,PASS,ok,uint,gt,max,256,262144,uniform,18000410,1,Ground truth end-to-end time (ms),0.164,Ground truth end-to-end time (ms),0.164,Ground truth algorithmic time (ms),0.164,1049600,lower-bound,262144,lower-bound
cpu,q18_k4096_max,PASS,ok,uint,gt,max,4096,262144,uniform,18004250,1,Ground truth end-to-end time (ms),0.814,Ground truth end-to-end time (ms),0.814,Ground truth algorithmic time (ms),0.814,1064960,lower-bound,262144,lower-bound
cpu,q18_k131072_max,PASS,ok,uint,gt,max,131072,262144,uniform,18131226,1,Ground truth end-to-end time (ms),11.006,Ground truth end-to-end time (ms),11.006,Ground truth algorithmic time (ms),11.006,1572864,lower-bound,262144,lower-bound
cpu,q19_k8_max,PASS,ok,uint,gt,max,8,524288,uniform,19000165,1,Ground truth end-to-end time (ms),0.203,Ground truth end-to-end time (ms),0.203,Ground truth algorithmic time (ms),0.203,2097184,lower-bound,524288,lower-bound
cpu,q19_k256_max,PASS,ok,uint,gt,max,256,524288,uniform,19000413,1,Ground truth end-to-end time (ms),0.325,Ground truth end-to-end time (ms),0.325,Ground truth algorithmic time (ms),0.325,2098176,lower-bound,524288,lower-bound
cpu,q19_k4096_max,PASS,ok,uint,gt,max,4096,524288,uniform,19004253,1,Ground truth end-to-end time (ms),1.241,Ground truth end-to-end time (ms),1.241,Ground truth algorithmic time (ms),1.241,2113536,lower-bound,524288,lower-bound
cpu,q19_k131072_max,PASS,ok,uint,gt,max,131072,524288,uniform,19131229,1,Ground truth end-to-end time (ms),19.444,Ground truth end-to-end time (ms),19.444,Ground truth algorithmic time (ms),19.444,2621440,lower-bound,524288,lower-bound
cpu,q20_k8_max,PASS,ok,uint,gt,max,8,1048576,uniform,20000168,1,Ground truth end-to-end time (ms),0.471,Ground truth end-to-end time (ms),0.471,Ground truth algorithmic time (ms),0.471,4194336,lower-bound,1048576,lower-bound
cpu,q20_k256_max,PASS,ok,uint,gt,max,256,1048576,uniform,20000416,1,Ground truth end-to-end time (ms),0.397,Ground truth end-to-end time (ms),0.397,Ground truth algorithmic time (ms),0.397,4195328,lower-bound,1048576,lower-bound
cpu,q20_k4096_max,PASS,ok,uint,gt,max,4096,1048576,uniform,20004256,1,Ground truth end-to-end time (ms),1.278,Ground truth end-to-end time (ms),1.278,Ground truth algorithmic time (ms),1.278,4210688,lower-bound,1048576,lower-bound
cpu,q20_k131072_max,PASS,ok,uint,gt,max,131072,1048576,uniform,20131232,1,Ground truth end-to-end time (ms),24.723,Ground truth end-to-end time (ms),24.723,Ground truth algorithmic time (ms),24.723,4718592,lower-bound,1048576,lower-bound
cpu,q21_k8_max,PASS,ok,uint,gt,max,8,2097152,uniform,21000171,1,Ground truth end-to-end time (ms),0.632,Ground truth end-to-end time (ms),0.632,Ground truth algorithmic time (ms),0.632,8388640,lower-bound,2097152,lower-bound
cpu,q21_k256_max,PASS,ok,uint,gt,max,256,2097152,uniform,21000419,1,Ground truth end-to-end time (ms),0.684,Ground truth end-to-end time (ms),0.684,Ground truth algorithmic time (ms),0.684,8389632,lower-bound,2097152,lower-bound
cpu,q21_k4096_max,PASS,ok,uint,gt,max,4096,2097152,uniform,21004259,1,Ground truth end-to-end time (ms),1.686,Ground truth end-to-end time (ms),1.686,Ground truth algorithmic time (ms),1.686,8404992,lower-bound,2097152,lower-bound
cpu,q21_k131072_max,PASS,ok,uint,gt,max,131072,2097152,uniform,21131235,1,Ground truth end-to-end time (ms),29.674,Ground truth end-to-end time (ms),29.674,Ground truth algorithmic time (ms),29.674,8912896,lower-bound,2097152,lower-bound
cpu,q22_k8_max,PASS,ok,uint,gt,max,8,4194304,uniform,22000174,1,Ground truth end-to-end time (ms),1.549,Ground truth end-to-end time (ms),1.549,Ground truth algorithmic time (ms),1.549,16777248,lower-bound,4194304,lower-bound
cpu,q22_k256_max,PASS,ok,uint,gt,max,256,4194304,uniform,22000422,1,Ground truth end-to-end time (ms),1.576,Ground truth end-to-end time (ms),1.576,Ground truth algorithmic time (ms),1.576,16778240,lower-bound,4194304,lower-bound
cpu,q22_k4096_max,PASS,ok,uint,gt,max,4096,4194304,uniform,22004262,1,Ground truth end-to-end time (ms),2.904,Ground truth end-to-end time (ms),2.904,Ground truth algorithmic time (ms),2.904,16793600,lower-bound,4194304,lower-bound
cpu,q22_k131072_max,PASS,ok,uint,gt,max,131072,4194304,uniform,22131238,1,Ground truth end-to-end time (ms),38.967,Ground truth end-to-end time (ms),38.967,Ground truth algorithmic time (ms),38.967,17301504,lower-bound,4194304,lower-bound
cpu,q23_k8_max,PASS,ok,uint,gt,max,8,8388608,uniform,23000177,1,Ground truth end-to-end time (ms),2.46,Ground truth end-to-end time (ms),2.46,Ground truth algorithmic time (ms),2.46,33554464,lower-bound,8388608,lower-bound
cpu,q23_k256_max,PASS,ok,uint,gt,max,256,8388608,uniform,23000425,1,Ground truth end-to-end time (ms),3.289,Ground truth end-to-end time (ms),3.289,Ground truth algorithmic time (ms),3.289,33555456,lower-bound,8388608,lower-bound
cpu,q23_k4096_max,PASS,ok,uint,gt,max,4096,8388608,uniform,23004265,1,Ground truth end-to-end time (ms),3.771,Ground truth end-to-end time (ms),3.771,Ground truth algorithmic time (ms),3.771,33570816,lower-bound,8388608,lower-bound
cpu,q23_k131072_max,PASS,ok,uint,gt,max,131072,8388608,uniform,23131241,1,Ground truth end-to-end time (ms),44.832,Ground truth end-to-end time (ms),44.832,Ground truth algorithmic time (ms),44.832,34078720,lower-bound,8388608,lower-bound
cpu,q24_k8_max,PASS,ok,uint,gt,max,8,16777216,uniform,24000180,1,Ground truth end-to-end time (ms),4.817,Ground truth end-to-end time (ms),4.817,Ground truth algorithmic time (ms),4.817,67108896,lower-bound,16777216,lower-bound
cpu,q24_k256_max,PASS,ok,uint,gt,max,256,16777216,uniform,24000428,1,Ground truth end-to-end time (ms),6.51,Ground truth end-to-end time (ms),6.51,Ground truth algorithmic time (ms),6.51,67109888,lower-bound,16777216,lower-bound
cpu,q24_k4096_max,PASS,ok,uint,gt,max,4096,16777216,uniform,24004268,1,Ground truth end-to-end time (ms),7.009,Ground truth end-to-end time (ms),7.009,Ground truth algorithmic time (ms),7.009,67125248,lower-bound,16777216,lower-bound
cpu,q24_k131072_max,PASS,ok,uint,gt,max,131072,16777216,uniform,24131244,1,Ground truth end-to-end time (ms),53.331,Ground truth end-to-end time (ms),53.331,Ground truth algorithmic time (ms),53.331,67633152,lower-bound,16777216,lower-bound
gpu,q03_k8_max,PASS,ok,uint,bitonic,max,8,8,uniform,3000117,1,Trunc bitonic end-to-end time (ms),0.265,Trunc bitonic end-to-end time (ms),0.265,Trunc bitonic algorithmic time (ms),0.008,64,exact,24,exact
gpu,q04_k8_max,PASS,ok,uint,bitonic,max,8,16,uniform,4000120,1,Trunc bitonic end-to-end time (ms),0.278,Trunc bitonic end-to-end time (ms),0.278,Trunc bitonic algorithmic time (ms),0.011,288,exact,68,exact
gpu,q05_k8_max,PASS,ok,uint,bitonic,max,8,32,uniform,5000123,1,Trunc bitonic end-to-end time (ms),0.284,Trunc bitonic end-to-end time (ms),0.284,Trunc bitonic algorithmic time (ms),0.013,736,exact,156,exact
gpu,q06_k8_max,PASS,ok,uint,bitonic,max,8,64,uniform,6000126,1,Trunc bitonic end-to-end time (ms),0.29,Trunc bitonic end-to-end time (ms),0.29,Trunc bitonic algorithmic time (ms),0.015,1632,exact,332,exact
gpu,q07_k8_max,PASS,ok,uint,bitonic,max,8,128,uniform,7000129,1,Trunc bitonic end-to-end time (ms),0.294,Trunc bitonic end-to-end time (ms),0.294,Trunc bitonic algorithmic time (ms),0.018,3424,exact,684,exact
gpu,q08_k8_max,PASS,ok,uint,bitonic,max,8,256,uniform,8000132,1,Trunc bitonic end-to-end time (ms),0.298,Trunc bitonic end-to-end time (ms),0.298,Trunc bitonic algorithmic time (ms),0.021,7008,exact,1388,exact
gpu,q08_k256_max,PASS,ok,uint,bitonic,max,256,256,uniform,8000380,1,Trunc bitonic end-to-end time (ms),0.269,Trunc bitonic end-to-end time (ms),0.269,Trunc bitonic algorithmic time (ms),0.011,2048,exact,4608,exact
gpu,q09_k8_max,PASS,ok,uint,bitonic,max,8,512,uniform,9000135,1,Trunc bitonic end-to-end time (ms),0.305,Trunc bitonic end-to-end time (ms),0.305,Trunc bitonic algorithmic time (ms),0.024,14176,exact,2796,exact
gpu,q09_k256_max,PASS,ok,uint,bitonic,max,256,512,uniform,9000383,1,Trunc bitonic end-to-end time (ms),0.282,Trunc bitonic end-to-end time (ms),0.282,Trunc bitonic algorithmic time (ms),0.015,9216,exact,10496,exact
gpu,q10_k8_max,PASS,ok,uint,bitonic,max,8,1024,uniform,10000138,1,Trunc bitonic end-to-end time (ms),0.311,Trunc bitonic end-to-end time (ms),0.311,Trunc bitonic algorithmic time (ms),0.026,28512,exact,5612,exact
gpu,q10_k256_max,PASS,ok,uint,bitonic,max,256,1024,uniform,10000386,1,Trunc bitonic end-to-end time (ms),0.288,Trunc bitonic end-to-end time (ms),0.288,Trunc bitonic algorithmic time (ms),0.019,23552,exact,22272,exact
gpu,q11_k8_max,PASS,ok,uint,bitonic,max,8,2048,uniform,11000141,1,Trunc bitonic end-to-end time (ms),0.318,Trunc bitonic end-to-end time (ms),0.318,Trunc bitonic algorithmic time (ms),0.029,57184,exact,11244,exact
gpu,q11_k256_max,PASS,ok,uint,bitonic,max,256,2048,uniform,11000389,1,Trunc bitonic end-to-end time (ms),0.298,Trunc bitonic end-to-end time (ms),0.298,Trunc bitonic algorithmic time (ms),0.025,52224,exact,45824,exact
gpu,q12_k8_max,PASS,ok,uint,bitonic,max,8,4096,uniform,12000144,1,Trunc bitonic end-to-end time (ms),0.328,Trunc bitonic end-to-end time (ms),0.328,Trunc bitonic algorithmic time (ms),0.033,114528,exact,22508,exact
gpu,q12_k256_max,PASS,ok,uint,bitonic,max,256,4096,uniform,12000392,1,Trunc bitonic end-to-end time (ms),0.31,Trunc bitonic end-to-end time (ms),0.31,Trunc bitonic algorithmic time (ms),0.033,109568,exact,92928,exact
gpu,q12_k4096_max,PASS,ok,uint,bitonic,max,4096,4096,uniform,12004232,1,Trunc bitonic end-to-end time (ms),0.293,Trunc bitonic end-to-end time (ms),0.293,Trunc bitonic algorithmic time (ms),0.032,32768,exact,159744,exact
gpu,q13_k8_max,PASS,ok,uint,bitonic,max,8,8192,uniform,13000147,1,Trunc bitonic end-to-end time (ms),0.333,Trunc bitonic end-to-end time (ms),0.333,Trunc bitonic algorithmic time (ms),0.036,229216,exact,45036,exact
gpu,q13_k256_max,PASS,ok,uint,bitonic,max,256,8192,uniform,13000395,1,Trunc bitonic end-to-end time (ms),0.32,Trunc bitonic end-to-end time (ms),0.32,Trunc bitonic algorithmic time (ms),0.038,224256,exact,187136,exact
gpu,q13_k4096_max,PASS,ok,uint,bitonic,max,4096,8192,uniform,13004235,1,Trunc bitonic end-to-end time (ms),0.312,Trunc bitonic end-to-end time (ms),0.312,Trunc bitonic algorithmic time (ms),0.039,147456,exact,348160,exact
gpu,q14_k8_max,PASS,ok,uint,bitonic,max,8,16384,uniform,14000150,1,Trunc bitonic end-to-end time (ms),0.343,Trunc bitonic end-to-end time (ms),0.343,Trunc bitonic algorithmic time (ms),0.04,458592,exact,90092,exact
gpu,q14_k256_max,PASS,ok,uint,bitonic,max,256,16384,uniform,14000398,1,Trunc bitonic end-to-end time (ms),0.333,Trunc bitonic end-to-end time (ms),0.333,Trunc bitonic algorithmic time (ms),0.044,453632,exact,375552,exact
gpu,q14_k4096_max,PASS,ok,uint,bitonic,max,4096,16384,uniform,14004238,1,Trunc bitonic end-to-end time (ms),0.326,Trunc bitonic end-to-end time (ms),0.326,Trunc bitonic algorithmic time (ms),0.045,376832,exact,724992,exact
gpu,q15_k8_max,PASS,ok,uint,bitonic,max,8,32768,uniform,15000153,1,Trunc bitonic end-to-end time (ms),0.351,Trunc bitonic end-to-end time (ms),0.351,Trunc bitonic algorithmic time (ms),0.044,917344,exact,180204,exact
gpu,q15_k256_max,PASS,ok,uint,bitonic,max,256,32768,uniform,15000401,1,Trunc bitonic end-to-end time (ms),0.346,Trunc bitonic end-to-end time (ms),0.346,Trunc bitonic algorithmic time (ms),0.048,912384,exact,752384,exact
gpu,q15_k4096_max,PASS,ok,uint,bitonic,max,4096,32768,uniform,15004241,1,Trunc bitonic end-to-end time (ms),0.338,Trunc bitonic end-to-end time (ms),0.338,Trunc bitonic algorithmic time (ms),0.052,835584,exact,1478656,exact
gpu,q16_k8_max,PASS,ok,uint,bitonic,max,8,65536,uniform,16000156,1,Trunc bitonic end-to-end time (ms),0.368,Trunc bitonic end-to-end time (ms),0.368,Trunc bitonic algorithmic time (ms),0.046,1834848,exact,360428,exact
gpu,q16_k256_max,PASS,ok,uint,bitonic,max,256,65536,uniform,16000404,1,Trunc bitonic end-to-end time (ms),0.355,Trunc bitonic end-to-end time (ms),0.355,Trunc bitonic algorithmic time (ms),0.054,1829888,exact,1506048,exact
gpu,q16_k4096_max,PASS,ok,uint,bitonic,max,4096,65536,uniform,16004244,1,Trunc bitonic end-to-end time (ms),0.352,Trunc bitonic end-to-end time (ms),0.352,Trunc bitonic algorithmic time (ms),0.059,1753088,exact,2985984,exact
gpu,q17_k8_max,PASS,ok,uint,bitonic,max,8,131072,uniform,17000159,1,Trunc bitonic end-to-end time (ms),0.381,Trunc bitonic end-to-end time (ms),0.381,Trunc bitonic algorithmic time (ms),0.052,3669856,exact,720876,exact
gpu,q17_k256_max,PASS,ok,uint,bitonic,max,256,131072,uniform,17000407,1,Trunc bitonic end-to-end time (ms),0.381,Trunc bitonic end-to-end time (ms),0.381,Trunc bitonic algorithmic time (ms),0.065,3664896,exact,3013376,exact
gpu,q17_k4096_max,PASS,ok,uint,bitonic,max,4096,131072,uniform,17004247,1,Trunc bitonic end-to-end time (ms),0.386,Trunc bitonic end-to-end time (ms),0.386,Trunc bitonic algorithmic time (ms),0.076,3588096,exact,6000640,exact
gpu,q17_k131072_max,PASS,ok,uint,bitonic,max,131072,131072,uniform,17131223,1,Trunc bitonic end-to-end time (ms),0.462,Trunc bitonic end-to-end time (ms),0.462,Trunc bitonic algorithmic time (ms),0.094,11534336,exact,10027008,exact
gpu,q18_k8_max,PASS,ok,uint,bitonic,max,8,262144,uniform,18000162,1,Trunc bitonic end-to-end time (ms),0.406,Trunc bitonic end-to-end time (ms),0.406,Trunc bitonic algorithmic time (ms),0.059,7339872,exact,1441772,exact
gpu,q18_k256_max,PASS,ok,uint,bitonic,max,256,262144,uniform,18000410,1,Trunc bitonic end-to-end time (ms),0.42,Trunc bitonic end-to-end time (ms),0.42,Trunc bitonic algorithmic time (ms),0.077,7334912,exact,6028032,exact
gpu,q18_k4096_max,PASS,ok,uint,bitonic,max,4096,262144,uniform,18004250,1,Trunc bitonic end-to-end time (ms),0.441,Trunc bitonic end-to-end time (ms),0.441,Trunc bitonic algorithmic time (ms),0.1,7258112,exact,12029952,exact
gpu,q18_k131072_max,PASS,ok,uint,bitonic,max,131072,262144,uniform,18131226,1,Trunc bitonic end-to-end time (ms),0.54,Trunc bitonic end-to-end time (ms),0.54,Trunc bitonic algorithmic time (ms),0.134,26738688,exact,21299200,exact
gpu,q19_k8_max,PASS,ok,uint,bitonic,max,8,524288,uniform,19000165,1,Trunc bitonic end-to-end time (ms),0.581,Trunc bitonic end-to-end time (ms),0.581,Trunc bitonic algorithmic time (ms),0.06,14679904,exact,2883564,exact
gpu,q19_k256_max,PASS,ok,uint,bitonic,max,256,524288,uniform,19000413,1,Trunc bitonic end-to-end time (ms),0.62,Trunc bitonic end-to-end time (ms),0.62,Trunc bitonic algorithmic time (ms),0.102,14674944,exact,12057344,exact
gpu,q19_k4096_max,PASS,ok,uint,bitonic,max,4096,524288,uniform,19004253,1,Trunc bitonic end-to-end time (ms),0.664,Trunc bitonic end-to-end time (ms),0.664,Trunc bitonic algorithmic time (ms),0.145,14598144,exact,24088576,exact
gpu,q19_k131072_max,PASS,ok,uint,bitonic,max,131072,524288,uniform,19131229,1,Trunc bitonic end-to-end time (ms),0.794,Trunc bitonic end-to-end time (ms),0.794,Trunc bitonic algorithmic time (ms),0.217,57147392,exact,43843584,exact
gpu,q20_k8_max,PASS,ok,uint,bitonic,max,8,1048576,uniform,20000168,1,Trunc bitonic end-to-end time (ms),0.833,Trunc bitonic end-to-end time (ms),0.833,Trunc bitonic algorithmic time (ms),0.084,29359968,exact,5767148,exact
gpu,q20_k256_max,PASS,ok,uint,bitonic,max,256,1048576,uniform,20000416,1,Trunc bitonic end-to-end time (ms),0.903,Trunc bitonic end-to-end time (ms),0.903,Trunc bitonic algorithmic time (ms),0.157,29355008,exact,24115968,exact
gpu,q20_k4096_max,PASS,ok,uint,bitonic,max,4096,1048576,uniform,20004256,1,Trunc bitonic end-to-end time (ms),1.012,Trunc bitonic end-to-end time (ms),1.012,Trunc bitonic algorithmic time (ms),0.247,29278208,exact,48205824,exact
gpu,q20_k131072_max,PASS,ok,uint,bitonic,max,131072,1048576,uniform,20131232,1,Trunc bitonic end-to-end time (ms),1.212,Trunc bitonic end-to-end time (ms),1.212,Trunc bitonic algorithmic time (ms),0.402,117964800,exact,88932352,exact
gpu,q21_k8_max,PASS,ok,uint,bitonic,max,8,2097152,uniform,21000171,1,Trunc bitonic end-to-end time (ms),1.298,Trunc bitonic end-to-end time (ms),1.298,Trunc bitonic algorithmic time (ms),0.126,58720096,exact,11534316,exact
gpu,q21_k256_max,PASS,ok,uint,bitonic,max,256,2097152,uniform,21000419,1,Trunc bitonic end-to-end time (ms),1.521,Trunc bitonic end-to-end time (ms),1.521,Trunc bitonic algorithmic time (ms),0.265,58715136,exact,48233216,exact
gpu,q21_k4096_max,PASS,ok,uint,bitonic,max,4096,2097152,uniform,21004259,1,Trunc bitonic end-to-end time (ms),1.483,Trunc bitonic end-to-end time (ms),1.483,Trunc bitonic algorithmic time (ms),0.462,58638336,exact,96440320,exact
gpu,q21_k131072_max,PASS,ok,uint,bitonic,max,131072,2097152,uniform,21131235,1,Trunc bitonic end-to-end time (ms),1.912,Trunc bitonic end-to-end time (ms),1.912,Trunc bitonic algorithmic time (ms),0.783,239599616,exact,179109888,exact
gpu,q22_k8_max,PASS,ok,uint,bitonic,max,8,4194304,uniform,22000174,1,Trunc bitonic end-to-end time (ms),2.064,Trunc bitonic end-to-end time (ms),2.064,Trunc bitonic algorithmic time (ms),0.235,117440352,exact,23068652,exact
gpu,q22_k256_max,PASS,ok,uint,bitonic,max,256,4194304,uniform,22000422,1,Trunc bitonic end-to-end time (ms),2.198,Trunc bitonic end-to-end time (ms),2.198,Trunc bitonic algorithmic time (ms),0.52,117435392,exact,96467712,exact
gpu,q22_k4096_max,PASS,ok,uint,bitonic,max,4096,4194304,uniform,22004262,1,Trunc bitonic end-to-end time (ms),2.673,Trunc bitonic end-to-end time (ms),2.673,Trunc bitonic algorithmic time (ms),0.856,117358592,exact,192909312,exact
gpu,q22_k131072_max,PASS,ok,uint,bitonic,max,131072,4194304,uniform,22131238,1,Trunc bitonic end-to-end time (ms),4.141,Trunc bitonic end-to-end time (ms),4.141,Trunc bitonic algorithmic time (ms),1.495,482869248,exact,359464960,exact
gpu,q23_k8_max,PASS,ok,uint,bitonic,max,8,8388608,uniform,23000177,1,Trunc bitonic end-to-end time (ms),3.86,Trunc bitonic end-to-end time (ms),3.86,Trunc bitonic algorithmic time (ms),0.549,234880864,exact,46137324,exact
gpu,q23_k256_max,PASS,ok,uint,bitonic,max,256,8388608,uniform,23000425,1,Trunc bitonic end-to-end time (ms),4.83,Trunc bitonic end-to-end time (ms),4.83,Trunc bitonic algorithmic time (ms),1.002,234875904,exact,192936704,exact
gpu,q23_k4096_max,PASS,ok,uint,bitonic,max,4096,8388608,uniform,23004265,1,Trunc bitonic end-to-end time (ms),5.212,Trunc bitonic end-to-end time (ms),5.212,Trunc bitonic algorithmic time (ms),1.733,234799104,exact,385847296,exact
gpu,q23_k131072_max,PASS,ok,uint,bitonic,max,131072,8388608,uniform,23131241,1,Trunc bitonic end-to-end time (ms),7.008,Trunc bitonic end-to-end time (ms),7.008,Trunc bitonic algorithmic time (ms),3.444,969408512,exact,720175104,exact
gpu,q24_k8_max,PASS,ok,uint,bitonic,max,8,16777216,uniform,24000180,1,Trunc bitonic end-to-end time (ms),7.199,Trunc bitonic end-to-end time (ms),7.199,Trunc bitonic algorithmic time (ms),1.219,469761888,exact,92274668,exact
gpu,q24_k256_max,PASS,ok,uint,bitonic,max,256,16777216,uniform,24000428,1,Trunc bitonic end-to-end time (ms),8.172,Trunc bitonic end-to-end time (ms),8.172,Trunc bitonic algorithmic time (ms),2.079,469756928,exact,385874688,exact
gpu,q24_k4096_max,PASS,ok,uint,bitonic,max,4096,16777216,uniform,24004268,1,Trunc bitonic end-to-end time (ms),9.71,Trunc bitonic end-to-end time (ms),9.71,Trunc bitonic algorithmic time (ms),3.556,469680128,exact,771723264,exact
gpu,q24_k131072_max,PASS,ok,uint,bitonic,max,131072,16777216,uniform,24131244,1,Trunc bitonic end-to-end time (ms),14.43,Trunc bitonic end-to-end time (ms),14.43,Trunc bitonic algorithmic time (ms),8.065,1674051584,exact,1441595392,exact
gpu,q03_k8_max,PASS,ok,uint,map_reduce,max,8,8,uniform,3000117,1,Map-reduce top-k end-to-end time (ms),0.247,Map-reduce top-k end-to-end time (ms),0.247,Map-reduce top-k algorithmic time (ms),0.01,324512,exact,8,lower-bound
gpu,q04_k8_max,PASS,ok,uint,map_reduce,max,8,16,uniform,4000120,1,Map-reduce top-k end-to-end time (ms),0.249,Map-reduce top-k end-to-end time (ms),0.249,Map-reduce top-k algorithmic time (ms),0.012,324544,exact,16,lower-bound
gpu,q05_k8_max,PASS,ok,uint,map_reduce,max,8,32,uniform,5000123,1,Map-reduce top-k end-to-end time (ms),0.253,Map-reduce top-k end-to-end time (ms),0.253,Map-reduce top-k algorithmic time (ms),0.014,324608,exact,32,lower-bound
gpu,q06_k8_max,PASS,ok,uint,map_reduce,max,8,64,uniform,6000126,1,Map-reduce top-k end-to-end time (ms),0.254,Map-reduce top-k end-to-end time (ms),0.254,Map-reduce top-k algorithmic time (ms),0.016,324736,exact,64,lower-bound
gpu,q07_k8_max,PASS,ok,uint,map_reduce,max,8,128,uniform,7000129,1,Map-reduce top-k end-to-end time (ms),0.256,Map-reduce top-k end-to-end time (ms),0.256,Map-reduce top-k algorithmic time (ms),0.019,324992,exact,128,lower-bound
gpu,q08_k8_max,PASS,ok,uint,map_reduce,max,8,256,uniform,8000132,1,Map-reduce top-k end-to-end time (ms),0.263,Map-reduce top-k end-to-end time (ms),0.263,Map-reduce top-k algorithmic time (ms),0.024,325504,exact,256,lower-bound
gpu,q08_k256_max,PASS,ok,uint,map_reduce,max,256,256,uniform,8000380,1,Map-reduce top-k end-to-end time (ms),0.613,Map-reduce top-k end-to-end time (ms),0.613,Map-reduce top-k algorithmic time (ms),0.047,480256,exact,256,lower-bound
gpu,q09_k8_max,PASS,ok,uint,map_reduce,max,8,512,uniform,9000135,1,Map-reduce top-k end-to-end time (ms),0.262,Map-reduce top-k end-to-end time (ms),0.262,Map-reduce top-k algorithmic time (ms),0.024,326528,exact,512,lower-bound
gpu,q09_k256_max,PASS,ok,uint,map_reduce,max,256,512,uniform,9000383,1,Map-reduce top-k end-to-end time (ms),0.617,Map-reduce top-k end-to-end time (ms),0.617,Map-reduce top-k algorithmic time (ms),0.047,481280,exact,512,lower-bound
gpu,q10_k8_max,PASS,ok,uint,map_reduce,max,8,1024,uniform,10000138,1,Map-reduce top-k end-to-end time (ms),0.261,Map-reduce top-k end-to-end time (ms),0.261,Map-reduce top-k algorithmic time (ms),0.024,328576,exact,1024,lower-bound
gpu,q10_k256_max,PASS,ok,uint,map_reduce,max,256,1024,uniform,10000386,1,Map-reduce top-k end-to-end time (ms),0.692,Map-reduce top-k end-to-end time (ms),0.692,Map-reduce top-k algorithmic time (ms),0.048,483328,exact,1024,lower-bound
gpu,q11_k8_max,PASS,ok,uint,map_reduce,max,8,2048,uniform,11000141,1,Map-reduce top-k end-to-end time (ms),0.261,Map-reduce top-k end-to-end time (ms),0.261,Map-reduce top-k algorithmic time (ms),0.024,332672,exact,2048,lower-bound
gpu,q11_k256_max,PASS,ok,uint,map_reduce,max,256,2048,uniform,11000389,1,Map-reduce top-k end-to-end time (ms),0.626,Map-reduce top-k end-to-end time (ms),0.626,Map-reduce top-k algorithmic time (ms),0.049,487424,exact,2048,lower-bound
gpu,q12_k8_max,PASS,ok,uint,map_reduce,max,8,4096,uniform,12000144,1,Map-reduce top-k end-to-end time (ms),0.263,Map-reduce top-k end-to-end time (ms),0.263,Map-reduce top-k algorithmic time (ms),0.025,340864,exact,4096,lower-bound
gpu,q12_k256_max,PASS,ok,uint,map_reduce,max,256,4096,uniform,12000392,1,Map-reduce top-k end-to-end time (ms),0.622,Map-reduce top-k end-to-end time (ms),0.622,Map-reduce top-k algorithmic time (ms),0.049,495616,exact,4096,lower-bound
gpu,q12_k4096_max,PASS,ok,uint,map_reduce,max,4096,4096,uniform,12004232,1,Map-reduce top-k end-to-end time (ms),3.801,Map-reduce top-k end-to-end time (ms),3.801,Map-reduce top-k algorithmic time (ms),0.051,2375680,exact,4096,lower-bound
gpu,q13_k8_max,PASS,ok,uint,map_reduce,max,8,8192,uniform,13000147,1,Map-reduce top-k end-to-end time (ms),0.265,Map-reduce top-k end-to-end time (ms),0.265,Map-reduce top-k algorithmic time (ms),0.025,357248,exact,8192,lower-bound
gpu,q13_k256_max,PASS,ok,uint,map_reduce,max,256,8192,uniform,13000395,1,Map-reduce top-k end-to-end time (ms),0.557,Map-reduce top-k end-to-end time (ms),0.557,Map-reduce top-k algorithmic time (ms),0.052,512000,exact,8192,lower-bound
gpu,q13_k4096_max,PASS,ok,uint,map_reduce,max,4096,8192,uniform,13004235,1,Map-reduce top-k end-to-end time (ms),3.521,Map-reduce top-k end-to-end time (ms),3.521,Map-reduce top-k algorithmic time (ms),0.073,2392064,exact,8192,lower-bound
gpu,q14_k8_max,PASS,ok,uint,map_reduce,max,8,16384,uniform,14000150,1,Map-reduce top-k end-to-end time (ms),0.273,Map-reduce top-k end-to-end time (ms),0.273,Map-reduce top-k algorithmic time (ms),0.026,390016,exact,16384,lower-bound
gpu,q14_k256_max,PASS,ok,uint,map_reduce,max,256,16384,uniform,14000398,1,Map-reduce top-k end-to-end time (ms),0.612,Map-reduce top-k end-to-end time (ms),0.612,Map-reduce top-k algorithmic time (ms),0.053,544768,exact,16384,lower-bound
gpu,q14_k4096_max,PASS,ok,uint,map_reduce,max,4096,16384,uniform,14004238,1,Map-reduce top-k end-to-end time (ms),3.727,Map-reduce top-k end-to-end time (ms),3.727,Map-reduce top-k algorithmic time (ms),0.064,2424832,exact,16384,lower-bound
gpu,q15_k8_max,PASS,ok,uint,map_reduce,max,8,32768,uniform,15000153,1,Map-reduce top-k end-to-end time (ms),0.275,Map-reduce top-k end-to-end time (ms),0.275,Map-reduce top-k algorithmic time (ms),0.029,455552,exact,32768,lower-bound
gpu,q15_k256_max,PASS,ok,uint,map_reduce,max,256,32768,uniform,15000401,1,Map-reduce top-k end-to-end time (ms),0.658,Map-reduce top-k end-to-end time (ms),0.658,Map-reduce top-k algorithmic time (ms),0.062,610304,exact,32768,lower-bound
gpu,q15_k4096_max,PASS,ok,uint,map_reduce,max,4096,32768,uniform,15004241,1,Map-reduce top-k end-to-end time (ms),3.435,Map-reduce top-k end-to-end time (ms),3.435,Map-reduce top-k algorithmic time (ms),0.094,2490368,exact,32768,lower-bound
gpu,q16_k8_max,PASS,ok,uint,map_reduce,max,8,65536,uniform,16000156,1,Map-reduce top-k end-to-end time (ms),0.291,Map-reduce top-k end-to-end time (ms),0.291,Map-reduce top-k algorithmic time (ms),0.038,906112,exact,65536,lower-bound
gpu,q16_k256_max,PASS,ok,uint,map_reduce,max,256,65536,uniform,16000404,1,Map-reduce top-k end-to-end time (ms),0.925,Map-reduce top-k end-to-end time (ms),0.925,Map-reduce top-k algorithmic time (ms),0.22,1060864,exact,65536,lower-bound
gpu,q16_k4096_max,PASS,ok,uint,map_reduce,max,4096,65536,uniform,16004244,1,Map-reduce top-k end-to-end time (ms),3.648,Map-reduce top-k end-to-end time (ms),3.648,Map-reduce top-k algorithmic time (ms),0.131,2883584,exact,65536,lower-bound
gpu,q17_k8_max,PASS,ok,uint,map_reduce,max,8,131072,uniform,17000159,1,Map-reduce top-k end-to-end time (ms),0.314,Map-reduce top-k end-to-end time (ms),0.314,Map-reduce top-k algorithmic time (ms),0.048,1807232,exact,131072,lower-bound
gpu,q17_k256_max,PASS,ok,uint,map_reduce,max,256,131072,uniform,17000407,1,Map-reduce top-k end-to-end time (ms),1.088,Map-reduce top-k end-to-end time (ms),1.088,Map-reduce top-k algorithmic time (ms),0.406,1961984,exact,131072,lower-bound
gpu,q17_k4096_max,PASS,ok,uint,map_reduce,max,4096,131072,uniform,17004247,1,Map-reduce top-k end-to-end time (ms),3.827,Map-reduce top-k end-to-end time (ms),3.827,Map-reduce top-k algorithmic time (ms),0.159,3670016,exact,131072,lower-bound
gpu,q17_k131072_max,PASS,ok,uint,map_reduce,max,131072,131072,uniform,17131223,1,Map-reduce top-k end-to-end time (ms),12.543,Map-reduce top-k end-to-end time (ms),12.543,Map-reduce top-k algorithmic time (ms),3.032,3670016,exact,131072,lower-bound
gpu,q18_k8_max,PASS,ok,uint,map_reduce,max,8,262144,uniform,18000162,1,Map-reduce top-k end-to-end time (ms),0.492,Map-reduce top-k end-to-end time (ms),0.492,Map-reduce top-k algorithmic time (ms),0.073,3289984,exact,262144,lower-bound
gpu,q18_k256_max,PASS,ok,uint,map_reduce,max,256,262144,uniform,18000410,1,Map-reduce top-k end-to-end time (ms),1.232,Map-reduce top-k end-to-end time (ms),1.232,Map-reduce top-k algorithmic time (ms),0.577,3444736,exact,262144,lower-bound
gpu,q18_k4096_max,PASS,ok,uint,map_reduce,max,4096,262144,uniform,18004250,1,Map-reduce top-k end-to-end time (ms),4.021,Map-reduce top-k end-to-end time (ms),4.021,Map-reduce top-k algorithmic time (ms),0.237,5242880,exact,262144,lower-bound
gpu,q18_k131072_max,PASS,ok,uint,map_reduce,max,131072,262144,uniform,18131226,1,Map-reduce top-k end-to-end time (ms),16.236,Map-reduce top-k end-to-end time (ms),16.236,Map-reduce top-k algorithmic time (ms),6.066,5242880,exact,262144,lower-bound
gpu,q19_k8_max,PASS,ok,uint,map_reduce,max,8,524288,uniform,19000165,1,Map-reduce top-k end-to-end time (ms),0.606,Map-reduce top-k end-to-end time (ms),0.606,Map-reduce top-k algorithmic time (ms),0.11,4658048,exact,524288,lower-bound
gpu,q19_k256_max,PASS,ok,uint,map_reduce,max,256,524288,uniform,19000413,1,Map-reduce top-k end-to-end time (ms),1.825,Map-reduce top-k end-to-end time (ms),1.825,Map-reduce top-k algorithmic time (ms),0.85,6729728,exact,524288,lower-bound
gpu,q19_k4096_max,PASS,ok,uint,map_reduce,max,4096,524288,uniform,19004253,1,Map-reduce top-k end-to-end time (ms),5.239,Map-reduce top-k end-to-end time (ms),5.239,Map-reduce top-k algorithmic time (ms),0.895,8388608,exact,524288,lower-bound
gpu,q19_k131072_max,PASS,ok,uint,map_reduce,max,131072,524288,uniform,19131229,1,Map-reduce top-k end-to-end time (ms),41.336,Map-reduce top-k end-to-end time (ms),41.336,Map-reduce top-k algorithmic time (ms),30.896,8388608,exact,524288,lower-bound
gpu,q20_k8_max,PASS,ok,uint,map_reduce,max,8,1048576,uniform,20000168,1,Map-reduce top-k end-to-end time (ms),0.734,Map-reduce top-k end-to-end time (ms),0.734,Map-reduce top-k algorithmic time (ms),0.11,6755200,exact,1048576,lower-bound
gpu,q20_k256_max,PASS,ok,uint,map_reduce,max,256,1048576,uniform,20000416,1,Map-reduce top-k end-to-end time (ms),2.349,Map-reduce top-k end-to-end time (ms),2.349,Map-reduce top-k algorithmic time (ms),1.3,12980224,exact,1048576,lower-bound
gpu,q20_k4096_max,PASS,ok,uint,map_reduce,max,4096,1048576,uniform,20004256,1,Map-reduce top-k end-to-end time (ms),8.807,Map-reduce top-k end-to-end time (ms),8.807,Map-reduce top-k algorithmic time (ms),3.821,14680064,exact,1048576,lower-bound
gpu,q20_k131072_max,PASS,ok,uint,map_reduce,max,131072,1048576,uniform,20131232,1,Map-reduce top-k end-to-end time (ms),209.69,Map-reduce top-k end-to-end time (ms),209.69,Map-reduce top-k algorithmic time (ms),199.43,14680064,exact,1048576,lower-bound
gpu,q21_k8_max,PASS,ok,uint,map_reduce,max,8,2097152,uniform,21000171,1,Map-reduce top-k end-to-end time (ms),1.088,Map-reduce top-k end-to-end time (ms),1.088,Map-reduce top-k algorithmic time (ms),0.165,10949504,exact,2097152,lower-bound
gpu,q21_k256_max,PASS,ok,uint,map_reduce,max,256,2097152,uniform,21000419,1,Map-reduce top-k end-to-end time (ms),3.403,Map-reduce top-k end-to-end time (ms),3.403,Map-reduce top-k algorithmic time (ms),2.072,25481216,exact,2097152,lower-bound
gpu,q21_k4096_max,PASS,ok,uint,map_reduce,max,4096,2097152,uniform,21004259,1,Map-reduce top-k end-to-end time (ms),12.48,Map-reduce top-k end-to-end time (ms),12.48,Map-reduce top-k algorithmic time (ms),7.131,27262976,exact,2097152,lower-bound
gpu,q21_k131072_max,PASS,ok,uint,map_reduce,max,131072,2097152,uniform,21131235,1,Map-reduce top-k end-to-end time (ms),388.098,Map-reduce top-k end-to-end time (ms),388.098,Map-reduce top-k algorithmic time (ms),375.505,27262976,exact,2097152,lower-bound
gpu,q22_k8_max,PASS,ok,uint,map_reduce,max,8,4194304,uniform,22000174,1,Map-reduce top-k end-to-end time (ms),1.752,Map-reduce top-k end-to-end time (ms),1.752,Map-reduce top-k algorithmic time (ms),0.215,19338112,exact,4194304,lower-bound
gpu,q22_k256_max,PASS,ok,uint,map_reduce,max,256,4194304,uniform,22000422,1,Map-reduce top-k end-to-end time (ms),5.512,Map-reduce top-k end-to-end time (ms),5.512,Map-reduce top-k algorithmic time (ms),3.321,50802688,exact,4194304,lower-bound
gpu,q22_k4096_max,PASS,ok,uint,map_reduce,max,4096,4194304,uniform,22004262,1,Map-reduce top-k end-to-end time (ms),16.757,Map-reduce top-k end-to-end time (ms),16.757,Map-reduce top-k algorithmic time (ms),11.156,52428800,exact,4194304,lower-bound
gpu,q22_k131072_max,PASS,ok,uint,map_reduce,max,131072,4194304,uniform,22131238,1,Map-reduce top-k end-to-end time (ms),582.739,Map-reduce top-k end-to-end time (ms),582.739,Map-reduce top-k algorithmic time (ms),570.979,52428800,exact,4194304,lower-bound
gpu,q23_k8_max,PASS,ok,uint,map_reduce,max,8,8388608,uniform,23000177,1,Map-reduce top-k end-to-end time (ms),3.022,Map-reduce top-k end-to-end time (ms),3.022,Map-reduce top-k algorithmic time (ms),0.29,36115328,exact,8388608,lower-bound
gpu,q23_k256_max,PASS,ok,uint,map_reduce,max,256,8388608,uniform,23000425,1,Map-reduce top-k end-to-end time (ms),12.756,Map-reduce top-k end-to-end time (ms),12.756,Map-reduce top-k algorithmic time (ms),9.117,101126144,exact,8388608,lower-bound
gpu,q23_k4096_max,PASS,ok,uint,map_reduce,max,4096,8388608,uniform,23004265,1,Map-reduce top-k end-to-end time (ms),25.326,Map-reduce top-k end-to-end time (ms),25.326,Map-reduce top-k algorithmic time (ms),17.692,102760448,exact,8388608,lower-bound
gpu,q23_k131072_max,PASS,ok,uint,map_reduce,max,131072,8388608,uniform,23131241,1,Map-reduce top-k end-to-end time (ms),850.256,Map-reduce top-k end-to-end time (ms),850.256,Map-reduce top-k algorithmic time (ms),836.564,102760448,exact,8388608,lower-bound
gpu,q24_k8_max,PASS,ok,uint,map_reduce,max,8,16777216,uniform,24000180,1,Map-reduce top-k end-to-end time (ms),5.682,Map-reduce top-k end-to-end time (ms),5.682,Map-reduce top-k algorithmic time (ms),0.423,69669760,exact,16777216,lower-bound
gpu,q24_k256_max,PASS,ok,uint,map_reduce,max,256,16777216,uniform,24000428,1,Map-reduce top-k end-to-end time (ms),12.199,Map-reduce top-k end-to-end time (ms),12.199,Map-reduce top-k algorithmic time (ms),6.645,94425088,exact,16777216,lower-bound
gpu,q24_k4096_max,PASS,ok,uint,map_reduce,max,4096,16777216,uniform,24004268,1,Map-reduce top-k end-to-end time (ms),37.186,Map-reduce top-k end-to-end time (ms),37.186,Map-reduce top-k algorithmic time (ms),27.082,203423744,exact,16777216,lower-bound
gpu,q24_k131072_max,PASS,ok,uint,map_reduce,max,131072,16777216,uniform,24131244,1,Map-reduce top-k end-to-end time (ms),1210.055,Map-reduce top-k end-to-end time (ms),1210.055,Map-reduce top-k algorithmic time (ms),1193.399,203423744,exact,16777216,lower-bound
gpu,q03_k8_max,PASS,ok,uint,gt,max,8,8,uniform,3000117,1,Ground truth end-to-end time (ms),0.257,Ground truth end-to-end time (ms),0.257,Ground truth algorithmic time (ms),0.021,64,lower-bound,8,lower-bound
gpu,q04_k8_max,PASS,ok,uint,gt,max,8,16,uniform,4000120,1,Ground truth end-to-end time (ms),0.258,Ground truth end-to-end time (ms),0.258,Ground truth algorithmic time (ms),0.021,96,lower-bound,16,lower-bound
gpu,q05_k8_max,PASS,ok,uint,gt,max,8,32,uniform,5000123,1,Ground truth end-to-end time (ms),0.258,Ground truth end-to-end time (ms),0.258,Ground truth algorithmic time (ms),0.02,160,lower-bound,32,lower-bound
gpu,q06_k8_max,PASS,ok,uint,gt,max,8,64,uniform,6000126,1,Ground truth end-to-end time (ms),0.258,Ground truth end-to-end time (ms),0.258,Ground truth algorithmic time (ms),0.021,288,lower-bound,64,lower-bound
gpu,q07_k8_max,PASS,ok,uint,gt,max,8,128,uniform,7000129,1,Ground truth end-to-end time (ms),0.259,Ground truth end-to-end time (ms),0.259,Ground truth algorithmic time (ms),0.021,544,lower-bound,128,lower-bound
gpu,q08_k8_max,PASS,ok,uint,gt,max,8,256,uniform,8000132,1,Ground truth end-to-end time (ms),0.256,Ground truth end-to-end time (ms),0.256,Ground truth algorithmic time (ms),0.02,1056,lower-bound,256,lower-bound
gpu,q08_k256_max,PASS,ok,uint,gt,max,256,256,uniform,8000380,1,Ground truth end-to-end time (ms),0.259,Ground truth end-to-end time (ms),0.259,Ground truth algorithmic time (ms),0.021,2048,lower-bound,256,lower-bound
gpu,q09_k8_max,PASS,ok,uint,gt,max,8,512,uniform,9000135,1,Ground truth end-to-end time (ms),0.257,Ground truth end-to-end time (ms),0.257,Ground truth algorithmic time (ms),0.021,2080,lower-bound,512,lower-bound
gpu,q09_k256_max,PASS,ok,uint,gt,max,256,512,uniform,9000383,1,Ground truth end-to-end time (ms),0.263,Ground truth end-to-end time (ms),0.263,Ground truth algorithmic time (ms),0.021,3072,lower-bound,512,lower-bound
gpu,q10_k8_max,PASS,ok,uint,gt,max,8,1024,uniform,10000138,1,Ground truth end-to-end time (ms),0.258,Ground truth end-to-end time (ms),0.258,Ground truth algorithmic time (ms),0.021,4128,lower-bound,1024,lower-bound
gpu,q10_k256_max,PASS,ok,uint,gt,max,256,1024,uniform,10000386,1,Ground truth end-to-end time (ms),0.261,Ground truth end-to-end time (ms),0.261,Ground truth algorithmic time (ms),0.021,5120,lower-bound,1024,lower-bound
gpu,q11_k8_max,PASS,ok,uint,gt,max,8,2048,uniform,11000141,1,Ground truth end-to-end time (ms),0.26,Ground truth end-to-end time (ms),0.26,Ground truth algorithmic time (ms),0.023,8224,lower-bound,2048,lower-bound
gpu,q11_k256_max,PASS,ok,uint,gt,max,256,2048,uniform,11000389,1,Ground truth end-to-end time (ms),0.267,Ground truth end-to-end time (ms),0.267,Ground truth algorithmic time (ms),0.024,9216,lower-bound,2048,lower-bound
gpu,q12_k8_max,PASS,ok,uint,gt,max,8,4096,uniform,12000144,1,Ground truth end-to-end time (ms),0.264,Ground truth end-to-end time (ms),0.264,Ground truth algorithmic time (ms),0.024,16416,lower-bound,4096,lower-bound
gpu,q12_k256_max,PASS,ok,uint,gt,max,256,4096,uniform,12000392,1,Ground truth end-to-end time (ms),0.269,Ground truth end-to-end time (ms),0.269,Ground truth algorithmic time (ms),0.025,17408,lower-bound,4096,lower-bound
gpu,q12_k4096_max,PASS,ok,uint,gt,max,4096,4096,uniform,12004232,1,Ground truth end-to-end time (ms),0.411,Ground truth end-to-end time (ms),0.411,Ground truth algorithmic time (ms),0.022,32768,lower-bound,4096,lower-bound
gpu,q13_k8_max,PASS,ok,uint,gt,max,8,8192,uniform,13000147,1,Ground truth end-to-end time (ms),0.265,Ground truth end-to-end time (ms),0.265,Ground truth algorithmic time (ms),0.024,32800,lower-bound,8192,lower-bound
gpu,q13_k256_max,PASS,ok,uint,gt,max,256,8192,uniform,13000395,1,Ground truth end-to-end time (ms),0.271,Ground truth end-to-end time (ms),0.271,Ground truth algorithmic time (ms),0.025,33792,lower-bound,8192,lower-bound
gpu,q13_k4096_max,PASS,ok,uint,gt,max,4096,8192,uniform,13004235,1,Ground truth end-to-end time (ms),0.415,Ground truth end-to-end time (ms),0.415,Ground truth algorithmic time (ms),0.025,49152,lower-bound,8192,lower-bound
gpu,q14_k8_max,PASS,ok,uint,gt,max,8,16384,uniform,14000150,1,Ground truth end-to-end time (ms),0.266,Ground truth end-to-end time (ms),0.266,Ground truth algorithmic time (ms),0.025,65568,lower-bound,16384,lower-bound
gpu,q14_k256_max,PASS,ok,uint,gt,max,256,16384,uniform,14000398,1,Ground truth end-to-end time (ms),0.271,Ground truth end-to-end time (ms),0.271,Ground truth algorithmic time (ms),0.025,66560,lower-bound,16384,lower-bound
gpu,q14_k4096_max,PASS,ok,uint,gt,max,4096,16384,uniform,14004238,1,Ground truth end-to-end time (ms),0.415,Ground truth end-to-end time (ms),0.415,Ground truth algorithmic time (ms),0.022,81920,lower-bound,16384,lower-bound
gpu,q15_k8_max,PASS,ok,uint,gt,max,8,32768,uniform,15000153,1,Ground truth end-to-end time (ms),0.27,Ground truth end-to-end time (ms),0.27,Ground truth algorithmic time (ms),0.025,131104,lower-bound,32768,lower-bound
gpu,q15_k256_max,PASS,ok,uint,gt,max,256,32768,uniform,15000401,1,Ground truth end-to-end time (ms),0.278,Ground truth end-to-end time (ms),0.278,Ground truth algorithmic time (ms),0.025,132096,lower-bound,32768,lower-bound
gpu,q15_k4096_max,PASS,ok,uint,gt,max,4096,32768,uniform,15004241,1,Ground truth end-to-end time (ms),0.421,Ground truth end-to-end time (ms),0.421,Ground truth algorithmic time (ms),0.026,147456,lower-bound,32768,lower-bound
gpu,q16_k8_max,PASS,ok,uint,gt,max,8,65536,uniform,16000156,1,Ground truth end-to-end time (ms),0.277,Ground truth end-to-end time (ms),0.277,Ground truth algorithmic time (ms),0.026,262176,lower-bound,65536,lower-bound
gpu,q16_k256_max,PASS,ok,uint,gt,max,256,65536,uniform,16000404,1,Ground truth end-to-end time (ms),0.28,Ground truth end-to-end time (ms),0.28,Ground truth algorithmic time (ms),0.026,263168,lower-bound,65536,lower-bound
gpu,q16_k4096_max,PASS,ok,uint,gt,max,4096,65536,uniform,16004244,1,Ground truth end-to-end time (ms),0.428,Ground truth end-to-end time (ms),0.428,Ground truth algorithmic time (ms),0.027,278528,lower-bound,65536,lower-bound
gpu,q17_k8_max,PASS,ok,uint,gt,max,8,131072,uniform,17000159,1,Ground truth end-to-end time (ms),0.293,Ground truth end-to-end time (ms),0.293,Ground truth algorithmic time (ms),0.022,524320,lower-bound,131072,lower-bound
gpu,q17_k256_max,PASS,ok,uint,gt,max,256,131072,uniform,17000407,1,Ground truth end-to-end time (ms),0.295,Ground truth end-to-end time (ms),0.295,Ground truth algorithmic time (ms),0.022,525312,lower-bound,131072,lower-bound
gpu,q17_k4096_max,PASS,ok,uint,gt,max,4096,131072,uniform,17004247,1,Ground truth end-to-end time (ms),0.44,Ground truth end-to-end time (ms),0.44,Ground truth algorithmic time (ms),0.023,540672,lower-bound,131072,lower-bound
gpu,q17_k131072_max,PASS,ok,uint,gt,max,131072,131072,uniform,17131223,1,Ground truth end-to-end time (ms),6.673,Ground truth end-to-end time (ms),6.673,Ground truth algorithmic time (ms),0.074,1048576,lower-bound,131072,lower-bound
gpu,q18_k8_max,PASS,ok,uint,gt,max,8,262144,uniform,18000162,1,Ground truth end-to-end time (ms),0.348,Ground truth end-to-end time (ms),0.348,Ground truth algorithmic time (ms),0.026,1048608,lower-bound,262144,lower-bound
gpu,q18_k256_max,PASS,ok,uint,gt,max,256,262144,uniform,18000410,1,Ground truth end-to-end time (ms),0.355,Ground truth end-to-end time (ms),0.355,Ground truth algorithmic time (ms),0.026,1049600,lower-bound,262144,lower-bound
gpu,q18_k4096_max,PASS,ok,uint,gt,max,4096,262144,uniform,18004250,1,Ground truth end-to-end time (ms),0.497,Ground truth end-to-end time (ms),0.497,Ground truth algorithmic time (ms),0.028,1064960,lower-bound,262144,lower-bound
gpu,q18_k131072_max,PASS,ok,uint,gt,max,131072,262144,uniform,18131226,1,Ground truth end-to-end time (ms),6.814,Ground truth end-to-end time (ms),6.814,Ground truth algorithmic time (ms),0.133,1572864,lower-bound,262144,lower-bound
gpu,q19_k8_max,PASS,ok,uint,gt,max,8,524288,uniform,19000165,1,Ground truth end-to-end time (ms),0.519,Ground truth end-to-end time (ms),0.519,Ground truth algorithmic time (ms),0.028,2097184,lower-bound,524288,lower-bound
gpu,q19_k256_max,PASS,ok,uint,gt,max,256,524288,uniform,19000413,1,Ground truth end-to-end time (ms),0.525,Ground truth end-to-end time (ms),0.525,Ground truth algorithmic time (ms),0.028,2098176,lower-bound,524288,lower-bound
gpu,q19_k4096_max,PASS,ok,uint,gt,max,4096,524288,uniform,19004253,1,Ground truth end-to-end time (ms),0.666,Ground truth end-to-end time (ms),0.666,Ground truth algorithmic time (ms),0.028,2113536,lower-bound,524288,lower-bound
gpu,q19_k131072_max,PASS,ok,uint,gt,max,131072,524288,uniform,19131229,1,Ground truth end-to-end time (ms),7.155,Ground truth end-to-end time (ms),7.155,Ground truth algorithmic time (ms),0.299,2621440,lower-bound,524288,lower-bound
gpu,q20_k8_max,PASS,ok,uint,gt,max,8,1048576,uniform,20000168,1,Ground truth end-to-end time (ms),0.679,Ground truth end-to-end time (ms),0.679,Ground truth algorithmic time (ms),0.043,4194336,lower-bound,1048576,lower-bound
gpu,q20_k256_max,PASS,ok,uint,gt,max,256,1048576,uniform,20000416,1,Ground truth end-to-end time (ms),0.69,Ground truth end-to-end time (ms),0.69,Ground truth algorithmic time (ms),0.046,4195328,lower-bound,1048576,lower-bound
gpu,q20_k4096_max,PASS,ok,uint,gt,max,4096,1048576,uniform,20004256,1,Ground truth end-to-end time (ms),0.856,Ground truth end-to-end time (ms),0.856,Ground truth algorithmic time (ms),0.05,4210688,lower-bound,1048576,lower-bound
gpu,q20_k131072_max,PASS,ok,uint,gt,max,131072,1048576,uniform,20131232,1,Ground truth end-to-end time (ms),7.368,Ground truth end-to-end time (ms),7.368,Ground truth algorithmic time (ms),0.358,4718592,lower-bound,1048576,lower-bound
gpu,q21_k8_max,PASS,ok,uint,gt,max,8,2097152,uniform,21000171,1,Ground truth end-to-end time (ms),1.04,Ground truth end-to-end time (ms),1.04,Ground truth algorithmic time (ms),0.076,8388640,lower-bound,2097152,lower-bound
gpu,q21_k256_max,PASS,ok,uint,gt,max,256,2097152,uniform,21000419,1,Ground truth end-to-end time (ms),1.051,Ground truth end-to-end time (ms),1.051,Ground truth algorithmic time (ms),0.079,8389632,lower-bound,2097152,lower-bound
gpu,q21_k4096_max,PASS,ok,uint,gt,max,4096,2097152,uniform,21004259,1,Ground truth end-to-end time (ms),1.409,Ground truth end-to-end time (ms),1.409,Ground truth algorithmic time (ms),0.273,8404992,lower-bound,2097152,lower-bound
gpu,q21_k131072_max,PASS,ok,uint,gt,max,131072,2097152,uniform,21131235,1,Ground truth end-to-end time (ms),7.851,Ground truth end-to-end time (ms),7.851,Ground truth algorithmic time (ms),0.534,8912896,lower-bound,2097152,lower-bound
gpu,q22_k8_max,PASS,ok,uint,gt,max,8,4194304,uniform,22000174,1,Ground truth end-to-end time (ms),2.091,Ground truth end-to-end time (ms),2.091,Ground truth algorithmic time (ms),0.482,16777248,lower-bound,4194304,lower-bound
gpu,q22_k256_max,PASS,ok,uint,gt,max,256,4194304,uniform,22000422,1,Ground truth end-to-end time (ms),2.079,Ground truth end-to-end time (ms),2.079,Ground truth algorithmic time (ms),0.436,16778240,lower-bound,4194304,lower-bound
gpu,q22_k4096_max,PASS,ok,uint,gt,max,4096,4194304,uniform,22004262,1,Ground truth end-to-end time (ms),1.871,Ground truth end-to-end time (ms),1.871,Ground truth algorithmic time (ms),0.127,16793600,lower-bound,4194304,lower-bound
gpu,q22_k131072_max,PASS,ok,uint,gt,max,131072,4194304,uniform,22131238,1,Ground truth end-to-end time (ms),8.376,Ground truth end-to-end time (ms),8.376,Ground truth algorithmic time (ms),0.176,17301504,lower-bound,4194304,lower-bound
gpu,q23_k8_max,PASS,ok,uint,gt,max,8,8388608,uniform,23000177,1,Ground truth end-to-end time (ms),3.251,Ground truth end-to-end time (ms),3.251,Ground truth algorithmic time (ms),0.289,33554464,lower-bound,8388608,lower-bound
gpu,q23_k256_max,PASS,ok,uint,gt,max,256,8388608,uniform,23000425,1,Ground truth end-to-end time (ms),3.182,Ground truth end-to-end time (ms),3.182,Ground truth algorithmic time (ms),0.227,33555456,lower-bound,8388608,lower-bound
gpu,q23_k4096_max,PASS,ok,uint,gt,max,4096,8388608,uniform,23004265,1,Ground truth end-to-end time (ms),3.431,Ground truth end-to-end time (ms),3.431,Ground truth algorithmic time (ms),0.234,33570816,lower-bound,8388608,lower-bound
gpu,q23_k131072_max,PASS,ok,uint,gt,max,131072,8388608,uniform,23131241,1,Ground truth end-to-end time (ms),10.24,Ground truth end-to-end time (ms),10.24,Ground truth algorithmic time (ms),0.744,34078720,lower-bound,8388608,lower-bound
gpu,q24_k8_max,PASS,ok,uint,gt,max,8,16777216,uniform,24000180,1,Ground truth end-to-end time (ms),6.415,Ground truth end-to-end time (ms),6.415,Ground truth algorithmic time (ms),0.867,67108896,lower-bound,16777216,lower-bound
gpu,q24_k256_max,PASS,ok,uint,gt,max,256,16777216,uniform,24000428,1,Ground truth end-to-end time (ms),6.065,Ground truth end-to-end time (ms),6.065,Ground truth algorithmic time (ms),0.509,67109888,lower-bound,16777216,lower-bound
gpu,q24_k4096_max,PASS,ok,uint,gt,max,4096,16777216,uniform,24004268,1,Ground truth end-to-end time (ms),6.253,Ground truth end-to-end time (ms),6.253,Ground truth algorithmic time (ms),0.549,67125248,lower-bound,16777216,lower-bound
gpu,q24_k131072_max,PASS,ok,uint,gt,max,131072,16777216,uniform,24131244,1,Ground truth end-to-end time (ms),12.429,Ground truth end-to-end time (ms),12.429,Ground truth algorithmic time (ms),0.512,67633152,lower-bound,16777216,lower-bound
npu,q03_k8_max,PASS,ok,uint,bitonic,max,8,8,uniform,3000117,1,Trunc bitonic end-to-end time (ms),0.652,Trunc bitonic end-to-end time (ms),0.652,Trunc bitonic algorithmic time (ms),0.567,24608,exact,5120,exact
npu,q04_k8_max,PASS,ok,uint,bitonic,max,8,16,uniform,4000120,1,Trunc bitonic end-to-end time (ms),0.632,Trunc bitonic end-to-end time (ms),0.632,Trunc bitonic algorithmic time (ms),0.551,24640,exact,5120,exact
npu,q05_k8_max,PASS,ok,uint,bitonic,max,8,32,uniform,5000123,1,Trunc bitonic end-to-end time (ms),0.631,Trunc bitonic end-to-end time (ms),0.631,Trunc bitonic algorithmic time (ms),0.55,24704,exact,5120,exact
npu,q06_k8_max,PASS,ok,uint,bitonic,max,8,64,uniform,6000126,1,Trunc bitonic end-to-end time (ms),0.633,Trunc bitonic end-to-end time (ms),0.633,Trunc bitonic algorithmic time (ms),0.55,24832,exact,5120,exact
npu,q07_k8_max,PASS,ok,uint,bitonic,max,8,128,uniform,7000129,1,Trunc bitonic end-to-end time (ms),0.644,Trunc bitonic end-to-end time (ms),0.644,Trunc bitonic algorithmic time (ms),0.555,25088,exact,5120,exact
npu,q08_k8_max,PASS,ok,uint,bitonic,max,8,256,uniform,8000132,1,Trunc bitonic end-to-end time (ms),0.64,Trunc bitonic end-to-end time (ms),0.64,Trunc bitonic algorithmic time (ms),0.553,25600,exact,5120,exact
npu,q08_k256_max,PASS,ok,uint,bitonic,max,256,256,uniform,8000380,1,Trunc bitonic end-to-end time (ms),0.65,Trunc bitonic end-to-end time (ms),0.65,Trunc bitonic algorithmic time (ms),0.56,25600,exact,5120,exact
npu,q09_k8_max,PASS,ok,uint,bitonic,max,8,512,uniform,9000135,1,Trunc bitonic end-to-end time (ms),0.641,Trunc bitonic end-to-end time (ms),0.641,Trunc bitonic algorithmic time (ms),0.554,26624,exact,5120,exact
npu,q09_k256_max,PASS,ok,uint,bitonic,max,256,512,uniform,9000383,1,Trunc bitonic end-to-end time (ms),0.652,Trunc bitonic end-to-end time (ms),0.652,Trunc bitonic algorithmic time (ms),0.563,26624,exact,5120,exact
npu,q10_k8_max,PASS,ok,uint,bitonic,max,8,1024,uniform,10000138,1,Trunc bitonic end-to-end time (ms),0.643,Trunc bitonic end-to-end time (ms),0.643,Trunc bitonic algorithmic time (ms),0.556,28672,exact,5120,exact
npu,q10_k256_max,PASS,ok,uint,bitonic,max,256,1024,uniform,10000386,1,Trunc bitonic end-to-end time (ms),0.635,Trunc bitonic end-to-end time (ms),0.635,Trunc bitonic algorithmic time (ms),0.554,28672,exact,5120,exact
npu,q11_k8_max,PASS,ok,uint,bitonic,max,8,2048,uniform,11000141,1,Trunc bitonic end-to-end time (ms),0.639,Trunc bitonic end-to-end time (ms),0.639,Trunc bitonic algorithmic time (ms),0.553,57344,exact,10240,exact
npu,q11_k256_max,PASS,ok,uint,bitonic,max,256,2048,uniform,11000389,1,Trunc bitonic end-to-end time (ms),0.654,Trunc bitonic end-to-end time (ms),0.654,Trunc bitonic algorithmic time (ms),0.566,57344,exact,10240,exact
npu,q12_k8_max,PASS,ok,uint,bitonic,max,8,4096,uniform,12000144,1,Trunc bitonic end-to-end time (ms),0.63,Trunc bitonic end-to-end time (ms),0.63,Trunc bitonic algorithmic time (ms),0.55,114688,exact,20480,exact
npu,q12_k256_max,PASS,ok,uint,bitonic,max,256,4096,uniform,12000392,1,Trunc bitonic end-to-end time (ms),0.651,Trunc bitonic end-to-end time (ms),0.651,Trunc bitonic algorithmic time (ms),0.566,114688,exact,20480,exact
npu,q12_k4096_max,PASS,ok,uint,bitonic,max,4096,4096,uniform,12004232,1,Trunc bitonic end-to-end time (ms),0.691,Trunc bitonic end-to-end time (ms),0.691,Trunc bitonic algorithmic time (ms),0.606,114688,exact,20480,exact
npu,q13_k8_max,PASS,ok,uint,bitonic,max,8,8192,uniform,13000147,1,Trunc bitonic end-to-end time (ms),0.636,Trunc bitonic end-to-end time (ms),0.636,Trunc bitonic algorithmic time (ms),0.555,229376,exact,40960,exact
npu,q13_k256_max,PASS,ok,uint,bitonic,max,256,8192,uniform,13000395,1,Trunc bitonic end-to-end time (ms),0.661,Trunc bitonic end-to-end time (ms),0.661,Trunc bitonic algorithmic time (ms),0.579,229376,exact,40960,exact
npu,q13_k4096_max,PASS,ok,uint,bitonic,max,4096,8192,uniform,13004235,1,Trunc bitonic end-to-end time (ms),0.775,Trunc bitonic end-to-end time (ms),0.775,Trunc bitonic algorithmic time (ms),0.692,229376,exact,40960,exact
npu,q14_k8_max,PASS,ok,uint,bitonic,max,8,16384,uniform,14000150,1,Trunc bitonic end-to-end time (ms),0.649,Trunc bitonic end-to-end time (ms),0.649,Trunc bitonic algorithmic time (ms),0.562,458752,exact,81920,exact
npu,q14_k256_max,PASS,ok,uint,bitonic,max,256,16384,uniform,14000398,1,Trunc bitonic end-to-end time (ms),0.679,Trunc bitonic end-to-end time (ms),0.679,Trunc bitonic algorithmic time (ms),0.588,458752,exact,81920,exact
npu,q14_k4096_max,PASS,ok,uint,bitonic,max,4096,16384,uniform,14004238,1,Trunc bitonic end-to-end time (ms),0.898,Trunc bitonic end-to-end time (ms),0.898,Trunc bitonic algorithmic time (ms),0.81,458752,exact,81920,exact
npu,q15_k8_max,PASS,ok,uint,bitonic,max,8,32768,uniform,15000153,1,Trunc bitonic end-to-end time (ms),0.652,Trunc bitonic end-to-end time (ms),0.652,Trunc bitonic algorithmic time (ms),0.567,917504,exact,163840,exact
npu,q15_k256_max,PASS,ok,uint,bitonic,max,256,32768,uniform,15000401,1,Trunc bitonic end-to-end time (ms),0.683,Trunc bitonic end-to-end time (ms),0.683,Trunc bitonic algorithmic time (ms),0.59,917504,exact,163840,exact
npu,q15_k4096_max,PASS,ok,uint,bitonic,max,4096,32768,uniform,15004241,1,Trunc bitonic end-to-end time (ms),1.034,Trunc bitonic end-to-end time (ms),1.034,Trunc bitonic algorithmic time (ms),0.941,917504,exact,163840,exact
npu,q16_k8_max,PASS,ok,uint,bitonic,max,8,65536,uniform,16000156,1,Trunc bitonic end-to-end time (ms),0.674,Trunc bitonic end-to-end time (ms),0.674,Trunc bitonic algorithmic time (ms),0.585,1835008,exact,327680,exact
npu,q16_k256_max,PASS,ok,uint,bitonic,max,256,65536,uniform,16000404,1,Trunc bitonic end-to-end time (ms),0.693,Trunc bitonic end-to-end time (ms),0.693,Trunc bitonic algorithmic time (ms),0.603,1835008,exact,327680,exact
npu,q16_k4096_max,PASS,ok,uint,bitonic,max,4096,65536,uniform,16004244,1,Trunc bitonic end-to-end time (ms),1.185,Trunc bitonic end-to-end time (ms),1.185,Trunc bitonic algorithmic time (ms),1.096,1835008,exact,327680,exact
npu,q17_k8_max,PASS,ok,uint,bitonic,max,8,131072,uniform,17000159,1,Trunc bitonic end-to-end time (ms),0.717,Trunc bitonic end-to-end time (ms),0.717,Trunc bitonic algorithmic time (ms),0.624,3670016,exact,655360,exact
npu,q17_k256_max,PASS,ok,uint,bitonic,max,256,131072,uniform,17000407,1,Trunc bitonic end-to-end time (ms),0.732,Trunc bitonic end-to-end time (ms),0.732,Trunc bitonic algorithmic time (ms),0.635,3670016,exact,655360,exact
npu,q17_k4096_max,PASS,ok,uint,bitonic,max,4096,131072,uniform,17004247,1,Trunc bitonic end-to-end time (ms),1.347,Trunc bitonic end-to-end time (ms),1.347,Trunc bitonic algorithmic time (ms),1.255,3670016,exact,655360,exact
npu,q17_k131072_max,PASS,ok,uint,bitonic,max,131072,131072,uniform,17131223,1,Trunc bitonic end-to-end time (ms),7.497,Trunc bitonic end-to-end time (ms),7.497,Trunc bitonic algorithmic time (ms),7.348,3670016,exact,655360,exact
npu,q18_k8_max,PASS,ok,uint,bitonic,max,8,262144,uniform,18000162,1,Trunc bitonic end-to-end time (ms),0.737,Trunc bitonic end-to-end time (ms),0.737,Trunc bitonic algorithmic time (ms),0.648,7340032,exact,1310720,exact
npu,q18_k256_max,PASS,ok,uint,bitonic,max,256,262144,uniform,18000410,1,Trunc bitonic end-to-end time (ms),0.77,Trunc bitonic end-to-end time (ms),0.77,Trunc bitonic algorithmic time (ms),0.679,7340032,exact,1310720,exact
npu,q18_k4096_max,PASS,ok,uint,bitonic,max,4096,262144,uniform,18004250,1,Trunc bitonic end-to-end time (ms),1.521,Trunc bitonic end-to-end time (ms),1.521,Trunc bitonic algorithmic time (ms),1.429,7340032,exact,1310720,exact
npu,q18_k131072_max,PASS,ok,uint,bitonic,max,131072,262144,uniform,18131226,1,Trunc bitonic end-to-end time (ms),12.87,Trunc bitonic end-to-end time (ms),12.87,Trunc bitonic algorithmic time (ms),12.694,7340032,exact,1310720,exact
npu,q19_k8_max,PASS,ok,uint,bitonic,max,8,524288,uniform,19000165,1,Trunc bitonic end-to-end time (ms),0.825,Trunc bitonic end-to-end time (ms),0.825,Trunc bitonic algorithmic time (ms),0.732,14680064,exact,2621440,exact
npu,q19_k256_max,PASS,ok,uint,bitonic,max,256,524288,uniform,19000413,1,Trunc bitonic end-to-end time (ms),0.862,Trunc bitonic end-to-end time (ms),0.862,Trunc bitonic algorithmic time (ms),0.768,14680064,exact,2621440,exact
npu,q19_k4096_max,PASS,ok,uint,bitonic,max,4096,524288,uniform,19004253,1,Trunc bitonic end-to-end time (ms),1.706,Trunc bitonic end-to-end time (ms),1.706,Trunc bitonic algorithmic time (ms),1.613,14680064,exact,2621440,exact
npu,q19_k131072_max,PASS,ok,uint,bitonic,max,131072,524288,uniform,19131229,1,Trunc bitonic end-to-end time (ms),18.214,Trunc bitonic end-to-end time (ms),18.214,Trunc bitonic algorithmic time (ms),18.04,14680064,exact,2621440,exact
npu,q20_k8_max,PASS,ok,uint,bitonic,max,8,1048576,uniform,20000168,1,Trunc bitonic end-to-end time (ms),1.001,Trunc bitonic end-to-end time (ms),1.001,Trunc bitonic algorithmic time (ms),0.902,29360128,exact,5242880,exact
npu,q20_k256_max,PASS,ok,uint,bitonic,max,256,1048576,uniform,20000416,1,Trunc bitonic end-to-end time (ms),1.059,Trunc bitonic end-to-end time (ms),1.059,Trunc bitonic algorithmic time (ms),0.957,29360128,exact,5242880,exact
npu,q20_k4096_max,PASS,ok,uint,bitonic,max,4096,1048576,uniform,20004256,1,Trunc bitonic end-to-end time (ms),2.023,Trunc bitonic end-to-end time (ms),2.023,Trunc bitonic algorithmic time (ms),1.92,29360128,exact,5242880,exact
npu,q20_k131072_max,PASS,ok,uint,bitonic,max,131072,1048576,uniform,20131232,1,Trunc bitonic end-to-end time (ms),24.069,Trunc bitonic end-to-end time (ms),24.069,Trunc bitonic algorithmic time (ms),23.887,29360128,exact,5242880,exact
npu,q21_k8_max,PASS,ok,uint,bitonic,max,8,2097152,uniform,21000171,1,Trunc bitonic end-to-end time (ms),1.555,Trunc bitonic end-to-end time (ms),1.555,Trunc bitonic algorithmic time (ms),1.442,58720256,exact,10485760,exact
npu,q21_k256_max,PASS,ok,uint,bitonic,max,256,2097152,uniform,21000419,1,Trunc bitonic end-to-end time (ms),1.554,Trunc bitonic end-to-end time (ms),1.554,Trunc bitonic algorithmic time (ms),1.442,58720256,exact,10485760,exact
npu,q21_k4096_max,PASS,ok,uint,bitonic,max,4096,2097152,uniform,21004259,1,Trunc bitonic end-to-end time (ms),2.442,Trunc bitonic end-to-end time (ms),2.442,Trunc bitonic algorithmic time (ms),2.329,58720256,exact,10485760,exact
npu,q21_k131072_max,PASS,ok,uint,bitonic,max,131072,2097152,uniform,21131235,1,Trunc bitonic end-to-end time (ms),29.894,Trunc bitonic end-to-end time (ms),29.894,Trunc bitonic algorithmic time (ms),29.701,58720256,exact,10485760,exact
npu,q22_k8_max,PASS,ok,uint,bitonic,max,8,4194304,uniform,22000174,1,Trunc bitonic end-to-end time (ms),2.65,Trunc bitonic end-to-end time (ms),2.65,Trunc bitonic algorithmic time (ms),2.528,117440512,exact,20971520,exact
npu,q22_k256_max,PASS,ok,uint,bitonic,max,256,4194304,uniform,22000422,1,Trunc bitonic end-to-end time (ms),2.675,Trunc bitonic end-to-end time (ms),2.675,Trunc bitonic algorithmic time (ms),2.556,117440512,exact,20971520,exact
npu,q22_k4096_max,PASS,ok,uint,bitonic,max,4096,4194304,uniform,22004262,1,Trunc bitonic end-to-end time (ms),3.729,Trunc bitonic end-to-end time (ms),3.729,Trunc bitonic algorithmic time (ms),3.609,117440512,exact,20971520,exact
npu,q22_k131072_max,PASS,ok,uint,bitonic,max,131072,4194304,uniform,22131238,1,Trunc bitonic end-to-end time (ms),37.328,Trunc bitonic end-to-end time (ms),37.328,Trunc bitonic algorithmic time (ms),37.152,117440512,exact,20971520,exact
npu,q23_k8_max,PASS,ok,uint,bitonic,max,8,8388608,uniform,23000177,1,Trunc bitonic end-to-end time (ms),4.761,Trunc bitonic end-to-end time (ms),4.761,Trunc bitonic algorithmic time (ms),4.598,234881024,exact,41943040,exact
npu,q23_k256_max,PASS,ok,uint,bitonic,max,256,8388608,uniform,23000425,1,Trunc bitonic end-to-end time (ms),4.864,Trunc bitonic end-to-end time (ms),4.864,Trunc bitonic algorithmic time (ms),4.698,234881024,exact,41943040,exact
npu,q23_k4096_max,PASS,ok,uint,bitonic,max,4096,8388608,uniform,23004265,1,Trunc bitonic end-to-end time (ms),6.076,Trunc bitonic end-to-end time (ms),6.076,Trunc bitonic algorithmic time (ms),5.907,234881024,exact,41943040,exact
npu,q23_k131072_max,PASS,ok,uint,bitonic,max,131072,8388608,uniform,23131241,1,Trunc bitonic end-to-end time (ms),45.958,Trunc bitonic end-to-end time (ms),45.958,Trunc bitonic algorithmic time (ms),45.729,234881024,exact,41943040,exact
npu,q24_k8_max,PASS,ok,uint,bitonic,max,8,16777216,uniform,24000180,1,Trunc bitonic end-to-end time (ms),8.911,Trunc bitonic end-to-end time (ms),8.911,Trunc bitonic algorithmic time (ms),8.719,469762048,exact,83886080,exact
npu,q24_k256_max,PASS,ok,uint,bitonic,max,256,16777216,uniform,24000428,1,Trunc bitonic end-to-end time (ms),8.975,Trunc bitonic end-to-end time (ms),8.975,Trunc bitonic algorithmic time (ms),8.781,469762048,exact,83886080,exact
npu,q24_k4096_max,PASS,ok,uint,bitonic,max,4096,16777216,uniform,24004268,1,Trunc bitonic end-to-end time (ms),10.239,Trunc bitonic end-to-end time (ms),10.239,Trunc bitonic algorithmic time (ms),10.044,469762048,exact,83886080,exact
npu,q24_k131072_max,PASS,ok,uint,bitonic,max,131072,16777216,uniform,24131244,1,Trunc bitonic end-to-end time (ms),58.33,Trunc bitonic end-to-end time (ms),58.33,Trunc bitonic algorithmic time (ms),58.123,469762048,exact,83886080,exact
npu,q03_k8_max,PASS,ok,uint,map_reduce,max,8,8,uniform,3000117,1,Map-reduce top-k end-to-end time (ms),0.159,Map-reduce top-k end-to-end time (ms),0.159,Map-reduce top-k algorithmic time (ms),0.076,32,exact,8,lower-bound
npu,q04_k8_max,PASS,ok,uint,map_reduce,max,8,16,uniform,4000120,1,Map-reduce top-k end-to-end time (ms),0.53,Map-reduce top-k end-to-end time (ms),0.53,Map-reduce top-k algorithmic time (ms),0.442,24640,exact,16,lower-bound
npu,q05_k8_max,PASS,ok,uint,map_reduce,max,8,32,uniform,5000123,1,Map-reduce top-k end-to-end time (ms),0.533,Map-reduce top-k end-to-end time (ms),0.533,Map-reduce top-k algorithmic time (ms),0.444,24704,exact,32,lower-bound
npu,q06_k8_max,PASS,ok,uint,map_reduce,max,8,64,uniform,6000126,1,Map-reduce top-k end-to-end time (ms),0.534,Map-reduce top-k end-to-end time (ms),0.534,Map-reduce top-k algorithmic time (ms),0.444,24832,exact,64,lower-bound
npu,q07_k8_max,PASS,ok,uint,map_reduce,max,8,128,uniform,7000129,1,Map-reduce top-k end-to-end time (ms),0.524,Map-reduce top-k end-to-end time (ms),0.524,Map-reduce top-k algorithmic time (ms),0.442,25088,exact,128,lower-bound
npu,q08_k8_max,PASS,ok,uint,map_reduce,max,8,256,uniform,8000132,1,Map-reduce top-k end-to-end time (ms),0.529,Map-reduce top-k end-to-end time (ms),0.529,Map-reduce top-k algorithmic time (ms),0.442,25600,exact,256,lower-bound
npu,q08_k256_max,PASS,ok,uint,map_reduce,max,256,256,uniform,8000380,1,Map-reduce top-k end-to-end time (ms),0.168,Map-reduce top-k end-to-end time (ms),0.168,Map-reduce top-k algorithmic time (ms),0.082,1024,exact,256,lower-bound
npu,q09_k8_max,PASS,ok,uint,map_reduce,max,8,512,uniform,9000135,1,Map-reduce top-k end-to-end time (ms),0.532,Map-reduce top-k end-to-end time (ms),0.532,Map-reduce top-k algorithmic time (ms),0.444,26624,exact,512,lower-bound
npu,q09_k256_max,PASS,ok,uint,map_reduce,max,256,512,uniform,9000383,1,Map-reduce top-k end-to-end time (ms),0.539,Map-reduce top-k end-to-end time (ms),0.539,Map-reduce top-k algorithmic time (ms),0.451,26624,exact,512,lower-bound
npu,q10_k8_max,PASS,ok,uint,map_reduce,max,8,1024,uniform,10000138,1,Map-reduce top-k end-to-end time (ms),0.534,Map-reduce top-k end-to-end time (ms),0.534,Map-reduce top-k algorithmic time (ms),0.446,28672,exact,1024,lower-bound
npu,q10_k256_max,PASS,ok,uint,map_reduce,max,256,1024,uniform,10000386,1,Map-reduce top-k end-to-end time (ms),0.541,Map-reduce top-k end-to-end time (ms),0.541,Map-reduce top-k algorithmic time (ms),0.452,28672,exact,1024,lower-bound
npu,q11_k8_max,PASS,ok,uint,map_reduce,max,8,2048,uniform,11000141,1,Map-reduce top-k end-to-end time (ms),0.54,Map-reduce top-k end-to-end time (ms),0.54,Map-reduce top-k algorithmic time (ms),0.448,57344,exact,2048,lower-bound
npu,q11_k256_max,PASS,ok,uint,map_reduce,max,256,2048,uniform,11000389,1,Map-reduce top-k end-to-end time (ms),0.546,Map-reduce top-k end-to-end time (ms),0.546,Map-reduce top-k algorithmic time (ms),0.457,57344,exact,2048,lower-bound
npu,q12_k8_max,PASS,ok,uint,map_reduce,max,8,4096,uniform,12000144,1,Map-reduce top-k end-to-end time (ms),0.535,Map-reduce top-k end-to-end time (ms),0.535,Map-reduce top-k algorithmic time (ms),0.448,114688,exact,4096,lower-bound
npu,q12_k256_max,PASS,ok,uint,map_reduce,max,256,4096,uniform,12000392,1,Map-reduce top-k end-to-end time (ms),0.543,Map-reduce top-k end-to-end time (ms),0.543,Map-reduce top-k algorithmic time (ms),0.457,114688,exact,4096,lower-bound
npu,q12_k4096_max,PASS,ok,uint,map_reduce,max,4096,4096,uniform,12004232,1,Map-reduce top-k end-to-end time (ms),0.23,Map-reduce top-k end-to-end time (ms),0.23,Map-reduce top-k algorithmic time (ms),0.139,16384,exact,4096,lower-bound
npu,q13_k8_max,PASS,ok,uint,map_reduce,max,8,8192,uniform,13000147,1,Map-reduce top-k end-to-end time (ms),0.536,Map-reduce top-k end-to-end time (ms),0.536,Map-reduce top-k algorithmic time (ms),0.449,229376,exact,8192,lower-bound
npu,q13_k256_max,PASS,ok,uint,map_reduce,max,256,8192,uniform,13000395,1,Map-reduce top-k end-to-end time (ms),0.56,Map-reduce top-k end-to-end time (ms),0.56,Map-reduce top-k algorithmic time (ms),0.468,229376,exact,8192,lower-bound
npu,q13_k4096_max,PASS,ok,uint,map_reduce,max,4096,8192,uniform,13004235,1,Map-reduce top-k end-to-end time (ms),0.719,Map-reduce top-k end-to-end time (ms),0.719,Map-reduce top-k algorithmic time (ms),0.631,131072,exact,8192,lower-bound
npu,q14_k8_max,PASS,ok,uint,map_reduce,max,8,16384,uniform,14000150,1,Map-reduce top-k end-to-end time (ms),0.528,Map-reduce top-k end-to-end time (ms),0.528,Map-reduce top-k algorithmic time (ms),0.445,458752,exact,16384,lower-bound
npu,q14_k256_max,PASS,ok,uint,map_reduce,max,256,16384,uniform,14000398,1,Map-reduce top-k end-to-end time (ms),0.559,Map-reduce top-k end-to-end time (ms),0.559,Map-reduce top-k algorithmic time (ms),0.473,458752,exact,16384,lower-bound
npu,q14_k4096_max,PASS,ok,uint,map_reduce,max,4096,16384,uniform,14004238,1,Map-reduce top-k end-to-end time (ms),0.878,Map-reduce top-k end-to-end time (ms),0.878,Map-reduce top-k algorithmic time (ms),0.788,360448,exact,16384,lower-bound
npu,q15_k8_max,PASS,ok,uint,map_reduce,max,8,32768,uniform,15000153,1,Map-reduce top-k end-to-end time (ms),0.56,Map-reduce top-k end-to-end time (ms),0.56,Map-reduce top-k algorithmic time (ms),0.469,917504,exact,32768,lower-bound
npu,q15_k256_max,PASS,ok,uint,map_reduce,max,256,32768,uniform,15000401,1,Map-reduce top-k end-to-end time (ms),0.556,Map-reduce top-k end-to-end time (ms),0.556,Map-reduce top-k algorithmic time (ms),0.473,917504,exact,32768,lower-bound
npu,q15_k4096_max,PASS,ok,uint,map_reduce,max,4096,32768,uniform,15004241,1,Map-reduce top-k end-to-end time (ms),1.061,Map-reduce top-k end-to-end time (ms),1.061,Map-reduce top-k algorithmic time (ms),0.969,819200,exact,32768,lower-bound
npu,q16_k8_max,PASS,ok,uint,map_reduce,max,8,65536,uniform,16000156,1,Map-reduce top-k end-to-end time (ms),0.555,Map-reduce top-k end-to-end time (ms),0.555,Map-reduce top-k algorithmic time (ms),0.466,1810432,exact,65536,lower-bound
npu,q16_k256_max,PASS,ok,uint,map_reduce,max,256,65536,uniform,16000404,1,Map-reduce top-k end-to-end time (ms),0.597,Map-reduce top-k end-to-end time (ms),0.597,Map-reduce top-k algorithmic time (ms),0.506,1810432,exact,65536,lower-bound
npu,q16_k4096_max,PASS,ok,uint,map_reduce,max,4096,65536,uniform,16004244,1,Map-reduce top-k end-to-end time (ms),1.237,Map-reduce top-k end-to-end time (ms),1.237,Map-reduce top-k algorithmic time (ms),1.145,1736704,exact,65536,lower-bound
npu,q17_k8_max,PASS,ok,uint,map_reduce,max,8,131072,uniform,17000159,1,Map-reduce top-k end-to-end time (ms),0.573,Map-reduce top-k end-to-end time (ms),0.573,Map-reduce top-k algorithmic time (ms),0.491,3620864,exact,131072,lower-bound
npu,q17_k256_max,PASS,ok,uint,map_reduce,max,256,131072,uniform,17000407,1,Map-reduce top-k end-to-end time (ms),0.597,Map-reduce top-k end-to-end time (ms),0.597,Map-reduce top-k algorithmic time (ms),0.512,3620864,exact,131072,lower-bound
npu,q17_k4096_max,PASS,ok,uint,map_reduce,max,4096,131072,uniform,17004247,1,Map-reduce top-k end-to-end time (ms),1.401,Map-reduce top-k end-to-end time (ms),1.401,Map-reduce top-k algorithmic time (ms),1.31,3571712,exact,131072,lower-bound
npu,q17_k131072_max,PASS,ok,uint,map_reduce,max,131072,131072,uniform,17131223,1,Map-reduce top-k end-to-end time (ms),7.315,Map-reduce top-k end-to-end time (ms),7.315,Map-reduce top-k algorithmic time (ms),7.188,524288,exact,131072,lower-bound
npu,q18_k8_max,PASS,ok,uint,map_reduce,max,8,262144,uniform,18000162,1,Map-reduce top-k end-to-end time (ms),0.634,Map-reduce top-k end-to-end time (ms),0.634,Map-reduce top-k algorithmic time (ms),0.542,7217152,exact,262144,lower-bound
npu,q18_k256_max,PASS,ok,uint,map_reduce,max,256,262144,uniform,18000410,1,Map-reduce top-k end-to-end time (ms),0.65,Map-reduce top-k end-to-end time (ms),0.65,Map-reduce top-k algorithmic time (ms),0.557,7217152,exact,262144,lower-bound
npu,q18_k4096_max,PASS,ok,uint,map_reduce,max,4096,262144,uniform,18004250,1,Map-reduce top-k end-to-end time (ms),1.617,Map-reduce top-k end-to-end time (ms),1.617,Map-reduce top-k algorithmic time (ms),1.52,7217152,exact,262144,lower-bound
npu,q18_k131072_max,PASS,ok,uint,map_reduce,max,131072,262144,uniform,18131226,1,Map-reduce top-k end-to-end time (ms),13.503,Map-reduce top-k end-to-end time (ms),13.503,Map-reduce top-k algorithmic time (ms),13.345,4194304,exact,262144,lower-bound
npu,q19_k8_max,PASS,ok,uint,map_reduce,max,8,524288,uniform,19000165,1,Map-reduce top-k end-to-end time (ms),0.725,Map-reduce top-k end-to-end time (ms),0.725,Map-reduce top-k algorithmic time (ms),0.64,14434304,exact,524288,lower-bound
npu,q19_k256_max,PASS,ok,uint,map_reduce,max,256,524288,uniform,19000413,1,Map-reduce top-k end-to-end time (ms),0.732,Map-reduce top-k end-to-end time (ms),0.732,Map-reduce top-k algorithmic time (ms),0.641,14434304,exact,524288,lower-bound
npu,q19_k4096_max,PASS,ok,uint,map_reduce,max,4096,524288,uniform,19004253,1,Map-reduce top-k end-to-end time (ms),1.81,Map-reduce top-k end-to-end time (ms),1.81,Map-reduce top-k algorithmic time (ms),1.719,14434304,exact,524288,lower-bound
npu,q19_k131072_max,PASS,ok,uint,map_reduce,max,131072,524288,uniform,19131229,1,Map-reduce top-k end-to-end time (ms),19.753,Map-reduce top-k end-to-end time (ms),19.753,Map-reduce top-k algorithmic time (ms),19.595,11534336,exact,524288,lower-bound
npu,q20_k8_max,PASS,ok,uint,map_reduce,max,8,1048576,uniform,20000168,1,Map-reduce top-k end-to-end time (ms),0.981,Map-reduce top-k end-to-end time (ms),0.981,Map-reduce top-k algorithmic time (ms),0.887,28868608,exact,1048576,lower-bound
npu,q20_k256_max,PASS,ok,uint,map_reduce,max,256,1048576,uniform,20000416,1,Map-reduce top-k end-to-end time (ms),0.903,Map-reduce top-k end-to-end time (ms),0.903,Map-reduce top-k algorithmic time (ms),0.811,28868608,exact,1048576,lower-bound
npu,q20_k4096_max,PASS,ok,uint,map_reduce,max,4096,1048576,uniform,20004256,1,Map-reduce top-k end-to-end time (ms),2.114,Map-reduce top-k end-to-end time (ms),2.114,Map-reduce top-k algorithmic time (ms),2.021,28868608,exact,1048576,lower-bound
npu,q20_k131072_max,PASS,ok,uint,map_reduce,max,131072,1048576,uniform,20131232,1,Map-reduce top-k end-to-end time (ms),26.333,Map-reduce top-k end-to-end time (ms),26.333,Map-reduce top-k algorithmic time (ms),26.139,26214400,exact,1048576,lower-bound
npu,q21_k8_max,PASS,ok,uint,map_reduce,max,8,2097152,uniform,21000171,1,Map-reduce top-k end-to-end time (ms),1.28,Map-reduce top-k end-to-end time (ms),1.28,Map-reduce top-k algorithmic time (ms),1.186,57737216,exact,2097152,lower-bound
npu,q21_k256_max,PASS,ok,uint,map_reduce,max,256,2097152,uniform,21000419,1,Map-reduce top-k end-to-end time (ms),1.486,Map-reduce top-k end-to-end time (ms),1.486,Map-reduce top-k algorithmic time (ms),1.393,57737216,exact,2097152,lower-bound
npu,q21_k4096_max,PASS,ok,uint,map_reduce,max,4096,2097152,uniform,21004259,1,Map-reduce top-k end-to-end time (ms),2.619,Map-reduce top-k end-to-end time (ms),2.619,Map-reduce top-k algorithmic time (ms),2.515,57737216,exact,2097152,lower-bound
npu,q21_k131072_max,PASS,ok,uint,map_reduce,max,131072,2097152,uniform,21131235,1,Map-reduce top-k end-to-end time (ms),33.331,Map-reduce top-k end-to-end time (ms),33.331,Map-reduce top-k algorithmic time (ms),33.166,55574528,exact,2097152,lower-bound
npu,q22_k8_max,PASS,ok,uint,map_reduce,max,8,4194304,uniform,22000174,1,Map-reduce top-k end-to-end time (ms),2.441,Map-reduce top-k end-to-end time (ms),2.441,Map-reduce top-k algorithmic time (ms),2.342,115449856,exact,4194304,lower-bound
npu,q22_k256_max,PASS,ok,uint,map_reduce,max,256,4194304,uniform,22000422,1,Map-reduce top-k end-to-end time (ms),2.755,Map-reduce top-k end-to-end time (ms),2.755,Map-reduce top-k algorithmic time (ms),2.654,115449856,exact,4194304,lower-bound
npu,q22_k4096_max,PASS,ok,uint,map_reduce,max,4096,4194304,uniform,22004262,1,Map-reduce top-k end-to-end time (ms),3.708,Map-reduce top-k end-to-end time (ms),3.708,Map-reduce top-k algorithmic time (ms),3.613,115449856,exact,4194304,lower-bound
npu,q22_k131072_max,PASS,ok,uint,map_reduce,max,131072,4194304,uniform,22131238,1,Map-reduce top-k end-to-end time (ms),41.798,Map-reduce top-k end-to-end time (ms),41.798,Map-reduce top-k algorithmic time (ms),41.636,114294784,exact,4194304,lower-bound
npu,q23_k8_max,PASS,ok,uint,map_reduce,max,8,8388608,uniform,23000177,1,Map-reduce top-k end-to-end time (ms),5.366,Map-reduce top-k end-to-end time (ms),5.366,Map-reduce top-k algorithmic time (ms),5.252,230875136,exact,8388608,lower-bound
npu,q23_k256_max,PASS,ok,uint,map_reduce,max,256,8388608,uniform,23000425,1,Map-reduce top-k end-to-end time (ms),5.174,Map-reduce top-k end-to-end time (ms),5.174,Map-reduce top-k algorithmic time (ms),5.056,230875136,exact,8388608,lower-bound
npu,q23_k4096_max,PASS,ok,uint,map_reduce,max,4096,8388608,uniform,23004265,1,Map-reduce top-k end-to-end time (ms),6.097,Map-reduce top-k end-to-end time (ms),6.097,Map-reduce top-k algorithmic time (ms),5.978,230875136,exact,8388608,lower-bound
npu,q23_k131072_max,PASS,ok,uint,map_reduce,max,131072,8388608,uniform,23131241,1,Map-reduce top-k end-to-end time (ms),51.216,Map-reduce top-k end-to-end time (ms),51.216,Map-reduce top-k algorithmic time (ms),51.044,230875136,exact,8388608,lower-bound
npu,q24_k8_max,PASS,ok,uint,map_reduce,max,8,16777216,uniform,24000180,1,Map-reduce top-k end-to-end time (ms),10.371,Map-reduce top-k end-to-end time (ms),10.371,Map-reduce top-k algorithmic time (ms),10.232,461725696,exact,16777216,lower-bound
npu,q24_k256_max,PASS,ok,uint,map_reduce,max,256,16777216,uniform,24000428,1,Map-reduce top-k end-to-end time (ms),10.626,Map-reduce top-k end-to-end time (ms),10.626,Map-reduce top-k algorithmic time (ms),10.486,461725696,exact,16777216,lower-bound
npu,q24_k4096_max,PASS,ok,uint,map_reduce,max,4096,16777216,uniform,24004268,1,Map-reduce top-k end-to-end time (ms),10.865,Map-reduce top-k end-to-end time (ms),10.865,Map-reduce top-k algorithmic time (ms),10.726,461725696,exact,16777216,lower-bound
npu,q24_k131072_max,PASS,ok,uint,map_reduce,max,131072,16777216,uniform,24131244,1,Map-reduce top-k end-to-end time (ms),60.473,Map-reduce top-k end-to-end time (ms),60.473,Map-reduce top-k algorithmic time (ms),60.319,461725696,exact,16777216,lower-bound
npu,q03_k8_max,PASS,ok,uint,gt,max,8,8,uniform,3000117,1,Ground truth end-to-end time (ms),0.048,Ground truth end-to-end time (ms),0.048,Ground truth algorithmic time (ms),0.048,64,lower-bound,8,lower-bound
npu,q04_k8_max,PASS,ok,uint,gt,max,8,16,uniform,4000120,1,Ground truth end-to-end time (ms),0.048,Ground truth end-to-end time (ms),0.048,Ground truth algorithmic time (ms),0.048,96,lower-bound,16,lower-bound
npu,q05_k8_max,PASS,ok,uint,gt,max,8,32,uniform,5000123,1,Ground truth end-to-end time (ms),0.048,Ground truth end-to-end time (ms),0.048,Ground truth algorithmic time (ms),0.048,160,lower-bound,32,lower-bound
npu,q06_k8_max,PASS,ok,uint,gt,max,8,64,uniform,6000126,1,Ground truth end-to-end time (ms),0.049,Ground truth end-to-end time (ms),0.049,Ground truth algorithmic time (ms),0.049,288,lower-bound,64,lower-bound
npu,q07_k8_max,PASS,ok,uint,gt,max,8,128,uniform,7000129,1,Ground truth end-to-end time (ms),0.048,Ground truth end-to-end time (ms),0.048,Ground truth algorithmic time (ms),0.048,544,lower-bound,128,lower-bound
npu,q08_k8_max,PASS,ok,uint,gt,max,8,256,uniform,8000132,1,Ground truth end-to-end time (ms),0.049,Ground truth end-to-end time (ms),0.049,Ground truth algorithmic time (ms),0.049,1056,lower-bound,256,lower-bound
npu,q08_k256_max,PASS,ok,uint,gt,max,256,256,uniform,8000380,1,Ground truth end-to-end time (ms),0.049,Ground truth end-to-end time (ms),0.049,Ground truth algorithmic time (ms),0.049,2048,lower-bound,256,lower-bound
npu,q09_k8_max,PASS,ok,uint,gt,max,8,512,uniform,9000135,1,Ground truth end-to-end time (ms),0.049,Ground truth end-to-end time (ms),0.049,Ground truth algorithmic time (ms),0.049,2080,lower-bound,512,lower-bound
npu,q09_k256_max,PASS,ok,uint,gt,max,256,512,uniform,9000383,1,Ground truth end-to-end time (ms),0.054,Ground truth end-to-end time (ms),0.054,Ground truth algorithmic time (ms),0.054,3072,lower-bound,512,lower-bound
npu,q10_k8_max,PASS,ok,uint,gt,max,8,1024,uniform,10000138,1,Ground truth end-to-end time (ms),0.049,Ground truth end-to-end time (ms),0.049,Ground truth algorithmic time (ms),0.049,4128,lower-bound,1024,lower-bound
npu,q10_k256_max,PASS,ok,uint,gt,max,256,1024,uniform,10000386,1,Ground truth end-to-end time (ms),0.057,Ground truth end-to-end time (ms),0.057,Ground truth algorithmic time (ms),0.057,5120,lower-bound,1024,lower-bound
npu,q11_k8_max,PASS,ok,uint,gt,max,8,2048,uniform,11000141,1,Ground truth end-to-end time (ms),0.049,Ground truth end-to-end time (ms),0.049,Ground truth algorithmic time (ms),0.049,8224,lower-bound,2048,lower-bound
npu,q11_k256_max,PASS,ok,uint,gt,max,256,2048,uniform,11000389,1,Ground truth end-to-end time (ms),0.059,Ground truth end-to-end time (ms),0.059,Ground truth algorithmic time (ms),0.059,9216,lower-bound,2048,lower-bound
npu,q12_k8_max,PASS,ok,uint,gt,max,8,4096,uniform,12000144,1,Ground truth end-to-end time (ms),0.049,Ground truth end-to-end time (ms),0.049,Ground truth algorithmic time (ms),0.049,16416,lower-bound,4096,lower-bound
npu,q12_k256_max,PASS,ok,uint,gt,max,256,4096,uniform,12000392,1,Ground truth end-to-end time (ms),0.062,Ground truth end-to-end time (ms),0.062,Ground truth algorithmic time (ms),0.062,17408,lower-bound,4096,lower-bound
npu,q12_k4096_max,PASS,ok,uint,gt,max,4096,4096,uniform,12004232,1,Ground truth end-to-end time (ms),0.085,Ground truth end-to-end time (ms),0.085,Ground truth algorithmic time (ms),0.085,32768,lower-bound,4096,lower-bound
npu,q13_k8_max,PASS,ok,uint,gt,max,8,8192,uniform,13000147,1,Ground truth end-to-end time (ms),0.051,Ground truth end-to-end time (ms),0.051,Ground truth algorithmic time (ms),0.051,32800,lower-bound,8192,lower-bound
npu,q13_k256_max,PASS,ok,uint,gt,max,256,8192,uniform,13000395,1,Ground truth end-to-end time (ms),0.066,Ground truth end-to-end time (ms),0.066,Ground truth algorithmic time (ms),0.066,33792,lower-bound,8192,lower-bound
npu,q13_k4096_max,PASS,ok,uint,gt,max,4096,8192,uniform,13004235,1,Ground truth end-to-end time (ms),0.187,Ground truth end-to-end time (ms),0.187,Ground truth algorithmic time (ms),0.187,49152,lower-bound,8192,lower-bound
npu,q14_k8_max,PASS,ok,uint,gt,max,8,16384,uniform,14000150,1,Ground truth end-to-end time (ms),0.053,Ground truth end-to-end time (ms),0.053,Ground truth algorithmic time (ms),0.053,65568,lower-bound,16384,lower-bound
npu,q14_k256_max,PASS,ok,uint,gt,max,256,16384,uniform,14000398,1,Ground truth end-to-end time (ms),0.07,Ground truth end-to-end time (ms),0.07,Ground truth algorithmic time (ms),0.07,66560,lower-bound,16384,lower-bound
npu,q14_k4096_max,PASS,ok,uint,gt,max,4096,16384,uniform,14004238,1,Ground truth end-to-end time (ms),0.241,Ground truth end-to-end time (ms),0.241,Ground truth algorithmic time (ms),0.241,81920,lower-bound,16384,lower-bound
npu,q15_k8_max,PASS,ok,uint,gt,max,8,32768,uniform,15000153,1,Ground truth end-to-end time (ms),0.058,Ground truth end-to-end time (ms),0.058,Ground truth algorithmic time (ms),0.058,131104,lower-bound,32768,lower-bound
npu,q15_k256_max,PASS,ok,uint,gt,max,256,32768,uniform,15000401,1,Ground truth end-to-end time (ms),0.079,Ground truth end-to-end time (ms),0.079,Ground truth algorithmic time (ms),0.079,132096,lower-bound,32768,lower-bound
npu,q15_k4096_max,PASS,ok,uint,gt,max,4096,32768,uniform,15004241,1,Ground truth end-to-end time (ms),0.398,Ground truth end-to-end time (ms),0.398,Ground truth algorithmic time (ms),0.398,147456,lower-bound,32768,lower-bound
npu,q16_k8_max,PASS,ok,uint,gt,max,8,65536,uniform,16000156,1,Ground truth end-to-end time (ms),0.069,Ground truth end-to-end time (ms),0.069,Ground truth algorithmic time (ms),0.069,262176,lower-bound,65536,lower-bound
npu,q16_k256_max,PASS,ok,uint,gt,max,256,65536,uniform,16000404,1,Ground truth end-to-end time (ms),0.093,Ground truth end-to-end time (ms),0.093,Ground truth algorithmic time (ms),0.093,263168,lower-bound,65536,lower-bound
npu,q16_k4096_max,PASS,ok,uint,gt,max,4096,65536,uniform,16004244,1,Ground truth end-to-end time (ms),0.537,Ground truth end-to-end time (ms),0.537,Ground truth algorithmic time (ms),0.537,278528,lower-bound,65536,lower-bound
npu,q17_k8_max,PASS,ok,uint,gt,max,8,131072,uniform,17000159,1,Ground truth end-to-end time (ms),0.09,Ground truth end-to-end time (ms),0.09,Ground truth algorithmic time (ms),0.09,524320,lower-bound,131072,lower-bound
npu,q17_k256_max,PASS,ok,uint,gt,max,256,131072,uniform,17000407,1,Ground truth end-to-end time (ms),0.118,Ground truth end-to-end time (ms),0.118,Ground truth algorithmic time (ms),0.118,525312,lower-bound,131072,lower-bound
npu,q17_k4096_max,PASS,ok,uint,gt,max,4096,131072,uniform,17004247,1,Ground truth end-to-end time (ms),0.668,Ground truth end-to-end time (ms),0.668,Ground truth algorithmic time (ms),0.668,540672,lower-bound,131072,lower-bound
npu,q17_k131072_max,PASS,ok,uint,gt,max,131072,131072,uniform,17131223,1,Ground truth end-to-end time (ms),6.359,Ground truth end-to-end time (ms),6.359,Ground truth algorithmic time (ms),6.359,1048576,lower-bound,131072,lower-bound
npu,q18_k8_max,PASS,ok,uint,gt,max,8,262144,uniform,18000162,1,Ground truth end-to-end time (ms),0.13,Ground truth end-to-end time (ms),0.13,Ground truth algorithmic time (ms),0.13,1048608,lower-bound,262144,lower-bound
npu,q18_k256_max,PASS,ok,uint,gt,max,256,262144,uniform,18000410,1,Ground truth end-to-end time (ms),0.161,Ground truth end-to-end time (ms),0.161,Ground truth algorithmic time (ms),0.161,1049600,lower-bound,262144,lower-bound
npu,q18_k4096_max,PASS,ok,uint,gt,max,4096,262144,uniform,18004250,1,Ground truth end-to-end time (ms),0.828,Ground truth end-to-end time (ms),0.828,Ground truth algorithmic time (ms),0.828,1064960,lower-bound,262144,lower-bound
npu,q18_k131072_max,PASS,ok,uint,gt,max,131072,262144,uniform,18131226,1,Ground truth end-to-end time (ms),10.927,Ground truth end-to-end time (ms),10.927,Ground truth algorithmic time (ms),10.927,1572864,lower-bound,262144,lower-bound
npu,q19_k8_max,PASS,ok,uint,gt,max,8,524288,uniform,19000165,1,Ground truth end-to-end time (ms),0.199,Ground truth end-to-end time (ms),0.199,Ground truth algorithmic time (ms),0.199,2097184,lower-bound,524288,lower-bound
npu,q19_k256_max,PASS,ok,uint,gt,max,256,524288,uniform,19000413,1,Ground truth end-to-end time (ms),0.24,Ground truth end-to-end time (ms),0.24,Ground truth algorithmic time (ms),0.24,2098176,lower-bound,524288,lower-bound
npu,q19_k4096_max,PASS,ok,uint,gt,max,4096,524288,uniform,19004253,1,Ground truth end-to-end time (ms),0.998,Ground truth end-to-end time (ms),0.998,Ground truth algorithmic time (ms),0.998,2113536,lower-bound,524288,lower-bound
npu,q19_k131072_max,PASS,ok,uint,gt,max,131072,524288,uniform,19131229,1,Ground truth end-to-end time (ms),16.625,Ground truth end-to-end time (ms),16.625,Ground truth algorithmic time (ms),16.625,2621440,lower-bound,524288,lower-bound
npu,q20_k8_max,PASS,ok,uint,gt,max,8,1048576,uniform,20000168,1,Ground truth end-to-end time (ms),0.344,Ground truth end-to-end time (ms),0.344,Ground truth algorithmic time (ms),0.344,4194336,lower-bound,1048576,lower-bound
npu,q20_k256_max,PASS,ok,uint,gt,max,256,1048576,uniform,20000416,1,Ground truth end-to-end time (ms),0.416,Ground truth end-to-end time (ms),0.416,Ground truth algorithmic time (ms),0.416,4195328,lower-bound,1048576,lower-bound
npu,q20_k4096_max,PASS,ok,uint,gt,max,4096,1048576,uniform,20004256,1,Ground truth end-to-end time (ms),1.269,Ground truth end-to-end time (ms),1.269,Ground truth algorithmic time (ms),1.269,4210688,lower-bound,1048576,lower-bound
npu,q20_k131072_max,PASS,ok,uint,gt,max,131072,1048576,uniform,20131232,1,Ground truth end-to-end time (ms),21.455,Ground truth end-to-end time (ms),21.455,Ground truth algorithmic time (ms),21.455,4718592,lower-bound,1048576,lower-bound
npu,q21_k8_max,PASS,ok,uint,gt,max,8,2097152,uniform,21000171,1,Ground truth end-to-end time (ms),0.631,Ground truth end-to-end time (ms),0.631,Ground truth algorithmic time (ms),0.631,8388640,lower-bound,2097152,lower-bound
npu,q21_k256_max,PASS,ok,uint,gt,max,256,2097152,uniform,21000419,1,Ground truth end-to-end time (ms),0.684,Ground truth end-to-end time (ms),0.684,Ground truth algorithmic time (ms),0.684,8389632,lower-bound,2097152,lower-bound
npu,q21_k4096_max,PASS,ok,uint,gt,max,4096,2097152,uniform,21004259,1,Ground truth end-to-end time (ms),1.69,Ground truth end-to-end time (ms),1.69,Ground truth algorithmic time (ms),1.69,8404992,lower-bound,2097152,lower-bound
npu,q21_k131072_max,PASS,ok,uint,gt,max,131072,2097152,uniform,21131235,1,Ground truth end-to-end time (ms),28.441,Ground truth end-to-end time (ms),28.441,Ground truth algorithmic time (ms),28.441,8912896,lower-bound,2097152,lower-bound
npu,q22_k8_max,PASS,ok,uint,gt,max,8,4194304,uniform,22000174,1,Ground truth end-to-end time (ms),1.197,Ground truth end-to-end time (ms),1.197,Ground truth algorithmic time (ms),1.197,16777248,lower-bound,4194304,lower-bound
npu,q22_k256_max,PASS,ok,uint,gt,max,256,4194304,uniform,22000422,1,Ground truth end-to-end time (ms),1.274,Ground truth end-to-end time (ms),1.274,Ground truth algorithmic time (ms),1.274,16778240,lower-bound,4194304,lower-bound
npu,q22_k4096_max,PASS,ok,uint,gt,max,4096,4194304,uniform,22004262,1,Ground truth end-to-end time (ms),2.441,Ground truth end-to-end time (ms),2.441,Ground truth algorithmic time (ms),2.441,16793600,lower-bound,4194304,lower-bound
npu,q22_k131072_max,PASS,ok,uint,gt,max,131072,4194304,uniform,22131238,1,Ground truth end-to-end time (ms),35.066,Ground truth end-to-end time (ms),35.066,Ground truth algorithmic time (ms),35.066,17301504,lower-bound,4194304,lower-bound
npu,q23_k8_max,PASS,ok,uint,gt,max,8,8388608,uniform,23000177,1,Ground truth end-to-end time (ms),2.412,Ground truth end-to-end time (ms),2.412,Ground truth algorithmic time (ms),2.412,33554464,lower-bound,8388608,lower-bound
npu,q23_k256_max,PASS,ok,uint,gt,max,256,8388608,uniform,23000425,1,Ground truth end-to-end time (ms),2.5,Ground truth end-to-end time (ms),2.5,Ground truth algorithmic time (ms),2.5,33555456,lower-bound,8388608,lower-bound
npu,q23_k4096_max,PASS,ok,uint,gt,max,4096,8388608,uniform,23004265,1,Ground truth end-to-end time (ms),3.802,Ground truth end-to-end time (ms),3.802,Ground truth algorithmic time (ms),3.802,33570816,lower-bound,8388608,lower-bound
npu,q23_k131072_max,PASS,ok,uint,gt,max,131072,8388608,uniform,23131241,1,Ground truth end-to-end time (ms),42.273,Ground truth end-to-end time (ms),42.273,Ground truth algorithmic time (ms),42.273,34078720,lower-bound,8388608,lower-bound
npu,q24_k8_max,PASS,ok,uint,gt,max,8,16777216,uniform,24000180,1,Ground truth end-to-end time (ms),4.743,Ground truth end-to-end time (ms),4.743,Ground truth algorithmic time (ms),4.743,67108896,lower-bound,16777216,lower-bound
npu,q24_k256_max,PASS,ok,uint,gt,max,256,16777216,uniform,24000428,1,Ground truth end-to-end time (ms),4.814,Ground truth end-to-end time (ms),4.814,Ground truth algorithmic time (ms),4.814,67109888,lower-bound,16777216,lower-bound
npu,q24_k4096_max,PASS,ok,uint,gt,max,4096,16777216,uniform,24004268,1,Ground truth end-to-end time (ms),6.28,Ground truth end-to-end time (ms),6.28,Ground truth algorithmic time (ms),6.28,67125248,lower-bound,16777216,lower-bound
npu,q24_k131072_max,PASS,ok,uint,gt,max,131072,16777216,uniform,24131244,1,Ground truth end-to-end time (ms),49.755,Ground truth end-to-end time (ms),49.755,Ground truth algorithmic time (ms),49.755,67633152,lower-bound,16777216,lower-bound
