backend,case_name,status,reason,dtype,algorithm,mode,k,n,dist,seed,rep,timing_label,time_ms,timing_label_e2e,time_end_to_end_ms,timing_label_algorithmic,time_algorithmic_ms,bytes_moved,bytes_model,compare_ops,ops_model
cpu,q03_k8_max,PASS,ok,half,bitonic,max,8,8,uniform,3000117,1,Trunc bitonic end-to-end time (ms),0.082,Trunc bitonic end-to-end time (ms),0.082,Trunc bitonic algorithmic time (ms),0.082,32,exact,24,exact
cpu,q04_k8_max,PASS,ok,half,bitonic,max,8,16,uniform,4000120,1,Trunc bitonic end-to-end time (ms),0.074,Trunc bitonic end-to-end time (ms),0.074,Trunc bitonic algorithmic time (ms),0.074,144,exact,68,exact
cpu,q05_k8_max,PASS,ok,half,bitonic,max,8,32,uniform,5000123,1,Trunc bitonic end-to-end time (ms),0.071,Trunc bitonic end-to-end time (ms),0.071,Trunc bitonic algorithmic time (ms),0.071,368,exact,156,exact
cpu,q06_k8_max,PASS,ok,half,bitonic,max,8,64,uniform,6000126,1,Trunc bitonic end-to-end time (ms),0.066,Trunc bitonic end-to-end time (ms),0.066,Trunc bitonic algorithmic time (ms),0.066,816,exact,332,exact
cpu,q07_k8_max,PASS,ok,half,bitonic,max,8,128,uniform,7000129,1,Trunc bitonic end-to-end time (ms),0.074,Trunc bitonic end-to-end time (ms),0.074,Trunc bitonic algorithmic time (ms),0.074,1712,exact,684,exact
cpu,q08_k8_max,PASS,ok,half,bitonic,max,8,256,uniform,8000132,1,Trunc bitonic end-to-end time (ms),0.064,Trunc bitonic end-to-end time (ms),0.064,Trunc bitonic algorithmic time (ms),0.064,3504,exact,1388,exact
cpu,q08_k256_max,PASS,ok,half,bitonic,max,256,256,uniform,8000380,1,Trunc bitonic end-to-end time (ms),0.074,Trunc bitonic end-to-end time (ms),0.074,Trunc bitonic algorithmic time (ms),0.074,1024,exact,4608,exact
cpu,q09_k8_max,PASS,ok,half,bitonic,max,8,512,uniform,9000135,1,Trunc bitonic end-to-end time (ms),0.072,Trunc bitonic end-to-end time (ms),0.072,Trunc bitonic algorithmic time (ms),0.072,7088,exact,2796,exact
cpu,q09_k256_max,PASS,ok,half,bitonic,max,256,512,uniform,9000383,1,Trunc bitonic end-to-end time (ms),0.076,Trunc bitonic end-to-end time (ms),0.076,Trunc bitonic algorithmic time (ms),0.076,4608,exact,10496,exact
cpu,q10_k8_max,PASS,ok,half,bitonic,max,8,1024,uniform,10000138,1,Trunc bitonic end-to-end time (ms),0.074,Trunc bitonic end-to-end time (ms),0.074,Trunc bitonic algorithmic time (ms),0.074,14256,exact,5612,exact
cpu,q10_k256_max,PASS,ok,half,bitonic,max,256,1024,uniform,10000386,1,Trunc bitonic end-to-end time (ms),0.072,Trunc bitonic end-to-end time (ms),0.072,Trunc bitonic algorithmic time (ms),0.072,11776,exact,22272,exact
cpu,q11_k8_max,PASS,ok,half,bitonic,max,8,2048,uniform,11000141,1,Trunc bitonic end-to-end time (ms),0.075,Trunc bitonic end-to-end time (ms),0.075,Trunc bitonic algorithmic time (ms),0.075,28592,exact,11244,exact
cpu,q11_k256_max,PASS,ok,half,bitonic,max,256,2048,uniform,11000389,1,Trunc bitonic end-to-end time (ms),0.081,Trunc bitonic end-to-end time (ms),0.081,Trunc bitonic algorithmic time (ms),0.081,26112,exact,45824,exact
cpu,q12_k8_max,PASS,ok,half,bitonic,max,8,4096,uniform,12000144,1,Trunc bitonic end-to-end time (ms),0.079,Trunc bitonic end-to-end time (ms),0.079,Trunc bitonic algorithmic time (ms),0.079,57264,exact,22508,exact
cpu,q12_k256_max,PASS,ok,half,bitonic,max,256,4096,uniform,12000392,1,Trunc bitonic end-to-end time (ms),0.101,Trunc bitonic end-to-end time (ms),0.101,Trunc bitonic algorithmic time (ms),0.101,54784,exact,92928,exact
cpu,q12_k4096_max,PASS,ok,half,bitonic,max,4096,4096,uniform,12004232,1,Trunc bitonic end-to-end time (ms),0.111,Trunc bitonic end-to-end time (ms),0.111,Trunc bitonic algorithmic time (ms),0.111,16384,exact,159744,exact
cpu,q13_k8_max,PASS,ok,half,bitonic,max,8,8192,uniform,13000147,1,Trunc bitonic end-to-end time (ms),0.084,Trunc bitonic end-to-end time (ms),0.084,Trunc bitonic algorithmic time (ms),0.084,114608,exact,45036,exact
cpu,q13_k256_max,PASS,ok,half,bitonic,max,256,8192,uniform,13000395,1,Trunc bitonic end-to-end time (ms),0.126,Trunc bitonic end-to-end time (ms),0.126,Trunc bitonic algorithmic time (ms),0.126,112128,exact,187136,exact
cpu,q13_k4096_max,PASS,ok,half,bitonic,max,4096,8192,uniform,13004235,1,Trunc bitonic end-to-end time (ms),0.151,Trunc bitonic end-to-end time (ms),0.151,Trunc bitonic algorithmic time (ms),0.151,73728,exact,348160,exact
cpu,q14_k8_max,PASS,ok,half,bitonic,max,8,16384,uniform,14000150,1,Trunc bitonic end-to-end time (ms),0.099,Trunc bitonic end-to-end time (ms),0.099,Trunc bitonic algorithmic time (ms),0.099,229296,exact,90092,exact
cpu,q14_k256_max,PASS,ok,half,bitonic,max,256,16384,uniform,14000398,1,Trunc bitonic end-to-end time (ms),0.175,Trunc bitonic end-to-end time (ms),0.175,Trunc bitonic algorithmic time (ms),0.175,226816,exact,375552,exact
cpu,q14_k4096_max,PASS,ok,half,bitonic,max,4096,16384,uniform,14004238,1,Trunc bitonic end-to-end time (ms),0.248,Trunc bitonic end-to-end time (ms),0.248,Trunc bitonic algorithmic time (ms),0.248,188416,exact,724992,exact
cpu,q15_k8_max,PASS,ok,half,bitonic,max,8,32768,uniform,15000153,1,Trunc bitonic end-to-end time (ms),0.12,Trunc bitonic end-to-end time (ms),0.12,Trunc bitonic algorithmic time (ms),0.12,458672,exact,180204,exact
cpu,q15_k256_max,PASS,ok,half,bitonic,max,256,32768,uniform,15000401,1,Trunc bitonic end-to-end time (ms),0.279,Trunc bitonic end-to-end time (ms),0.279,Trunc bitonic algorithmic time (ms),0.279,456192,exact,752384,exact
cpu,q15_k4096_max,PASS,ok,half,bitonic,max,4096,32768,uniform,15004241,1,Trunc bitonic end-to-end time (ms),0.43,Trunc bitonic end-to-end time (ms),0.43,Trunc bitonic algorithmic time (ms),0.43,417792,exact,1478656,exact
cpu,q16_k8_max,PASS,ok,half,bitonic,max,8,65536,uniform,16000156,1,Trunc bitonic end-to-end time (ms),0.199,Trunc bitonic end-to-end time (ms),0.199,Trunc bitonic algorithmic time (ms),0.199,917424,exact,360428,exact
cpu,q16_k256_max,PASS,ok,half,bitonic,max,256,65536,uniform,16000404,1,Trunc bitonic end-to-end time (ms),0.485,Trunc bitonic end-to-end time (ms),0.485,Trunc bitonic algorithmic time (ms),0.485,914944,exact,1506048,exact
cpu,q16_k4096_max,PASS,ok,half,bitonic,max,4096,65536,uniform,16004244,1,Trunc bitonic end-to-end time (ms),0.819,Trunc bitonic end-to-end time (ms),0.819,Trunc bitonic algorithmic time (ms),0.819,876544,exact,2985984,exact
cpu,q17_k8_max,PASS,ok,half,bitonic,max,8,131072,uniform,17000159,1,Trunc bitonic end-to-end time (ms),0.224,Trunc bitonic end-to-end time (ms),0.224,Trunc bitonic algorithmic time (ms),0.224,1834928,exact,720876,exact
cpu,q17_k256_max,PASS,ok,half,bitonic,max,256,131072,uniform,17000407,1,Trunc bitonic end-to-end time (ms),0.546,Trunc bitonic end-to-end time (ms),0.546,Trunc bitonic algorithmic time (ms),0.546,1832448,exact,3013376,exact
cpu,q17_k4096_max,PASS,ok,half,bitonic,max,4096,131072,uniform,17004247,1,Trunc bitonic end-to-end time (ms),0.849,Trunc bitonic end-to-end time (ms),0.849,Trunc bitonic algorithmic time (ms),0.849,1794048,exact,6000640,exact
cpu,q17_k131072_max,PASS,ok,half,bitonic,max,131072,131072,uniform,17131223,1,Trunc bitonic end-to-end time (ms),2.273,Trunc bitonic end-to-end time (ms),2.273,Trunc bitonic algorithmic time (ms),2.273,524288,exact,10027008,exact
cpu,q18_k8_max,PASS,ok,half,bitonic,max,8,262144,uniform,18000162,1,Trunc bitonic end-to-end time (ms),0.263,Trunc bitonic end-to-end time (ms),0.263,Trunc bitonic algorithmic time (ms),0.263,3669936,exact,1441772,exact
cpu,q18_k256_max,PASS,ok,half,bitonic,max,256,262144,uniform,18000410,1,Trunc bitonic end-to-end time (ms),0.613,Trunc bitonic end-to-end time (ms),0.613,Trunc bitonic algorithmic time (ms),0.613,3667456,exact,6028032,exact
cpu,q18_k4096_max,PASS,ok,half,bitonic,max,4096,262144,uniform,18004250,1,Trunc bitonic end-to-end time (ms),0.904,Trunc bitonic end-to-end time (ms),0.904,Trunc bitonic algorithmic time (ms),0.904,3629056,exact,12029952,exact
cpu,q18_k131072_max,PASS,ok,half,bitonic,max,131072,262144,uniform,18131226,1,Trunc bitonic end-to-end time (ms),2.618,Trunc bitonic end-to-end time (ms),2.618,Trunc bitonic algorithmic time (ms),2.618,2359296,exact,21299200,exact
cpu,q19_k8_max,PASS,ok,half,bitonic,max,8,524288,uniform,19000165,1,Trunc bitonic end-to-end time (ms),0.396,Trunc bitonic end-to-end time (ms),0.396,Trunc bitonic algorithmic time (ms),0.396,7339952,exact,2883564,exact
cpu,q19_k256_max,PASS,ok,half,bitonic,max,256,524288,uniform,19000413,1,Trunc bitonic end-to-end time (ms),0.732,Trunc bitonic end-to-end time (ms),0.732,Trunc bitonic algorithmic time (ms),0.732,7337472,exact,12057344,exact
cpu,q19_k4096_max,PASS,ok,half,bitonic,max,4096,524288,uniform,19004253,1,Trunc bitonic end-to-end time (ms),1.197,Trunc bitonic end-to-end time (ms),1.197,Trunc bitonic algorithmic time (ms),1.197,7299072,exact,24088576,exact
cpu,q19_k131072_max,PASS,ok,half,bitonic,max,131072,524288,uniform,19131229,1,Trunc bitonic end-to-end time (ms),2.843,Trunc bitonic end-to-end time (ms),2.843,Trunc bitonic algorithmic time (ms),2.843,6029312,exact,43843584,exact
cpu,q20_k8_max,PASS,ok,half,bitonic,max,8,1048576,uniform,20000168,1,Trunc bitonic end-to-end time (ms),0.542,Trunc bitonic end-to-end time (ms),0.542,Trunc bitonic algorithmic time (ms),0.542,14679984,exact,5767148,exact
cpu,q20_k256_max,PASS,ok,half,bitonic,max,256,1048576,uniform,20000416,1,Trunc bitonic end-to-end time (ms),1.213,Trunc bitonic end-to-end time (ms),1.213,Trunc bitonic algorithmic time (ms),1.213,14677504,exact,24115968,exact
cpu,q20_k4096_max,PASS,ok,half,bitonic,max,4096,1048576,uniform,20004256,1,Trunc bitonic end-to-end time (ms),1.799,Trunc bitonic end-to-end time (ms),1.799,Trunc bitonic algorithmic time (ms),1.799,14639104,exact,48205824,exact
cpu,q20_k131072_max,PASS,ok,half,bitonic,max,131072,1048576,uniform,20131232,1,Trunc bitonic end-to-end time (ms),3.259,Trunc bitonic end-to-end time (ms),3.259,Trunc bitonic algorithmic time (ms),3.259,13369344,exact,88932352,exact
cpu,q21_k8_max,PASS,ok,half,bitonic,max,8,2097152,uniform,21000171,1,Trunc bitonic end-to-end time (ms),0.911,Trunc bitonic end-to-end time (ms),0.911,Trunc bitonic algorithmic time (ms),0.911,29360048,exact,11534316,exact
cpu,q21_k256_max,PASS,ok,half,bitonic,max,256,2097152,uniform,21000419,1,Trunc bitonic end-to-end time (ms),2.131,Trunc bitonic end-to-end time (ms),2.131,Trunc bitonic algorithmic time (ms),2.131,29357568,exact,48233216,exact
cpu,q21_k4096_max,PASS,ok,half,bitonic,max,4096,2097152,uniform,21004259,1,Trunc bitonic end-to-end time (ms),3.539,Trunc bitonic end-to-end time (ms),3.539,Trunc bitonic algorithmic time (ms),3.539,29319168,exact,96440320,exact
cpu,q21_k131072_max,PASS,ok,half,bitonic,max,131072,2097152,uniform,21131235,1,Trunc bitonic end-to-end time (ms),5.691,Trunc bitonic end-to-end time (ms),5.691,Trunc bitonic algorithmic time (ms),5.691,28049408,exact,179109888,exact
cpu,q22_k8_max,PASS,ok,half,bitonic,max,8,4194304,uniform,22000174,1,Trunc bitonic end-to-end time (ms),1.509,Trunc bitonic end-to-end time (ms),1.509,Trunc bitonic algorithmic time (ms),1.509,58720176,exact,23068652,exact
cpu,q22_k256_max,PASS,ok,half,bitonic,max,256,4194304,uniform,22000422,1,Trunc bitonic end-to-end time (ms),4.353,Trunc bitonic end-to-end time (ms),4.353,Trunc bitonic algorithmic time (ms),4.353,58717696,exact,96467712,exact
cpu,q22_k4096_max,PASS,ok,half,bitonic,max,4096,4194304,uniform,22004262,1,Trunc bitonic end-to-end time (ms),6.669,Trunc bitonic end-to-end time (ms),6.669,Trunc bitonic algorithmic time (ms),6.669,58679296,exact,192909312,exact
cpu,q22_k131072_max,PASS,ok,half,bitonic,max,131072,4194304,uniform,22131238,1,Trunc bitonic end-to-end time (ms),11.372,Trunc bitonic end-to-end time (ms),11.372,Trunc bitonic algorithmic time (ms),11.372,57409536,exact,359464960,exact
cpu,q23_k8_max,PASS,ok,half,bitonic,max,8,8388608,uniform,23000177,1,Trunc bitonic end-to-end time (ms),3.148,Trunc bitonic end-to-end time (ms),3.148,Trunc bitonic algorithmic time (ms),3.148,117440432,exact,46137324,exact
cpu,q23_k256_max,PASS,ok,half,bitonic,max,256,8388608,uniform,23000425,1,Trunc bitonic end-to-end time (ms),7.958,Trunc bitonic end-to-end time (ms),7.958,Trunc bitonic algorithmic time (ms),7.958,117437952,exact,192936704,exact
cpu,q23_k4096_max,PASS,ok,half,bitonic,max,4096,8388608,uniform,23004265,1,Trunc bitonic end-to-end time (ms),13.181,Trunc bitonic end-to-end time (ms),13.181,Trunc bitonic algorithmic time (ms),13.181,117399552,exact,385847296,exact
cpu,q23_k131072_max,PASS,ok,half,bitonic,max,131072,8388608,uniform,23131241,1,Trunc bitonic end-to-end time (ms),22.375,Trunc bitonic end-to-end time (ms),22.375,Trunc bitonic algorithmic time (ms),22.375,116129792,exact,720175104,exact
cpu,q24_k8_max,PASS,ok,half,bitonic,max,8,16777216,uniform,24000180,1,Trunc bitonic end-to-end time (ms),5.673,Trunc bitonic end-to-end time (ms),5.673,Trunc bitonic algorithmic time (ms),5.673,234880944,exact,92274668,exact
cpu,q24_k256_max,PASS,ok,half,bitonic,max,256,16777216,uniform,24000428,1,Trunc bitonic end-to-end time (ms),16.424,Trunc bitonic end-to-end time (ms),16.424,Trunc bitonic algorithmic time (ms),16.424,234878464,exact,385874688,exact
cpu,q24_k4096_max,PASS,ok,half,bitonic,max,4096,16777216,uniform,24004268,1,Trunc bitonic end-to-end time (ms),26.192,Trunc bitonic end-to-end time (ms),26.192,Trunc bitonic algorithmic time (ms),26.192,234840064,exact,771723264,exact
cpu,q24_k131072_max,PASS,ok,half,bitonic,max,131072,16777216,uniform,24131244,1,Trunc bitonic end-to-end time (ms),43.286,Trunc bitonic end-to-end time (ms),43.286,Trunc bitonic algorithmic time (ms),43.286,233570304,exact,1441595392,exact
cpu,q03_k8_max,PASS,ok,half,map_reduce,max,8,8,uniform,3000117,1,Map-reduce top-k end-to-end time (ms),0.048,Map-reduce top-k end-to-end time (ms),0.048,Map-reduce top-k algorithmic time (ms),0.048,48,exact,8,lower-bound
cpu,q04_k8_max,PASS,ok,half,map_reduce,max,8,16,uniform,4000120,1,Map-reduce top-k end-to-end time (ms),0.078,Map-reduce top-k end-to-end time (ms),0.078,Map-reduce top-k algorithmic time (ms),0.078,64,exact,16,lower-bound
cpu,q05_k8_max,PASS,ok,half,map_reduce,max,8,32,uniform,5000123,1,Map-reduce top-k end-to-end time (ms),0.05,Map-reduce top-k end-to-end time (ms),0.05,Map-reduce top-k algorithmic time (ms),0.05,96,exact,32,lower-bound
cpu,q06_k8_max,PASS,ok,half,map_reduce,max,8,64,uniform,6000126,1,Map-reduce top-k end-to-end time (ms),0.05,Map-reduce top-k end-to-end time (ms),0.05,Map-reduce top-k algorithmic time (ms),0.05,160,exact,64,lower-bound
cpu,q07_k8_max,PASS,ok,half,map_reduce,max,8,128,uniform,7000129,1,Map-reduce top-k end-to-end time (ms),0.049,Map-reduce top-k end-to-end time (ms),0.049,Map-reduce top-k algorithmic time (ms),0.049,288,exact,128,lower-bound
cpu,q08_k8_max,PASS,ok,half,map_reduce,max,8,256,uniform,8000132,1,Map-reduce top-k end-to-end time (ms),0.048,Map-reduce top-k end-to-end time (ms),0.048,Map-reduce top-k algorithmic time (ms),0.048,544,exact,256,lower-bound
cpu,q08_k256_max,PASS,ok,half,map_reduce,max,256,256,uniform,8000380,1,Map-reduce top-k end-to-end time (ms),0.05,Map-reduce top-k end-to-end time (ms),0.05,Map-reduce top-k algorithmic time (ms),0.05,1536,exact,256,lower-bound
cpu,q09_k8_max,PASS,ok,half,map_reduce,max,8,512,uniform,9000135,1,Map-reduce top-k end-to-end time (ms),0.048,Map-reduce top-k end-to-end time (ms),0.048,Map-reduce top-k algorithmic time (ms),0.048,1056,exact,512,lower-bound
cpu,q09_k256_max,PASS,ok,half,map_reduce,max,256,512,uniform,9000383,1,Map-reduce top-k end-to-end time (ms),0.055,Map-reduce top-k end-to-end time (ms),0.055,Map-reduce top-k algorithmic time (ms),0.055,2048,exact,512,lower-bound
cpu,q10_k8_max,PASS,ok,half,map_reduce,max,8,1024,uniform,10000138,1,Map-reduce top-k end-to-end time (ms),0.049,Map-reduce top-k end-to-end time (ms),0.049,Map-reduce top-k algorithmic time (ms),0.049,2080,exact,1024,lower-bound
cpu,q10_k256_max,PASS,ok,half,map_reduce,max,256,1024,uniform,10000386,1,Map-reduce top-k end-to-end time (ms),0.057,Map-reduce top-k end-to-end time (ms),0.057,Map-reduce top-k algorithmic time (ms),0.057,3072,exact,1024,lower-bound
cpu,q11_k8_max,PASS,ok,half,map_reduce,max,8,2048,uniform,11000141,1,Map-reduce top-k end-to-end time (ms),0.05,Map-reduce top-k end-to-end time (ms),0.05,Map-reduce top-k algorithmic time (ms),0.05,4128,exact,2048,lower-bound
cpu,q11_k256_max,PASS,ok,half,map_reduce,max,256,2048,uniform,11000389,1,Map-reduce top-k end-to-end time (ms),0.057,Map-reduce top-k end-to-end time (ms),0.057,Map-reduce top-k algorithmic time (ms),0.057,5120,exact,2048,lower-bound
cpu,q12_k8_max,PASS,ok,half,map_reduce,max,8,4096,uniform,12000144,1,Map-reduce top-k end-to-end time (ms),0.049,Map-reduce top-k end-to-end time (ms),0.049,Map-reduce top-k algorithmic time (ms),0.049,8224,exact,4096,lower-bound
cpu,q12_k256_max,PASS,ok,half,map_reduce,max,256,4096,uniform,12000392,1,Map-reduce top-k end-to-end time (ms),0.062,Map-reduce top-k end-to-end time (ms),0.062,Map-reduce top-k algorithmic time (ms),0.062,9216,exact,4096,lower-bound
cpu,q12_k4096_max,PASS,ok,half,map_reduce,max,4096,4096,uniform,12004232,1,Map-reduce top-k end-to-end time (ms),0.105,Map-reduce top-k end-to-end time (ms),0.105,Map-reduce top-k algorithmic time (ms),0.105,24576,exact,4096,lower-bound
cpu,q13_k8_max,PASS,ok,half,map_reduce,max,8,8192,uniform,13000147,1,Map-reduce top-k end-to-end time (ms),0.049,Map-reduce top-k end-to-end time (ms),0.049,Map-reduce top-k algorithmic time (ms),0.049,16416,exact,8192,lower-bound
cpu,q13_k256_max,PASS,ok,half,map_reduce,max,256,8192,uniform,13000395,1,Map-reduce top-k end-to-end time (ms),0.063,Map-reduce top-k end-to-end time (ms),0.063,Map-reduce top-k algorithmic time (ms),0.063,17408,exact,8192,lower-bound
cpu,q13_k4096_max,PASS,ok,half,map_reduce,max,4096,8192,uniform,13004235,1,Map-reduce top-k end-to-end time (ms),0.527,Map-reduce top-k end-to-end time (ms),0.527,Map-reduce top-k algorithmic time (ms),0.527,32768,exact,8192,lower-bound
cpu,q14_k8_max,PASS,ok,half,map_reduce,max,8,16384,uniform,14000150,1,Map-reduce top-k end-to-end time (ms),0.049,Map-reduce top-k end-to-end time (ms),0.049,Map-reduce top-k algorithmic time (ms),0.049,32800,exact,16384,lower-bound
cpu,q14_k256_max,PASS,ok,half,map_reduce,max,256,16384,uniform,14000398,1,Map-reduce top-k end-to-end time (ms),0.068,Map-reduce top-k end-to-end time (ms),0.068,Map-reduce top-k algorithmic time (ms),0.068,33792,exact,16384,lower-bound
cpu,q14_k4096_max,PASS,ok,half,map_reduce,max,4096,16384,uniform,14004238,1,Map-reduce top-k end-to-end time (ms),0.85,Map-reduce top-k end-to-end time (ms),0.85,Map-reduce top-k algorithmic time (ms),0.85,49152,exact,16384,lower-bound
cpu,q15_k8_max,PASS,ok,half,map_reduce,max,8,32768,uniform,15000153,1,Map-reduce top-k end-to-end time (ms),0.049,Map-reduce top-k end-to-end time (ms),0.049,Map-reduce top-k algorithmic time (ms),0.049,65568,exact,32768,lower-bound
cpu,q15_k256_max,PASS,ok,half,map_reduce,max,256,32768,uniform,15000401,1,Map-reduce top-k end-to-end time (ms),0.073,Map-reduce top-k end-to-end time (ms),0.073,Map-reduce top-k algorithmic time (ms),0.073,66560,exact,32768,lower-bound
cpu,q15_k4096_max,PASS,ok,half,map_reduce,max,4096,32768,uniform,15004241,1,Map-reduce top-k end-to-end time (ms),1.115,Map-reduce top-k end-to-end time (ms),1.115,Map-reduce top-k algorithmic time (ms),1.115,81920,exact,32768,lower-bound
cpu,q16_k8_max,PASS,ok,half,map_reduce,max,8,65536,uniform,16000156,1,Map-reduce top-k end-to-end time (ms),0.051,Map-reduce top-k end-to-end time (ms),0.051,Map-reduce top-k algorithmic time (ms),0.051,131104,exact,65536,lower-bound
cpu,q16_k256_max,PASS,ok,half,map_reduce,max,256,65536,uniform,16000404,1,Map-reduce top-k end-to-end time (ms),0.106,Map-reduce top-k end-to-end time (ms),0.106,Map-reduce top-k algorithmic time (ms),0.106,132096,exact,65536,lower-bound
cpu,q16_k4096_max,PASS,ok,half,map_reduce,max,4096,65536,uniform,16004244,1,Map-reduce top-k end-to-end time (ms),1.382,Map-reduce top-k end-to-end time (ms),1.382,Map-reduce top-k algorithmic time (ms),1.382,147456,exact,65536,lower-bound
cpu,q17_k8_max,PASS,ok,half,map_reduce,max,8,131072,uniform,17000159,1,Map-reduce top-k end-to-end time (ms),0.054,Map-reduce top-k end-to-end time (ms),0.054,Map-reduce top-k algorithmic time (ms),0.054,262176,exact,131072,lower-bound
cpu,q17_k256_max,PASS,ok,half,map_reduce,max,256,131072,uniform,17000407,1,Map-reduce top-k end-to-end time (ms),0.085,Map-reduce top-k end-to-end time (ms),0.085,Map-reduce top-k algorithmic time (ms),0.085,263168,exact,131072,lower-bound
cpu,q17_k4096_max,PASS,ok,half,map_reduce,max,4096,131072,uniform,17004247,1,Map-reduce top-k end-to-end time (ms),1.625,Map-reduce top-k end-to-end time (ms),1.625,Map-reduce top-k algorithmic time (ms),1.625,278528,exact,131072,lower-bound
cpu,q17_k131072_max,PASS,ok,half,map_reduce,max,131072,131072,uniform,17131223,1,Map-reduce top-k end-to-end time (ms),11.141,Map-reduce top-k end-to-end time (ms),11.141,Map-reduce top-k algorithmic time (ms),11.141,786432,exact,131072,lower-bound
cpu,q18_k8_max,PASS,ok,half,map_reduce,max,8,262144,uniform,18000162,1,Map-reduce top-k end-to-end time (ms),0.061,Map-reduce top-k end-to-end time (ms),0.061,Map-reduce top-k algorithmic time (ms),0.061,524320,exact,262144,lower-bound
cpu,q18_k256_max,PASS,ok,half,map_reduce,max,256,262144,uniform,18000410,1,Map-reduce top-k end-to-end time (ms),0.094,Map-reduce top-k end-to-end time (ms),0.094,Map-reduce top-k algorithmic time (ms),0.094,525312,exact,262144,lower-bound
cpu,q18_k4096_max,PASS,ok,half,map_reduce,max,4096,262144,uniform,18004250,1,Map-reduce top-k end-to-end time (ms),1.899,Map-reduce top-k end-to-end time (ms),1.899,Map-reduce top-k algorithmic time (ms),1.899,540672,exact,262144,lower-bound
cpu,q18_k131072_max,PASS,ok,half,map_reduce,max,131072,262144,uniform,18131226,1,Map-reduce top-k end-to-end time (ms),22.106,Map-reduce top-k end-to-end time (ms),22.106,Map-reduce top-k algorithmic time (ms),22.106,1048576,exact,262144,lower-bound
cpu,q19_k8_max,PASS,ok,half,map_reduce,max,8,524288,uniform,19000165,1,Map-reduce top-k end-to-end time (ms),0.075,Map-reduce top-k end-to-end time (ms),0.075,Map-reduce top-k algorithmic time (ms),0.075,1048608,exact,524288,lower-bound
cpu,q19_k256_max,PASS,ok,half,map_reduce,max,256,524288,uniform,19000413,1,Map-reduce top-k end-to-end time (ms),0.11,Map-reduce top-k end-to-end time (ms),0.11,Map-reduce top-k algorithmic time (ms),0.11,1049600,exact,524288,lower-bound
cpu,q19_k4096_max,PASS,ok,half,map_reduce,max,4096,524288,uniform,19004253,1,Map-reduce top-k end-to-end time (ms),2.236,Map-reduce top-k end-to-end time (ms),2.236,Map-reduce top-k algorithmic time (ms),2.236,1064960,exact,524288,lower-bound
cpu,q19_k131072_max,PASS,ok,half,map_reduce,max,131072,524288,uniform,19131229,1,Map-reduce top-k end-to-end time (ms),33.45,Map-reduce top-k end-to-end time (ms),33.45,Map-reduce top-k algorithmic time (ms),33.45,1572864,exact,524288,lower-bound
cpu,q20_k8_max,PASS,ok,half,map_reduce,max,8,1048576,uniform,20000168,1,Map-reduce top-k end-to-end time (ms),0.095,Map-reduce top-k end-to-end time (ms),0.095,Map-reduce top-k algorithmic time (ms),0.095,2097184,exact,1048576,lower-bound
cpu,q20_k256_max,PASS,ok,half,map_reduce,max,256,1048576,uniform,20000416,1,Map-reduce top-k end-to-end time (ms),0.136,Map-reduce top-k end-to-end time (ms),0.136,Map-reduce top-k algorithmic time (ms),0.136,2098176,exact,1048576,lower-bound
cpu,q20_k4096_max,PASS,ok,half,map_reduce,max,4096,1048576,uniform,20004256,1,Map-reduce top-k end-to-end time (ms),2.528,Map-reduce top-k end-to-end time (ms),2.528,Map-reduce top-k algorithmic time (ms),2.528,2113536,exact,1048576,lower-bound
cpu,q20_k131072_max,PASS,ok,half,map_reduce,max,131072,1048576,uniform,20131232,1,Map-reduce top-k end-to-end time (ms),45.482,Map-reduce top-k end-to-end time (ms),45.482,Map-reduce top-k algorithmic time (ms),45.482,2621440,exact,1048576,lower-bound
cpu,q21_k8_max,PASS,ok,half,map_reduce,max,8,2097152,uniform,21000171,1,Map-reduce top-k end-to-end time (ms),0.126,Map-reduce top-k end-to-end time (ms),0.126,Map-reduce top-k algorithmic time (ms),0.126,4194368,exact,2097152,lower-bound
cpu,q21_k256_max,PASS,ok,half,map_reduce,max,256,2097152,uniform,21000419,1,Map-reduce top-k end-to-end time (ms),0.227,Map-reduce top-k end-to-end time (ms),0.227,Map-reduce top-k algorithmic time (ms),0.227,4196352,exact,2097152,lower-bound
cpu,q21_k4096_max,PASS,ok,half,map_reduce,max,4096,2097152,uniform,21004259,1,Map-reduce top-k end-to-end time (ms),2.837,Map-reduce top-k end-to-end time (ms),2.837,Map-reduce top-k algorithmic time (ms),2.837,4227072,exact,2097152,lower-bound
cpu,q21_k131072_max,PASS,ok,half,map_reduce,max,131072,2097152,uniform,21131235,1,Map-reduce top-k end-to-end time (ms),58.264,Map-reduce top-k end-to-end time (ms),58.264,Map-reduce top-k algorithmic time (ms),58.264,5242880,exact,2097152,lower-bound
cpu,q22_k8_max,PASS,ok,half,map_reduce,max,8,4194304,uniform,22000174,1,Map-reduce top-k end-to-end time (ms),0.148,Map-reduce top-k end-to-end time (ms),0.148,Map-reduce top-k algorithmic time (ms),0.148,8388736,exact,4194304,lower-bound
cpu,q22_k256_max,PASS,ok,half,map_reduce,max,256,4194304,uniform,22000422,1,Map-reduce top-k end-to-end time (ms),0.255,Map-reduce top-k end-to-end time (ms),0.255,Map-reduce top-k algorithmic time (ms),0.255,8392704,exact,4194304,lower-bound
cpu,q22_k4096_max,PASS,ok,half,map_reduce,max,4096,4194304,uniform,22004262,1,Map-reduce top-k end-to-end time (ms),3.032,Map-reduce top-k end-to-end time (ms),3.032,Map-reduce top-k algorithmic time (ms),3.032,8454144,exact,4194304,lower-bound
cpu,q22_k131072_max,PASS,ok,half,map_reduce,max,131072,4194304,uniform,22131238,1,Map-reduce top-k end-to-end time (ms),69.495,Map-reduce top-k end-to-end time (ms),69.495,Map-reduce top-k algorithmic time (ms),69.495,10485760,exact,4194304,lower-bound
cpu,q23_k8_max,PASS,ok,half,map_reduce,max,8,8388608,uniform,23000177,1,Map-reduce top-k end-to-end time (ms),0.234,Map-reduce top-k end-to-end time (ms),0.234,Map-reduce top-k algorithmic time (ms),0.234,16777472,exact,8388608,lower-bound
cpu,q23_k256_max,PASS,ok,half,map_reduce,max,256,8388608,uniform,23000425,1,Map-reduce top-k end-to-end time (ms),0.344,Map-reduce top-k end-to-end time (ms),0.344,Map-reduce top-k algorithmic time (ms),0.344,16785408,exact,8388608,lower-bound
cpu,q23_k4096_max,PASS,ok,half,map_reduce,max,4096,8388608,uniform,23004265,1,Map-reduce top-k end-to-end time (ms),3.235,Map-reduce top-k end-to-end time (ms),3.235,Map-reduce top-k algorithmic time (ms),3.235,16908288,exact,8388608,lower-bound
cpu,q23_k131072_max,PASS,ok,half,map_reduce,max,131072,8388608,uniform,23131241,1,Map-reduce top-k end-to-end time (ms),79.341,Map-reduce top-k end-to-end time (ms),79.341,Map-reduce top-k algorithmic time (ms),79.341,20971520,exact,8388608,lower-bound
cpu,q24_k8_max,PASS,ok,half,map_reduce,max,8,16777216,uniform,24000180,1,Map-reduce top-k end-to-end time (ms),0.483,Map-reduce top-k end-to-end time (ms),0.483,Map-reduce top-k algorithmic time (ms),0.483,33554688,exact,16777216,lower-bound
cpu,q24_k256_max,PASS,ok,half,map_reduce,max,256,16777216,uniform,24000428,1,Map-reduce top-k end-to-end time (ms),0.598,Map-reduce top-k end-to-end time (ms),0.598,Map-reduce top-k algorithmic time (ms),0.598,33562624,exact,16777216,lower-bound
cpu,q24_k4096_max,PASS,ok,half,map_reduce,max,4096,16777216,uniform,24004268,1,Map-reduce top-k end-to-end time (ms),3.465,Map-reduce top-k end-to-end time (ms),3.465,Map-reduce top-k algorithmic time (ms),3.465,33685504,exact,16777216,lower-bound
cpu,q24_k131072_max,PASS,ok,half,map_reduce,max,131072,16777216,uniform,24131244,1,Map-reduce top-k end-to-end time (ms),87.787,Map-reduce top-k end-to-end time (ms),87.787,Map-reduce top-k algorithmic time (ms),87.787,37748736,exact,16777216,lower-bound
cpu,q03_k8_max,PASS,ok,half,gt,max,8,8,uniform,3000117,1,Ground truth end-to-end time (ms),0.053,Ground truth end-to-end time (ms),0.053,Ground truth algorithmic time (ms),0.053,32,lower-bound,8,lower-bound
cpu,q04_k8_max,PASS,ok,half,gt,max,8,16,uniform,4000120,1,Ground truth end-to-end time (ms),0.077,Ground truth end-to-end time (ms),0.077,Ground truth algorithmic time (ms),0.077,48,lower-bound,16,lower-bound
cpu,q05_k8_max,PASS,ok,half,gt,max,8,32,uniform,5000123,1,Ground truth end-to-end time (ms),0.048,Ground truth end-to-end time (ms),0.048,Ground truth algorithmic time (ms),0.048,80,lower-bound,32,lower-bound
cpu,q06_k8_max,PASS,ok,half,gt,max,8,64,uniform,6000126,1,Ground truth end-to-end time (ms),0.048,Ground truth end-to-end time (ms),0.048,Ground truth algorithmic time (ms),0.048,144,lower-bound,64,lower-bound
cpu,q07_k8_max,PASS,ok,half,gt,max,8,128,uniform,7000129,1,Ground truth end-to-end time (ms),0.037,Ground truth end-to-end time (ms),0.037,Ground truth algorithmic time (ms),0.037,272,lower-bound,128,lower-bound
cpu,q08_k8_max,PASS,ok,half,gt,max,8,256,uniform,8000132,1,Ground truth end-to-end time (ms),0.048,Ground truth end-to-end time (ms),0.048,Ground truth algorithmic time (ms),0.048,528,lower-bound,256,lower-bound
cpu,q08_k256_max,PASS,ok,half,gt,max,256,256,uniform,8000380,1,Ground truth end-to-end time (ms),0.049,Ground truth end-to-end time (ms),0.049,Ground truth algorithmic time (ms),0.049,1024,lower-bound,256,lower-bound
cpu,q09_k8_max,PASS,ok,half,gt,max,8,512,uniform,9000135,1,Ground truth end-to-end time (ms),0.048,Ground truth end-to-end time (ms),0.048,Ground truth algorithmic time (ms),0.048,1040,lower-bound,512,lower-bound
cpu,q09_k256_max,PASS,ok,half,gt,max,256,512,uniform,9000383,1,Ground truth end-to-end time (ms),0.053,Ground truth end-to-end time (ms),0.053,Ground truth algorithmic time (ms),0.053,1536,lower-bound,512,lower-bound
cpu,q10_k8_max,PASS,ok,half,gt,max,8,1024,uniform,10000138,1,Ground truth end-to-end time (ms),0.049,Ground truth end-to-end time (ms),0.049,Ground truth algorithmic time (ms),0.049,2064,lower-bound,1024,lower-bound
cpu,q10_k256_max,PASS,ok,half,gt,max,256,1024,uniform,10000386,1,Ground truth end-to-end time (ms),0.053,Ground truth end-to-end time (ms),0.053,Ground truth algorithmic time (ms),0.053,2560,lower-bound,1024,lower-bound
cpu,q11_k8_max,PASS,ok,half,gt,max,8,2048,uniform,11000141,1,Ground truth end-to-end time (ms),0.049,Ground truth end-to-end time (ms),0.049,Ground truth algorithmic time (ms),0.049,4112,lower-bound,2048,lower-bound
cpu,q11_k256_max,PASS,ok,half,gt,max,256,2048,uniform,11000389,1,Ground truth end-to-end time (ms),0.057,Ground truth end-to-end time (ms),0.057,Ground truth algorithmic time (ms),0.057,4608,lower-bound,2048,lower-bound
cpu,q12_k8_max,PASS,ok,half,gt,max,8,4096,uniform,12000144,1,Ground truth end-to-end time (ms),0.051,Ground truth end-to-end time (ms),0.051,Ground truth algorithmic time (ms),0.051,8208,lower-bound,4096,lower-bound
cpu,q12_k256_max,PASS,ok,half,gt,max,256,4096,uniform,12000392,1,Ground truth end-to-end time (ms),0.059,Ground truth end-to-end time (ms),0.059,Ground truth algorithmic time (ms),0.059,8704,lower-bound,4096,lower-bound
cpu,q12_k4096_max,PASS,ok,half,gt,max,4096,4096,uniform,12004232,1,Ground truth end-to-end time (ms),0.098,Ground truth end-to-end time (ms),0.098,Ground truth algorithmic time (ms),0.098,16384,lower-bound,4096,lower-bound
cpu,q13_k8_max,PASS,ok,half,gt,max,8,8192,uniform,13000147,1,Ground truth end-to-end time (ms),0.054,Ground truth end-to-end time (ms),0.054,Ground truth algorithmic time (ms),0.054,16400,lower-bound,8192,lower-bound
cpu,q13_k256_max,PASS,ok,half,gt,max,256,8192,uniform,13000395,1,Ground truth end-to-end time (ms),0.064,Ground truth end-to-end time (ms),0.064,Ground truth algorithmic time (ms),0.064,16896,lower-bound,8192,lower-bound
cpu,q13_k4096_max,PASS,ok,half,gt,max,4096,8192,uniform,13004235,1,Ground truth end-to-end time (ms),0.623,Ground truth end-to-end time (ms),0.623,Ground truth algorithmic time (ms),0.623,24576,lower-bound,8192,lower-bound
cpu,q14_k8_max,PASS,ok,half,gt,max,8,16384,uniform,14000150,1,Ground truth end-to-end time (ms),0.063,Ground truth end-to-end time (ms),0.063,Ground truth algorithmic time (ms),0.063,32784,lower-bound,16384,lower-bound
cpu,q14_k256_max,PASS,ok,half,gt,max,256,16384,uniform,14000398,1,Ground truth end-to-end time (ms),0.073,Ground truth end-to-end time (ms),0.073,Ground truth algorithmic time (ms),0.073,33280,lower-bound,16384,lower-bound
cpu,q14_k4096_max,PASS,ok,half,gt,max,4096,16384,uniform,14004238,1,Ground truth end-to-end time (ms),0.939,Ground truth end-to-end time (ms),0.939,Ground truth algorithmic time (ms),0.939,40960,lower-bound,16384,lower-bound
cpu,q15_k8_max,PASS,ok,half,gt,max,8,32768,uniform,15000153,1,Ground truth end-to-end time (ms),0.074,Ground truth end-to-end time (ms),0.074,Ground truth algorithmic time (ms),0.074,65552,lower-bound,32768,lower-bound
cpu,q15_k256_max,PASS,ok,half,gt,max,256,32768,uniform,15000401,1,Ground truth end-to-end time (ms),0.087,Ground truth end-to-end time (ms),0.087,Ground truth algorithmic time (ms),0.087,66048,lower-bound,32768,lower-bound
cpu,q15_k4096_max,PASS,ok,half,gt,max,4096,32768,uniform,15004241,1,Ground truth end-to-end time (ms),1.27,Ground truth end-to-end time (ms),1.27,Ground truth algorithmic time (ms),1.27,73728,lower-bound,32768,lower-bound
cpu,q16_k8_max,PASS,ok,half,gt,max,8,65536,uniform,16000156,1,Ground truth end-to-end time (ms),0.131,Ground truth end-to-end time (ms),0.131,Ground truth algorithmic time (ms),0.131,131088,lower-bound,65536,lower-bound
cpu,q16_k256_max,PASS,ok,half,gt,max,256,65536,uniform,16000404,1,Ground truth end-to-end time (ms),0.12,Ground truth end-to-end time (ms),0.12,Ground truth algorithmic time (ms),0.12,131584,lower-bound,65536,lower-bound
cpu,q16_k4096_max,PASS,ok,half,gt,max,4096,65536,uniform,16004244,1,Ground truth end-to-end time (ms),1.615,Ground truth end-to-end time (ms),1.615,Ground truth algorithmic time (ms),1.615,139264,lower-bound,65536,lower-bound
cpu,q17_k8_max,PASS,ok,half,gt,max,8,131072,uniform,17000159,1,Ground truth end-to-end time (ms),0.184,Ground truth end-to-end time (ms),0.184,Ground truth algorithmic time (ms),0.184,262160,lower-bound,131072,lower-bound
cpu,q17_k256_max,PASS,ok,half,gt,max,256,131072,uniform,17000407,1,Ground truth end-to-end time (ms),0.183,Ground truth end-to-end time (ms),0.183,Ground truth algorithmic time (ms),0.183,262656,lower-bound,131072,lower-bound
cpu,q17_k4096_max,PASS,ok,half,gt,max,4096,131072,uniform,17004247,1,Ground truth end-to-end time (ms),1.948,Ground truth end-to-end time (ms),1.948,Ground truth algorithmic time (ms),1.948,270336,lower-bound,131072,lower-bound
cpu,q17_k131072_max,PASS,ok,half,gt,max,131072,131072,uniform,17131223,1,Ground truth end-to-end time (ms),9.913,Ground truth end-to-end time (ms),9.913,Ground truth algorithmic time (ms),9.913,524288,lower-bound,131072,lower-bound
cpu,q18_k8_max,PASS,ok,half,gt,max,8,262144,uniform,18000162,1,Ground truth end-to-end time (ms),0.26,Ground truth end-to-end time (ms),0.26,Ground truth algorithmic time (ms),0.26,524304,lower-bound,262144,lower-bound
cpu,q18_k256_max,PASS,ok,half,gt,max,256,262144,uniform,18000410,1,Ground truth end-to-end time (ms),0.297,Ground truth end-to-end time (ms),0.297,Ground truth algorithmic time (ms),0.297,524800,lower-bound,262144,lower-bound
cpu,q18_k4096_max,PASS,ok,half,gt,max,4096,262144,uniform,18004250,1,Ground truth end-to-end time (ms),2.345,Ground truth end-to-end time (ms),2.345,Ground truth algorithmic time (ms),2.345,532480,lower-bound,262144,lower-bound
cpu,q18_k131072_max,PASS,ok,half,gt,max,131072,262144,uniform,18131226,1,Ground truth end-to-end time (ms),28.029,Ground truth end-to-end time (ms),28.029,Ground truth algorithmic time (ms),28.029,786432,lower-bound,262144,lower-bound
cpu,q19_k8_max,PASS,ok,half,gt,max,8,524288,uniform,19000165,1,Ground truth end-to-end time (ms),0.467,Ground truth end-to-end time (ms),0.467,Ground truth algorithmic time (ms),0.467,1048592,lower-bound,524288,lower-bound
cpu,q19_k256_max,PASS,ok,half,gt,max,256,524288,uniform,19000413,1,Ground truth end-to-end time (ms),0.521,Ground truth end-to-end time (ms),0.521,Ground truth algorithmic time (ms),0.521,1049088,lower-bound,524288,lower-bound
cpu,q19_k4096_max,PASS,ok,half,gt,max,4096,524288,uniform,19004253,1,Ground truth end-to-end time (ms),2.853,Ground truth end-to-end time (ms),2.853,Ground truth algorithmic time (ms),2.853,1056768,lower-bound,524288,lower-bound
cpu,q19_k131072_max,PASS,ok,half,gt,max,131072,524288,uniform,19131229,1,Ground truth end-to-end time (ms),40.772,Ground truth end-to-end time (ms),40.772,Ground truth algorithmic time (ms),40.772,1310720,lower-bound,524288,lower-bound
cpu,q20_k8_max,PASS,ok,half,gt,max,8,1048576,uniform,20000168,1,Ground truth end-to-end time (ms),0.882,Ground truth end-to-end time (ms),0.882,Ground truth algorithmic time (ms),0.882,2097168,lower-bound,1048576,lower-bound
cpu,q20_k256_max,PASS,ok,half,gt,max,256,1048576,uniform,20000416,1,Ground truth end-to-end time (ms),0.93,Ground truth end-to-end time (ms),0.93,Ground truth algorithmic time (ms),0.93,2097664,lower-bound,1048576,lower-bound
cpu,q20_k4096_max,PASS,ok,half,gt,max,4096,1048576,uniform,20004256,1,Ground truth end-to-end time (ms),3.508,Ground truth end-to-end time (ms),3.508,Ground truth algorithmic time (ms),3.508,2105344,lower-bound,1048576,lower-bound
cpu,q20_k131072_max,PASS,ok,half,gt,max,131072,1048576,uniform,20131232,1,Ground truth end-to-end time (ms),53.331,Ground truth end-to-end time (ms),53.331,Ground truth algorithmic time (ms),53.331,2359296,lower-bound,1048576,lower-bound
cpu,q21_k8_max,PASS,ok,half,gt,max,8,2097152,uniform,21000171,1,Ground truth end-to-end time (ms),1.705,Ground truth end-to-end time (ms),1.705,Ground truth algorithmic time (ms),1.705,4194320,lower-bound,2097152,lower-bound
cpu,q21_k256_max,PASS,ok,half,gt,max,256,2097152,uniform,21000419,1,Ground truth end-to-end time (ms),1.753,Ground truth end-to-end time (ms),1.753,Ground truth algorithmic time (ms),1.753,4194816,lower-bound,2097152,lower-bound
cpu,q21_k4096_max,PASS,ok,half,gt,max,4096,2097152,uniform,21004259,1,Ground truth end-to-end time (ms),4.496,Ground truth end-to-end time (ms),4.496,Ground truth algorithmic time (ms),4.496,4202496,lower-bound,2097152,lower-bound
cpu,q21_k131072_max,PASS,ok,half,gt,max,131072,2097152,uniform,21131235,1,Ground truth end-to-end time (ms),65.174,Ground truth end-to-end time (ms),65.174,Ground truth algorithmic time (ms),65.174,4456448,lower-bound,2097152,lower-bound
cpu,q22_k8_max,PASS,ok,half,gt,max,8,4194304,uniform,22000174,1,Ground truth end-to-end time (ms),3.378,Ground truth end-to-end time (ms),3.378,Ground truth algorithmic time (ms),3.378,8388624,lower-bound,4194304,lower-bound
cpu,q22_k256_max,PASS,ok,half,gt,max,256,4194304,uniform,22000422,1,Ground truth end-to-end time (ms),3.444,Ground truth end-to-end time (ms),3.444,Ground truth algorithmic time (ms),3.444,8389120,lower-bound,4194304,lower-bound
cpu,q22_k4096_max,PASS,ok,half,gt,max,4096,4194304,uniform,22004262,1,Ground truth end-to-end time (ms),6.239,Ground truth end-to-end time (ms),6.239,Ground truth algorithmic time (ms),6.239,8396800,lower-bound,4194304,lower-bound
cpu,q22_k131072_max,PASS,ok,half,gt,max,131072,4194304,uniform,22131238,1,Ground truth end-to-end time (ms),76.336,Ground truth end-to-end time (ms),76.336,Ground truth algorithmic time (ms),76.336,8650752,lower-bound,4194304,lower-bound
cpu,q23_k8_max,PASS,ok,half,gt,max,8,8388608,uniform,23000177,1,Ground truth end-to-end time (ms),6.683,Ground truth end-to-end time (ms),6.683,Ground truth algorithmic time (ms),6.683,16777232,lower-bound,8388608,lower-bound
cpu,q23_k256_max,PASS,ok,half,gt,max,256,8388608,uniform,23000425,1,Ground truth end-to-end time (ms),6.738,Ground truth end-to-end time (ms),6.738,Ground truth algorithmic time (ms),6.738,16777728,lower-bound,8388608,lower-bound
cpu,q23_k4096_max,PASS,ok,half,gt,max,4096,8388608,uniform,23004265,1,Ground truth end-to-end time (ms),9.645,Ground truth end-to-end time (ms),9.645,Ground truth algorithmic time (ms),9.645,16785408,lower-bound,8388608,lower-bound
cpu,q23_k131072_max,PASS,ok,half,gt,max,131072,8388608,uniform,23131241,1,Ground truth end-to-end time (ms),87.398,Ground truth end-to-end time (ms),87.398,Ground truth algorithmic time (ms),87.398,17039360,lower-bound,8388608,lower-bound
cpu,q24_k8_max,PASS,ok,half,gt,max,8,16777216,uniform,24000180,1,Ground truth end-to-end time (ms),13.34,Ground truth end-to-end time (ms),13.34,Ground truth algorithmic time (ms),13.34,33554448,lower-bound,16777216,lower-bound
cpu,q24_k256_max,PASS,ok,half,gt,max,256,16777216,uniform,24000428,1,Ground truth end-to-end time (ms),13.412,Ground truth end-to-end time (ms),13.412,Ground truth algorithmic time (ms),13.412,33554944,lower-bound,16777216,lower-bound
cpu,q24_k4096_max,PASS,ok,half,gt,max,4096,16777216,uniform,24004268,1,Ground truth end-to-end time (ms),16.314,Ground truth end-to-end time (ms),16.314,Ground truth algorithmic time (ms),16.314,33562624,lower-bound,16777216,lower-bound
cpu,q24_k131072_max,PASS,ok,half,gt,max,131072,16777216,uniform,24131244,1,Ground truth end-to-end time (ms),100.968,Ground truth end-to-end time (ms),100.968,Ground truth algorithmic time (ms),100.968,33816576,lower-bound,16777216,lower-bound
gpu,q03_k8_max,PASS,ok,half,bitonic,max,8,8,uniform,3000117,1,Trunc bitonic end-to-end time (ms),0.264,Trunc bitonic end-to-end time (ms),0.264,Trunc bitonic algorithmic time (ms),0.008,32,exact,24,exact
gpu,q04_k8_max,PASS,ok,half,bitonic,max,8,16,uniform,4000120,1,Trunc bitonic end-to-end time (ms),0.278,Trunc bitonic end-to-end time (ms),0.278,Trunc bitonic algorithmic time (ms),0.011,144,exact,68,exact
gpu,q05_k8_max,PASS,ok,half,bitonic,max,8,32,uniform,5000123,1,Trunc bitonic end-to-end time (ms),0.281,Trunc bitonic end-to-end time (ms),0.281,Trunc bitonic algorithmic time (ms),0.013,368,exact,156,exact
gpu,q06_k8_max,PASS,ok,half,bitonic,max,8,64,uniform,6000126,1,Trunc bitonic end-to-end time (ms),0.287,Trunc bitonic end-to-end time (ms),0.287,Trunc bitonic algorithmic time (ms),0.015,816,exact,332,exact
gpu,q07_k8_max,PASS,ok,half,bitonic,max,8,128,uniform,7000129,1,Trunc bitonic end-to-end time (ms),0.297,Trunc bitonic end-to-end time (ms),0.297,Trunc bitonic algorithmic time (ms),0.018,1712,exact,684,exact
gpu,q08_k8_max,PASS,ok,half,bitonic,max,8,256,uniform,8000132,1,Trunc bitonic end-to-end time (ms),0.302,Trunc bitonic end-to-end time (ms),0.302,Trunc bitonic algorithmic time (ms),0.021,3504,exact,1388,exact
gpu,q08_k256_max,PASS,ok,half,bitonic,max,256,256,uniform,8000380,1,Trunc bitonic end-to-end time (ms),0.267,Trunc bitonic end-to-end time (ms),0.267,Trunc bitonic algorithmic time (ms),0.011,1024,exact,4608,exact
gpu,q09_k8_max,PASS,ok,half,bitonic,max,8,512,uniform,9000135,1,Trunc bitonic end-to-end time (ms),0.305,Trunc bitonic end-to-end time (ms),0.305,Trunc bitonic algorithmic time (ms),0.023,7088,exact,2796,exact
gpu,q09_k256_max,PASS,ok,half,bitonic,max,256,512,uniform,9000383,1,Trunc bitonic end-to-end time (ms),0.28,Trunc bitonic end-to-end time (ms),0.28,Trunc bitonic algorithmic time (ms),0.015,4608,exact,10496,exact
gpu,q10_k8_max,PASS,ok,half,bitonic,max,8,1024,uniform,10000138,1,Trunc bitonic end-to-end time (ms),0.31,Trunc bitonic end-to-end time (ms),0.31,Trunc bitonic algorithmic time (ms),0.026,14256,exact,5612,exact
gpu,q10_k256_max,PASS,ok,half,bitonic,max,256,1024,uniform,10000386,1,Trunc bitonic end-to-end time (ms),0.288,Trunc bitonic end-to-end time (ms),0.288,Trunc bitonic algorithmic time (ms),0.019,11776,exact,22272,exact
gpu,q11_k8_max,PASS,ok,half,bitonic,max,8,2048,uniform,11000141,1,Trunc bitonic end-to-end time (ms),0.316,Trunc bitonic end-to-end time (ms),0.316,Trunc bitonic algorithmic time (ms),0.029,28592,exact,11244,exact
gpu,q11_k256_max,PASS,ok,half,bitonic,max,256,2048,uniform,11000389,1,Trunc bitonic end-to-end time (ms),0.297,Trunc bitonic end-to-end time (ms),0.297,Trunc bitonic algorithmic time (ms),0.025,26112,exact,45824,exact
gpu,q12_k8_max,PASS,ok,half,bitonic,max,8,4096,uniform,12000144,1,Trunc bitonic end-to-end time (ms),0.324,Trunc bitonic end-to-end time (ms),0.324,Trunc bitonic algorithmic time (ms),0.033,57264,exact,22508,exact
gpu,q12_k256_max,PASS,ok,half,bitonic,max,256,4096,uniform,12000392,1,Trunc bitonic end-to-end time (ms),0.308,Trunc bitonic end-to-end time (ms),0.308,Trunc bitonic algorithmic time (ms),0.033,54784,exact,92928,exact
gpu,q12_k4096_max,PASS,ok,half,bitonic,max,4096,4096,uniform,12004232,1,Trunc bitonic end-to-end time (ms),0.292,Trunc bitonic end-to-end time (ms),0.292,Trunc bitonic algorithmic time (ms),0.032,16384,exact,159744,exact
gpu,q13_k8_max,PASS,ok,half,bitonic,max,8,8192,uniform,13000147,1,Trunc bitonic end-to-end time (ms),0.335,Trunc bitonic end-to-end time (ms),0.335,Trunc bitonic algorithmic time (ms),0.036,114608,exact,45036,exact
gpu,q13_k256_max,PASS,ok,half,bitonic,max,256,8192,uniform,13000395,1,Trunc bitonic end-to-end time (ms),0.319,Trunc bitonic end-to-end time (ms),0.319,Trunc bitonic algorithmic time (ms),0.039,112128,exact,187136,exact
gpu,q13_k4096_max,PASS,ok,half,bitonic,max,4096,8192,uniform,13004235,1,Trunc bitonic end-to-end time (ms),0.311,Trunc bitonic end-to-end time (ms),0.311,Trunc bitonic algorithmic time (ms),0.039,73728,exact,348160,exact
gpu,q14_k8_max,PASS,ok,half,bitonic,max,8,16384,uniform,14000150,1,Trunc bitonic end-to-end time (ms),0.345,Trunc bitonic end-to-end time (ms),0.345,Trunc bitonic algorithmic time (ms),0.039,229296,exact,90092,exact
gpu,q14_k256_max,PASS,ok,half,bitonic,max,256,16384,uniform,14000398,1,Trunc bitonic end-to-end time (ms),0.329,Trunc bitonic end-to-end time (ms),0.329,Trunc bitonic algorithmic time (ms),0.044,226816,exact,375552,exact
gpu,q14_k4096_max,PASS,ok,half,bitonic,max,4096,16384,uniform,14004238,1,Trunc bitonic end-to-end time (ms),0.318,Trunc bitonic end-to-end time (ms),0.318,Trunc bitonic algorithmic time (ms),0.046,188416,exact,724992,exact
gpu,q15_k8_max,PASS,ok,half,bitonic,max,8,32768,uniform,15000153,1,Trunc bitonic end-to-end time (ms),0.348,Trunc bitonic end-to-end time (ms),0.348,Trunc bitonic algorithmic time (ms),0.043,458672,exact,180204,exact
gpu,q15_k256_max,PASS,ok,half,bitonic,max,256,32768,uniform,15000401,1,Trunc bitonic end-to-end time (ms),0.336,Trunc bitonic end-to-end time (ms),0.336,Trunc bitonic algorithmic time (ms),0.049,456192,exact,752384,exact
gpu,q15_k4096_max,PASS,ok,half,bitonic,max,4096,32768,uniform,15004241,1,Trunc bitonic end-to-end time (ms),0.33,Trunc bitonic end-to-end time (ms),0.33,Trunc bitonic algorithmic time (ms),0.052,417792,exact,1478656,exact
gpu,q16_k8_max,PASS,ok,half,bitonic,max,8,65536,uniform,16000156,1,Trunc bitonic end-to-end time (ms),0.356,Trunc bitonic end-to-end time (ms),0.356,Trunc bitonic algorithmic time (ms),0.046,917424,exact,360428,exact
gpu,q16_k256_max,PASS,ok,half,bitonic,max,256,65536,uniform,16000404,1,Trunc bitonic end-to-end time (ms),0.35,Trunc bitonic end-to-end time (ms),0.35,Trunc bitonic algorithmic time (ms),0.053,914944,exact,1506048,exact
gpu,q16_k4096_max,PASS,ok,half,bitonic,max,4096,65536,uniform,16004244,1,Trunc bitonic end-to-end time (ms),0.345,Trunc bitonic end-to-end time (ms),0.345,Trunc bitonic algorithmic time (ms),0.059,876544,exact,2985984,exact
gpu,q17_k8_max,PASS,ok,half,bitonic,max,8,131072,uniform,17000159,1,Trunc bitonic end-to-end time (ms),0.372,Trunc bitonic end-to-end time (ms),0.372,Trunc bitonic algorithmic time (ms),0.051,1834928,exact,720876,exact
gpu,q17_k256_max,PASS,ok,half,bitonic,max,256,131072,uniform,17000407,1,Trunc bitonic end-to-end time (ms),0.369,Trunc bitonic end-to-end time (ms),0.369,Trunc bitonic algorithmic time (ms),0.064,1832448,exact,3013376,exact
gpu,q17_k4096_max,PASS,ok,half,bitonic,max,4096,131072,uniform,17004247,1,Trunc bitonic end-to-end time (ms),0.371,Trunc bitonic end-to-end time (ms),0.371,Trunc bitonic algorithmic time (ms),0.076,1794048,exact,6000640,exact
gpu,q17_k131072_max,PASS,ok,half,bitonic,max,131072,131072,uniform,17131223,1,Trunc bitonic end-to-end time (ms),0.444,Trunc bitonic end-to-end time (ms),0.444,Trunc bitonic algorithmic time (ms),0.101,11010048,exact,10027008,exact
gpu,q18_k8_max,PASS,ok,half,bitonic,max,8,262144,uniform,18000162,1,Trunc bitonic end-to-end time (ms),0.388,Trunc bitonic end-to-end time (ms),0.388,Trunc bitonic algorithmic time (ms),0.057,3669936,exact,1441772,exact
gpu,q18_k256_max,PASS,ok,half,bitonic,max,256,262144,uniform,18000410,1,Trunc bitonic end-to-end time (ms),0.398,Trunc bitonic end-to-end time (ms),0.398,Trunc bitonic algorithmic time (ms),0.079,3667456,exact,6028032,exact
gpu,q18_k4096_max,PASS,ok,half,bitonic,max,4096,262144,uniform,18004250,1,Trunc bitonic end-to-end time (ms),0.422,Trunc bitonic end-to-end time (ms),0.422,Trunc bitonic algorithmic time (ms),0.106,3629056,exact,12029952,exact
gpu,q18_k131072_max,PASS,ok,half,bitonic,max,131072,262144,uniform,18131226,1,Trunc bitonic end-to-end time (ms),0.513,Trunc bitonic end-to-end time (ms),0.513,Trunc bitonic algorithmic time (ms),0.153,25952256,exact,21299200,exact
gpu,q19_k8_max,PASS,ok,half,bitonic,max,8,524288,uniform,19000165,1,Trunc bitonic end-to-end time (ms),0.413,Trunc bitonic end-to-end time (ms),0.413,Trunc bitonic algorithmic time (ms),0.067,7339952,exact,2883564,exact
gpu,q19_k256_max,PASS,ok,half,bitonic,max,256,524288,uniform,19000413,1,Trunc bitonic end-to-end time (ms),0.445,Trunc bitonic end-to-end time (ms),0.445,Trunc bitonic algorithmic time (ms),0.103,7337472,exact,12057344,exact
gpu,q19_k4096_max,PASS,ok,half,bitonic,max,4096,524288,uniform,19004253,1,Trunc bitonic end-to-end time (ms),0.486,Trunc bitonic end-to-end time (ms),0.486,Trunc bitonic algorithmic time (ms),0.145,7299072,exact,24088576,exact
gpu,q19_k131072_max,PASS,ok,half,bitonic,max,131072,524288,uniform,19131229,1,Trunc bitonic end-to-end time (ms),0.628,Trunc bitonic end-to-end time (ms),0.628,Trunc bitonic algorithmic time (ms),0.242,55836672,exact,43843584,exact
gpu,q20_k8_max,PASS,ok,half,bitonic,max,8,1048576,uniform,20000168,1,Trunc bitonic end-to-end time (ms),0.675,Trunc bitonic end-to-end time (ms),0.675,Trunc bitonic algorithmic time (ms),0.083,14679984,exact,5767148,exact
gpu,q20_k256_max,PASS,ok,half,bitonic,max,256,1048576,uniform,20000416,1,Trunc bitonic end-to-end time (ms),0.737,Trunc bitonic end-to-end time (ms),0.737,Trunc bitonic algorithmic time (ms),0.156,14677504,exact,24115968,exact
gpu,q20_k4096_max,PASS,ok,half,bitonic,max,4096,1048576,uniform,20004256,1,Trunc bitonic end-to-end time (ms),0.816,Trunc bitonic end-to-end time (ms),0.816,Trunc bitonic algorithmic time (ms),0.247,14639104,exact,48205824,exact
gpu,q20_k131072_max,PASS,ok,half,bitonic,max,131072,1048576,uniform,20131232,1,Trunc bitonic end-to-end time (ms),1.046,Trunc bitonic end-to-end time (ms),1.046,Trunc bitonic algorithmic time (ms),0.429,115605504,exact,88932352,exact
gpu,q21_k8_max,PASS,ok,half,bitonic,max,8,2097152,uniform,21000171,1,Trunc bitonic end-to-end time (ms),0.874,Trunc bitonic end-to-end time (ms),0.874,Trunc bitonic algorithmic time (ms),0.118,29360048,exact,11534316,exact
gpu,q21_k256_max,PASS,ok,half,bitonic,max,256,2097152,uniform,21000419,1,Trunc bitonic end-to-end time (ms),1.058,Trunc bitonic end-to-end time (ms),1.058,Trunc bitonic algorithmic time (ms),0.261,29357568,exact,48233216,exact
gpu,q21_k4096_max,PASS,ok,half,bitonic,max,4096,2097152,uniform,21004259,1,Trunc bitonic end-to-end time (ms),1.429,Trunc bitonic end-to-end time (ms),1.429,Trunc bitonic algorithmic time (ms),0.44,29319168,exact,96440320,exact
gpu,q21_k131072_max,PASS,ok,half,bitonic,max,131072,2097152,uniform,21131235,1,Trunc bitonic end-to-end time (ms),1.682,Trunc bitonic end-to-end time (ms),1.682,Trunc bitonic algorithmic time (ms),0.81,235143168,exact,179109888,exact
gpu,q22_k8_max,PASS,ok,half,bitonic,max,8,4194304,uniform,22000174,1,Trunc bitonic end-to-end time (ms),1.281,Trunc bitonic end-to-end time (ms),1.281,Trunc bitonic algorithmic time (ms),0.232,58720176,exact,23068652,exact
gpu,q22_k256_max,PASS,ok,half,bitonic,max,256,4194304,uniform,22000422,1,Trunc bitonic end-to-end time (ms),1.564,Trunc bitonic end-to-end time (ms),1.564,Trunc bitonic algorithmic time (ms),0.502,58717696,exact,96467712,exact
gpu,q22_k4096_max,PASS,ok,half,bitonic,max,4096,4194304,uniform,22004262,1,Trunc bitonic end-to-end time (ms),2.308,Trunc bitonic end-to-end time (ms),2.308,Trunc bitonic algorithmic time (ms),0.823,58679296,exact,192909312,exact
gpu,q22_k131072_max,PASS,ok,half,bitonic,max,131072,4194304,uniform,22131238,1,Trunc bitonic end-to-end time (ms),2.857,Trunc bitonic end-to-end time (ms),2.857,Trunc bitonic algorithmic time (ms),1.726,474218496,exact,359464960,exact
gpu,q23_k8_max,PASS,ok,half,bitonic,max,8,8388608,uniform,23000177,1,Trunc bitonic end-to-end time (ms),2.087,Trunc bitonic end-to-end time (ms),2.087,Trunc bitonic algorithmic time (ms),0.367,117440432,exact,46137324,exact
gpu,q23_k256_max,PASS,ok,half,bitonic,max,256,8388608,uniform,23000425,1,Trunc bitonic end-to-end time (ms),2.641,Trunc bitonic end-to-end time (ms),2.641,Trunc bitonic algorithmic time (ms),0.914,117437952,exact,192936704,exact
gpu,q23_k4096_max,PASS,ok,half,bitonic,max,4096,8388608,uniform,23004265,1,Trunc bitonic end-to-end time (ms),3.575,Trunc bitonic end-to-end time (ms),3.575,Trunc bitonic algorithmic time (ms),1.612,117399552,exact,385847296,exact
gpu,q23_k131072_max,PASS,ok,half,bitonic,max,131072,8388608,uniform,23131241,1,Trunc bitonic end-to-end time (ms),5.481,Trunc bitonic end-to-end time (ms),5.481,Trunc bitonic algorithmic time (ms),3.518,952369152,exact,720175104,exact
gpu,q24_k8_max,PASS,ok,half,bitonic,max,8,16777216,uniform,24000180,1,Trunc bitonic end-to-end time (ms),4.625,Trunc bitonic end-to-end time (ms),4.625,Trunc bitonic algorithmic time (ms),0.747,234880944,exact,92274668,exact
gpu,q24_k256_max,PASS,ok,half,bitonic,max,256,16777216,uniform,24000428,1,Trunc bitonic end-to-end time (ms),5.368,Trunc bitonic end-to-end time (ms),5.368,Trunc bitonic algorithmic time (ms),1.844,234878464,exact,385874688,exact
gpu,q24_k4096_max,PASS,ok,half,bitonic,max,4096,16777216,uniform,24004268,1,Trunc bitonic end-to-end time (ms),6.986,Trunc bitonic end-to-end time (ms),6.986,Trunc bitonic algorithmic time (ms),3.449,234840064,exact,771723264,exact
gpu,q24_k131072_max,PASS,ok,half,bitonic,max,131072,16777216,uniform,24131244,1,Trunc bitonic end-to-end time (ms),11.409,Trunc bitonic end-to-end time (ms),11.409,Trunc bitonic algorithmic time (ms),7.743,1908670464,exact,1441595392,exact
gpu,q03_k8_max,PASS,ok,half,map_reduce,max,8,8,uniform,3000117,1,Map-reduce top-k end-to-end time (ms),0.292,Map-reduce top-k end-to-end time (ms),0.292,Map-reduce top-k algorithmic time (ms),0.007,162256,exact,8,lower-bound
gpu,q04_k8_max,PASS,ok,half,map_reduce,max,8,16,uniform,4000120,1,Map-reduce top-k end-to-end time (ms),0.294,Map-reduce top-k end-to-end time (ms),0.294,Map-reduce top-k algorithmic time (ms),0.009,162272,exact,16,lower-bound
gpu,q05_k8_max,PASS,ok,half,map_reduce,max,8,32,uniform,5000123,1,Map-reduce top-k end-to-end time (ms),0.299,Map-reduce top-k end-to-end time (ms),0.299,Map-reduce top-k algorithmic time (ms),0.011,162304,exact,32,lower-bound
gpu,q06_k8_max,PASS,ok,half,map_reduce,max,8,64,uniform,6000126,1,Map-reduce top-k end-to-end time (ms),0.301,Map-reduce top-k end-to-end time (ms),0.301,Map-reduce top-k algorithmic time (ms),0.013,162368,exact,64,lower-bound
gpu,q07_k8_max,PASS,ok,half,map_reduce,max,8,128,uniform,7000129,1,Map-reduce top-k end-to-end time (ms),0.301,Map-reduce top-k end-to-end time (ms),0.301,Map-reduce top-k algorithmic time (ms),0.016,162496,exact,128,lower-bound
gpu,q08_k8_max,PASS,ok,half,map_reduce,max,8,256,uniform,8000132,1,Map-reduce top-k end-to-end time (ms),0.312,Map-reduce top-k end-to-end time (ms),0.312,Map-reduce top-k algorithmic time (ms),0.02,162752,exact,256,lower-bound
gpu,q08_k256_max,PASS,ok,half,map_reduce,max,256,256,uniform,8000380,1,Map-reduce top-k end-to-end time (ms),0.67,Map-reduce top-k end-to-end time (ms),0.67,Map-reduce top-k algorithmic time (ms),0.048,240128,exact,256,lower-bound
gpu,q09_k8_max,PASS,ok,half,map_reduce,max,8,512,uniform,9000135,1,Map-reduce top-k end-to-end time (ms),0.311,Map-reduce top-k end-to-end time (ms),0.311,Map-reduce top-k algorithmic time (ms),0.022,163264,exact,512,lower-bound
gpu,q09_k256_max,PASS,ok,half,map_reduce,max,256,512,uniform,9000383,1,Map-reduce top-k end-to-end time (ms),0.677,Map-reduce top-k end-to-end time (ms),0.677,Map-reduce top-k algorithmic time (ms),0.048,240640,exact,512,lower-bound
gpu,q10_k8_max,PASS,ok,half,map_reduce,max,8,1024,uniform,10000138,1,Map-reduce top-k end-to-end time (ms),0.306,Map-reduce top-k end-to-end time (ms),0.306,Map-reduce top-k algorithmic time (ms),0.021,164288,exact,1024,lower-bound
gpu,q10_k256_max,PASS,ok,half,map_reduce,max,256,1024,uniform,10000386,1,Map-reduce top-k end-to-end time (ms),0.679,Map-reduce top-k end-to-end time (ms),0.679,Map-reduce top-k algorithmic time (ms),0.049,241664,exact,1024,lower-bound
gpu,q11_k8_max,PASS,ok,half,map_reduce,max,8,2048,uniform,11000141,1,Map-reduce top-k end-to-end time (ms),0.309,Map-reduce top-k end-to-end time (ms),0.309,Map-reduce top-k algorithmic time (ms),0.02,166336,exact,2048,lower-bound
gpu,q11_k256_max,PASS,ok,half,map_reduce,max,256,2048,uniform,11000389,1,Map-reduce top-k end-to-end time (ms),0.686,Map-reduce top-k end-to-end time (ms),0.686,Map-reduce top-k algorithmic time (ms),0.049,243712,exact,2048,lower-bound
gpu,q12_k8_max,PASS,ok,half,map_reduce,max,8,4096,uniform,12000144,1,Map-reduce top-k end-to-end time (ms),0.311,Map-reduce top-k end-to-end time (ms),0.311,Map-reduce top-k algorithmic time (ms),0.021,170432,exact,4096,lower-bound
gpu,q12_k256_max,PASS,ok,half,map_reduce,max,256,4096,uniform,12000392,1,Map-reduce top-k end-to-end time (ms),0.71,Map-reduce top-k end-to-end time (ms),0.71,Map-reduce top-k algorithmic time (ms),0.05,247808,exact,4096,lower-bound
gpu,q12_k4096_max,PASS,ok,half,map_reduce,max,4096,4096,uniform,12004232,1,Map-reduce top-k end-to-end time (ms),5.11,Map-reduce top-k end-to-end time (ms),5.11,Map-reduce top-k algorithmic time (ms),0.08,1445888,exact,4096,lower-bound
gpu,q13_k8_max,PASS,ok,half,map_reduce,max,8,8192,uniform,13000147,1,Map-reduce top-k end-to-end time (ms),0.268,Map-reduce top-k end-to-end time (ms),0.268,Map-reduce top-k algorithmic time (ms),0.024,178624,exact,8192,lower-bound
gpu,q13_k256_max,PASS,ok,half,map_reduce,max,256,8192,uniform,13000395,1,Map-reduce top-k end-to-end time (ms),0.637,Map-reduce top-k end-to-end time (ms),0.637,Map-reduce top-k algorithmic time (ms),0.053,256000,exact,8192,lower-bound
gpu,q13_k4096_max,PASS,ok,half,map_reduce,max,4096,8192,uniform,13004235,1,Map-reduce top-k end-to-end time (ms),5.318,Map-reduce top-k end-to-end time (ms),5.318,Map-reduce top-k algorithmic time (ms),0.082,1454080,exact,8192,lower-bound
gpu,q14_k8_max,PASS,ok,half,map_reduce,max,8,16384,uniform,14000150,1,Map-reduce top-k end-to-end time (ms),0.272,Map-reduce top-k end-to-end time (ms),0.272,Map-reduce top-k algorithmic time (ms),0.027,195008,exact,16384,lower-bound
gpu,q14_k256_max,PASS,ok,half,map_reduce,max,256,16384,uniform,14000398,1,Map-reduce top-k end-to-end time (ms),0.64,Map-reduce top-k end-to-end time (ms),0.64,Map-reduce top-k algorithmic time (ms),0.057,272384,exact,16384,lower-bound
gpu,q14_k4096_max,PASS,ok,half,map_reduce,max,4096,16384,uniform,14004238,1,Map-reduce top-k end-to-end time (ms),4.18,Map-reduce top-k end-to-end time (ms),4.18,Map-reduce top-k algorithmic time (ms),0.102,1470464,exact,16384,lower-bound
gpu,q15_k8_max,PASS,ok,half,map_reduce,max,8,32768,uniform,15000153,1,Map-reduce top-k end-to-end time (ms),0.277,Map-reduce top-k end-to-end time (ms),0.277,Map-reduce top-k algorithmic time (ms),0.029,227776,exact,32768,lower-bound
gpu,q15_k256_max,PASS,ok,half,map_reduce,max,256,32768,uniform,15000401,1,Map-reduce top-k end-to-end time (ms),0.634,Map-reduce top-k end-to-end time (ms),0.634,Map-reduce top-k algorithmic time (ms),0.058,305152,exact,32768,lower-bound
gpu,q15_k4096_max,PASS,ok,half,map_reduce,max,4096,32768,uniform,15004241,1,Map-reduce top-k end-to-end time (ms),3.753,Map-reduce top-k end-to-end time (ms),3.753,Map-reduce top-k algorithmic time (ms),0.094,1503232,exact,32768,lower-bound
gpu,q16_k8_max,PASS,ok,half,map_reduce,max,8,65536,uniform,16000156,1,Map-reduce top-k end-to-end time (ms),0.286,Map-reduce top-k end-to-end time (ms),0.286,Map-reduce top-k algorithmic time (ms),0.04,453056,exact,65536,lower-bound
gpu,q16_k256_max,PASS,ok,half,map_reduce,max,256,65536,uniform,16000404,1,Map-reduce top-k end-to-end time (ms),0.793,Map-reduce top-k end-to-end time (ms),0.793,Map-reduce top-k algorithmic time (ms),0.219,530432,exact,65536,lower-bound
gpu,q16_k4096_max,PASS,ok,half,map_reduce,max,4096,65536,uniform,16004244,1,Map-reduce top-k end-to-end time (ms),3.992,Map-reduce top-k end-to-end time (ms),3.992,Map-reduce top-k algorithmic time (ms),0.136,1728512,exact,65536,lower-bound
gpu,q17_k8_max,PASS,ok,half,map_reduce,max,8,131072,uniform,17000159,1,Map-reduce top-k end-to-end time (ms),0.319,Map-reduce top-k end-to-end time (ms),0.319,Map-reduce top-k algorithmic time (ms),0.065,903616,exact,131072,lower-bound
gpu,q17_k256_max,PASS,ok,half,map_reduce,max,256,131072,uniform,17000407,1,Map-reduce top-k end-to-end time (ms),1.254,Map-reduce top-k end-to-end time (ms),1.254,Map-reduce top-k algorithmic time (ms),0.386,980992,exact,131072,lower-bound
gpu,q17_k4096_max,PASS,ok,half,map_reduce,max,4096,131072,uniform,17004247,1,Map-reduce top-k end-to-end time (ms),4.038,Map-reduce top-k end-to-end time (ms),4.038,Map-reduce top-k algorithmic time (ms),0.293,2179072,exact,131072,lower-bound
gpu,q17_k131072_max,PASS,ok,half,map_reduce,max,131072,131072,uniform,17131223,1,Map-reduce top-k end-to-end time (ms),21.696,Map-reduce top-k end-to-end time (ms),21.696,Map-reduce top-k algorithmic time (ms),1.647,2883584,exact,131072,lower-bound
gpu,q18_k8_max,PASS,ok,half,map_reduce,max,8,262144,uniform,18000162,1,Map-reduce top-k end-to-end time (ms),0.399,Map-reduce top-k end-to-end time (ms),0.399,Map-reduce top-k algorithmic time (ms),0.132,1644992,exact,262144,lower-bound
gpu,q18_k256_max,PASS,ok,half,map_reduce,max,256,262144,uniform,18000410,1,Map-reduce top-k end-to-end time (ms),1.475,Map-reduce top-k end-to-end time (ms),1.475,Map-reduce top-k algorithmic time (ms),0.621,1722368,exact,262144,lower-bound
gpu,q18_k4096_max,PASS,ok,half,map_reduce,max,4096,262144,uniform,18004250,1,Map-reduce top-k end-to-end time (ms),6.225,Map-reduce top-k end-to-end time (ms),6.225,Map-reduce top-k algorithmic time (ms),0.761,2920448,exact,262144,lower-bound
gpu,q18_k131072_max,PASS,ok,half,map_reduce,max,131072,262144,uniform,18131226,1,Map-reduce top-k end-to-end time (ms),19.877,Map-reduce top-k end-to-end time (ms),19.877,Map-reduce top-k algorithmic time (ms),3.116,3670016,exact,262144,lower-bound
gpu,q19_k8_max,PASS,ok,half,map_reduce,max,8,524288,uniform,19000165,1,Map-reduce top-k end-to-end time (ms),0.447,Map-reduce top-k end-to-end time (ms),0.447,Map-reduce top-k algorithmic time (ms),0.123,2329024,exact,524288,lower-bound
gpu,q19_k256_max,PASS,ok,half,map_reduce,max,256,524288,uniform,19000413,1,Map-reduce top-k end-to-end time (ms),1.801,Map-reduce top-k end-to-end time (ms),1.801,Map-reduce top-k algorithmic time (ms),0.88,3364864,exact,524288,lower-bound
gpu,q19_k4096_max,PASS,ok,half,map_reduce,max,4096,524288,uniform,19004253,1,Map-reduce top-k end-to-end time (ms),10.564,Map-reduce top-k end-to-end time (ms),10.564,Map-reduce top-k algorithmic time (ms),0.354,4562944,exact,524288,lower-bound
gpu,q19_k131072_max,PASS,ok,half,map_reduce,max,131072,524288,uniform,19131229,1,Map-reduce top-k end-to-end time (ms),25.459,Map-reduce top-k end-to-end time (ms),25.459,Map-reduce top-k algorithmic time (ms),5.028,5242880,exact,524288,lower-bound
gpu,q20_k8_max,PASS,ok,half,map_reduce,max,8,1048576,uniform,20000168,1,Map-reduce top-k end-to-end time (ms),0.659,Map-reduce top-k end-to-end time (ms),0.659,Map-reduce top-k algorithmic time (ms),0.161,3377600,exact,1048576,lower-bound
gpu,q20_k256_max,PASS,ok,half,map_reduce,max,256,1048576,uniform,20000416,1,Map-reduce top-k end-to-end time (ms),2.136,Map-reduce top-k end-to-end time (ms),2.136,Map-reduce top-k algorithmic time (ms),1.213,6490112,exact,1048576,lower-bound
gpu,q20_k4096_max,PASS,ok,half,map_reduce,max,4096,1048576,uniform,20004256,1,Map-reduce top-k end-to-end time (ms),10.643,Map-reduce top-k end-to-end time (ms),10.643,Map-reduce top-k algorithmic time (ms),2.871,7688192,exact,1048576,lower-bound
gpu,q20_k131072_max,PASS,ok,half,map_reduce,max,131072,1048576,uniform,20131232,1,Map-reduce top-k end-to-end time (ms),45.847,Map-reduce top-k end-to-end time (ms),45.847,Map-reduce top-k algorithmic time (ms),26.116,8388608,exact,1048576,lower-bound
gpu,q21_k8_max,PASS,ok,half,map_reduce,max,8,2097152,uniform,21000171,1,Map-reduce top-k end-to-end time (ms),0.773,Map-reduce top-k end-to-end time (ms),0.773,Map-reduce top-k algorithmic time (ms),0.142,5474752,exact,2097152,lower-bound
gpu,q21_k256_max,PASS,ok,half,map_reduce,max,256,2097152,uniform,21000419,1,Map-reduce top-k end-to-end time (ms),3.32,Map-reduce top-k end-to-end time (ms),3.32,Map-reduce top-k algorithmic time (ms),2.116,12740608,exact,2097152,lower-bound
gpu,q21_k4096_max,PASS,ok,half,map_reduce,max,4096,2097152,uniform,21004259,1,Map-reduce top-k end-to-end time (ms),15.379,Map-reduce top-k end-to-end time (ms),15.379,Map-reduce top-k algorithmic time (ms),5.787,13938688,exact,2097152,lower-bound
gpu,q21_k131072_max,PASS,ok,half,map_reduce,max,131072,2097152,uniform,21131235,1,Map-reduce top-k end-to-end time (ms),185.42,Map-reduce top-k end-to-end time (ms),185.42,Map-reduce top-k algorithmic time (ms),168.833,14680064,exact,2097152,lower-bound
gpu,q22_k8_max,PASS,ok,half,map_reduce,max,8,4194304,uniform,22000174,1,Map-reduce top-k end-to-end time (ms),1.089,Map-reduce top-k end-to-end time (ms),1.089,Map-reduce top-k algorithmic time (ms),0.18,9669056,exact,4194304,lower-bound
gpu,q22_k256_max,PASS,ok,half,map_reduce,max,256,4194304,uniform,22000422,1,Map-reduce top-k end-to-end time (ms),5.472,Map-reduce top-k end-to-end time (ms),5.472,Map-reduce top-k algorithmic time (ms),3.956,25401344,exact,4194304,lower-bound
gpu,q22_k4096_max,PASS,ok,half,map_reduce,max,4096,4194304,uniform,22004262,1,Map-reduce top-k end-to-end time (ms),15.093,Map-reduce top-k end-to-end time (ms),15.093,Map-reduce top-k algorithmic time (ms),9.285,26599424,exact,4194304,lower-bound
gpu,q22_k131072_max,PASS,ok,half,map_reduce,max,131072,4194304,uniform,22131238,1,Map-reduce top-k end-to-end time (ms),346.413,Map-reduce top-k end-to-end time (ms),346.413,Map-reduce top-k algorithmic time (ms),322.404,27262976,exact,4194304,lower-bound
gpu,q23_k8_max,PASS,ok,half,map_reduce,max,8,8388608,uniform,23000177,1,Map-reduce top-k end-to-end time (ms),1.801,Map-reduce top-k end-to-end time (ms),1.801,Map-reduce top-k algorithmic time (ms),0.271,18057664,exact,8388608,lower-bound
gpu,q23_k256_max,PASS,ok,half,map_reduce,max,256,8388608,uniform,23000425,1,Map-reduce top-k end-to-end time (ms),13.684,Map-reduce top-k end-to-end time (ms),13.684,Map-reduce top-k algorithmic time (ms),11.25,50563072,exact,8388608,lower-bound
gpu,q23_k4096_max,PASS,ok,half,map_reduce,max,4096,8388608,uniform,23004265,1,Map-reduce top-k end-to-end time (ms),23.912,Map-reduce top-k end-to-end time (ms),23.912,Map-reduce top-k algorithmic time (ms),14.117,51761152,exact,8388608,lower-bound
gpu,q23_k131072_max,PASS,ok,half,map_reduce,max,131072,8388608,uniform,23131241,1,Map-reduce top-k end-to-end time (ms),520.282,Map-reduce top-k end-to-end time (ms),520.282,Map-reduce top-k algorithmic time (ms),500.728,52428800,exact,8388608,lower-bound
gpu,q24_k8_max,PASS,ok,half,map_reduce,max,8,16777216,uniform,24000180,1,Map-reduce top-k end-to-end time (ms),3.118,Map-reduce top-k end-to-end time (ms),3.118,Map-reduce top-k algorithmic time (ms),0.373,34834880,exact,16777216,lower-bound
gpu,q24_k256_max,PASS,ok,half,map_reduce,max,256,16777216,uniform,24000428,1,Map-reduce top-k end-to-end time (ms),11.559,Map-reduce top-k end-to-end time (ms),11.559,Map-reduce top-k algorithmic time (ms),8.206,47212544,exact,16777216,lower-bound
gpu,q24_k4096_max,PASS,ok,half,map_reduce,max,4096,16777216,uniform,24004268,1,Map-reduce top-k end-to-end time (ms),31.466,Map-reduce top-k end-to-end time (ms),31.466,Map-reduce top-k algorithmic time (ms),20.773,102084608,exact,16777216,lower-bound
gpu,q24_k131072_max,PASS,ok,half,map_reduce,max,131072,16777216,uniform,24131244,1,Map-reduce top-k end-to-end time (ms),740.943,Map-reduce top-k end-to-end time (ms),740.943,Map-reduce top-k algorithmic time (ms),716.859,102760448,exact,16777216,lower-bound
gpu,q03_k8_max,PASS,ok,half,gt,max,8,8,uniform,3000117,1,Ground truth end-to-end time (ms),0.258,Ground truth end-to-end time (ms),0.258,Ground truth algorithmic time (ms),0.021,32,lower-bound,8,lower-bound
gpu,q04_k8_max,PASS,ok,half,gt,max,8,16,uniform,4000120,1,Ground truth end-to-end time (ms),0.258,Ground truth end-to-end time (ms),0.258,Ground truth algorithmic time (ms),0.02,48,lower-bound,16,lower-bound
gpu,q05_k8_max,PASS,ok,half,gt,max,8,32,uniform,5000123,1,Ground truth end-to-end time (ms),0.259,Ground truth end-to-end time (ms),0.259,Ground truth algorithmic time (ms),0.022,80,lower-bound,32,lower-bound
gpu,q06_k8_max,PASS,ok,half,gt,max,8,64,uniform,6000126,1,Ground truth end-to-end time (ms),0.256,Ground truth end-to-end time (ms),0.256,Ground truth algorithmic time (ms),0.02,144,lower-bound,64,lower-bound
gpu,q07_k8_max,PASS,ok,half,gt,max,8,128,uniform,7000129,1,Ground truth end-to-end time (ms),0.26,Ground truth end-to-end time (ms),0.26,Ground truth algorithmic time (ms),0.021,272,lower-bound,128,lower-bound
gpu,q08_k8_max,PASS,ok,half,gt,max,8,256,uniform,8000132,1,Ground truth end-to-end time (ms),0.259,Ground truth end-to-end time (ms),0.259,Ground truth algorithmic time (ms),0.022,528,lower-bound,256,lower-bound
gpu,q08_k256_max,PASS,ok,half,gt,max,256,256,uniform,8000380,1,Ground truth end-to-end time (ms),0.262,Ground truth end-to-end time (ms),0.262,Ground truth algorithmic time (ms),0.021,1024,lower-bound,256,lower-bound
gpu,q09_k8_max,PASS,ok,half,gt,max,8,512,uniform,9000135,1,Ground truth end-to-end time (ms),0.259,Ground truth end-to-end time (ms),0.259,Ground truth algorithmic time (ms),0.023,1040,lower-bound,512,lower-bound
gpu,q09_k256_max,PASS,ok,half,gt,max,256,512,uniform,9000383,1,Ground truth end-to-end time (ms),0.264,Ground truth end-to-end time (ms),0.264,Ground truth algorithmic time (ms),0.023,1536,lower-bound,512,lower-bound
gpu,q10_k8_max,PASS,ok,half,gt,max,8,1024,uniform,10000138,1,Ground truth end-to-end time (ms),0.26,Ground truth end-to-end time (ms),0.26,Ground truth algorithmic time (ms),0.022,2064,lower-bound,1024,lower-bound
gpu,q10_k256_max,PASS,ok,half,gt,max,256,1024,uniform,10000386,1,Ground truth end-to-end time (ms),0.268,Ground truth end-to-end time (ms),0.268,Ground truth algorithmic time (ms),0.023,2560,lower-bound,1024,lower-bound
gpu,q11_k8_max,PASS,ok,half,gt,max,8,2048,uniform,11000141,1,Ground truth end-to-end time (ms),0.259,Ground truth end-to-end time (ms),0.259,Ground truth algorithmic time (ms),0.022,4112,lower-bound,2048,lower-bound
gpu,q11_k256_max,PASS,ok,half,gt,max,256,2048,uniform,11000389,1,Ground truth end-to-end time (ms),0.272,Ground truth end-to-end time (ms),0.272,Ground truth algorithmic time (ms),0.024,4608,lower-bound,2048,lower-bound
gpu,q12_k8_max,PASS,ok,half,gt,max,8,4096,uniform,12000144,1,Ground truth end-to-end time (ms),0.266,Ground truth end-to-end time (ms),0.266,Ground truth algorithmic time (ms),0.024,8208,lower-bound,4096,lower-bound
gpu,q12_k256_max,PASS,ok,half,gt,max,256,4096,uniform,12000392,1,Ground truth end-to-end time (ms),0.275,Ground truth end-to-end time (ms),0.275,Ground truth algorithmic time (ms),0.025,8704,lower-bound,4096,lower-bound
gpu,q12_k4096_max,PASS,ok,half,gt,max,4096,4096,uniform,12004232,1,Ground truth end-to-end time (ms),0.581,Ground truth end-to-end time (ms),0.581,Ground truth algorithmic time (ms),0.016,16384,lower-bound,4096,lower-bound
gpu,q13_k8_max,PASS,ok,half,gt,max,8,8192,uniform,13000147,1,Ground truth end-to-end time (ms),0.263,Ground truth end-to-end time (ms),0.263,Ground truth algorithmic time (ms),0.024,16400,lower-bound,8192,lower-bound
gpu,q13_k256_max,PASS,ok,half,gt,max,256,8192,uniform,13000395,1,Ground truth end-to-end time (ms),0.274,Ground truth end-to-end time (ms),0.274,Ground truth algorithmic time (ms),0.025,16896,lower-bound,8192,lower-bound
gpu,q13_k4096_max,PASS,ok,half,gt,max,4096,8192,uniform,13004235,1,Ground truth end-to-end time (ms),0.591,Ground truth end-to-end time (ms),0.591,Ground truth algorithmic time (ms),0.018,24576,lower-bound,8192,lower-bound
gpu,q14_k8_max,PASS,ok,half,gt,max,8,16384,uniform,14000150,1,Ground truth end-to-end time (ms),0.263,Ground truth end-to-end time (ms),0.263,Ground truth algorithmic time (ms),0.024,32784,lower-bound,16384,lower-bound
gpu,q14_k256_max,PASS,ok,half,gt,max,256,16384,uniform,14000398,1,Ground truth end-to-end time (ms),0.273,Ground truth end-to-end time (ms),0.273,Ground truth algorithmic time (ms),0.025,33280,lower-bound,16384,lower-bound
gpu,q14_k4096_max,PASS,ok,half,gt,max,4096,16384,uniform,14004238,1,Ground truth end-to-end time (ms),0.563,Ground truth end-to-end time (ms),0.563,Ground truth algorithmic time (ms),0.02,40960,lower-bound,16384,lower-bound
gpu,q15_k8_max,PASS,ok,half,gt,max,8,32768,uniform,15000153,1,Ground truth end-to-end time (ms),0.265,Ground truth end-to-end time (ms),0.265,Ground truth algorithmic time (ms),0.024,65552,lower-bound,32768,lower-bound
gpu,q15_k256_max,PASS,ok,half,gt,max,256,32768,uniform,15000401,1,Ground truth end-to-end time (ms),0.276,Ground truth end-to-end time (ms),0.276,Ground truth algorithmic time (ms),0.024,66048,lower-bound,32768,lower-bound
gpu,q15_k4096_max,PASS,ok,half,gt,max,4096,32768,uniform,15004241,1,Ground truth end-to-end time (ms),0.522,Ground truth end-to-end time (ms),0.522,Ground truth algorithmic time (ms),0.025,73728,lower-bound,32768,lower-bound
gpu,q16_k8_max,PASS,ok,half,gt,max,8,65536,uniform,16000156,1,Ground truth end-to-end time (ms),0.271,Ground truth end-to-end time (ms),0.271,Ground truth algorithmic time (ms),0.024,131088,lower-bound,65536,lower-bound
gpu,q16_k256_max,PASS,ok,half,gt,max,256,65536,uniform,16000404,1,Ground truth end-to-end time (ms),0.276,Ground truth end-to-end time (ms),0.276,Ground truth algorithmic time (ms),0.025,131584,lower-bound,65536,lower-bound
gpu,q16_k4096_max,PASS,ok,half,gt,max,4096,65536,uniform,16004244,1,Ground truth end-to-end time (ms),0.505,Ground truth end-to-end time (ms),0.505,Ground truth algorithmic time (ms),0.025,139264,lower-bound,65536,lower-bound
gpu,q17_k8_max,PASS,ok,half,gt,max,8,131072,uniform,17000159,1,Ground truth end-to-end time (ms),0.285,Ground truth end-to-end time (ms),0.285,Ground truth algorithmic time (ms),0.028,262160,lower-bound,131072,lower-bound
gpu,q17_k256_max,PASS,ok,half,gt,max,256,131072,uniform,17000407,1,Ground truth end-to-end time (ms),0.283,Ground truth end-to-end time (ms),0.283,Ground truth algorithmic time (ms),0.027,262656,lower-bound,131072,lower-bound
gpu,q17_k4096_max,PASS,ok,half,gt,max,4096,131072,uniform,17004247,1,Ground truth end-to-end time (ms),0.502,Ground truth end-to-end time (ms),0.502,Ground truth algorithmic time (ms),0.028,270336,lower-bound,131072,lower-bound
gpu,q17_k131072_max,PASS,ok,half,gt,max,131072,131072,uniform,17131223,1,Ground truth end-to-end time (ms),11.846,Ground truth end-to-end time (ms),11.846,Ground truth algorithmic time (ms),0.395,524288,lower-bound,131072,lower-bound
gpu,q18_k8_max,PASS,ok,half,gt,max,8,262144,uniform,18000162,1,Ground truth end-to-end time (ms),0.292,Ground truth end-to-end time (ms),0.292,Ground truth algorithmic time (ms),0.026,524304,lower-bound,262144,lower-bound
gpu,q18_k256_max,PASS,ok,half,gt,max,256,262144,uniform,18000410,1,Ground truth end-to-end time (ms),0.299,Ground truth end-to-end time (ms),0.299,Ground truth algorithmic time (ms),0.026,524800,lower-bound,262144,lower-bound
gpu,q18_k4096_max,PASS,ok,half,gt,max,4096,262144,uniform,18004250,1,Ground truth end-to-end time (ms),0.488,Ground truth end-to-end time (ms),0.488,Ground truth algorithmic time (ms),0.027,532480,lower-bound,262144,lower-bound
gpu,q18_k131072_max,PASS,ok,half,gt,max,131072,262144,uniform,18131226,1,Ground truth end-to-end time (ms),10.688,Ground truth end-to-end time (ms),10.688,Ground truth algorithmic time (ms),0.275,786432,lower-bound,262144,lower-bound
gpu,q19_k8_max,PASS,ok,half,gt,max,8,524288,uniform,19000165,1,Ground truth end-to-end time (ms),0.354,Ground truth end-to-end time (ms),0.354,Ground truth algorithmic time (ms),0.032,1048592,lower-bound,524288,lower-bound
gpu,q19_k256_max,PASS,ok,half,gt,max,256,524288,uniform,19000413,1,Ground truth end-to-end time (ms),0.362,Ground truth end-to-end time (ms),0.362,Ground truth algorithmic time (ms),0.032,1049088,lower-bound,524288,lower-bound
gpu,q19_k4096_max,PASS,ok,half,gt,max,4096,524288,uniform,19004253,1,Ground truth end-to-end time (ms),0.539,Ground truth end-to-end time (ms),0.539,Ground truth algorithmic time (ms),0.034,1056768,lower-bound,524288,lower-bound
gpu,q19_k131072_max,PASS,ok,half,gt,max,131072,524288,uniform,19131229,1,Ground truth end-to-end time (ms),9.955,Ground truth end-to-end time (ms),9.955,Ground truth algorithmic time (ms),0.108,1310720,lower-bound,524288,lower-bound
gpu,q20_k8_max,PASS,ok,half,gt,max,8,1048576,uniform,20000168,1,Ground truth end-to-end time (ms),0.613,Ground truth end-to-end time (ms),0.613,Ground truth algorithmic time (ms),0.122,2097168,lower-bound,1048576,lower-bound
gpu,q20_k256_max,PASS,ok,half,gt,max,256,1048576,uniform,20000416,1,Ground truth end-to-end time (ms),0.547,Ground truth end-to-end time (ms),0.547,Ground truth algorithmic time (ms),0.05,2097664,lower-bound,1048576,lower-bound
gpu,q20_k4096_max,PASS,ok,half,gt,max,4096,1048576,uniform,20004256,1,Ground truth end-to-end time (ms),0.705,Ground truth end-to-end time (ms),0.705,Ground truth algorithmic time (ms),0.051,2105344,lower-bound,1048576,lower-bound
gpu,q20_k131072_max,PASS,ok,half,gt,max,131072,1048576,uniform,20131232,1,Ground truth end-to-end time (ms),9.883,Ground truth end-to-end time (ms),9.883,Ground truth algorithmic time (ms),0.349,2359296,lower-bound,1048576,lower-bound
gpu,q21_k8_max,PASS,ok,half,gt,max,8,2097152,uniform,21000171,1,Ground truth end-to-end time (ms),0.797,Ground truth end-to-end time (ms),0.797,Ground truth algorithmic time (ms),0.151,4194320,lower-bound,2097152,lower-bound
gpu,q21_k256_max,PASS,ok,half,gt,max,256,2097152,uniform,21000419,1,Ground truth end-to-end time (ms),0.721,Ground truth end-to-end time (ms),0.721,Ground truth algorithmic time (ms),0.081,4194816,lower-bound,2097152,lower-bound
gpu,q21_k4096_max,PASS,ok,half,gt,max,4096,2097152,uniform,21004259,1,Ground truth end-to-end time (ms),0.878,Ground truth end-to-end time (ms),0.878,Ground truth algorithmic time (ms),0.088,4202496,lower-bound,2097152,lower-bound
gpu,q21_k131072_max,PASS,ok,half,gt,max,131072,2097152,uniform,21131235,1,Ground truth end-to-end time (ms),9.768,Ground truth end-to-end time (ms),9.768,Ground truth algorithmic time (ms),0.619,4456448,lower-bound,2097152,lower-bound
gpu,q22_k8_max,PASS,ok,half,gt,max,8,4194304,uniform,22000174,1,Ground truth end-to-end time (ms),1.429,Ground truth end-to-end time (ms),1.429,Ground truth algorithmic time (ms),0.419,8388624,lower-bound,4194304,lower-bound
gpu,q22_k256_max,PASS,ok,half,gt,max,256,4194304,uniform,22000422,1,Ground truth end-to-end time (ms),1.268,Ground truth end-to-end time (ms),1.268,Ground truth algorithmic time (ms),0.287,8389120,lower-bound,4194304,lower-bound
gpu,q22_k4096_max,PASS,ok,half,gt,max,4096,4194304,uniform,22004262,1,Ground truth end-to-end time (ms),1.469,Ground truth end-to-end time (ms),1.469,Ground truth algorithmic time (ms),0.349,8396800,lower-bound,4194304,lower-bound
gpu,q22_k131072_max,PASS,ok,half,gt,max,131072,4194304,uniform,22131238,1,Ground truth end-to-end time (ms),9.599,Ground truth end-to-end time (ms),9.599,Ground truth algorithmic time (ms),0.549,8650752,lower-bound,4194304,lower-bound
gpu,q23_k8_max,PASS,ok,half,gt,max,8,8388608,uniform,23000177,1,Ground truth end-to-end time (ms),2.15,Ground truth end-to-end time (ms),2.15,Ground truth algorithmic time (ms),0.527,16777232,lower-bound,8388608,lower-bound
gpu,q23_k256_max,PASS,ok,half,gt,max,256,8388608,uniform,23000425,1,Ground truth end-to-end time (ms),1.903,Ground truth end-to-end time (ms),1.903,Ground truth algorithmic time (ms),0.295,16777728,lower-bound,8388608,lower-bound
gpu,q23_k4096_max,PASS,ok,half,gt,max,4096,8388608,uniform,23004265,1,Ground truth end-to-end time (ms),2.446,Ground truth end-to-end time (ms),2.446,Ground truth algorithmic time (ms),0.708,16785408,lower-bound,8388608,lower-bound
gpu,q23_k131072_max,PASS,ok,half,gt,max,131072,8388608,uniform,23131241,1,Ground truth end-to-end time (ms),9.459,Ground truth end-to-end time (ms),9.459,Ground truth algorithmic time (ms),0.328,17039360,lower-bound,8388608,lower-bound
gpu,q24_k8_max,PASS,ok,half,gt,max,8,16777216,uniform,24000180,1,Ground truth end-to-end time (ms),3.595,Ground truth end-to-end time (ms),3.595,Ground truth algorithmic time (ms),0.552,33554448,lower-bound,16777216,lower-bound
gpu,q24_k256_max,PASS,ok,half,gt,max,256,16777216,uniform,24000428,1,Ground truth end-to-end time (ms),3.983,Ground truth end-to-end time (ms),3.983,Ground truth algorithmic time (ms),0.802,33554944,lower-bound,16777216,lower-bound
gpu,q24_k4096_max,PASS,ok,half,gt,max,4096,16777216,uniform,24004268,1,Ground truth end-to-end time (ms),3.719,Ground truth end-to-end time (ms),3.719,Ground truth algorithmic time (ms),0.558,33562624,lower-bound,16777216,lower-bound
gpu,q24_k131072_max,PASS,ok,half,gt,max,131072,16777216,uniform,24131244,1,Ground truth end-to-end time (ms),11.161,Ground truth end-to-end time (ms),11.161,Ground truth algorithmic time (ms),1.084,33816576,lower-bound,16777216,lower-bound
npu,q03_k8_max,PASS,ok,half,bitonic,max,8,8,uniform,3000117,1,Trunc bitonic end-to-end time (ms),0.634,Trunc bitonic end-to-end time (ms),0.634,Trunc bitonic algorithmic time (ms),0.55,24592,exact,5120,exact
npu,q04_k8_max,PASS,ok,half,bitonic,max,8,16,uniform,4000120,1,Trunc bitonic end-to-end time (ms),0.632,Trunc bitonic end-to-end time (ms),0.632,Trunc bitonic algorithmic time (ms),0.55,24608,exact,5120,exact
npu,q05_k8_max,PASS,ok,half,bitonic,max,8,32,uniform,5000123,1,Trunc bitonic end-to-end time (ms),0.63,Trunc bitonic end-to-end time (ms),0.63,Trunc bitonic algorithmic time (ms),0.548,24640,exact,5120,exact
npu,q06_k8_max,PASS,ok,half,bitonic,max,8,64,uniform,6000126,1,Trunc bitonic end-to-end time (ms),0.631,Trunc bitonic end-to-end time (ms),0.631,Trunc bitonic algorithmic time (ms),0.551,24704,exact,5120,exact
npu,q07_k8_max,PASS,ok,half,bitonic,max,8,128,uniform,7000129,1,Trunc bitonic end-to-end time (ms),0.628,Trunc bitonic end-to-end time (ms),0.628,Trunc bitonic algorithmic time (ms),0.545,24832,exact,5120,exact
npu,q08_k8_max,PASS,ok,half,bitonic,max,8,256,uniform,8000132,1,Trunc bitonic end-to-end time (ms),0.631,Trunc bitonic end-to-end time (ms),0.631,Trunc bitonic algorithmic time (ms),0.549,25088,exact,5120,exact
npu,q08_k256_max,PASS,ok,half,bitonic,max,256,256,uniform,8000380,1,Trunc bitonic end-to-end time (ms),0.631,Trunc bitonic end-to-end time (ms),0.631,Trunc bitonic algorithmic time (ms),0.551,25088,exact,5120,exact
npu,q09_k8_max,PASS,ok,half,bitonic,max,8,512,uniform,9000135,1,Trunc bitonic end-to-end time (ms),0.634,Trunc bitonic end-to-end time (ms),0.634,Trunc bitonic algorithmic time (ms),0.552,25600,exact,5120,exact
npu,q09_k256_max,PASS,ok,half,bitonic,max,256,512,uniform,9000383,1,Trunc bitonic end-to-end time (ms),0.626,Trunc bitonic end-to-end time (ms),0.626,Trunc bitonic algorithmic time (ms),0.546,25600,exact,5120,exact
npu,q10_k8_max,PASS,ok,half,bitonic,max,8,1024,uniform,10000138,1,Trunc bitonic end-to-end time (ms),0.631,Trunc bitonic end-to-end time (ms),0.631,Trunc bitonic algorithmic time (ms),0.549,26624,exact,5120,exact
npu,q10_k256_max,PASS,ok,half,bitonic,max,256,1024,uniform,10000386,1,Trunc bitonic end-to-end time (ms),0.639,Trunc bitonic end-to-end time (ms),0.639,Trunc bitonic algorithmic time (ms),0.555,26624,exact,5120,exact
npu,q11_k8_max,PASS,ok,half,bitonic,max,8,2048,uniform,11000141,1,Trunc bitonic end-to-end time (ms),0.632,Trunc bitonic end-to-end time (ms),0.632,Trunc bitonic algorithmic time (ms),0.547,53248,exact,10240,exact
npu,q11_k256_max,PASS,ok,half,bitonic,max,256,2048,uniform,11000389,1,Trunc bitonic end-to-end time (ms),0.647,Trunc bitonic end-to-end time (ms),0.647,Trunc bitonic algorithmic time (ms),0.562,53248,exact,10240,exact
npu,q12_k8_max,PASS,ok,half,bitonic,max,8,4096,uniform,12000144,1,Trunc bitonic end-to-end time (ms),0.635,Trunc bitonic end-to-end time (ms),0.635,Trunc bitonic algorithmic time (ms),0.549,106496,exact,20480,exact
npu,q12_k256_max,PASS,ok,half,bitonic,max,256,4096,uniform,12000392,1,Trunc bitonic end-to-end time (ms),0.649,Trunc bitonic end-to-end time (ms),0.649,Trunc bitonic algorithmic time (ms),0.564,106496,exact,20480,exact
npu,q12_k4096_max,PASS,ok,half,bitonic,max,4096,4096,uniform,12004232,1,Trunc bitonic end-to-end time (ms),0.689,Trunc bitonic end-to-end time (ms),0.689,Trunc bitonic algorithmic time (ms),0.603,106496,exact,20480,exact
npu,q13_k8_max,PASS,ok,half,bitonic,max,8,8192,uniform,13000147,1,Trunc bitonic end-to-end time (ms),0.637,Trunc bitonic end-to-end time (ms),0.637,Trunc bitonic algorithmic time (ms),0.553,212992,exact,40960,exact
npu,q13_k256_max,PASS,ok,half,bitonic,max,256,8192,uniform,13000395,1,Trunc bitonic end-to-end time (ms),0.65,Trunc bitonic end-to-end time (ms),0.65,Trunc bitonic algorithmic time (ms),0.565,212992,exact,40960,exact
npu,q13_k4096_max,PASS,ok,half,bitonic,max,4096,8192,uniform,13004235,1,Trunc bitonic end-to-end time (ms),0.764,Trunc bitonic end-to-end time (ms),0.764,Trunc bitonic algorithmic time (ms),0.681,212992,exact,40960,exact
npu,q14_k8_max,PASS,ok,half,bitonic,max,8,16384,uniform,14000150,1,Trunc bitonic end-to-end time (ms),0.638,Trunc bitonic end-to-end time (ms),0.638,Trunc bitonic algorithmic time (ms),0.555,425984,exact,81920,exact
npu,q14_k256_max,PASS,ok,half,bitonic,max,256,16384,uniform,14000398,1,Trunc bitonic end-to-end time (ms),0.659,Trunc bitonic end-to-end time (ms),0.659,Trunc bitonic algorithmic time (ms),0.576,425984,exact,81920,exact
npu,q14_k4096_max,PASS,ok,half,bitonic,max,4096,16384,uniform,14004238,1,Trunc bitonic end-to-end time (ms),0.864,Trunc bitonic end-to-end time (ms),0.864,Trunc bitonic algorithmic time (ms),0.781,425984,exact,81920,exact
npu,q15_k8_max,PASS,ok,half,bitonic,max,8,32768,uniform,15000153,1,Trunc bitonic end-to-end time (ms),0.647,Trunc bitonic end-to-end time (ms),0.647,Trunc bitonic algorithmic time (ms),0.562,851968,exact,163840,exact
npu,q15_k256_max,PASS,ok,half,bitonic,max,256,32768,uniform,15000401,1,Trunc bitonic end-to-end time (ms),0.675,Trunc bitonic end-to-end time (ms),0.675,Trunc bitonic algorithmic time (ms),0.589,851968,exact,163840,exact
npu,q15_k4096_max,PASS,ok,half,bitonic,max,4096,32768,uniform,15004241,1,Trunc bitonic end-to-end time (ms),1.011,Trunc bitonic end-to-end time (ms),1.011,Trunc bitonic algorithmic time (ms),0.925,851968,exact,163840,exact
npu,q16_k8_max,PASS,ok,half,bitonic,max,8,65536,uniform,16000156,1,Trunc bitonic end-to-end time (ms),0.634,Trunc bitonic end-to-end time (ms),0.634,Trunc bitonic algorithmic time (ms),0.557,1703936,exact,327680,exact
npu,q16_k256_max,PASS,ok,half,bitonic,max,256,65536,uniform,16000404,1,Trunc bitonic end-to-end time (ms),0.69,Trunc bitonic end-to-end time (ms),0.69,Trunc bitonic algorithmic time (ms),0.603,1703936,exact,327680,exact
npu,q16_k4096_max,PASS,ok,half,bitonic,max,4096,65536,uniform,16004244,1,Trunc bitonic end-to-end time (ms),1.154,Trunc bitonic end-to-end time (ms),1.154,Trunc bitonic algorithmic time (ms),1.066,1703936,exact,327680,exact
npu,q17_k8_max,PASS,ok,half,bitonic,max,8,131072,uniform,17000159,1,Trunc bitonic end-to-end time (ms),0.682,Trunc bitonic end-to-end time (ms),0.682,Trunc bitonic algorithmic time (ms),0.598,3407872,exact,655360,exact
npu,q17_k256_max,PASS,ok,half,bitonic,max,256,131072,uniform,17000407,1,Trunc bitonic end-to-end time (ms),0.708,Trunc bitonic end-to-end time (ms),0.708,Trunc bitonic algorithmic time (ms),0.622,3407872,exact,655360,exact
npu,q17_k4096_max,PASS,ok,half,bitonic,max,4096,131072,uniform,17004247,1,Trunc bitonic end-to-end time (ms),1.283,Trunc bitonic end-to-end time (ms),1.283,Trunc bitonic algorithmic time (ms),1.194,3407872,exact,655360,exact
npu,q17_k131072_max,PASS,ok,half,bitonic,max,131072,131072,uniform,17131223,1,Trunc bitonic end-to-end time (ms),6.361,Trunc bitonic end-to-end time (ms),6.361,Trunc bitonic algorithmic time (ms),6.242,3407872,exact,655360,exact
npu,q18_k8_max,PASS,ok,half,bitonic,max,8,262144,uniform,18000162,1,Trunc bitonic end-to-end time (ms),0.726,Trunc bitonic end-to-end time (ms),0.726,Trunc bitonic algorithmic time (ms),0.637,6815744,exact,1310720,exact
npu,q18_k256_max,PASS,ok,half,bitonic,max,256,262144,uniform,18000410,1,Trunc bitonic end-to-end time (ms),0.767,Trunc bitonic end-to-end time (ms),0.767,Trunc bitonic algorithmic time (ms),0.675,6815744,exact,1310720,exact
npu,q18_k4096_max,PASS,ok,half,bitonic,max,4096,262144,uniform,18004250,1,Trunc bitonic end-to-end time (ms),1.416,Trunc bitonic end-to-end time (ms),1.416,Trunc bitonic algorithmic time (ms),1.324,6815744,exact,1310720,exact
npu,q18_k131072_max,PASS,ok,half,bitonic,max,131072,262144,uniform,18131226,1,Trunc bitonic end-to-end time (ms),11.322,Trunc bitonic end-to-end time (ms),11.322,Trunc bitonic algorithmic time (ms),11.176,6815744,exact,1310720,exact
npu,q19_k8_max,PASS,ok,half,bitonic,max,8,524288,uniform,19000165,1,Trunc bitonic end-to-end time (ms),0.804,Trunc bitonic end-to-end time (ms),0.804,Trunc bitonic algorithmic time (ms),0.712,13631488,exact,2621440,exact
npu,q19_k256_max,PASS,ok,half,bitonic,max,256,524288,uniform,19000413,1,Trunc bitonic end-to-end time (ms),0.842,Trunc bitonic end-to-end time (ms),0.842,Trunc bitonic algorithmic time (ms),0.749,13631488,exact,2621440,exact
npu,q19_k4096_max,PASS,ok,half,bitonic,max,4096,524288,uniform,19004253,1,Trunc bitonic end-to-end time (ms),1.612,Trunc bitonic end-to-end time (ms),1.612,Trunc bitonic algorithmic time (ms),1.52,13631488,exact,2621440,exact
npu,q19_k131072_max,PASS,ok,half,bitonic,max,131072,524288,uniform,19131229,1,Trunc bitonic end-to-end time (ms),16.049,Trunc bitonic end-to-end time (ms),16.049,Trunc bitonic algorithmic time (ms),15.901,13631488,exact,2621440,exact
npu,q20_k8_max,PASS,ok,half,bitonic,max,8,1048576,uniform,20000168,1,Trunc bitonic end-to-end time (ms),0.977,Trunc bitonic end-to-end time (ms),0.977,Trunc bitonic algorithmic time (ms),0.882,27262976,exact,5242880,exact
npu,q20_k256_max,PASS,ok,half,bitonic,max,256,1048576,uniform,20000416,1,Trunc bitonic end-to-end time (ms),0.994,Trunc bitonic end-to-end time (ms),0.994,Trunc bitonic algorithmic time (ms),0.904,27262976,exact,5242880,exact
npu,q20_k4096_max,PASS,ok,half,bitonic,max,4096,1048576,uniform,20004256,1,Trunc bitonic end-to-end time (ms),1.868,Trunc bitonic end-to-end time (ms),1.868,Trunc bitonic algorithmic time (ms),1.777,27262976,exact,5242880,exact
npu,q20_k131072_max,PASS,ok,half,bitonic,max,131072,1048576,uniform,20131232,1,Trunc bitonic end-to-end time (ms),20.85,Trunc bitonic end-to-end time (ms),20.85,Trunc bitonic algorithmic time (ms),20.693,27262976,exact,5242880,exact
npu,q21_k8_max,PASS,ok,half,bitonic,max,8,2097152,uniform,21000171,1,Trunc bitonic end-to-end time (ms),1.441,Trunc bitonic end-to-end time (ms),1.441,Trunc bitonic algorithmic time (ms),1.347,54525952,exact,10485760,exact
npu,q21_k256_max,PASS,ok,half,bitonic,max,256,2097152,uniform,21000419,1,Trunc bitonic end-to-end time (ms),1.455,Trunc bitonic end-to-end time (ms),1.455,Trunc bitonic algorithmic time (ms),1.36,54525952,exact,10485760,exact
npu,q21_k4096_max,PASS,ok,half,bitonic,max,4096,2097152,uniform,21004259,1,Trunc bitonic end-to-end time (ms),2.19,Trunc bitonic end-to-end time (ms),2.19,Trunc bitonic algorithmic time (ms),2.094,54525952,exact,10485760,exact
npu,q21_k131072_max,PASS,ok,half,bitonic,max,131072,2097152,uniform,21131235,1,Trunc bitonic end-to-end time (ms),25.929,Trunc bitonic end-to-end time (ms),25.929,Trunc bitonic algorithmic time (ms),25.749,54525952,exact,10485760,exact
npu,q22_k8_max,PASS,ok,half,bitonic,max,8,4194304,uniform,22000174,1,Trunc bitonic end-to-end time (ms),2.387,Trunc bitonic end-to-end time (ms),2.387,Trunc bitonic algorithmic time (ms),2.289,109051904,exact,20971520,exact
npu,q22_k256_max,PASS,ok,half,bitonic,max,256,4194304,uniform,22000422,1,Trunc bitonic end-to-end time (ms),2.448,Trunc bitonic end-to-end time (ms),2.448,Trunc bitonic algorithmic time (ms),2.346,109051904,exact,20971520,exact
npu,q22_k4096_max,PASS,ok,half,bitonic,max,4096,4194304,uniform,22004262,1,Trunc bitonic end-to-end time (ms),3.413,Trunc bitonic end-to-end time (ms),3.413,Trunc bitonic algorithmic time (ms),3.309,109051904,exact,20971520,exact
npu,q22_k131072_max,PASS,ok,half,bitonic,max,131072,4194304,uniform,22131238,1,Trunc bitonic end-to-end time (ms),31.808,Trunc bitonic end-to-end time (ms),31.808,Trunc bitonic algorithmic time (ms),31.664,109051904,exact,20971520,exact
npu,q23_k8_max,PASS,ok,half,bitonic,max,8,8388608,uniform,23000177,1,Trunc bitonic end-to-end time (ms),4.44,Trunc bitonic end-to-end time (ms),4.44,Trunc bitonic algorithmic time (ms),4.322,218103808,exact,41943040,exact
npu,q23_k256_max,PASS,ok,half,bitonic,max,256,8388608,uniform,23000425,1,Trunc bitonic end-to-end time (ms),4.465,Trunc bitonic end-to-end time (ms),4.465,Trunc bitonic algorithmic time (ms),4.344,218103808,exact,41943040,exact
npu,q23_k4096_max,PASS,ok,half,bitonic,max,4096,8388608,uniform,23004265,1,Trunc bitonic end-to-end time (ms),5.495,Trunc bitonic end-to-end time (ms),5.495,Trunc bitonic algorithmic time (ms),5.382,218103808,exact,41943040,exact
npu,q23_k131072_max,PASS,ok,half,bitonic,max,131072,8388608,uniform,23131241,1,Trunc bitonic end-to-end time (ms),38.554,Trunc bitonic end-to-end time (ms),38.554,Trunc bitonic algorithmic time (ms),38.388,218103808,exact,41943040,exact
npu,q24_k8_max,PASS,ok,half,bitonic,max,8,16777216,uniform,24000180,1,Trunc bitonic end-to-end time (ms),8.351,Trunc bitonic end-to-end time (ms),8.351,Trunc bitonic algorithmic time (ms),8.183,436207616,exact,83886080,exact
npu,q24_k256_max,PASS,ok,half,bitonic,max,256,16777216,uniform,24000428,1,Trunc bitonic end-to-end time (ms),8.393,Trunc bitonic end-to-end time (ms),8.393,Trunc bitonic algorithmic time (ms),8.228,436207616,exact,83886080,exact
npu,q24_k4096_max,PASS,ok,half,bitonic,max,4096,16777216,uniform,24004268,1,Trunc bitonic end-to-end time (ms),9.44,Trunc bitonic end-to-end time (ms),9.44,Trunc bitonic algorithmic time (ms),9.271,436207616,exact,83886080,exact
npu,q24_k131072_max,PASS,ok,half,bitonic,max,131072,16777216,uniform,24131244,1,Trunc bitonic end-to-end time (ms),46.333,Trunc bitonic end-to-end time (ms),46.333,Trunc bitonic algorithmic time (ms),46.148,436207616,exact,83886080,exact
npu,q03_k8_max,PASS,ok,half,map_reduce,max,8,8,uniform,3000117,1,Map-reduce top-k end-to-end time (ms),0.15,Map-reduce top-k end-to-end time (ms),0.15,Map-reduce top-k algorithmic time (ms),0.076,16,exact,8,lower-bound
npu,q04_k8_max,PASS,ok,half,map_reduce,max,8,16,uniform,4000120,1,Map-reduce top-k end-to-end time (ms),0.523,Map-reduce top-k end-to-end time (ms),0.523,Map-reduce top-k algorithmic time (ms),0.438,24608,exact,16,lower-bound
npu,q05_k8_max,PASS,ok,half,map_reduce,max,8,32,uniform,5000123,1,Map-reduce top-k end-to-end time (ms),0.517,Map-reduce top-k end-to-end time (ms),0.517,Map-reduce top-k algorithmic time (ms),0.437,24640,exact,32,lower-bound
npu,q06_k8_max,PASS,ok,half,map_reduce,max,8,64,uniform,6000126,1,Map-reduce top-k end-to-end time (ms),0.528,Map-reduce top-k end-to-end time (ms),0.528,Map-reduce top-k algorithmic time (ms),0.445,24704,exact,64,lower-bound
npu,q07_k8_max,PASS,ok,half,map_reduce,max,8,128,uniform,7000129,1,Map-reduce top-k end-to-end time (ms),0.523,Map-reduce top-k end-to-end time (ms),0.523,Map-reduce top-k algorithmic time (ms),0.44,24832,exact,128,lower-bound
npu,q08_k8_max,PASS,ok,half,map_reduce,max,8,256,uniform,8000132,1,Map-reduce top-k end-to-end time (ms),0.519,Map-reduce top-k end-to-end time (ms),0.519,Map-reduce top-k algorithmic time (ms),0.436,25088,exact,256,lower-bound
npu,q08_k256_max,PASS,ok,half,map_reduce,max,256,256,uniform,8000380,1,Map-reduce top-k end-to-end time (ms),0.158,Map-reduce top-k end-to-end time (ms),0.158,Map-reduce top-k algorithmic time (ms),0.08,512,exact,256,lower-bound
npu,q09_k8_max,PASS,ok,half,map_reduce,max,8,512,uniform,9000135,1,Map-reduce top-k end-to-end time (ms),0.519,Map-reduce top-k end-to-end time (ms),0.519,Map-reduce top-k algorithmic time (ms),0.439,25600,exact,512,lower-bound
npu,q09_k256_max,PASS,ok,half,map_reduce,max,256,512,uniform,9000383,1,Map-reduce top-k end-to-end time (ms),0.528,Map-reduce top-k end-to-end time (ms),0.528,Map-reduce top-k algorithmic time (ms),0.445,25600,exact,512,lower-bound
npu,q10_k8_max,PASS,ok,half,map_reduce,max,8,1024,uniform,10000138,1,Map-reduce top-k end-to-end time (ms),0.521,Map-reduce top-k end-to-end time (ms),0.521,Map-reduce top-k algorithmic time (ms),0.438,26624,exact,1024,lower-bound
npu,q10_k256_max,PASS,ok,half,map_reduce,max,256,1024,uniform,10000386,1,Map-reduce top-k end-to-end time (ms),0.527,Map-reduce top-k end-to-end time (ms),0.527,Map-reduce top-k algorithmic time (ms),0.444,26624,exact,1024,lower-bound
npu,q11_k8_max,PASS,ok,half,map_reduce,max,8,2048,uniform,11000141,1,Map-reduce top-k end-to-end time (ms),0.514,Map-reduce top-k end-to-end time (ms),0.514,Map-reduce top-k algorithmic time (ms),0.433,53248,exact,2048,lower-bound
npu,q11_k256_max,PASS,ok,half,map_reduce,max,256,2048,uniform,11000389,1,Map-reduce top-k end-to-end time (ms),0.532,Map-reduce top-k end-to-end time (ms),0.532,Map-reduce top-k algorithmic time (ms),0.447,53248,exact,2048,lower-bound
npu,q12_k8_max,PASS,ok,half,map_reduce,max,8,4096,uniform,12000144,1,Map-reduce top-k end-to-end time (ms),0.522,Map-reduce top-k end-to-end time (ms),0.522,Map-reduce top-k algorithmic time (ms),0.438,106496,exact,4096,lower-bound
npu,q12_k256_max,PASS,ok,half,map_reduce,max,256,4096,uniform,12000392,1,Map-reduce top-k end-to-end time (ms),0.543,Map-reduce top-k end-to-end time (ms),0.543,Map-reduce top-k algorithmic time (ms),0.46,106496,exact,4096,lower-bound
npu,q12_k4096_max,PASS,ok,half,map_reduce,max,4096,4096,uniform,12004232,1,Map-reduce top-k end-to-end time (ms),0.24,Map-reduce top-k end-to-end time (ms),0.24,Map-reduce top-k algorithmic time (ms),0.161,8192,exact,4096,lower-bound
npu,q13_k8_max,PASS,ok,half,map_reduce,max,8,8192,uniform,13000147,1,Map-reduce top-k end-to-end time (ms),0.525,Map-reduce top-k end-to-end time (ms),0.525,Map-reduce top-k algorithmic time (ms),0.443,212992,exact,8192,lower-bound
npu,q13_k256_max,PASS,ok,half,map_reduce,max,256,8192,uniform,13000395,1,Map-reduce top-k end-to-end time (ms),0.548,Map-reduce top-k end-to-end time (ms),0.548,Map-reduce top-k algorithmic time (ms),0.463,212992,exact,8192,lower-bound
npu,q13_k4096_max,PASS,ok,half,map_reduce,max,4096,8192,uniform,13004235,1,Map-reduce top-k end-to-end time (ms),0.762,Map-reduce top-k end-to-end time (ms),0.762,Map-reduce top-k algorithmic time (ms),0.673,114688,exact,8192,lower-bound
npu,q14_k8_max,PASS,ok,half,map_reduce,max,8,16384,uniform,14000150,1,Map-reduce top-k end-to-end time (ms),0.529,Map-reduce top-k end-to-end time (ms),0.529,Map-reduce top-k algorithmic time (ms),0.444,425984,exact,16384,lower-bound
npu,q14_k256_max,PASS,ok,half,map_reduce,max,256,16384,uniform,14000398,1,Map-reduce top-k end-to-end time (ms),0.548,Map-reduce top-k end-to-end time (ms),0.548,Map-reduce top-k algorithmic time (ms),0.463,425984,exact,16384,lower-bound
npu,q14_k4096_max,PASS,ok,half,map_reduce,max,4096,16384,uniform,14004238,1,Map-reduce top-k end-to-end time (ms),0.96,Map-reduce top-k end-to-end time (ms),0.96,Map-reduce top-k algorithmic time (ms),0.873,327680,exact,16384,lower-bound
npu,q15_k8_max,PASS,ok,half,map_reduce,max,8,32768,uniform,15000153,1,Map-reduce top-k end-to-end time (ms),0.54,Map-reduce top-k end-to-end time (ms),0.54,Map-reduce top-k algorithmic time (ms),0.459,851968,exact,32768,lower-bound
npu,q15_k256_max,PASS,ok,half,map_reduce,max,256,32768,uniform,15000401,1,Map-reduce top-k end-to-end time (ms),0.551,Map-reduce top-k end-to-end time (ms),0.551,Map-reduce top-k algorithmic time (ms),0.469,851968,exact,32768,lower-bound
npu,q15_k4096_max,PASS,ok,half,map_reduce,max,4096,32768,uniform,15004241,1,Map-reduce top-k end-to-end time (ms),1.142,Map-reduce top-k end-to-end time (ms),1.142,Map-reduce top-k algorithmic time (ms),1.05,753664,exact,32768,lower-bound
npu,q16_k8_max,PASS,ok,half,map_reduce,max,8,65536,uniform,16000156,1,Map-reduce top-k end-to-end time (ms),0.549,Map-reduce top-k end-to-end time (ms),0.549,Map-reduce top-k algorithmic time (ms),0.462,1679360,exact,65536,lower-bound
npu,q16_k256_max,PASS,ok,half,map_reduce,max,256,65536,uniform,16000404,1,Map-reduce top-k end-to-end time (ms),0.564,Map-reduce top-k end-to-end time (ms),0.564,Map-reduce top-k algorithmic time (ms),0.48,1679360,exact,65536,lower-bound
npu,q16_k4096_max,PASS,ok,half,map_reduce,max,4096,65536,uniform,16004244,1,Map-reduce top-k end-to-end time (ms),1.264,Map-reduce top-k end-to-end time (ms),1.264,Map-reduce top-k algorithmic time (ms),1.172,1605632,exact,65536,lower-bound
npu,q17_k8_max,PASS,ok,half,map_reduce,max,8,131072,uniform,17000159,1,Map-reduce top-k end-to-end time (ms),0.576,Map-reduce top-k end-to-end time (ms),0.576,Map-reduce top-k algorithmic time (ms),0.489,3358720,exact,131072,lower-bound
npu,q17_k256_max,PASS,ok,half,map_reduce,max,256,131072,uniform,17000407,1,Map-reduce top-k end-to-end time (ms),0.591,Map-reduce top-k end-to-end time (ms),0.591,Map-reduce top-k algorithmic time (ms),0.503,3358720,exact,131072,lower-bound
npu,q17_k4096_max,PASS,ok,half,map_reduce,max,4096,131072,uniform,17004247,1,Map-reduce top-k end-to-end time (ms),1.403,Map-reduce top-k end-to-end time (ms),1.403,Map-reduce top-k algorithmic time (ms),1.315,3309568,exact,131072,lower-bound
npu,q17_k131072_max,PASS,ok,half,map_reduce,max,131072,131072,uniform,17131223,1,Map-reduce top-k end-to-end time (ms),10.641,Map-reduce top-k end-to-end time (ms),10.641,Map-reduce top-k algorithmic time (ms),10.472,262144,exact,131072,lower-bound
npu,q18_k8_max,PASS,ok,half,map_reduce,max,8,262144,uniform,18000162,1,Map-reduce top-k end-to-end time (ms),0.611,Map-reduce top-k end-to-end time (ms),0.611,Map-reduce top-k algorithmic time (ms),0.527,6692864,exact,262144,lower-bound
npu,q18_k256_max,PASS,ok,half,map_reduce,max,256,262144,uniform,18000410,1,Map-reduce top-k end-to-end time (ms),0.634,Map-reduce top-k end-to-end time (ms),0.634,Map-reduce top-k algorithmic time (ms),0.549,6692864,exact,262144,lower-bound
npu,q18_k4096_max,PASS,ok,half,map_reduce,max,4096,262144,uniform,18004250,1,Map-reduce top-k end-to-end time (ms),1.6,Map-reduce top-k end-to-end time (ms),1.6,Map-reduce top-k algorithmic time (ms),1.506,6692864,exact,262144,lower-bound
npu,q18_k131072_max,PASS,ok,half,map_reduce,max,131072,262144,uniform,18131226,1,Map-reduce top-k end-to-end time (ms),15.77,Map-reduce top-k end-to-end time (ms),15.77,Map-reduce top-k algorithmic time (ms),15.633,3670016,exact,262144,lower-bound
npu,q19_k8_max,PASS,ok,half,map_reduce,max,8,524288,uniform,19000165,1,Map-reduce top-k end-to-end time (ms),0.733,Map-reduce top-k end-to-end time (ms),0.733,Map-reduce top-k algorithmic time (ms),0.644,13385728,exact,524288,lower-bound
npu,q19_k256_max,PASS,ok,half,map_reduce,max,256,524288,uniform,19000413,1,Map-reduce top-k end-to-end time (ms),0.735,Map-reduce top-k end-to-end time (ms),0.735,Map-reduce top-k algorithmic time (ms),0.647,13385728,exact,524288,lower-bound
npu,q19_k4096_max,PASS,ok,half,map_reduce,max,4096,524288,uniform,19004253,1,Map-reduce top-k end-to-end time (ms),1.764,Map-reduce top-k end-to-end time (ms),1.764,Map-reduce top-k algorithmic time (ms),1.673,13385728,exact,524288,lower-bound
npu,q19_k131072_max,PASS,ok,half,map_reduce,max,131072,524288,uniform,19131229,1,Map-reduce top-k end-to-end time (ms),21.327,Map-reduce top-k end-to-end time (ms),21.327,Map-reduce top-k algorithmic time (ms),21.176,10485760,exact,524288,lower-bound
npu,q20_k8_max,PASS,ok,half,map_reduce,max,8,1048576,uniform,20000168,1,Map-reduce top-k end-to-end time (ms),0.907,Map-reduce top-k end-to-end time (ms),0.907,Map-reduce top-k algorithmic time (ms),0.819,26771456,exact,1048576,lower-bound
npu,q20_k256_max,PASS,ok,half,map_reduce,max,256,1048576,uniform,20000416,1,Map-reduce top-k end-to-end time (ms),0.93,Map-reduce top-k end-to-end time (ms),0.93,Map-reduce top-k algorithmic time (ms),0.841,26771456,exact,1048576,lower-bound
npu,q20_k4096_max,PASS,ok,half,map_reduce,max,4096,1048576,uniform,20004256,1,Map-reduce top-k end-to-end time (ms),2.028,Map-reduce top-k end-to-end time (ms),2.028,Map-reduce top-k algorithmic time (ms),1.939,26771456,exact,1048576,lower-bound
npu,q20_k131072_max,PASS,ok,half,map_reduce,max,131072,1048576,uniform,20131232,1,Map-reduce top-k end-to-end time (ms),26.487,Map-reduce top-k end-to-end time (ms),26.487,Map-reduce top-k algorithmic time (ms),26.339,24117248,exact,1048576,lower-bound
npu,q21_k8_max,PASS,ok,half,map_reduce,max,8,2097152,uniform,21000171,1,Map-reduce top-k end-to-end time (ms),1.438,Map-reduce top-k end-to-end time (ms),1.438,Map-reduce top-k algorithmic time (ms),1.348,53542912,exact,2097152,lower-bound
npu,q21_k256_max,PASS,ok,half,map_reduce,max,256,2097152,uniform,21000419,1,Map-reduce top-k end-to-end time (ms),1.507,Map-reduce top-k end-to-end time (ms),1.507,Map-reduce top-k algorithmic time (ms),1.418,53542912,exact,2097152,lower-bound
npu,q21_k4096_max,PASS,ok,half,map_reduce,max,4096,2097152,uniform,21004259,1,Map-reduce top-k end-to-end time (ms),2.414,Map-reduce top-k end-to-end time (ms),2.414,Map-reduce top-k algorithmic time (ms),2.319,53542912,exact,2097152,lower-bound
npu,q21_k131072_max,PASS,ok,half,map_reduce,max,131072,2097152,uniform,21131235,1,Map-reduce top-k end-to-end time (ms),32.277,Map-reduce top-k end-to-end time (ms),32.277,Map-reduce top-k algorithmic time (ms),32.119,51380224,exact,2097152,lower-bound
npu,q22_k8_max,PASS,ok,half,map_reduce,max,8,4194304,uniform,22000174,1,Map-reduce top-k end-to-end time (ms),2.689,Map-reduce top-k end-to-end time (ms),2.689,Map-reduce top-k algorithmic time (ms),2.595,107061248,exact,4194304,lower-bound
npu,q22_k256_max,PASS,ok,half,map_reduce,max,256,4194304,uniform,22000422,1,Map-reduce top-k end-to-end time (ms),2.37,Map-reduce top-k end-to-end time (ms),2.37,Map-reduce top-k algorithmic time (ms),2.28,107061248,exact,4194304,lower-bound
npu,q22_k4096_max,PASS,ok,half,map_reduce,max,4096,4194304,uniform,22004262,1,Map-reduce top-k end-to-end time (ms),3.498,Map-reduce top-k end-to-end time (ms),3.498,Map-reduce top-k algorithmic time (ms),3.402,107061248,exact,4194304,lower-bound
npu,q22_k131072_max,PASS,ok,half,map_reduce,max,131072,4194304,uniform,22131238,1,Map-reduce top-k end-to-end time (ms),38.813,Map-reduce top-k end-to-end time (ms),38.813,Map-reduce top-k algorithmic time (ms),38.635,105906176,exact,4194304,lower-bound
npu,q23_k8_max,PASS,ok,half,map_reduce,max,8,8388608,uniform,23000177,1,Map-reduce top-k end-to-end time (ms),5.023,Map-reduce top-k end-to-end time (ms),5.023,Map-reduce top-k algorithmic time (ms),4.901,214097920,exact,8388608,lower-bound
npu,q23_k256_max,PASS,ok,half,map_reduce,max,256,8388608,uniform,23000425,1,Map-reduce top-k end-to-end time (ms),5.095,Map-reduce top-k end-to-end time (ms),5.095,Map-reduce top-k algorithmic time (ms),4.992,214097920,exact,8388608,lower-bound
npu,q23_k4096_max,PASS,ok,half,map_reduce,max,4096,8388608,uniform,23004265,1,Map-reduce top-k end-to-end time (ms),5.677,Map-reduce top-k end-to-end time (ms),5.677,Map-reduce top-k algorithmic time (ms),5.551,214097920,exact,8388608,lower-bound
npu,q23_k131072_max,PASS,ok,half,map_reduce,max,131072,8388608,uniform,23131241,1,Map-reduce top-k end-to-end time (ms),45.077,Map-reduce top-k end-to-end time (ms),45.077,Map-reduce top-k algorithmic time (ms),44.913,214097920,exact,8388608,lower-bound
npu,q24_k8_max,PASS,ok,half,map_reduce,max,8,16777216,uniform,24000180,1,Map-reduce top-k end-to-end time (ms),9.649,Map-reduce top-k end-to-end time (ms),9.649,Map-reduce top-k algorithmic time (ms),9.519,428171264,exact,16777216,lower-bound
npu,q24_k256_max,PASS,ok,half,map_reduce,max,256,16777216,uniform,24000428,1,Map-reduce top-k end-to-end time (ms),10.05,Map-reduce top-k end-to-end time (ms),10.05,Map-reduce top-k algorithmic time (ms),9.918,428171264,exact,16777216,lower-bound
npu,q24_k4096_max,PASS,ok,half,map_reduce,max,4096,16777216,uniform,24004268,1,Map-reduce top-k end-to-end time (ms),9.691,Map-reduce top-k end-to-end time (ms),9.691,Map-reduce top-k algorithmic time (ms),9.553,428171264,exact,16777216,lower-bound
npu,q24_k131072_max,PASS,ok,half,map_reduce,max,131072,16777216,uniform,24131244,1,Map-reduce top-k end-to-end time (ms),50.434,Map-reduce top-k end-to-end time (ms),50.434,Map-reduce top-k algorithmic time (ms),50.289,428171264,exact,16777216,lower-bound
npu,q03_k8_max,PASS,ok,half,gt,max,8,8,uniform,3000117,1,Ground truth end-to-end time (ms),0.048,Ground truth end-to-end time (ms),0.048,Ground truth algorithmic time (ms),0.048,32,lower-bound,8,lower-bound
npu,q04_k8_max,PASS,ok,half,gt,max,8,16,uniform,4000120,1,Ground truth end-to-end time (ms),0.048,Ground truth end-to-end time (ms),0.048,Ground truth algorithmic time (ms),0.048,48,lower-bound,16,lower-bound
npu,q05_k8_max,PASS,ok,half,gt,max,8,32,uniform,5000123,1,Ground truth end-to-end time (ms),0.048,Ground truth end-to-end time (ms),0.048,Ground truth algorithmic time (ms),0.048,80,lower-bound,32,lower-bound
npu,q06_k8_max,PASS,ok,half,gt,max,8,64,uniform,6000126,1,Ground truth end-to-end time (ms),0.048,Ground truth end-to-end time (ms),0.048,Ground truth algorithmic time (ms),0.048,144,lower-bound,64,lower-bound
npu,q07_k8_max,PASS,ok,half,gt,max,8,128,uniform,7000129,1,Ground truth end-to-end time (ms),0.049,Ground truth end-to-end time (ms),0.049,Ground truth algorithmic time (ms),0.049,272,lower-bound,128,lower-bound
npu,q08_k8_max,PASS,ok,half,gt,max,8,256,uniform,8000132,1,Ground truth end-to-end time (ms),0.048,Ground truth end-to-end time (ms),0.048,Ground truth algorithmic time (ms),0.048,528,lower-bound,256,lower-bound
npu,q08_k256_max,PASS,ok,half,gt,max,256,256,uniform,8000380,1,Ground truth end-to-end time (ms),0.05,Ground truth end-to-end time (ms),0.05,Ground truth algorithmic time (ms),0.05,1024,lower-bound,256,lower-bound
npu,q09_k8_max,PASS,ok,half,gt,max,8,512,uniform,9000135,1,Ground truth end-to-end time (ms),0.049,Ground truth end-to-end time (ms),0.049,Ground truth algorithmic time (ms),0.049,1040,lower-bound,512,lower-bound
npu,q09_k256_max,PASS,ok,half,gt,max,256,512,uniform,9000383,1,Ground truth end-to-end time (ms),0.053,Ground truth end-to-end time (ms),0.053,Ground truth algorithmic time (ms),0.053,1536,lower-bound,512,lower-bound
npu,q10_k8_max,PASS,ok,half,gt,max,8,1024,uniform,10000138,1,Ground truth end-to-end time (ms),0.049,Ground truth end-to-end time (ms),0.049,Ground truth algorithmic time (ms),0.049,2064,lower-bound,1024,lower-bound
npu,q10_k256_max,PASS,ok,half,gt,max,256,1024,uniform,10000386,1,Ground truth end-to-end time (ms),0.054,Ground truth end-to-end time (ms),0.054,Ground truth algorithmic time (ms),0.054,2560,lower-bound,1024,lower-bound
npu,q11_k8_max,PASS,ok,half,gt,max,8,2048,uniform,11000141,1,Ground truth end-to-end time (ms),0.05,Ground truth end-to-end time (ms),0.05,Ground truth algorithmic time (ms),0.05,4112,lower-bound,2048,lower-bound
npu,q11_k256_max,PASS,ok,half,gt,max,256,2048,uniform,11000389,1,Ground truth end-to-end time (ms),0.056,Ground truth end-to-end time (ms),0.056,Ground truth algorithmic time (ms),0.056,4608,lower-bound,2048,lower-bound
npu,q12_k8_max,PASS,ok,half,gt,max,8,4096,uniform,12000144,1,Ground truth end-to-end time (ms),0.052,Ground truth end-to-end time (ms),0.052,Ground truth algorithmic time (ms),0.052,8208,lower-bound,4096,lower-bound
npu,q12_k256_max,PASS,ok,half,gt,max,256,4096,uniform,12000392,1,Ground truth end-to-end time (ms),0.06,Ground truth end-to-end time (ms),0.06,Ground truth algorithmic time (ms),0.06,8704,lower-bound,4096,lower-bound
npu,q12_k4096_max,PASS,ok,half,gt,max,4096,4096,uniform,12004232,1,Ground truth end-to-end time (ms),0.093,Ground truth end-to-end time (ms),0.093,Ground truth algorithmic time (ms),0.093,16384,lower-bound,4096,lower-bound
npu,q13_k8_max,PASS,ok,half,gt,max,8,8192,uniform,13000147,1,Ground truth end-to-end time (ms),0.055,Ground truth end-to-end time (ms),0.055,Ground truth algorithmic time (ms),0.055,16400,lower-bound,8192,lower-bound
npu,q13_k256_max,PASS,ok,half,gt,max,256,8192,uniform,13000395,1,Ground truth end-to-end time (ms),0.064,Ground truth end-to-end time (ms),0.064,Ground truth algorithmic time (ms),0.064,16896,lower-bound,8192,lower-bound
npu,q13_k4096_max,PASS,ok,half,gt,max,4096,8192,uniform,13004235,1,Ground truth end-to-end time (ms),0.602,Ground truth end-to-end time (ms),0.602,Ground truth algorithmic time (ms),0.602,24576,lower-bound,8192,lower-bound
npu,q14_k8_max,PASS,ok,half,gt,max,8,16384,uniform,14000150,1,Ground truth end-to-end time (ms),0.062,Ground truth end-to-end time (ms),0.062,Ground truth algorithmic time (ms),0.062,32784,lower-bound,16384,lower-bound
npu,q14_k256_max,PASS,ok,half,gt,max,256,16384,uniform,14000398,1,Ground truth end-to-end time (ms),0.072,Ground truth end-to-end time (ms),0.072,Ground truth algorithmic time (ms),0.072,33280,lower-bound,16384,lower-bound
npu,q14_k4096_max,PASS,ok,half,gt,max,4096,16384,uniform,14004238,1,Ground truth end-to-end time (ms),0.924,Ground truth end-to-end time (ms),0.924,Ground truth algorithmic time (ms),0.924,40960,lower-bound,16384,lower-bound
npu,q15_k8_max,PASS,ok,half,gt,max,8,32768,uniform,15000153,1,Ground truth end-to-end time (ms),0.075,Ground truth end-to-end time (ms),0.075,Ground truth algorithmic time (ms),0.075,65552,lower-bound,32768,lower-bound
npu,q15_k256_max,PASS,ok,half,gt,max,256,32768,uniform,15000401,1,Ground truth end-to-end time (ms),0.089,Ground truth end-to-end time (ms),0.089,Ground truth algorithmic time (ms),0.089,66048,lower-bound,32768,lower-bound
npu,q15_k4096_max,PASS,ok,half,gt,max,4096,32768,uniform,15004241,1,Ground truth end-to-end time (ms),1.262,Ground truth end-to-end time (ms),1.262,Ground truth algorithmic time (ms),1.262,73728,lower-bound,32768,lower-bound
npu,q16_k8_max,PASS,ok,half,gt,max,8,65536,uniform,16000156,1,Ground truth end-to-end time (ms),0.102,Ground truth end-to-end time (ms),0.102,Ground truth algorithmic time (ms),0.102,131088,lower-bound,65536,lower-bound
npu,q16_k256_max,PASS,ok,half,gt,max,256,65536,uniform,16000404,1,Ground truth end-to-end time (ms),0.118,Ground truth end-to-end time (ms),0.118,Ground truth algorithmic time (ms),0.118,131584,lower-bound,65536,lower-bound
npu,q16_k4096_max,PASS,ok,half,gt,max,4096,65536,uniform,16004244,1,Ground truth end-to-end time (ms),1.607,Ground truth end-to-end time (ms),1.607,Ground truth algorithmic time (ms),1.607,139264,lower-bound,65536,lower-bound
npu,q17_k8_max,PASS,ok,half,gt,max,8,131072,uniform,17000159,1,Ground truth end-to-end time (ms),0.154,Ground truth end-to-end time (ms),0.154,Ground truth algorithmic time (ms),0.154,262160,lower-bound,131072,lower-bound
npu,q17_k256_max,PASS,ok,half,gt,max,256,131072,uniform,17000407,1,Ground truth end-to-end time (ms),0.18,Ground truth end-to-end time (ms),0.18,Ground truth algorithmic time (ms),0.18,262656,lower-bound,131072,lower-bound
npu,q17_k4096_max,PASS,ok,half,gt,max,4096,131072,uniform,17004247,1,Ground truth end-to-end time (ms),1.939,Ground truth end-to-end time (ms),1.939,Ground truth algorithmic time (ms),1.939,270336,lower-bound,131072,lower-bound
npu,q17_k131072_max,PASS,ok,half,gt,max,131072,131072,uniform,17131223,1,Ground truth end-to-end time (ms),9.938,Ground truth end-to-end time (ms),9.938,Ground truth algorithmic time (ms),9.938,524288,lower-bound,131072,lower-bound
npu,q18_k8_max,PASS,ok,half,gt,max,8,262144,uniform,18000162,1,Ground truth end-to-end time (ms),0.26,Ground truth end-to-end time (ms),0.26,Ground truth algorithmic time (ms),0.26,524304,lower-bound,262144,lower-bound
npu,q18_k256_max,PASS,ok,half,gt,max,256,262144,uniform,18000410,1,Ground truth end-to-end time (ms),0.308,Ground truth end-to-end time (ms),0.308,Ground truth algorithmic time (ms),0.308,524800,lower-bound,262144,lower-bound
npu,q18_k4096_max,PASS,ok,half,gt,max,4096,262144,uniform,18004250,1,Ground truth end-to-end time (ms),2.341,Ground truth end-to-end time (ms),2.341,Ground truth algorithmic time (ms),2.341,532480,lower-bound,262144,lower-bound
npu,q18_k131072_max,PASS,ok,half,gt,max,131072,262144,uniform,18131226,1,Ground truth end-to-end time (ms),28.061,Ground truth end-to-end time (ms),28.061,Ground truth algorithmic time (ms),28.061,786432,lower-bound,262144,lower-bound
npu,q19_k8_max,PASS,ok,half,gt,max,8,524288,uniform,19000165,1,Ground truth end-to-end time (ms),0.469,Ground truth end-to-end time (ms),0.469,Ground truth algorithmic time (ms),0.469,1048592,lower-bound,524288,lower-bound
npu,q19_k256_max,PASS,ok,half,gt,max,256,524288,uniform,19000413,1,Ground truth end-to-end time (ms),0.513,Ground truth end-to-end time (ms),0.513,Ground truth algorithmic time (ms),0.513,1049088,lower-bound,524288,lower-bound
npu,q19_k4096_max,PASS,ok,half,gt,max,4096,524288,uniform,19004253,1,Ground truth end-to-end time (ms),2.851,Ground truth end-to-end time (ms),2.851,Ground truth algorithmic time (ms),2.851,1056768,lower-bound,524288,lower-bound
npu,q19_k131072_max,PASS,ok,half,gt,max,131072,524288,uniform,19131229,1,Ground truth end-to-end time (ms),40.793,Ground truth end-to-end time (ms),40.793,Ground truth algorithmic time (ms),40.793,1310720,lower-bound,524288,lower-bound
npu,q20_k8_max,PASS,ok,half,gt,max,8,1048576,uniform,20000168,1,Ground truth end-to-end time (ms),0.881,Ground truth end-to-end time (ms),0.881,Ground truth algorithmic time (ms),0.881,2097168,lower-bound,1048576,lower-bound
npu,q20_k256_max,PASS,ok,half,gt,max,256,1048576,uniform,20000416,1,Ground truth end-to-end time (ms),0.931,Ground truth end-to-end time (ms),0.931,Ground truth algorithmic time (ms),0.931,2097664,lower-bound,1048576,lower-bound
npu,q20_k4096_max,PASS,ok,half,gt,max,4096,1048576,uniform,20004256,1,Ground truth end-to-end time (ms),3.522,Ground truth end-to-end time (ms),3.522,Ground truth algorithmic time (ms),3.522,2105344,lower-bound,1048576,lower-bound
npu,q20_k131072_max,PASS,ok,half,gt,max,131072,1048576,uniform,20131232,1,Ground truth end-to-end time (ms),53.381,Ground truth end-to-end time (ms),53.381,Ground truth algorithmic time (ms),53.381,2359296,lower-bound,1048576,lower-bound
npu,q21_k8_max,PASS,ok,half,gt,max,8,2097152,uniform,21000171,1,Ground truth end-to-end time (ms),1.703,Ground truth end-to-end time (ms),1.703,Ground truth algorithmic time (ms),1.703,4194320,lower-bound,2097152,lower-bound
npu,q21_k256_max,PASS,ok,half,gt,max,256,2097152,uniform,21000419,1,Ground truth end-to-end time (ms),1.772,Ground truth end-to-end time (ms),1.772,Ground truth algorithmic time (ms),1.772,4194816,lower-bound,2097152,lower-bound
npu,q21_k4096_max,PASS,ok,half,gt,max,4096,2097152,uniform,21004259,1,Ground truth end-to-end time (ms),4.521,Ground truth end-to-end time (ms),4.521,Ground truth algorithmic time (ms),4.521,4202496,lower-bound,2097152,lower-bound
npu,q21_k131072_max,PASS,ok,half,gt,max,131072,2097152,uniform,21131235,1,Ground truth end-to-end time (ms),65.147,Ground truth end-to-end time (ms),65.147,Ground truth algorithmic time (ms),65.147,4456448,lower-bound,2097152,lower-bound
npu,q22_k8_max,PASS,ok,half,gt,max,8,4194304,uniform,22000174,1,Ground truth end-to-end time (ms),3.393,Ground truth end-to-end time (ms),3.393,Ground truth algorithmic time (ms),3.393,8388624,lower-bound,4194304,lower-bound
npu,q22_k256_max,PASS,ok,half,gt,max,256,4194304,uniform,22000422,1,Ground truth end-to-end time (ms),3.444,Ground truth end-to-end time (ms),3.444,Ground truth algorithmic time (ms),3.444,8389120,lower-bound,4194304,lower-bound
npu,q22_k4096_max,PASS,ok,half,gt,max,4096,4194304,uniform,22004262,1,Ground truth end-to-end time (ms),6.223,Ground truth end-to-end time (ms),6.223,Ground truth algorithmic time (ms),6.223,8396800,lower-bound,4194304,lower-bound
npu,q22_k131072_max,PASS,ok,half,gt,max,131072,4194304,uniform,22131238,1,Ground truth end-to-end time (ms),76.252,Ground truth end-to-end time (ms),76.252,Ground truth algorithmic time (ms),76.252,8650752,lower-bound,4194304,lower-bound
npu,q23_k8_max,PASS,ok,half,gt,max,8,8388608,uniform,23000177,1,Ground truth end-to-end time (ms),6.707,Ground truth end-to-end time (ms),6.707,Ground truth algorithmic time (ms),6.707,16777232,lower-bound,8388608,lower-bound
npu,q23_k256_max,PASS,ok,half,gt,max,256,8388608,uniform,23000425,1,Ground truth end-to-end time (ms),6.772,Ground truth end-to-end time (ms),6.772,Ground truth algorithmic time (ms),6.772,16777728,lower-bound,8388608,lower-bound
npu,q23_k4096_max,PASS,ok,half,gt,max,4096,8388608,uniform,23004265,1,Ground truth end-to-end time (ms),9.602,Ground truth end-to-end time (ms),9.602,Ground truth algorithmic time (ms),9.602,16785408,lower-bound,8388608,lower-bound
npu,q23_k131072_max,PASS,ok,half,gt,max,131072,8388608,uniform,23131241,1,Ground truth end-to-end time (ms),87.346,Ground truth end-to-end time (ms),87.346,Ground truth algorithmic time (ms),87.346,17039360,lower-bound,8388608,lower-bound
npu,q24_k8_max,PASS,ok,half,gt,max,8,16777216,uniform,24000180,1,Ground truth end-to-end time (ms),13.367,Ground truth end-to-end time (ms),13.367,Ground truth algorithmic time (ms),13.367,33554448,lower-bound,16777216,lower-bound
npu,q24_k256_max,PASS,ok,half,gt,max,256,16777216,uniform,24000428,1,Ground truth end-to-end time (ms),13.453,Ground truth end-to-end time (ms),13.453,Ground truth algorithmic time (ms),13.453,33554944,lower-bound,16777216,lower-bound
npu,q24_k4096_max,PASS,ok,half,gt,max,4096,16777216,uniform,24004268,1,Ground truth end-to-end time (ms),16.34,Ground truth end-to-end time (ms),16.34,Ground truth algorithmic time (ms),16.34,33562624,lower-bound,16777216,lower-bound
npu,q24_k131072_max,PASS,ok,half,gt,max,131072,16777216,uniform,24131244,1,Ground truth end-to-end time (ms),100.913,Ground truth end-to-end time (ms),100.913,Ground truth algorithmic time (ms),100.913,33816576,lower-bound,16777216,lower-bound
