backend,case_name,status,reason,dtype,algorithm,mode,k,n,dist,seed,rep,timing_label,time_ms,timing_label_e2e,time_end_to_end_ms,timing_label_algorithmic,time_algorithmic_ms,bytes_moved,bytes_model,compare_ops,ops_model
cpu,q03_k8_max,PASS,ok,float,bitonic,max,8,8,uniform,3000117,1,Trunc bitonic end-to-end time (ms),0.022,Trunc bitonic end-to-end time (ms),0.022,Trunc bitonic algorithmic time (ms),0.022,64,exact,24,exact
cpu,q04_k8_max,PASS,ok,float,bitonic,max,8,16,uniform,4000120,1,Trunc bitonic end-to-end time (ms),0.022,Trunc bitonic end-to-end time (ms),0.022,Trunc bitonic algorithmic time (ms),0.022,288,exact,68,exact
cpu,q05_k8_max,PASS,ok,float,bitonic,max,8,32,uniform,5000123,1,Trunc bitonic end-to-end time (ms),0.022,Trunc bitonic end-to-end time (ms),0.022,Trunc bitonic algorithmic time (ms),0.022,736,exact,156,exact
cpu,q06_k8_max,PASS,ok,float,bitonic,max,8,64,uniform,6000126,1,Trunc bitonic end-to-end time (ms),0.023,Trunc bitonic end-to-end time (ms),0.023,Trunc bitonic algorithmic time (ms),0.023,1632,exact,332,exact
cpu,q07_k8_max,PASS,ok,float,bitonic,max,8,128,uniform,7000129,1,Trunc bitonic end-to-end time (ms),0.019,Trunc bitonic end-to-end time (ms),0.019,Trunc bitonic algorithmic time (ms),0.019,3424,exact,684,exact
cpu,q08_k8_max,PASS,ok,float,bitonic,max,8,256,uniform,8000132,1,Trunc bitonic end-to-end time (ms),0.023,Trunc bitonic end-to-end time (ms),0.023,Trunc bitonic algorithmic time (ms),0.023,7008,exact,1388,exact
cpu,q08_k256_max,PASS,ok,float,bitonic,max,256,256,uniform,8000380,1,Trunc bitonic end-to-end time (ms),0.024,Trunc bitonic end-to-end time (ms),0.024,Trunc bitonic algorithmic time (ms),0.024,2048,exact,4608,exact
cpu,q09_k8_max,PASS,ok,float,bitonic,max,8,512,uniform,9000135,1,Trunc bitonic end-to-end time (ms),0.023,Trunc bitonic end-to-end time (ms),0.023,Trunc bitonic algorithmic time (ms),0.023,14176,exact,2796,exact
cpu,q09_k256_max,PASS,ok,float,bitonic,max,256,512,uniform,9000383,1,Trunc bitonic end-to-end time (ms),0.025,Trunc bitonic end-to-end time (ms),0.025,Trunc bitonic algorithmic time (ms),0.025,9216,exact,10496,exact
cpu,q10_k8_max,PASS,ok,float,bitonic,max,8,1024,uniform,10000138,1,Trunc bitonic end-to-end time (ms),0.022,Trunc bitonic end-to-end time (ms),0.022,Trunc bitonic algorithmic time (ms),0.022,28512,exact,5612,exact
cpu,q10_k256_max,PASS,ok,float,bitonic,max,256,1024,uniform,10000386,1,Trunc bitonic end-to-end time (ms),0.028,Trunc bitonic end-to-end time (ms),0.028,Trunc bitonic algorithmic time (ms),0.028,23552,exact,22272,exact
cpu,q11_k8_max,PASS,ok,float,bitonic,max,8,2048,uniform,11000141,1,Trunc bitonic end-to-end time (ms),0.025,Trunc bitonic end-to-end time (ms),0.025,Trunc bitonic algorithmic time (ms),0.025,57184,exact,11244,exact
cpu,q11_k256_max,PASS,ok,float,bitonic,max,256,2048,uniform,11000389,1,Trunc bitonic end-to-end time (ms),0.036,Trunc bitonic end-to-end time (ms),0.036,Trunc bitonic algorithmic time (ms),0.036,52224,exact,45824,exact
cpu,q12_k8_max,PASS,ok,float,bitonic,max,8,4096,uniform,12000144,1,Trunc bitonic end-to-end time (ms),0.028,Trunc bitonic end-to-end time (ms),0.028,Trunc bitonic algorithmic time (ms),0.028,114528,exact,22508,exact
cpu,q12_k256_max,PASS,ok,float,bitonic,max,256,4096,uniform,12000392,1,Trunc bitonic end-to-end time (ms),0.045,Trunc bitonic end-to-end time (ms),0.045,Trunc bitonic algorithmic time (ms),0.045,109568,exact,92928,exact
cpu,q12_k4096_max,PASS,ok,float,bitonic,max,4096,4096,uniform,12004232,1,Trunc bitonic end-to-end time (ms),0.061,Trunc bitonic end-to-end time (ms),0.061,Trunc bitonic algorithmic time (ms),0.061,32768,exact,159744,exact
cpu,q13_k8_max,PASS,ok,float,bitonic,max,8,8192,uniform,13000147,1,Trunc bitonic end-to-end time (ms),0.019,Trunc bitonic end-to-end time (ms),0.019,Trunc bitonic algorithmic time (ms),0.019,229216,exact,45036,exact
cpu,q13_k256_max,PASS,ok,float,bitonic,max,256,8192,uniform,13000395,1,Trunc bitonic end-to-end time (ms),0.07,Trunc bitonic end-to-end time (ms),0.07,Trunc bitonic algorithmic time (ms),0.07,224256,exact,187136,exact
cpu,q13_k4096_max,PASS,ok,float,bitonic,max,4096,8192,uniform,13004235,1,Trunc bitonic end-to-end time (ms),0.101,Trunc bitonic end-to-end time (ms),0.101,Trunc bitonic algorithmic time (ms),0.101,147456,exact,348160,exact
cpu,q14_k8_max,PASS,ok,float,bitonic,max,8,16384,uniform,14000150,1,Trunc bitonic end-to-end time (ms),0.047,Trunc bitonic end-to-end time (ms),0.047,Trunc bitonic algorithmic time (ms),0.047,458592,exact,90092,exact
cpu,q14_k256_max,PASS,ok,float,bitonic,max,256,16384,uniform,14000398,1,Trunc bitonic end-to-end time (ms),0.117,Trunc bitonic end-to-end time (ms),0.117,Trunc bitonic algorithmic time (ms),0.117,453632,exact,375552,exact
cpu,q14_k4096_max,PASS,ok,float,bitonic,max,4096,16384,uniform,14004238,1,Trunc bitonic end-to-end time (ms),0.187,Trunc bitonic end-to-end time (ms),0.187,Trunc bitonic algorithmic time (ms),0.187,376832,exact,724992,exact
cpu,q15_k8_max,PASS,ok,float,bitonic,max,8,32768,uniform,15000153,1,Trunc bitonic end-to-end time (ms),0.069,Trunc bitonic end-to-end time (ms),0.069,Trunc bitonic algorithmic time (ms),0.069,917344,exact,180204,exact
cpu,q15_k256_max,PASS,ok,float,bitonic,max,256,32768,uniform,15000401,1,Trunc bitonic end-to-end time (ms),0.213,Trunc bitonic end-to-end time (ms),0.213,Trunc bitonic algorithmic time (ms),0.213,912384,exact,752384,exact
cpu,q15_k4096_max,PASS,ok,float,bitonic,max,4096,32768,uniform,15004241,1,Trunc bitonic end-to-end time (ms),0.344,Trunc bitonic end-to-end time (ms),0.344,Trunc bitonic algorithmic time (ms),0.344,835584,exact,1478656,exact
cpu,q16_k8_max,PASS,ok,float,bitonic,max,8,65536,uniform,16000156,1,Trunc bitonic end-to-end time (ms),0.115,Trunc bitonic end-to-end time (ms),0.115,Trunc bitonic algorithmic time (ms),0.115,1834848,exact,360428,exact
cpu,q16_k256_max,PASS,ok,float,bitonic,max,256,65536,uniform,16000404,1,Trunc bitonic end-to-end time (ms),0.4,Trunc bitonic end-to-end time (ms),0.4,Trunc bitonic algorithmic time (ms),0.4,1829888,exact,1506048,exact
cpu,q16_k4096_max,PASS,ok,float,bitonic,max,4096,65536,uniform,16004244,1,Trunc bitonic end-to-end time (ms),0.688,Trunc bitonic end-to-end time (ms),0.688,Trunc bitonic algorithmic time (ms),0.688,1753088,exact,2985984,exact
cpu,q17_k8_max,PASS,ok,float,bitonic,max,8,131072,uniform,17000159,1,Trunc bitonic end-to-end time (ms),0.123,Trunc bitonic end-to-end time (ms),0.123,Trunc bitonic algorithmic time (ms),0.123,3669856,exact,720876,exact
cpu,q17_k256_max,PASS,ok,float,bitonic,max,256,131072,uniform,17000407,1,Trunc bitonic end-to-end time (ms),0.411,Trunc bitonic end-to-end time (ms),0.411,Trunc bitonic algorithmic time (ms),0.411,3664896,exact,3013376,exact
cpu,q17_k4096_max,PASS,ok,float,bitonic,max,4096,131072,uniform,17004247,1,Trunc bitonic end-to-end time (ms),0.691,Trunc bitonic end-to-end time (ms),0.691,Trunc bitonic algorithmic time (ms),0.691,3588096,exact,6000640,exact
cpu,q17_k131072_max,PASS,ok,float,bitonic,max,131072,131072,uniform,17131223,1,Trunc bitonic end-to-end time (ms),2.072,Trunc bitonic end-to-end time (ms),2.072,Trunc bitonic algorithmic time (ms),2.072,1048576,exact,10027008,exact
cpu,q18_k8_max,PASS,ok,float,bitonic,max,8,262144,uniform,18000162,1,Trunc bitonic end-to-end time (ms),0.155,Trunc bitonic end-to-end time (ms),0.155,Trunc bitonic algorithmic time (ms),0.155,7339872,exact,1441772,exact
cpu,q18_k256_max,PASS,ok,float,bitonic,max,256,262144,uniform,18000410,1,Trunc bitonic end-to-end time (ms),0.431,Trunc bitonic end-to-end time (ms),0.431,Trunc bitonic algorithmic time (ms),0.431,7334912,exact,6028032,exact
cpu,q18_k4096_max,PASS,ok,float,bitonic,max,4096,262144,uniform,18004250,1,Trunc bitonic end-to-end time (ms),0.734,Trunc bitonic end-to-end time (ms),0.734,Trunc bitonic algorithmic time (ms),0.734,7258112,exact,12029952,exact
cpu,q18_k131072_max,PASS,ok,float,bitonic,max,131072,262144,uniform,18131226,1,Trunc bitonic end-to-end time (ms),2.352,Trunc bitonic end-to-end time (ms),2.352,Trunc bitonic algorithmic time (ms),2.352,4718592,exact,21299200,exact
cpu,q19_k8_max,PASS,ok,float,bitonic,max,8,524288,uniform,19000165,1,Trunc bitonic end-to-end time (ms),0.204,Trunc bitonic end-to-end time (ms),0.204,Trunc bitonic algorithmic time (ms),0.204,14679904,exact,2883564,exact
cpu,q19_k256_max,PASS,ok,float,bitonic,max,256,524288,uniform,19000413,1,Trunc bitonic end-to-end time (ms),0.451,Trunc bitonic end-to-end time (ms),0.451,Trunc bitonic algorithmic time (ms),0.451,14674944,exact,12057344,exact
cpu,q19_k4096_max,PASS,ok,float,bitonic,max,4096,524288,uniform,19004253,1,Trunc bitonic end-to-end time (ms),0.734,Trunc bitonic end-to-end time (ms),0.734,Trunc bitonic algorithmic time (ms),0.734,14598144,exact,24088576,exact
cpu,q19_k131072_max,PASS,ok,float,bitonic,max,131072,524288,uniform,19131229,1,Trunc bitonic end-to-end time (ms),2.596,Trunc bitonic end-to-end time (ms),2.596,Trunc bitonic algorithmic time (ms),2.596,12058624,exact,43843584,exact
cpu,q20_k8_max,PASS,ok,float,bitonic,max,8,1048576,uniform,20000168,1,Trunc bitonic end-to-end time (ms),0.238,Trunc bitonic end-to-end time (ms),0.238,Trunc bitonic algorithmic time (ms),0.238,29359968,exact,5767148,exact
cpu,q20_k256_max,PASS,ok,float,bitonic,max,256,1048576,uniform,20000416,1,Trunc bitonic end-to-end time (ms),0.836,Trunc bitonic end-to-end time (ms),0.836,Trunc bitonic algorithmic time (ms),0.836,29355008,exact,24115968,exact
cpu,q20_k4096_max,PASS,ok,float,bitonic,max,4096,1048576,uniform,20004256,1,Trunc bitonic end-to-end time (ms),1.406,Trunc bitonic end-to-end time (ms),1.406,Trunc bitonic algorithmic time (ms),1.406,29278208,exact,48205824,exact
cpu,q20_k131072_max,PASS,ok,float,bitonic,max,131072,1048576,uniform,20131232,1,Trunc bitonic end-to-end time (ms),2.81,Trunc bitonic end-to-end time (ms),2.81,Trunc bitonic algorithmic time (ms),2.81,26738688,exact,88932352,exact
cpu,q21_k8_max,PASS,ok,float,bitonic,max,8,2097152,uniform,21000171,1,Trunc bitonic end-to-end time (ms),0.429,Trunc bitonic end-to-end time (ms),0.429,Trunc bitonic algorithmic time (ms),0.429,58720096,exact,11534316,exact
cpu,q21_k256_max,PASS,ok,float,bitonic,max,256,2097152,uniform,21000419,1,Trunc bitonic end-to-end time (ms),1.639,Trunc bitonic end-to-end time (ms),1.639,Trunc bitonic algorithmic time (ms),1.639,58715136,exact,48233216,exact
cpu,q21_k4096_max,PASS,ok,float,bitonic,max,4096,2097152,uniform,21004259,1,Trunc bitonic end-to-end time (ms),2.795,Trunc bitonic end-to-end time (ms),2.795,Trunc bitonic algorithmic time (ms),2.795,58638336,exact,96440320,exact
cpu,q21_k131072_max,PASS,ok,float,bitonic,max,131072,2097152,uniform,21131235,1,Trunc bitonic end-to-end time (ms),5.111,Trunc bitonic end-to-end time (ms),5.111,Trunc bitonic algorithmic time (ms),5.111,56098816,exact,179109888,exact
cpu,q22_k8_max,PASS,ok,float,bitonic,max,8,4194304,uniform,22000174,1,Trunc bitonic end-to-end time (ms),1.145,Trunc bitonic end-to-end time (ms),1.145,Trunc bitonic algorithmic time (ms),1.145,117440352,exact,23068652,exact
cpu,q22_k256_max,PASS,ok,float,bitonic,max,256,4194304,uniform,22000422,1,Trunc bitonic end-to-end time (ms),3.687,Trunc bitonic end-to-end time (ms),3.687,Trunc bitonic algorithmic time (ms),3.687,117435392,exact,96467712,exact
cpu,q22_k4096_max,PASS,ok,float,bitonic,max,4096,4194304,uniform,22004262,1,Trunc bitonic end-to-end time (ms),5.786,Trunc bitonic end-to-end time (ms),5.786,Trunc bitonic algorithmic time (ms),5.786,117358592,exact,192909312,exact
cpu,q22_k131072_max,PASS,ok,float,bitonic,max,131072,4194304,uniform,22131238,1,Trunc bitonic end-to-end time (ms),10.067,Trunc bitonic end-to-end time (ms),10.067,Trunc bitonic algorithmic time (ms),10.067,114819072,exact,359464960,exact
cpu,q23_k8_max,PASS,ok,float,bitonic,max,8,8388608,uniform,23000177,1,Trunc bitonic end-to-end time (ms),3.514,Trunc bitonic end-to-end time (ms),3.514,Trunc bitonic algorithmic time (ms),3.514,234880864,exact,46137324,exact
cpu,q23_k256_max,PASS,ok,float,bitonic,max,256,8388608,uniform,23000425,1,Trunc bitonic end-to-end time (ms),8.289,Trunc bitonic end-to-end time (ms),8.289,Trunc bitonic algorithmic time (ms),8.289,234875904,exact,192936704,exact
cpu,q23_k4096_max,PASS,ok,float,bitonic,max,4096,8388608,uniform,23004265,1,Trunc bitonic end-to-end time (ms),12.83,Trunc bitonic end-to-end time (ms),12.83,Trunc bitonic algorithmic time (ms),12.83,234799104,exact,385847296,exact
cpu,q23_k131072_max,PASS,ok,float,bitonic,max,131072,8388608,uniform,23131241,1,Trunc bitonic end-to-end time (ms),21.51,Trunc bitonic end-to-end time (ms),21.51,Trunc bitonic algorithmic time (ms),21.51,232259584,exact,720175104,exact
cpu,q24_k8_max,PASS,ok,float,bitonic,max,8,16777216,uniform,24000180,1,Trunc bitonic end-to-end time (ms),8.007,Trunc bitonic end-to-end time (ms),8.007,Trunc bitonic algorithmic time (ms),8.007,469761888,exact,92274668,exact
cpu,q24_k256_max,PASS,ok,float,bitonic,max,256,16777216,uniform,24000428,1,Trunc bitonic end-to-end time (ms),17.258,Trunc bitonic end-to-end time (ms),17.258,Trunc bitonic algorithmic time (ms),17.258,469756928,exact,385874688,exact
cpu,q24_k4096_max,PASS,ok,float,bitonic,max,4096,16777216,uniform,24004268,1,Trunc bitonic end-to-end time (ms),26.072,Trunc bitonic end-to-end time (ms),26.072,Trunc bitonic algorithmic time (ms),26.072,469680128,exact,771723264,exact
cpu,q24_k131072_max,PASS,ok,float,bitonic,max,131072,16777216,uniform,24131244,1,Trunc bitonic end-to-end time (ms),43.293,Trunc bitonic end-to-end time (ms),43.293,Trunc bitonic algorithmic time (ms),43.293,467140608,exact,1441595392,exact
cpu,q03_k8_max,PASS,ok,float,map_reduce,max,8,8,uniform,3000117,1,Map-reduce top-k end-to-end time (ms),0.022,Map-reduce top-k end-to-end time (ms),0.022,Map-reduce top-k algorithmic time (ms),0.022,96,exact,8,lower-bound
cpu,q04_k8_max,PASS,ok,float,map_reduce,max,8,16,uniform,4000120,1,Map-reduce top-k end-to-end time (ms),0.007,Map-reduce top-k end-to-end time (ms),0.007,Map-reduce top-k algorithmic time (ms),0.007,128,exact,16,lower-bound
cpu,q05_k8_max,PASS,ok,float,map_reduce,max,8,32,uniform,5000123,1,Map-reduce top-k end-to-end time (ms),0.008,Map-reduce top-k end-to-end time (ms),0.008,Map-reduce top-k algorithmic time (ms),0.008,192,exact,32,lower-bound
cpu,q06_k8_max,PASS,ok,float,map_reduce,max,8,64,uniform,6000126,1,Map-reduce top-k end-to-end time (ms),0.022,Map-reduce top-k end-to-end time (ms),0.022,Map-reduce top-k algorithmic time (ms),0.022,320,exact,64,lower-bound
cpu,q07_k8_max,PASS,ok,float,map_reduce,max,8,128,uniform,7000129,1,Map-reduce top-k end-to-end time (ms),0.022,Map-reduce top-k end-to-end time (ms),0.022,Map-reduce top-k algorithmic time (ms),0.022,576,exact,128,lower-bound
cpu,q08_k8_max,PASS,ok,float,map_reduce,max,8,256,uniform,8000132,1,Map-reduce top-k end-to-end time (ms),0.007,Map-reduce top-k end-to-end time (ms),0.007,Map-reduce top-k algorithmic time (ms),0.007,1088,exact,256,lower-bound
cpu,q08_k256_max,PASS,ok,float,map_reduce,max,256,256,uniform,8000380,1,Map-reduce top-k end-to-end time (ms),0.024,Map-reduce top-k end-to-end time (ms),0.024,Map-reduce top-k algorithmic time (ms),0.024,3072,exact,256,lower-bound
cpu,q09_k8_max,PASS,ok,float,map_reduce,max,8,512,uniform,9000135,1,Map-reduce top-k end-to-end time (ms),0.022,Map-reduce top-k end-to-end time (ms),0.022,Map-reduce top-k algorithmic time (ms),0.022,2112,exact,512,lower-bound
cpu,q09_k256_max,PASS,ok,float,map_reduce,max,256,512,uniform,9000383,1,Map-reduce top-k end-to-end time (ms),0.011,Map-reduce top-k end-to-end time (ms),0.011,Map-reduce top-k algorithmic time (ms),0.011,4096,exact,512,lower-bound
cpu,q10_k8_max,PASS,ok,float,map_reduce,max,8,1024,uniform,10000138,1,Map-reduce top-k end-to-end time (ms),0.022,Map-reduce top-k end-to-end time (ms),0.022,Map-reduce top-k algorithmic time (ms),0.022,4160,exact,1024,lower-bound
cpu,q10_k256_max,PASS,ok,float,map_reduce,max,256,1024,uniform,10000386,1,Map-reduce top-k end-to-end time (ms),0.028,Map-reduce top-k end-to-end time (ms),0.028,Map-reduce top-k algorithmic time (ms),0.028,6144,exact,1024,lower-bound
cpu,q11_k8_max,PASS,ok,float,map_reduce,max,8,2048,uniform,11000141,1,Map-reduce top-k end-to-end time (ms),0.023,Map-reduce top-k end-to-end time (ms),0.023,Map-reduce top-k algorithmic time (ms),0.023,8256,exact,2048,lower-bound
cpu,q11_k256_max,PASS,ok,float,map_reduce,max,256,2048,uniform,11000389,1,Map-reduce top-k end-to-end time (ms),0.029,Map-reduce top-k end-to-end time (ms),0.029,Map-reduce top-k algorithmic time (ms),0.029,10240,exact,2048,lower-bound
cpu,q12_k8_max,PASS,ok,float,map_reduce,max,8,4096,uniform,12000144,1,Map-reduce top-k end-to-end time (ms),0.023,Map-reduce top-k end-to-end time (ms),0.023,Map-reduce top-k algorithmic time (ms),0.023,16448,exact,4096,lower-bound
cpu,q12_k256_max,PASS,ok,float,map_reduce,max,256,4096,uniform,12000392,1,Map-reduce top-k end-to-end time (ms),0.032,Map-reduce top-k end-to-end time (ms),0.032,Map-reduce top-k algorithmic time (ms),0.032,18432,exact,4096,lower-bound
cpu,q12_k4096_max,PASS,ok,float,map_reduce,max,4096,4096,uniform,12004232,1,Map-reduce top-k end-to-end time (ms),0.085,Map-reduce top-k end-to-end time (ms),0.085,Map-reduce top-k algorithmic time (ms),0.085,49152,exact,4096,lower-bound
cpu,q13_k8_max,PASS,ok,float,map_reduce,max,8,8192,uniform,13000147,1,Map-reduce top-k end-to-end time (ms),0.024,Map-reduce top-k end-to-end time (ms),0.024,Map-reduce top-k algorithmic time (ms),0.024,32832,exact,8192,lower-bound
cpu,q13_k256_max,PASS,ok,float,map_reduce,max,256,8192,uniform,13000395,1,Map-reduce top-k end-to-end time (ms),0.037,Map-reduce top-k end-to-end time (ms),0.037,Map-reduce top-k algorithmic time (ms),0.037,34816,exact,8192,lower-bound
cpu,q13_k4096_max,PASS,ok,float,map_reduce,max,4096,8192,uniform,13004235,1,Map-reduce top-k end-to-end time (ms),0.375,Map-reduce top-k end-to-end time (ms),0.375,Map-reduce top-k algorithmic time (ms),0.375,65536,exact,8192,lower-bound
cpu,q14_k8_max,PASS,ok,float,map_reduce,max,8,16384,uniform,14000150,1,Map-reduce top-k end-to-end time (ms),0.024,Map-reduce top-k end-to-end time (ms),0.024,Map-reduce top-k algorithmic time (ms),0.024,65600,exact,16384,lower-bound
cpu,q14_k256_max,PASS,ok,float,map_reduce,max,256,16384,uniform,14000398,1,Map-reduce top-k end-to-end time (ms),0.035,Map-reduce top-k end-to-end time (ms),0.035,Map-reduce top-k algorithmic time (ms),0.035,67584,exact,16384,lower-bound
cpu,q14_k4096_max,PASS,ok,float,map_reduce,max,4096,16384,uniform,14004238,1,Map-reduce top-k end-to-end time (ms),0.64,Map-reduce top-k end-to-end time (ms),0.64,Map-reduce top-k algorithmic time (ms),0.64,98304,exact,16384,lower-bound
cpu,q15_k8_max,PASS,ok,float,map_reduce,max,8,32768,uniform,15000153,1,Map-reduce top-k end-to-end time (ms),0.024,Map-reduce top-k end-to-end time (ms),0.024,Map-reduce top-k algorithmic time (ms),0.024,131136,exact,32768,lower-bound
cpu,q15_k256_max,PASS,ok,float,map_reduce,max,256,32768,uniform,15000401,1,Map-reduce top-k end-to-end time (ms),0.037,Map-reduce top-k end-to-end time (ms),0.037,Map-reduce top-k algorithmic time (ms),0.037,133120,exact,32768,lower-bound
cpu,q15_k4096_max,PASS,ok,float,map_reduce,max,4096,32768,uniform,15004241,1,Map-reduce top-k end-to-end time (ms),0.878,Map-reduce top-k end-to-end time (ms),0.878,Map-reduce top-k algorithmic time (ms),0.878,163840,exact,32768,lower-bound
cpu,q16_k8_max,PASS,ok,float,map_reduce,max,8,65536,uniform,16000156,1,Map-reduce top-k end-to-end time (ms),0.025,Map-reduce top-k end-to-end time (ms),0.025,Map-reduce top-k algorithmic time (ms),0.025,262208,exact,65536,lower-bound
cpu,q16_k256_max,PASS,ok,float,map_reduce,max,256,65536,uniform,16000404,1,Map-reduce top-k end-to-end time (ms),0.043,Map-reduce top-k end-to-end time (ms),0.043,Map-reduce top-k algorithmic time (ms),0.043,264192,exact,65536,lower-bound
cpu,q16_k4096_max,PASS,ok,float,map_reduce,max,4096,65536,uniform,16004244,1,Map-reduce top-k end-to-end time (ms),1.11,Map-reduce top-k end-to-end time (ms),1.11,Map-reduce top-k algorithmic time (ms),1.11,294912,exact,65536,lower-bound
cpu,q17_k8_max,PASS,ok,float,map_reduce,max,8,131072,uniform,17000159,1,Map-reduce top-k end-to-end time (ms),0.028,Map-reduce top-k end-to-end time (ms),0.028,Map-reduce top-k algorithmic time (ms),0.028,524352,exact,131072,lower-bound
cpu,q17_k256_max,PASS,ok,float,map_reduce,max,256,131072,uniform,17000407,1,Map-reduce top-k end-to-end time (ms),0.054,Map-reduce top-k end-to-end time (ms),0.054,Map-reduce top-k algorithmic time (ms),0.054,526336,exact,131072,lower-bound
cpu,q17_k4096_max,PASS,ok,float,map_reduce,max,4096,131072,uniform,17004247,1,Map-reduce top-k end-to-end time (ms),1.32,Map-reduce top-k end-to-end time (ms),1.32,Map-reduce top-k algorithmic time (ms),1.32,557056,exact,131072,lower-bound
cpu,q17_k131072_max,PASS,ok,float,map_reduce,max,131072,131072,uniform,17131223,1,Map-reduce top-k end-to-end time (ms),9.357,Map-reduce top-k end-to-end time (ms),9.357,Map-reduce top-k algorithmic time (ms),9.357,1572864,exact,131072,lower-bound
cpu,q18_k8_max,PASS,ok,float,map_reduce,max,8,262144,uniform,18000162,1,Map-reduce top-k end-to-end time (ms),0.038,Map-reduce top-k end-to-end time (ms),0.038,Map-reduce top-k algorithmic time (ms),0.038,1048640,exact,262144,lower-bound
cpu,q18_k256_max,PASS,ok,float,map_reduce,max,256,262144,uniform,18000410,1,Map-reduce top-k end-to-end time (ms),0.069,Map-reduce top-k end-to-end time (ms),0.069,Map-reduce top-k algorithmic time (ms),0.069,1050624,exact,262144,lower-bound
cpu,q18_k4096_max,PASS,ok,float,map_reduce,max,4096,262144,uniform,18004250,1,Map-reduce top-k end-to-end time (ms),1.579,Map-reduce top-k end-to-end time (ms),1.579,Map-reduce top-k algorithmic time (ms),1.579,1081344,exact,262144,lower-bound
cpu,q18_k131072_max,PASS,ok,float,map_reduce,max,131072,262144,uniform,18131226,1,Map-reduce top-k end-to-end time (ms),19.284,Map-reduce top-k end-to-end time (ms),19.284,Map-reduce top-k algorithmic time (ms),19.284,2097152,exact,262144,lower-bound
cpu,q19_k8_max,PASS,ok,float,map_reduce,max,8,524288,uniform,19000165,1,Map-reduce top-k end-to-end time (ms),0.053,Map-reduce top-k end-to-end time (ms),0.053,Map-reduce top-k algorithmic time (ms),0.053,2097216,exact,524288,lower-bound
cpu,q19_k256_max,PASS,ok,float,map_reduce,max,256,524288,uniform,19000413,1,Map-reduce top-k end-to-end time (ms),0.076,Map-reduce top-k end-to-end time (ms),0.076,Map-reduce top-k algorithmic time (ms),0.076,2099200,exact,524288,lower-bound
cpu,q19_k4096_max,PASS,ok,float,map_reduce,max,4096,524288,uniform,19004253,1,Map-reduce top-k end-to-end time (ms),1.846,Map-reduce top-k end-to-end time (ms),1.846,Map-reduce top-k algorithmic time (ms),1.846,2129920,exact,524288,lower-bound
cpu,q19_k131072_max,PASS,ok,float,map_reduce,max,131072,524288,uniform,19131229,1,Map-reduce top-k end-to-end time (ms),29.211,Map-reduce top-k end-to-end time (ms),29.211,Map-reduce top-k algorithmic time (ms),29.211,3145728,exact,524288,lower-bound
cpu,q20_k8_max,PASS,ok,float,map_reduce,max,8,1048576,uniform,20000168,1,Map-reduce top-k end-to-end time (ms),0.106,Map-reduce top-k end-to-end time (ms),0.106,Map-reduce top-k algorithmic time (ms),0.106,4194368,exact,1048576,lower-bound
cpu,q20_k256_max,PASS,ok,float,map_reduce,max,256,1048576,uniform,20000416,1,Map-reduce top-k end-to-end time (ms),0.133,Map-reduce top-k end-to-end time (ms),0.133,Map-reduce top-k algorithmic time (ms),0.133,4196352,exact,1048576,lower-bound
cpu,q20_k4096_max,PASS,ok,float,map_reduce,max,4096,1048576,uniform,20004256,1,Map-reduce top-k end-to-end time (ms),2.138,Map-reduce top-k end-to-end time (ms),2.138,Map-reduce top-k algorithmic time (ms),2.138,4227072,exact,1048576,lower-bound
cpu,q20_k131072_max,PASS,ok,float,map_reduce,max,131072,1048576,uniform,20131232,1,Map-reduce top-k end-to-end time (ms),39.191,Map-reduce top-k end-to-end time (ms),39.191,Map-reduce top-k algorithmic time (ms),39.191,5242880,exact,1048576,lower-bound
cpu,q21_k8_max,PASS,ok,float,map_reduce,max,8,2097152,uniform,21000171,1,Map-reduce top-k end-to-end time (ms),0.084,Map-reduce top-k end-to-end time (ms),0.084,Map-reduce top-k algorithmic time (ms),0.084,8388736,exact,2097152,lower-bound
cpu,q21_k256_max,PASS,ok,float,map_reduce,max,256,2097152,uniform,21000419,1,Map-reduce top-k end-to-end time (ms),0.108,Map-reduce top-k end-to-end time (ms),0.108,Map-reduce top-k algorithmic time (ms),0.108,8392704,exact,2097152,lower-bound
cpu,q21_k4096_max,PASS,ok,float,map_reduce,max,4096,2097152,uniform,21004259,1,Map-reduce top-k end-to-end time (ms),2.412,Map-reduce top-k end-to-end time (ms),2.412,Map-reduce top-k algorithmic time (ms),2.412,8454144,exact,2097152,lower-bound
cpu,q21_k131072_max,PASS,ok,float,map_reduce,max,131072,2097152,uniform,21131235,1,Map-reduce top-k end-to-end time (ms),51.566,Map-reduce top-k end-to-end time (ms),51.566,Map-reduce top-k algorithmic time (ms),51.566,10485760,exact,2097152,lower-bound
cpu,q22_k8_max,PASS,ok,float,map_reduce,max,8,4194304,uniform,22000174,1,Map-reduce top-k end-to-end time (ms),0.087,Map-reduce top-k end-to-end time (ms),0.087,Map-reduce top-k algorithmic time (ms),0.087,16777472,exact,4194304,lower-bound
cpu,q22_k256_max,PASS,ok,float,map_reduce,max,256,4194304,uniform,22000422,1,Map-reduce top-k end-to-end time (ms),0.116,Map-reduce top-k end-to-end time (ms),0.116,Map-reduce top-k algorithmic time (ms),0.116,16785408,exact,4194304,lower-bound
cpu,q22_k4096_max,PASS,ok,float,map_reduce,max,4096,4194304,uniform,22004262,1,Map-reduce top-k end-to-end time (ms),2.653,Map-reduce top-k end-to-end time (ms),2.653,Map-reduce top-k algorithmic time (ms),2.653,16908288,exact,4194304,lower-bound
cpu,q22_k131072_max,PASS,ok,float,map_reduce,max,131072,4194304,uniform,22131238,1,Map-reduce top-k end-to-end time (ms),62.501,Map-reduce top-k end-to-end time (ms),62.501,Map-reduce top-k algorithmic time (ms),62.501,20971520,exact,4194304,lower-bound
cpu,q23_k8_max,PASS,ok,float,map_reduce,max,8,8388608,uniform,23000177,1,Map-reduce top-k end-to-end time (ms),0.388,Map-reduce top-k end-to-end time (ms),0.388,Map-reduce top-k algorithmic time (ms),0.388,33554944,exact,8388608,lower-bound
cpu,q23_k256_max,PASS,ok,float,map_reduce,max,256,8388608,uniform,23000425,1,Map-reduce top-k end-to-end time (ms),0.397,Map-reduce top-k end-to-end time (ms),0.397,Map-reduce top-k algorithmic time (ms),0.397,33570816,exact,8388608,lower-bound
cpu,q23_k4096_max,PASS,ok,float,map_reduce,max,4096,8388608,uniform,23004265,1,Map-reduce top-k end-to-end time (ms),2.9,Map-reduce top-k end-to-end time (ms),2.9,Map-reduce top-k algorithmic time (ms),2.9,33816576,exact,8388608,lower-bound
cpu,q23_k131072_max,PASS,ok,float,map_reduce,max,131072,8388608,uniform,23131241,1,Map-reduce top-k end-to-end time (ms),72.943,Map-reduce top-k end-to-end time (ms),72.943,Map-reduce top-k algorithmic time (ms),72.943,41943040,exact,8388608,lower-bound
cpu,q24_k8_max,PASS,ok,float,map_reduce,max,8,16777216,uniform,24000180,1,Map-reduce top-k end-to-end time (ms),1.223,Map-reduce top-k end-to-end time (ms),1.223,Map-reduce top-k algorithmic time (ms),1.223,67109376,exact,16777216,lower-bound
cpu,q24_k256_max,PASS,ok,float,map_reduce,max,256,16777216,uniform,24000428,1,Map-reduce top-k end-to-end time (ms),1.244,Map-reduce top-k end-to-end time (ms),1.244,Map-reduce top-k algorithmic time (ms),1.244,67125248,exact,16777216,lower-bound
cpu,q24_k4096_max,PASS,ok,float,map_reduce,max,4096,16777216,uniform,24004268,1,Map-reduce top-k end-to-end time (ms),3.858,Map-reduce top-k end-to-end time (ms),3.858,Map-reduce top-k algorithmic time (ms),3.858,67371008,exact,16777216,lower-bound
cpu,q24_k131072_max,PASS,ok,float,map_reduce,max,131072,16777216,uniform,24131244,1,Map-reduce top-k end-to-end time (ms),83.836,Map-reduce top-k end-to-end time (ms),83.836,Map-reduce top-k algorithmic time (ms),83.836,75497472,exact,16777216,lower-bound
cpu,q03_k8_max,PASS,ok,float,gt,max,8,8,uniform,3000117,1,Ground truth end-to-end time (ms),0.022,Ground truth end-to-end time (ms),0.022,Ground truth algorithmic time (ms),0.022,64,lower-bound,8,lower-bound
cpu,q04_k8_max,PASS,ok,float,gt,max,8,16,uniform,4000120,1,Ground truth end-to-end time (ms),0.007,Ground truth end-to-end time (ms),0.007,Ground truth algorithmic time (ms),0.007,96,lower-bound,16,lower-bound
cpu,q05_k8_max,PASS,ok,float,gt,max,8,32,uniform,5000123,1,Ground truth end-to-end time (ms),0.023,Ground truth end-to-end time (ms),0.023,Ground truth algorithmic time (ms),0.023,160,lower-bound,32,lower-bound
cpu,q06_k8_max,PASS,ok,float,gt,max,8,64,uniform,6000126,1,Ground truth end-to-end time (ms),0.022,Ground truth end-to-end time (ms),0.022,Ground truth algorithmic time (ms),0.022,288,lower-bound,64,lower-bound
cpu,q07_k8_max,PASS,ok,float,gt,max,8,128,uniform,7000129,1,Ground truth end-to-end time (ms),0.022,Ground truth end-to-end time (ms),0.022,Ground truth algorithmic time (ms),0.022,544,lower-bound,128,lower-bound
cpu,q08_k8_max,PASS,ok,float,gt,max,8,256,uniform,8000132,1,Ground truth end-to-end time (ms),0.022,Ground truth end-to-end time (ms),0.022,Ground truth algorithmic time (ms),0.022,1056,lower-bound,256,lower-bound
cpu,q08_k256_max,PASS,ok,float,gt,max,256,256,uniform,8000380,1,Ground truth end-to-end time (ms),0.023,Ground truth end-to-end time (ms),0.023,Ground truth algorithmic time (ms),0.023,2048,lower-bound,256,lower-bound
cpu,q09_k8_max,PASS,ok,float,gt,max,8,512,uniform,9000135,1,Ground truth end-to-end time (ms),0.007,Ground truth end-to-end time (ms),0.007,Ground truth algorithmic time (ms),0.007,2080,lower-bound,512,lower-bound
cpu,q09_k256_max,PASS,ok,float,gt,max,256,512,uniform,9000383,1,Ground truth end-to-end time (ms),0.031,Ground truth end-to-end time (ms),0.031,Ground truth algorithmic time (ms),0.031,3072,lower-bound,512,lower-bound
cpu,q10_k8_max,PASS,ok,float,gt,max,8,1024,uniform,10000138,1,Ground truth end-to-end time (ms),0.022,Ground truth end-to-end time (ms),0.022,Ground truth algorithmic time (ms),0.022,4128,lower-bound,1024,lower-bound
cpu,q10_k256_max,PASS,ok,float,gt,max,256,1024,uniform,10000386,1,Ground truth end-to-end time (ms),0.035,Ground truth end-to-end time (ms),0.035,Ground truth algorithmic time (ms),0.035,5120,lower-bound,1024,lower-bound
cpu,q11_k8_max,PASS,ok,float,gt,max,8,2048,uniform,11000141,1,Ground truth end-to-end time (ms),0.023,Ground truth end-to-end time (ms),0.023,Ground truth algorithmic time (ms),0.023,8224,lower-bound,2048,lower-bound
cpu,q11_k256_max,PASS,ok,float,gt,max,256,2048,uniform,11000389,1,Ground truth end-to-end time (ms),0.039,Ground truth end-to-end time (ms),0.039,Ground truth algorithmic time (ms),0.039,9216,lower-bound,2048,lower-bound
cpu,q12_k8_max,PASS,ok,float,gt,max,8,4096,uniform,12000144,1,Ground truth end-to-end time (ms),0.023,Ground truth end-to-end time (ms),0.023,Ground truth algorithmic time (ms),0.023,16416,lower-bound,4096,lower-bound
cpu,q12_k256_max,PASS,ok,float,gt,max,256,4096,uniform,12000392,1,Ground truth end-to-end time (ms),0.044,Ground truth end-to-end time (ms),0.044,Ground truth algorithmic time (ms),0.044,17408,lower-bound,4096,lower-bound
cpu,q12_k4096_max,PASS,ok,float,gt,max,4096,4096,uniform,12004232,1,Ground truth end-to-end time (ms),0.057,Ground truth end-to-end time (ms),0.057,Ground truth algorithmic time (ms),0.057,32768,lower-bound,4096,lower-bound
cpu,q13_k8_max,PASS,ok,float,gt,max,8,8192,uniform,13000147,1,Ground truth end-to-end time (ms),0.026,Ground truth end-to-end time (ms),0.026,Ground truth algorithmic time (ms),0.026,32800,lower-bound,8192,lower-bound
cpu,q13_k256_max,PASS,ok,float,gt,max,256,8192,uniform,13000395,1,Ground truth end-to-end time (ms),0.05,Ground truth end-to-end time (ms),0.05,Ground truth algorithmic time (ms),0.05,33792,lower-bound,8192,lower-bound
cpu,q13_k4096_max,PASS,ok,float,gt,max,4096,8192,uniform,13004235,1,Ground truth end-to-end time (ms),0.228,Ground truth end-to-end time (ms),0.228,Ground truth algorithmic time (ms),0.228,49152,lower-bound,8192,lower-bound
cpu,q14_k8_max,PASS,ok,float,gt,max,8,16384,uniform,14000150,1,Ground truth end-to-end time (ms),0.028,Ground truth end-to-end time (ms),0.028,Ground truth algorithmic time (ms),0.028,65568,lower-bound,16384,lower-bound
cpu,q14_k256_max,PASS,ok,float,gt,max,256,16384,uniform,14000398,1,Ground truth end-to-end time (ms),0.055,Ground truth end-to-end time (ms),0.055,Ground truth algorithmic time (ms),0.055,66560,lower-bound,16384,lower-bound
cpu,q14_k4096_max,PASS,ok,float,gt,max,4096,16384,uniform,14004238,1,Ground truth end-to-end time (ms),0.404,Ground truth end-to-end time (ms),0.404,Ground truth algorithmic time (ms),0.404,81920,lower-bound,16384,lower-bound
cpu,q15_k8_max,PASS,ok,float,gt,max,8,32768,uniform,15000153,1,Ground truth end-to-end time (ms),0.033,Ground truth end-to-end time (ms),0.033,Ground truth algorithmic time (ms),0.033,131104,lower-bound,32768,lower-bound
cpu,q15_k256_max,PASS,ok,float,gt,max,256,32768,uniform,15000401,1,Ground truth end-to-end time (ms),0.065,Ground truth end-to-end time (ms),0.065,Ground truth algorithmic time (ms),0.065,132096,lower-bound,32768,lower-bound
cpu,q15_k4096_max,PASS,ok,float,gt,max,4096,32768,uniform,15004241,1,Ground truth end-to-end time (ms),0.595,Ground truth end-to-end time (ms),0.595,Ground truth algorithmic time (ms),0.595,147456,lower-bound,32768,lower-bound
cpu,q16_k8_max,PASS,ok,float,gt,max,8,65536,uniform,16000156,1,Ground truth end-to-end time (ms),0.045,Ground truth end-to-end time (ms),0.045,Ground truth algorithmic time (ms),0.045,262176,lower-bound,65536,lower-bound
cpu,q16_k256_max,PASS,ok,float,gt,max,256,65536,uniform,16000404,1,Ground truth end-to-end time (ms),0.086,Ground truth end-to-end time (ms),0.086,Ground truth algorithmic time (ms),0.086,263168,lower-bound,65536,lower-bound
cpu,q16_k4096_max,PASS,ok,float,gt,max,4096,65536,uniform,16004244,1,Ground truth end-to-end time (ms),0.818,Ground truth end-to-end time (ms),0.818,Ground truth algorithmic time (ms),0.818,278528,lower-bound,65536,lower-bound
cpu,q17_k8_max,PASS,ok,float,gt,max,8,131072,uniform,17000159,1,Ground truth end-to-end time (ms),0.069,Ground truth end-to-end time (ms),0.069,Ground truth algorithmic time (ms),0.069,524320,lower-bound,131072,lower-bound
cpu,q17_k256_max,PASS,ok,float,gt,max,256,131072,uniform,17000407,1,Ground truth end-to-end time (ms),0.114,Ground truth end-to-end time (ms),0.114,Ground truth algorithmic time (ms),0.114,525312,lower-bound,131072,lower-bound
cpu,q17_k4096_max,PASS,ok,float,gt,max,4096,131072,uniform,17004247,1,Ground truth end-to-end time (ms),1.04,Ground truth end-to-end time (ms),1.04,Ground truth algorithmic time (ms),1.04,540672,lower-bound,131072,lower-bound
cpu,q17_k131072_max,PASS,ok,float,gt,max,131072,131072,uniform,17131223,1,Ground truth end-to-end time (ms),8.976,Ground truth end-to-end time (ms),8.976,Ground truth algorithmic time (ms),8.976,1048576,lower-bound,131072,lower-bound
cpu,q18_k8_max,PASS,ok,float,gt,max,8,262144,uniform,18000162,1,Ground truth end-to-end time (ms),0.139,Ground truth end-to-end time (ms),0.139,Ground truth algorithmic time (ms),0.139,1048608,lower-bound,262144,lower-bound
cpu,q18_k256_max,PASS,ok,float,gt,max,256,262144,uniform,18000410,1,Ground truth end-to-end time (ms),0.169,Ground truth end-to-end time (ms),0.169,Ground truth algorithmic time (ms),0.169,1049600,lower-bound,262144,lower-bound
cpu,q18_k4096_max,PASS,ok,float,gt,max,4096,262144,uniform,18004250,1,Ground truth end-to-end time (ms),1.265,Ground truth end-to-end time (ms),1.265,Ground truth algorithmic time (ms),1.265,1064960,lower-bound,262144,lower-bound
cpu,q18_k131072_max,PASS,ok,float,gt,max,131072,262144,uniform,18131226,1,Ground truth end-to-end time (ms),15.855,Ground truth end-to-end time (ms),15.855,Ground truth algorithmic time (ms),15.855,1572864,lower-bound,262144,lower-bound
cpu,q19_k8_max,PASS,ok,float,gt,max,8,524288,uniform,19000165,1,Ground truth end-to-end time (ms),0.218,Ground truth end-to-end time (ms),0.218,Ground truth algorithmic time (ms),0.218,2097184,lower-bound,524288,lower-bound
cpu,q19_k256_max,PASS,ok,float,gt,max,256,524288,uniform,19000413,1,Ground truth end-to-end time (ms),0.292,Ground truth end-to-end time (ms),0.292,Ground truth algorithmic time (ms),0.292,2098176,lower-bound,524288,lower-bound
cpu,q19_k4096_max,PASS,ok,float,gt,max,4096,524288,uniform,19004253,1,Ground truth end-to-end time (ms),1.588,Ground truth end-to-end time (ms),1.588,Ground truth algorithmic time (ms),1.588,2113536,lower-bound,524288,lower-bound
cpu,q19_k131072_max,PASS,ok,float,gt,max,131072,524288,uniform,19131229,1,Ground truth end-to-end time (ms),24.294,Ground truth end-to-end time (ms),24.294,Ground truth algorithmic time (ms),24.294,2621440,lower-bound,524288,lower-bound
cpu,q20_k8_max,PASS,ok,float,gt,max,8,1048576,uniform,20000168,1,Ground truth end-to-end time (ms),0.37,Ground truth end-to-end time (ms),0.37,Ground truth algorithmic time (ms),0.37,4194336,lower-bound,1048576,lower-bound
cpu,q20_k256_max,PASS,ok,float,gt,max,256,1048576,uniform,20000416,1,Ground truth end-to-end time (ms),0.445,Ground truth end-to-end time (ms),0.445,Ground truth algorithmic time (ms),0.445,4195328,lower-bound,1048576,lower-bound
cpu,q20_k4096_max,PASS,ok,float,gt,max,4096,1048576,uniform,20004256,1,Ground truth end-to-end time (ms),1.928,Ground truth end-to-end time (ms),1.928,Ground truth algorithmic time (ms),1.928,4210688,lower-bound,1048576,lower-bound
cpu,q20_k131072_max,PASS,ok,float,gt,max,131072,1048576,uniform,20131232,1,Ground truth end-to-end time (ms),32.5,Ground truth end-to-end time (ms),32.5,Ground truth algorithmic time (ms),32.5,4718592,lower-bound,1048576,lower-bound
cpu,q21_k8_max,PASS,ok,float,gt,max,8,2097152,uniform,21000171,1,Ground truth end-to-end time (ms),0.71,Ground truth end-to-end time (ms),0.71,Ground truth algorithmic time (ms),0.71,8388640,lower-bound,2097152,lower-bound
cpu,q21_k256_max,PASS,ok,float,gt,max,256,2097152,uniform,21000419,1,Ground truth end-to-end time (ms),0.794,Ground truth end-to-end time (ms),0.794,Ground truth algorithmic time (ms),0.794,8389632,lower-bound,2097152,lower-bound
cpu,q21_k4096_max,PASS,ok,float,gt,max,4096,2097152,uniform,21004259,1,Ground truth end-to-end time (ms),2.506,Ground truth end-to-end time (ms),2.506,Ground truth algorithmic time (ms),2.506,8404992,lower-bound,2097152,lower-bound
cpu,q21_k131072_max,PASS,ok,float,gt,max,131072,2097152,uniform,21131235,1,Ground truth end-to-end time (ms),41.066,Ground truth end-to-end time (ms),41.066,Ground truth algorithmic time (ms),41.066,8912896,lower-bound,2097152,lower-bound
cpu,q22_k8_max,PASS,ok,float,gt,max,8,4194304,uniform,22000174,1,Ground truth end-to-end time (ms),1.388,Ground truth end-to-end time (ms),1.388,Ground truth algorithmic time (ms),1.388,16777248,lower-bound,4194304,lower-bound
cpu,q22_k256_max,PASS,ok,float,gt,max,256,4194304,uniform,22000422,1,Ground truth end-to-end time (ms),1.495,Ground truth end-to-end time (ms),1.495,Ground truth algorithmic time (ms),1.495,16778240,lower-bound,4194304,lower-bound
cpu,q22_k4096_max,PASS,ok,float,gt,max,4096,4194304,uniform,22004262,1,Ground truth end-to-end time (ms),3.398,Ground truth end-to-end time (ms),3.398,Ground truth algorithmic time (ms),3.398,16793600,lower-bound,4194304,lower-bound
cpu,q22_k131072_max,PASS,ok,float,gt,max,131072,4194304,uniform,22131238,1,Ground truth end-to-end time (ms),51.887,Ground truth end-to-end time (ms),51.887,Ground truth algorithmic time (ms),51.887,17301504,lower-bound,4194304,lower-bound
cpu,q23_k8_max,PASS,ok,float,gt,max,8,8388608,uniform,23000177,1,Ground truth end-to-end time (ms),2.798,Ground truth end-to-end time (ms),2.798,Ground truth algorithmic time (ms),2.798,33554464,lower-bound,8388608,lower-bound
cpu,q23_k256_max,PASS,ok,float,gt,max,256,8388608,uniform,23000425,1,Ground truth end-to-end time (ms),2.923,Ground truth end-to-end time (ms),2.923,Ground truth algorithmic time (ms),2.923,33555456,lower-bound,8388608,lower-bound
cpu,q23_k4096_max,PASS,ok,float,gt,max,4096,8388608,uniform,23004265,1,Ground truth end-to-end time (ms),5.043,Ground truth end-to-end time (ms),5.043,Ground truth algorithmic time (ms),5.043,33570816,lower-bound,8388608,lower-bound
cpu,q23_k131072_max,PASS,ok,float,gt,max,131072,8388608,uniform,23131241,1,Ground truth end-to-end time (ms),61.021,Ground truth end-to-end time (ms),61.021,Ground truth algorithmic time (ms),61.021,34078720,lower-bound,8388608,lower-bound
cpu,q24_k8_max,PASS,ok,float,gt,max,8,16777216,uniform,24000180,1,Ground truth end-to-end time (ms),5.505,Ground truth end-to-end time (ms),5.505,Ground truth algorithmic time (ms),5.505,67108896,lower-bound,16777216,lower-bound
cpu,q24_k256_max,PASS,ok,float,gt,max,256,16777216,uniform,24000428,1,Ground truth end-to-end time (ms),5.642,Ground truth end-to-end time (ms),5.642,Ground truth algorithmic time (ms),5.642,67109888,lower-bound,16777216,lower-bound
cpu,q24_k4096_max,PASS,ok,float,gt,max,4096,16777216,uniform,24004268,1,Ground truth end-to-end time (ms),8.054,Ground truth end-to-end time (ms),8.054,Ground truth algorithmic time (ms),8.054,67125248,lower-bound,16777216,lower-bound
cpu,q24_k131072_max,PASS,ok,float,gt,max,131072,16777216,uniform,24131244,1,Ground truth end-to-end time (ms),73.948,Ground truth end-to-end time (ms),73.948,Ground truth algorithmic time (ms),73.948,67633152,lower-bound,16777216,lower-bound
gpu,q03_k8_max,PASS,ok,float,bitonic,max,8,8,uniform,3000117,1,Trunc bitonic end-to-end time (ms),0.201,Trunc bitonic end-to-end time (ms),0.201,Trunc bitonic algorithmic time (ms),0.016,64,exact,24,exact
gpu,q04_k8_max,PASS,ok,float,bitonic,max,8,16,uniform,4000120,1,Trunc bitonic end-to-end time (ms),0.213,Trunc bitonic end-to-end time (ms),0.213,Trunc bitonic algorithmic time (ms),0.025,288,exact,68,exact
gpu,q05_k8_max,PASS,ok,float,bitonic,max,8,32,uniform,5000123,1,Trunc bitonic end-to-end time (ms),0.218,Trunc bitonic end-to-end time (ms),0.218,Trunc bitonic algorithmic time (ms),0.03,736,exact,156,exact
gpu,q06_k8_max,PASS,ok,float,bitonic,max,8,64,uniform,6000126,1,Trunc bitonic end-to-end time (ms),0.219,Trunc bitonic end-to-end time (ms),0.219,Trunc bitonic algorithmic time (ms),0.034,1632,exact,332,exact
gpu,q07_k8_max,PASS,ok,float,bitonic,max,8,128,uniform,7000129,1,Trunc bitonic end-to-end time (ms),0.253,Trunc bitonic end-to-end time (ms),0.253,Trunc bitonic algorithmic time (ms),0.042,3424,exact,684,exact
gpu,q08_k8_max,PASS,ok,float,bitonic,max,8,256,uniform,8000132,1,Trunc bitonic end-to-end time (ms),0.235,Trunc bitonic end-to-end time (ms),0.235,Trunc bitonic algorithmic time (ms),0.045,7008,exact,1388,exact
gpu,q08_k256_max,PASS,ok,float,bitonic,max,256,256,uniform,8000380,1,Trunc bitonic end-to-end time (ms),0.206,Trunc bitonic end-to-end time (ms),0.206,Trunc bitonic algorithmic time (ms),0.02,2048,exact,4608,exact
gpu,q09_k8_max,PASS,ok,float,bitonic,max,8,512,uniform,9000135,1,Trunc bitonic end-to-end time (ms),0.241,Trunc bitonic end-to-end time (ms),0.241,Trunc bitonic algorithmic time (ms),0.05,14176,exact,2796,exact
gpu,q09_k256_max,PASS,ok,float,bitonic,max,256,512,uniform,9000383,1,Trunc bitonic end-to-end time (ms),0.219,Trunc bitonic end-to-end time (ms),0.219,Trunc bitonic algorithmic time (ms),0.03,9216,exact,10496,exact
gpu,q10_k8_max,PASS,ok,float,bitonic,max,8,1024,uniform,10000138,1,Trunc bitonic end-to-end time (ms),0.249,Trunc bitonic end-to-end time (ms),0.249,Trunc bitonic algorithmic time (ms),0.055,28512,exact,5612,exact
gpu,q10_k256_max,PASS,ok,float,bitonic,max,256,1024,uniform,10000386,1,Trunc bitonic end-to-end time (ms),0.232,Trunc bitonic end-to-end time (ms),0.232,Trunc bitonic algorithmic time (ms),0.038,23552,exact,22272,exact
gpu,q11_k8_max,PASS,ok,float,bitonic,max,8,2048,uniform,11000141,1,Trunc bitonic end-to-end time (ms),0.255,Trunc bitonic end-to-end time (ms),0.255,Trunc bitonic algorithmic time (ms),0.061,57184,exact,11244,exact
gpu,q11_k256_max,PASS,ok,float,bitonic,max,256,2048,uniform,11000389,1,Trunc bitonic end-to-end time (ms),0.234,Trunc bitonic end-to-end time (ms),0.234,Trunc bitonic algorithmic time (ms),0.045,52224,exact,45824,exact
gpu,q12_k8_max,PASS,ok,float,bitonic,max,8,4096,uniform,12000144,1,Trunc bitonic end-to-end time (ms),0.262,Trunc bitonic end-to-end time (ms),0.262,Trunc bitonic algorithmic time (ms),0.068,114528,exact,22508,exact
gpu,q12_k256_max,PASS,ok,float,bitonic,max,256,4096,uniform,12000392,1,Trunc bitonic end-to-end time (ms),0.249,Trunc bitonic end-to-end time (ms),0.249,Trunc bitonic algorithmic time (ms),0.058,109568,exact,92928,exact
gpu,q12_k4096_max,PASS,ok,float,bitonic,max,4096,4096,uniform,12004232,1,Trunc bitonic end-to-end time (ms),0.229,Trunc bitonic end-to-end time (ms),0.229,Trunc bitonic algorithmic time (ms),0.041,32768,exact,159744,exact
gpu,q13_k8_max,PASS,ok,float,bitonic,max,8,8192,uniform,13000147,1,Trunc bitonic end-to-end time (ms),0.272,Trunc bitonic end-to-end time (ms),0.272,Trunc bitonic algorithmic time (ms),0.074,229216,exact,45036,exact
gpu,q13_k256_max,PASS,ok,float,bitonic,max,256,8192,uniform,13000395,1,Trunc bitonic end-to-end time (ms),0.257,Trunc bitonic end-to-end time (ms),0.257,Trunc bitonic algorithmic time (ms),0.063,224256,exact,187136,exact
gpu,q13_k4096_max,PASS,ok,float,bitonic,max,4096,8192,uniform,13004235,1,Trunc bitonic end-to-end time (ms),0.242,Trunc bitonic end-to-end time (ms),0.242,Trunc bitonic algorithmic time (ms),0.054,147456,exact,348160,exact
gpu,q14_k8_max,PASS,ok,float,bitonic,max,8,16384,uniform,14000150,1,Trunc bitonic end-to-end time (ms),0.28,Trunc bitonic end-to-end time (ms),0.28,Trunc bitonic algorithmic time (ms),0.08,458592,exact,90092,exact
gpu,q14_k256_max,PASS,ok,float,bitonic,max,256,16384,uniform,14000398,1,Trunc bitonic end-to-end time (ms),0.269,Trunc bitonic end-to-end time (ms),0.269,Trunc bitonic algorithmic time (ms),0.072,453632,exact,375552,exact
gpu,q14_k4096_max,PASS,ok,float,bitonic,max,4096,16384,uniform,14004238,1,Trunc bitonic end-to-end time (ms),0.259,Trunc bitonic end-to-end time (ms),0.259,Trunc bitonic algorithmic time (ms),0.063,376832,exact,724992,exact
gpu,q15_k8_max,PASS,ok,float,bitonic,max,8,32768,uniform,15000153,1,Trunc bitonic end-to-end time (ms),0.337,Trunc bitonic end-to-end time (ms),0.337,Trunc bitonic algorithmic time (ms),0.081,917344,exact,180204,exact
gpu,q15_k256_max,PASS,ok,float,bitonic,max,256,32768,uniform,15000401,1,Trunc bitonic end-to-end time (ms),0.286,Trunc bitonic end-to-end time (ms),0.286,Trunc bitonic algorithmic time (ms),0.082,912384,exact,752384,exact
gpu,q15_k4096_max,PASS,ok,float,bitonic,max,4096,32768,uniform,15004241,1,Trunc bitonic end-to-end time (ms),0.272,Trunc bitonic end-to-end time (ms),0.272,Trunc bitonic algorithmic time (ms),0.073,835584,exact,1478656,exact
gpu,q16_k8_max,PASS,ok,float,bitonic,max,8,65536,uniform,16000156,1,Trunc bitonic end-to-end time (ms),0.3,Trunc bitonic end-to-end time (ms),0.3,Trunc bitonic algorithmic time (ms),0.091,1834848,exact,360428,exact
gpu,q16_k256_max,PASS,ok,float,bitonic,max,256,65536,uniform,16000404,1,Trunc bitonic end-to-end time (ms),0.293,Trunc bitonic end-to-end time (ms),0.293,Trunc bitonic algorithmic time (ms),0.088,1829888,exact,1506048,exact
gpu,q16_k4096_max,PASS,ok,float,bitonic,max,4096,65536,uniform,16004244,1,Trunc bitonic end-to-end time (ms),0.286,Trunc bitonic end-to-end time (ms),0.286,Trunc bitonic algorithmic time (ms),0.082,1753088,exact,2985984,exact
gpu,q17_k8_max,PASS,ok,float,bitonic,max,8,131072,uniform,17000159,1,Trunc bitonic end-to-end time (ms),0.318,Trunc bitonic end-to-end time (ms),0.318,Trunc bitonic algorithmic time (ms),0.099,3669856,exact,720876,exact
gpu,q17_k256_max,PASS,ok,float,bitonic,max,256,131072,uniform,17000407,1,Trunc bitonic end-to-end time (ms),0.319,Trunc bitonic end-to-end time (ms),0.319,Trunc bitonic algorithmic time (ms),0.101,3664896,exact,3013376,exact
gpu,q17_k4096_max,PASS,ok,float,bitonic,max,4096,131072,uniform,17004247,1,Trunc bitonic end-to-end time (ms),0.322,Trunc bitonic end-to-end time (ms),0.322,Trunc bitonic algorithmic time (ms),0.107,3588096,exact,6000640,exact
gpu,q17_k131072_max,PASS,ok,float,bitonic,max,131072,131072,uniform,17131223,1,Trunc bitonic end-to-end time (ms),0.399,Trunc bitonic end-to-end time (ms),0.399,Trunc bitonic algorithmic time (ms),0.121,11534336,exact,10027008,exact
gpu,q18_k8_max,PASS,ok,float,bitonic,max,8,262144,uniform,18000162,1,Trunc bitonic end-to-end time (ms),0.358,Trunc bitonic end-to-end time (ms),0.358,Trunc bitonic algorithmic time (ms),0.098,7339872,exact,1441772,exact
gpu,q18_k256_max,PASS,ok,float,bitonic,max,256,262144,uniform,18000410,1,Trunc bitonic end-to-end time (ms),0.386,Trunc bitonic end-to-end time (ms),0.386,Trunc bitonic algorithmic time (ms),0.118,7334912,exact,6028032,exact
gpu,q18_k4096_max,PASS,ok,float,bitonic,max,4096,262144,uniform,18004250,1,Trunc bitonic end-to-end time (ms),0.406,Trunc bitonic end-to-end time (ms),0.406,Trunc bitonic algorithmic time (ms),0.129,7258112,exact,12029952,exact
gpu,q18_k131072_max,PASS,ok,float,bitonic,max,131072,262144,uniform,18131226,1,Trunc bitonic end-to-end time (ms),0.496,Trunc bitonic end-to-end time (ms),0.496,Trunc bitonic algorithmic time (ms),0.163,26738688,exact,21299200,exact
gpu,q19_k8_max,PASS,ok,float,bitonic,max,8,524288,uniform,19000165,1,Trunc bitonic end-to-end time (ms),0.603,Trunc bitonic end-to-end time (ms),0.603,Trunc bitonic algorithmic time (ms),0.112,14679904,exact,2883564,exact
gpu,q19_k256_max,PASS,ok,float,bitonic,max,256,524288,uniform,19000413,1,Trunc bitonic end-to-end time (ms),0.727,Trunc bitonic end-to-end time (ms),0.727,Trunc bitonic algorithmic time (ms),0.144,14674944,exact,12057344,exact
gpu,q19_k4096_max,PASS,ok,float,bitonic,max,4096,524288,uniform,19004253,1,Trunc bitonic end-to-end time (ms),0.615,Trunc bitonic end-to-end time (ms),0.615,Trunc bitonic algorithmic time (ms),0.177,14598144,exact,24088576,exact
gpu,q19_k131072_max,PASS,ok,float,bitonic,max,131072,524288,uniform,19131229,1,Trunc bitonic end-to-end time (ms),0.751,Trunc bitonic end-to-end time (ms),0.751,Trunc bitonic algorithmic time (ms),0.252,57147392,exact,43843584,exact
gpu,q20_k8_max,PASS,ok,float,bitonic,max,8,1048576,uniform,20000168,1,Trunc bitonic end-to-end time (ms),0.739,Trunc bitonic end-to-end time (ms),0.739,Trunc bitonic algorithmic time (ms),0.14,29359968,exact,5767148,exact
gpu,q20_k256_max,PASS,ok,float,bitonic,max,256,1048576,uniform,20000416,1,Trunc bitonic end-to-end time (ms),0.807,Trunc bitonic end-to-end time (ms),0.807,Trunc bitonic algorithmic time (ms),0.203,29355008,exact,24115968,exact
gpu,q20_k4096_max,PASS,ok,float,bitonic,max,4096,1048576,uniform,20004256,1,Trunc bitonic end-to-end time (ms),0.881,Trunc bitonic end-to-end time (ms),0.881,Trunc bitonic algorithmic time (ms),0.279,29278208,exact,48205824,exact
gpu,q20_k131072_max,PASS,ok,float,bitonic,max,131072,1048576,uniform,20131232,1,Trunc bitonic end-to-end time (ms),1.141,Trunc bitonic end-to-end time (ms),1.141,Trunc bitonic algorithmic time (ms),0.44,117964800,exact,88932352,exact
gpu,q21_k8_max,PASS,ok,float,bitonic,max,8,2097152,uniform,21000171,1,Trunc bitonic end-to-end time (ms),1.408,Trunc bitonic end-to-end time (ms),1.408,Trunc bitonic algorithmic time (ms),0.206,58720096,exact,11534316,exact
gpu,q21_k256_max,PASS,ok,float,bitonic,max,256,2097152,uniform,21000419,1,Trunc bitonic end-to-end time (ms),1.601,Trunc bitonic end-to-end time (ms),1.601,Trunc bitonic algorithmic time (ms),0.338,58715136,exact,48233216,exact
gpu,q21_k4096_max,PASS,ok,float,bitonic,max,4096,2097152,uniform,21004259,1,Trunc bitonic end-to-end time (ms),1.449,Trunc bitonic end-to-end time (ms),1.449,Trunc bitonic algorithmic time (ms),0.521,58638336,exact,96440320,exact
gpu,q21_k131072_max,PASS,ok,float,bitonic,max,131072,2097152,uniform,21131235,1,Trunc bitonic end-to-end time (ms),1.856,Trunc bitonic end-to-end time (ms),1.856,Trunc bitonic algorithmic time (ms),0.842,239599616,exact,179109888,exact
gpu,q22_k8_max,PASS,ok,float,bitonic,max,8,4194304,uniform,22000174,1,Trunc bitonic end-to-end time (ms),1.83,Trunc bitonic end-to-end time (ms),1.83,Trunc bitonic algorithmic time (ms),0.323,117440352,exact,23068652,exact
gpu,q22_k256_max,PASS,ok,float,bitonic,max,256,4194304,uniform,22000422,1,Trunc bitonic end-to-end time (ms),2.212,Trunc bitonic end-to-end time (ms),2.212,Trunc bitonic algorithmic time (ms),0.573,117435392,exact,96467712,exact
gpu,q22_k4096_max,PASS,ok,float,bitonic,max,4096,4194304,uniform,22004262,1,Trunc bitonic end-to-end time (ms),2.557,Trunc bitonic end-to-end time (ms),2.557,Trunc bitonic algorithmic time (ms),0.917,117358592,exact,192909312,exact
gpu,q22_k131072_max,PASS,ok,float,bitonic,max,131072,4194304,uniform,22131238,1,Trunc bitonic end-to-end time (ms),3.472,Trunc bitonic end-to-end time (ms),3.472,Trunc bitonic algorithmic time (ms),1.631,482869248,exact,359464960,exact
gpu,q23_k8_max,PASS,ok,float,bitonic,max,8,8388608,uniform,23000177,1,Trunc bitonic end-to-end time (ms),3.801,Trunc bitonic end-to-end time (ms),3.801,Trunc bitonic algorithmic time (ms),0.672,234880864,exact,46137324,exact
gpu,q23_k256_max,PASS,ok,float,bitonic,max,256,8388608,uniform,23000425,1,Trunc bitonic end-to-end time (ms),4.768,Trunc bitonic end-to-end time (ms),4.768,Trunc bitonic algorithmic time (ms),1.091,234875904,exact,192936704,exact
gpu,q23_k4096_max,PASS,ok,float,bitonic,max,4096,8388608,uniform,23004265,1,Trunc bitonic end-to-end time (ms),5.045,Trunc bitonic end-to-end time (ms),5.045,Trunc bitonic algorithmic time (ms),1.804,234799104,exact,385847296,exact
gpu,q23_k131072_max,PASS,ok,float,bitonic,max,131072,8388608,uniform,23131241,1,Trunc bitonic end-to-end time (ms),6.887,Trunc bitonic end-to-end time (ms),6.887,Trunc bitonic algorithmic time (ms),3.545,969408512,exact,720175104,exact
gpu,q24_k8_max,PASS,ok,float,bitonic,max,8,16777216,uniform,24000180,1,Trunc bitonic end-to-end time (ms),7.044,Trunc bitonic end-to-end time (ms),7.044,Trunc bitonic algorithmic time (ms),1.339,469761888,exact,92274668,exact
gpu,q24_k256_max,PASS,ok,float,bitonic,max,256,16777216,uniform,24000428,1,Trunc bitonic end-to-end time (ms),8.187,Trunc bitonic end-to-end time (ms),8.187,Trunc bitonic algorithmic time (ms),2.213,469756928,exact,385874688,exact
gpu,q24_k4096_max,PASS,ok,float,bitonic,max,4096,16777216,uniform,24004268,1,Trunc bitonic end-to-end time (ms),9.543,Trunc bitonic end-to-end time (ms),9.543,Trunc bitonic algorithmic time (ms),3.617,469680128,exact,771723264,exact
gpu,q24_k131072_max,PASS,ok,float,bitonic,max,131072,16777216,uniform,24131244,1,Trunc bitonic end-to-end time (ms),14.404,Trunc bitonic end-to-end time (ms),14.404,Trunc bitonic algorithmic time (ms),8.238,1674051584,exact,1441595392,exact
gpu,q03_k8_max,PASS,ok,float,map_reduce,max,8,8,uniform,3000117,1,Map-reduce top-k end-to-end time (ms),0.198,Map-reduce top-k end-to-end time (ms),0.198,Map-reduce top-k algorithmic time (ms),0.007,324512,exact,8,lower-bound
gpu,q04_k8_max,PASS,ok,float,map_reduce,max,8,16,uniform,4000120,1,Map-reduce top-k end-to-end time (ms),0.203,Map-reduce top-k end-to-end time (ms),0.203,Map-reduce top-k algorithmic time (ms),0.009,324544,exact,16,lower-bound
gpu,q05_k8_max,PASS,ok,float,map_reduce,max,8,32,uniform,5000123,1,Map-reduce top-k end-to-end time (ms),0.199,Map-reduce top-k end-to-end time (ms),0.199,Map-reduce top-k algorithmic time (ms),0.012,324608,exact,32,lower-bound
gpu,q06_k8_max,PASS,ok,float,map_reduce,max,8,64,uniform,6000126,1,Map-reduce top-k end-to-end time (ms),0.215,Map-reduce top-k end-to-end time (ms),0.215,Map-reduce top-k algorithmic time (ms),0.013,324736,exact,64,lower-bound
gpu,q07_k8_max,PASS,ok,float,map_reduce,max,8,128,uniform,7000129,1,Map-reduce top-k end-to-end time (ms),0.215,Map-reduce top-k end-to-end time (ms),0.215,Map-reduce top-k algorithmic time (ms),0.016,324992,exact,128,lower-bound
gpu,q08_k8_max,PASS,ok,float,map_reduce,max,8,256,uniform,8000132,1,Map-reduce top-k end-to-end time (ms),0.213,Map-reduce top-k end-to-end time (ms),0.213,Map-reduce top-k algorithmic time (ms),0.022,325504,exact,256,lower-bound
gpu,q08_k256_max,PASS,ok,float,map_reduce,max,256,256,uniform,8000380,1,Map-reduce top-k end-to-end time (ms),0.576,Map-reduce top-k end-to-end time (ms),0.576,Map-reduce top-k algorithmic time (ms),0.047,480256,exact,256,lower-bound
gpu,q09_k8_max,PASS,ok,float,map_reduce,max,8,512,uniform,9000135,1,Map-reduce top-k end-to-end time (ms),0.219,Map-reduce top-k end-to-end time (ms),0.219,Map-reduce top-k algorithmic time (ms),0.021,326528,exact,512,lower-bound
gpu,q09_k256_max,PASS,ok,float,map_reduce,max,256,512,uniform,9000383,1,Map-reduce top-k end-to-end time (ms),0.578,Map-reduce top-k end-to-end time (ms),0.578,Map-reduce top-k algorithmic time (ms),0.047,481280,exact,512,lower-bound
gpu,q10_k8_max,PASS,ok,float,map_reduce,max,8,1024,uniform,10000138,1,Map-reduce top-k end-to-end time (ms),0.22,Map-reduce top-k end-to-end time (ms),0.22,Map-reduce top-k algorithmic time (ms),0.021,328576,exact,1024,lower-bound
gpu,q10_k256_max,PASS,ok,float,map_reduce,max,256,1024,uniform,10000386,1,Map-reduce top-k end-to-end time (ms),0.58,Map-reduce top-k end-to-end time (ms),0.58,Map-reduce top-k algorithmic time (ms),0.048,483328,exact,1024,lower-bound
gpu,q11_k8_max,PASS,ok,float,map_reduce,max,8,2048,uniform,11000141,1,Map-reduce top-k end-to-end time (ms),0.216,Map-reduce top-k end-to-end time (ms),0.216,Map-reduce top-k algorithmic time (ms),0.022,332672,exact,2048,lower-bound
gpu,q11_k256_max,PASS,ok,float,map_reduce,max,256,2048,uniform,11000389,1,Map-reduce top-k end-to-end time (ms),0.588,Map-reduce top-k end-to-end time (ms),0.588,Map-reduce top-k algorithmic time (ms),0.049,487424,exact,2048,lower-bound
gpu,q12_k8_max,PASS,ok,float,map_reduce,max,8,4096,uniform,12000144,1,Map-reduce top-k end-to-end time (ms),0.22,Map-reduce top-k end-to-end time (ms),0.22,Map-reduce top-k algorithmic time (ms),0.021,340864,exact,4096,lower-bound
gpu,q12_k256_max,PASS,ok,float,map_reduce,max,256,4096,uniform,12000392,1,Map-reduce top-k end-to-end time (ms),0.589,Map-reduce top-k end-to-end time (ms),0.589,Map-reduce top-k algorithmic time (ms),0.049,495616,exact,4096,lower-bound
gpu,q12_k4096_max,PASS,ok,float,map_reduce,max,4096,4096,uniform,12004232,1,Map-reduce top-k end-to-end time (ms),3.992,Map-reduce top-k end-to-end time (ms),3.992,Map-reduce top-k algorithmic time (ms),0.052,2375680,exact,4096,lower-bound
gpu,q13_k8_max,PASS,ok,float,map_reduce,max,8,8192,uniform,13000147,1,Map-reduce top-k end-to-end time (ms),0.204,Map-reduce top-k end-to-end time (ms),0.204,Map-reduce top-k algorithmic time (ms),0.025,357248,exact,8192,lower-bound
gpu,q13_k256_max,PASS,ok,float,map_reduce,max,256,8192,uniform,13000395,1,Map-reduce top-k end-to-end time (ms),0.492,Map-reduce top-k end-to-end time (ms),0.492,Map-reduce top-k algorithmic time (ms),0.051,512000,exact,8192,lower-bound
gpu,q13_k4096_max,PASS,ok,float,map_reduce,max,4096,8192,uniform,13004235,1,Map-reduce top-k end-to-end time (ms),3.619,Map-reduce top-k end-to-end time (ms),3.619,Map-reduce top-k algorithmic time (ms),0.073,2392064,exact,8192,lower-bound
gpu,q14_k8_max,PASS,ok,float,map_reduce,max,8,16384,uniform,14000150,1,Map-reduce top-k end-to-end time (ms),0.212,Map-reduce top-k end-to-end time (ms),0.212,Map-reduce top-k algorithmic time (ms),0.026,390016,exact,16384,lower-bound
gpu,q14_k256_max,PASS,ok,float,map_reduce,max,256,16384,uniform,14000398,1,Map-reduce top-k end-to-end time (ms),0.585,Map-reduce top-k end-to-end time (ms),0.585,Map-reduce top-k algorithmic time (ms),0.048,544768,exact,16384,lower-bound
gpu,q14_k4096_max,PASS,ok,float,map_reduce,max,4096,16384,uniform,14004238,1,Map-reduce top-k end-to-end time (ms),3.928,Map-reduce top-k end-to-end time (ms),3.928,Map-reduce top-k algorithmic time (ms),0.064,2424832,exact,16384,lower-bound
gpu,q15_k8_max,PASS,ok,float,map_reduce,max,8,32768,uniform,15000153,1,Map-reduce top-k end-to-end time (ms),0.215,Map-reduce top-k end-to-end time (ms),0.215,Map-reduce top-k algorithmic time (ms),0.029,455552,exact,32768,lower-bound
gpu,q15_k256_max,PASS,ok,float,map_reduce,max,256,32768,uniform,15000401,1,Map-reduce top-k end-to-end time (ms),0.571,Map-reduce top-k end-to-end time (ms),0.571,Map-reduce top-k algorithmic time (ms),0.062,610304,exact,32768,lower-bound
gpu,q15_k4096_max,PASS,ok,float,map_reduce,max,4096,32768,uniform,15004241,1,Map-reduce top-k end-to-end time (ms),3.601,Map-reduce top-k end-to-end time (ms),3.601,Map-reduce top-k algorithmic time (ms),0.093,2490368,exact,32768,lower-bound
gpu,q16_k8_max,PASS,ok,float,map_reduce,max,8,65536,uniform,16000156,1,Map-reduce top-k end-to-end time (ms),0.228,Map-reduce top-k end-to-end time (ms),0.228,Map-reduce top-k algorithmic time (ms),0.035,906112,exact,65536,lower-bound
gpu,q16_k256_max,PASS,ok,float,map_reduce,max,256,65536,uniform,16000404,1,Map-reduce top-k end-to-end time (ms),0.785,Map-reduce top-k end-to-end time (ms),0.785,Map-reduce top-k algorithmic time (ms),0.218,1060864,exact,65536,lower-bound
gpu,q16_k4096_max,PASS,ok,float,map_reduce,max,4096,65536,uniform,16004244,1,Map-reduce top-k end-to-end time (ms),3.874,Map-reduce top-k end-to-end time (ms),3.874,Map-reduce top-k algorithmic time (ms),0.12,2883584,exact,65536,lower-bound
gpu,q17_k8_max,PASS,ok,float,map_reduce,max,8,131072,uniform,17000159,1,Map-reduce top-k end-to-end time (ms),0.272,Map-reduce top-k end-to-end time (ms),0.272,Map-reduce top-k algorithmic time (ms),0.049,1807232,exact,131072,lower-bound
gpu,q17_k256_max,PASS,ok,float,map_reduce,max,256,131072,uniform,17000407,1,Map-reduce top-k end-to-end time (ms),1.151,Map-reduce top-k end-to-end time (ms),1.151,Map-reduce top-k algorithmic time (ms),0.406,1961984,exact,131072,lower-bound
gpu,q17_k4096_max,PASS,ok,float,map_reduce,max,4096,131072,uniform,17004247,1,Map-reduce top-k end-to-end time (ms),4.443,Map-reduce top-k end-to-end time (ms),4.443,Map-reduce top-k algorithmic time (ms),0.154,3670016,exact,131072,lower-bound
gpu,q17_k131072_max,PASS,ok,float,map_reduce,max,131072,131072,uniform,17131223,1,Map-reduce top-k end-to-end time (ms),16.377,Map-reduce top-k end-to-end time (ms),16.377,Map-reduce top-k algorithmic time (ms),3.228,3670016,exact,131072,lower-bound
gpu,q18_k8_max,PASS,ok,float,map_reduce,max,8,262144,uniform,18000162,1,Map-reduce top-k end-to-end time (ms),0.45,Map-reduce top-k end-to-end time (ms),0.45,Map-reduce top-k algorithmic time (ms),0.076,3289984,exact,262144,lower-bound
gpu,q18_k256_max,PASS,ok,float,map_reduce,max,256,262144,uniform,18000410,1,Map-reduce top-k end-to-end time (ms),1.403,Map-reduce top-k end-to-end time (ms),1.403,Map-reduce top-k algorithmic time (ms),0.589,3444736,exact,262144,lower-bound
gpu,q18_k4096_max,PASS,ok,float,map_reduce,max,4096,262144,uniform,18004250,1,Map-reduce top-k end-to-end time (ms),5.867,Map-reduce top-k end-to-end time (ms),5.867,Map-reduce top-k algorithmic time (ms),0.239,5242880,exact,262144,lower-bound
gpu,q18_k131072_max,PASS,ok,float,map_reduce,max,131072,262144,uniform,18131226,1,Map-reduce top-k end-to-end time (ms),19.544,Map-reduce top-k end-to-end time (ms),19.544,Map-reduce top-k algorithmic time (ms),6.019,5242880,exact,262144,lower-bound
gpu,q19_k8_max,PASS,ok,float,map_reduce,max,8,524288,uniform,19000165,1,Map-reduce top-k end-to-end time (ms),0.53,Map-reduce top-k end-to-end time (ms),0.53,Map-reduce top-k algorithmic time (ms),0.09,4658048,exact,524288,lower-bound
gpu,q19_k256_max,PASS,ok,float,map_reduce,max,256,524288,uniform,19000413,1,Map-reduce top-k end-to-end time (ms),1.689,Map-reduce top-k end-to-end time (ms),1.689,Map-reduce top-k algorithmic time (ms),0.8,6729728,exact,524288,lower-bound
gpu,q19_k4096_max,PASS,ok,float,map_reduce,max,4096,524288,uniform,19004253,1,Map-reduce top-k end-to-end time (ms),5.478,Map-reduce top-k end-to-end time (ms),5.478,Map-reduce top-k algorithmic time (ms),0.868,8388608,exact,524288,lower-bound
gpu,q19_k131072_max,PASS,ok,float,map_reduce,max,131072,524288,uniform,19131229,1,Map-reduce top-k end-to-end time (ms),45.097,Map-reduce top-k end-to-end time (ms),45.097,Map-reduce top-k algorithmic time (ms),30.471,8388608,exact,524288,lower-bound
gpu,q20_k8_max,PASS,ok,float,map_reduce,max,8,1048576,uniform,20000168,1,Map-reduce top-k end-to-end time (ms),0.692,Map-reduce top-k end-to-end time (ms),0.692,Map-reduce top-k algorithmic time (ms),0.114,6755200,exact,1048576,lower-bound
gpu,q20_k256_max,PASS,ok,float,map_reduce,max,256,1048576,uniform,20000416,1,Map-reduce top-k end-to-end time (ms),2.376,Map-reduce top-k end-to-end time (ms),2.376,Map-reduce top-k algorithmic time (ms),1.305,12980224,exact,1048576,lower-bound
gpu,q20_k4096_max,PASS,ok,float,map_reduce,max,4096,1048576,uniform,20004256,1,Map-reduce top-k end-to-end time (ms),9.243,Map-reduce top-k end-to-end time (ms),9.243,Map-reduce top-k algorithmic time (ms),3.894,14680064,exact,1048576,lower-bound
gpu,q20_k131072_max,PASS,ok,float,map_reduce,max,131072,1048576,uniform,20131232,1,Map-reduce top-k end-to-end time (ms),213.595,Map-reduce top-k end-to-end time (ms),213.595,Map-reduce top-k algorithmic time (ms),199.052,14680064,exact,1048576,lower-bound
gpu,q21_k8_max,PASS,ok,float,map_reduce,max,8,2097152,uniform,21000171,1,Map-reduce top-k end-to-end time (ms),1.044,Map-reduce top-k end-to-end time (ms),1.044,Map-reduce top-k algorithmic time (ms),0.172,10949504,exact,2097152,lower-bound
gpu,q21_k256_max,PASS,ok,float,map_reduce,max,256,2097152,uniform,21000419,1,Map-reduce top-k end-to-end time (ms),3.589,Map-reduce top-k end-to-end time (ms),3.589,Map-reduce top-k algorithmic time (ms),2.068,25481216,exact,2097152,lower-bound
gpu,q21_k4096_max,PASS,ok,float,map_reduce,max,4096,2097152,uniform,21004259,1,Map-reduce top-k end-to-end time (ms),13.601,Map-reduce top-k end-to-end time (ms),13.601,Map-reduce top-k algorithmic time (ms),7.102,27262976,exact,2097152,lower-bound
gpu,q21_k131072_max,PASS,ok,float,map_reduce,max,131072,2097152,uniform,21131235,1,Map-reduce top-k end-to-end time (ms),392.074,Map-reduce top-k end-to-end time (ms),392.074,Map-reduce top-k algorithmic time (ms),376.077,27262976,exact,2097152,lower-bound
gpu,q22_k8_max,PASS,ok,float,map_reduce,max,8,4194304,uniform,22000174,1,Map-reduce top-k end-to-end time (ms),1.705,Map-reduce top-k end-to-end time (ms),1.705,Map-reduce top-k algorithmic time (ms),0.214,19338112,exact,4194304,lower-bound
gpu,q22_k256_max,PASS,ok,float,map_reduce,max,256,4194304,uniform,22000422,1,Map-reduce top-k end-to-end time (ms),5.613,Map-reduce top-k end-to-end time (ms),5.613,Map-reduce top-k algorithmic time (ms),3.412,50802688,exact,4194304,lower-bound
gpu,q22_k4096_max,PASS,ok,float,map_reduce,max,4096,4194304,uniform,22004262,1,Map-reduce top-k end-to-end time (ms),18.869,Map-reduce top-k end-to-end time (ms),18.869,Map-reduce top-k algorithmic time (ms),11.135,52428800,exact,4194304,lower-bound
gpu,q22_k131072_max,PASS,ok,float,map_reduce,max,131072,4194304,uniform,22131238,1,Map-reduce top-k end-to-end time (ms),588.641,Map-reduce top-k end-to-end time (ms),588.641,Map-reduce top-k algorithmic time (ms),572.061,52428800,exact,4194304,lower-bound
gpu,q23_k8_max,PASS,ok,float,map_reduce,max,8,8388608,uniform,23000177,1,Map-reduce top-k end-to-end time (ms),3.032,Map-reduce top-k end-to-end time (ms),3.032,Map-reduce top-k algorithmic time (ms),0.304,36115328,exact,8388608,lower-bound
gpu,q23_k256_max,PASS,ok,float,map_reduce,max,256,8388608,uniform,23000425,1,Map-reduce top-k end-to-end time (ms),10.252,Map-reduce top-k end-to-end time (ms),10.252,Map-reduce top-k algorithmic time (ms),6.616,101126144,exact,8388608,lower-bound
gpu,q23_k4096_max,PASS,ok,float,map_reduce,max,4096,8388608,uniform,23004265,1,Map-reduce top-k end-to-end time (ms),26.316,Map-reduce top-k end-to-end time (ms),26.316,Map-reduce top-k algorithmic time (ms),17.358,102760448,exact,8388608,lower-bound
gpu,q23_k131072_max,PASS,ok,float,map_reduce,max,131072,8388608,uniform,23131241,1,Map-reduce top-k end-to-end time (ms),853.189,Map-reduce top-k end-to-end time (ms),853.189,Map-reduce top-k algorithmic time (ms),836.418,102760448,exact,8388608,lower-bound
gpu,q24_k8_max,PASS,ok,float,map_reduce,max,8,16777216,uniform,24000180,1,Map-reduce top-k end-to-end time (ms),5.697,Map-reduce top-k end-to-end time (ms),5.697,Map-reduce top-k algorithmic time (ms),0.426,69669760,exact,16777216,lower-bound
gpu,q24_k256_max,PASS,ok,float,map_reduce,max,256,16777216,uniform,24000428,1,Map-reduce top-k end-to-end time (ms),12.344,Map-reduce top-k end-to-end time (ms),12.344,Map-reduce top-k algorithmic time (ms),6.785,94425088,exact,16777216,lower-bound
gpu,q24_k4096_max,PASS,ok,float,map_reduce,max,4096,16777216,uniform,24004268,1,Map-reduce top-k end-to-end time (ms),36.408,Map-reduce top-k end-to-end time (ms),36.408,Map-reduce top-k algorithmic time (ms),26.852,203423744,exact,16777216,lower-bound
gpu,q24_k131072_max,PASS,ok,float,map_reduce,max,131072,16777216,uniform,24131244,1,Map-reduce top-k end-to-end time (ms),1213.749,Map-reduce top-k end-to-end time (ms),1213.749,Map-reduce top-k algorithmic time (ms),1192.966,203423744,exact,16777216,lower-bound
gpu,q03_k8_max,PASS,ok,float,gt,max,8,8,uniform,3000117,1,Ground truth end-to-end time (ms),0.2,Ground truth end-to-end time (ms),0.2,Ground truth algorithmic time (ms),0.019,64,lower-bound,8,lower-bound
gpu,q04_k8_max,PASS,ok,float,gt,max,8,16,uniform,4000120,1,Ground truth end-to-end time (ms),0.2,Ground truth end-to-end time (ms),0.2,Ground truth algorithmic time (ms),0.019,96,lower-bound,16,lower-bound
gpu,q05_k8_max,PASS,ok,float,gt,max,8,32,uniform,5000123,1,Ground truth end-to-end time (ms),0.2,Ground truth end-to-end time (ms),0.2,Ground truth algorithmic time (ms),0.022,160,lower-bound,32,lower-bound
gpu,q06_k8_max,PASS,ok,float,gt,max,8,64,uniform,6000126,1,Ground truth end-to-end time (ms),0.201,Ground truth end-to-end time (ms),0.201,Ground truth algorithmic time (ms),0.022,288,lower-bound,64,lower-bound
gpu,q07_k8_max,PASS,ok,float,gt,max,8,128,uniform,7000129,1,Ground truth end-to-end time (ms),0.199,Ground truth end-to-end time (ms),0.199,Ground truth algorithmic time (ms),0.023,544,lower-bound,128,lower-bound
gpu,q08_k8_max,PASS,ok,float,gt,max,8,256,uniform,8000132,1,Ground truth end-to-end time (ms),0.201,Ground truth end-to-end time (ms),0.201,Ground truth algorithmic time (ms),0.023,1056,lower-bound,256,lower-bound
gpu,q08_k256_max,PASS,ok,float,gt,max,256,256,uniform,8000380,1,Ground truth end-to-end time (ms),0.201,Ground truth end-to-end time (ms),0.201,Ground truth algorithmic time (ms),0.021,2048,lower-bound,256,lower-bound
gpu,q09_k8_max,PASS,ok,float,gt,max,8,512,uniform,9000135,1,Ground truth end-to-end time (ms),0.201,Ground truth end-to-end time (ms),0.201,Ground truth algorithmic time (ms),0.023,2080,lower-bound,512,lower-bound
gpu,q09_k256_max,PASS,ok,float,gt,max,256,512,uniform,9000383,1,Ground truth end-to-end time (ms),0.207,Ground truth end-to-end time (ms),0.207,Ground truth algorithmic time (ms),0.024,3072,lower-bound,512,lower-bound
gpu,q10_k8_max,PASS,ok,float,gt,max,8,1024,uniform,10000138,1,Ground truth end-to-end time (ms),0.203,Ground truth end-to-end time (ms),0.203,Ground truth algorithmic time (ms),0.025,4128,lower-bound,1024,lower-bound
gpu,q10_k256_max,PASS,ok,float,gt,max,256,1024,uniform,10000386,1,Ground truth end-to-end time (ms),0.212,Ground truth end-to-end time (ms),0.212,Ground truth algorithmic time (ms),0.025,5120,lower-bound,1024,lower-bound
gpu,q11_k8_max,PASS,ok,float,gt,max,8,2048,uniform,11000141,1,Ground truth end-to-end time (ms),0.204,Ground truth end-to-end time (ms),0.204,Ground truth algorithmic time (ms),0.027,8224,lower-bound,2048,lower-bound
gpu,q11_k256_max,PASS,ok,float,gt,max,256,2048,uniform,11000389,1,Ground truth end-to-end time (ms),0.215,Ground truth end-to-end time (ms),0.215,Ground truth algorithmic time (ms),0.028,9216,lower-bound,2048,lower-bound
gpu,q12_k8_max,PASS,ok,float,gt,max,8,4096,uniform,12000144,1,Ground truth end-to-end time (ms),0.206,Ground truth end-to-end time (ms),0.206,Ground truth algorithmic time (ms),0.027,16416,lower-bound,4096,lower-bound
gpu,q12_k256_max,PASS,ok,float,gt,max,256,4096,uniform,12000392,1,Ground truth end-to-end time (ms),0.215,Ground truth end-to-end time (ms),0.215,Ground truth algorithmic time (ms),0.028,17408,lower-bound,4096,lower-bound
gpu,q12_k4096_max,PASS,ok,float,gt,max,4096,4096,uniform,12004232,1,Ground truth end-to-end time (ms),0.42,Ground truth end-to-end time (ms),0.42,Ground truth algorithmic time (ms),0.019,32768,lower-bound,4096,lower-bound
gpu,q13_k8_max,PASS,ok,float,gt,max,8,8192,uniform,13000147,1,Ground truth end-to-end time (ms),0.207,Ground truth end-to-end time (ms),0.207,Ground truth algorithmic time (ms),0.027,32800,lower-bound,8192,lower-bound
gpu,q13_k256_max,PASS,ok,float,gt,max,256,8192,uniform,13000395,1,Ground truth end-to-end time (ms),0.215,Ground truth end-to-end time (ms),0.215,Ground truth algorithmic time (ms),0.028,33792,lower-bound,8192,lower-bound
gpu,q13_k4096_max,PASS,ok,float,gt,max,4096,8192,uniform,13004235,1,Ground truth end-to-end time (ms),0.427,Ground truth end-to-end time (ms),0.427,Ground truth algorithmic time (ms),0.024,49152,lower-bound,8192,lower-bound
gpu,q14_k8_max,PASS,ok,float,gt,max,8,16384,uniform,14000150,1,Ground truth end-to-end time (ms),0.21,Ground truth end-to-end time (ms),0.21,Ground truth algorithmic time (ms),0.028,65568,lower-bound,16384,lower-bound
gpu,q14_k256_max,PASS,ok,float,gt,max,256,16384,uniform,14000398,1,Ground truth end-to-end time (ms),0.219,Ground truth end-to-end time (ms),0.219,Ground truth algorithmic time (ms),0.027,66560,lower-bound,16384,lower-bound
gpu,q14_k4096_max,PASS,ok,float,gt,max,4096,16384,uniform,14004238,1,Ground truth end-to-end time (ms),0.431,Ground truth end-to-end time (ms),0.431,Ground truth algorithmic time (ms),0.022,81920,lower-bound,16384,lower-bound
gpu,q15_k8_max,PASS,ok,float,gt,max,8,32768,uniform,15000153,1,Ground truth end-to-end time (ms),0.217,Ground truth end-to-end time (ms),0.217,Ground truth algorithmic time (ms),0.033,131104,lower-bound,32768,lower-bound
gpu,q15_k256_max,PASS,ok,float,gt,max,256,32768,uniform,15000401,1,Ground truth end-to-end time (ms),0.224,Ground truth end-to-end time (ms),0.224,Ground truth algorithmic time (ms),0.032,132096,lower-bound,32768,lower-bound
gpu,q15_k4096_max,PASS,ok,float,gt,max,4096,32768,uniform,15004241,1,Ground truth end-to-end time (ms),0.452,Ground truth end-to-end time (ms),0.452,Ground truth algorithmic time (ms),0.058,147456,lower-bound,32768,lower-bound
gpu,q16_k8_max,PASS,ok,float,gt,max,8,65536,uniform,16000156,1,Ground truth end-to-end time (ms),0.236,Ground truth end-to-end time (ms),0.236,Ground truth algorithmic time (ms),0.042,262176,lower-bound,65536,lower-bound
gpu,q16_k256_max,PASS,ok,float,gt,max,256,65536,uniform,16000404,1,Ground truth end-to-end time (ms),0.244,Ground truth end-to-end time (ms),0.244,Ground truth algorithmic time (ms),0.042,263168,lower-bound,65536,lower-bound
gpu,q16_k4096_max,PASS,ok,float,gt,max,4096,65536,uniform,16004244,1,Ground truth end-to-end time (ms),0.538,Ground truth end-to-end time (ms),0.538,Ground truth algorithmic time (ms),0.132,278528,lower-bound,65536,lower-bound
gpu,q17_k8_max,PASS,ok,float,gt,max,8,131072,uniform,17000159,1,Ground truth end-to-end time (ms),0.334,Ground truth end-to-end time (ms),0.334,Ground truth algorithmic time (ms),0.11,524320,lower-bound,131072,lower-bound
gpu,q17_k256_max,PASS,ok,float,gt,max,256,131072,uniform,17000407,1,Ground truth end-to-end time (ms),0.343,Ground truth end-to-end time (ms),0.343,Ground truth algorithmic time (ms),0.11,525312,lower-bound,131072,lower-bound
gpu,q17_k4096_max,PASS,ok,float,gt,max,4096,131072,uniform,17004247,1,Ground truth end-to-end time (ms),0.482,Ground truth end-to-end time (ms),0.482,Ground truth algorithmic time (ms),0.048,540672,lower-bound,131072,lower-bound
gpu,q17_k131072_max,PASS,ok,float,gt,max,131072,131072,uniform,17131223,1,Ground truth end-to-end time (ms),9.987,Ground truth end-to-end time (ms),9.987,Ground truth algorithmic time (ms),0.539,1048576,lower-bound,131072,lower-bound
gpu,q18_k8_max,PASS,ok,float,gt,max,8,262144,uniform,18000162,1,Ground truth end-to-end time (ms),0.348,Ground truth end-to-end time (ms),0.348,Ground truth algorithmic time (ms),0.067,1048608,lower-bound,262144,lower-bound
gpu,q18_k256_max,PASS,ok,float,gt,max,256,262144,uniform,18000410,1,Ground truth end-to-end time (ms),0.36,Ground truth end-to-end time (ms),0.36,Ground truth algorithmic time (ms),0.068,1049600,lower-bound,262144,lower-bound
gpu,q18_k4096_max,PASS,ok,float,gt,max,4096,262144,uniform,18004250,1,Ground truth end-to-end time (ms),0.578,Ground truth end-to-end time (ms),0.578,Ground truth algorithmic time (ms),0.074,1064960,lower-bound,262144,lower-bound
gpu,q18_k131072_max,PASS,ok,float,gt,max,131072,262144,uniform,18131226,1,Ground truth end-to-end time (ms),9.965,Ground truth end-to-end time (ms),9.965,Ground truth algorithmic time (ms),0.495,1572864,lower-bound,262144,lower-bound
gpu,q19_k8_max,PASS,ok,float,gt,max,8,524288,uniform,19000165,1,Ground truth end-to-end time (ms),0.515,Ground truth end-to-end time (ms),0.515,Ground truth algorithmic time (ms),0.069,2097184,lower-bound,524288,lower-bound
gpu,q19_k256_max,PASS,ok,float,gt,max,256,524288,uniform,19000413,1,Ground truth end-to-end time (ms),0.594,Ground truth end-to-end time (ms),0.594,Ground truth algorithmic time (ms),0.138,2098176,lower-bound,524288,lower-bound
gpu,q19_k4096_max,PASS,ok,float,gt,max,4096,524288,uniform,19004253,1,Ground truth end-to-end time (ms),0.73,Ground truth end-to-end time (ms),0.73,Ground truth algorithmic time (ms),0.069,2113536,lower-bound,524288,lower-bound
gpu,q19_k131072_max,PASS,ok,float,gt,max,131072,524288,uniform,19131229,1,Ground truth end-to-end time (ms),9.901,Ground truth end-to-end time (ms),9.901,Ground truth algorithmic time (ms),0.292,2621440,lower-bound,524288,lower-bound
gpu,q20_k8_max,PASS,ok,float,gt,max,8,1048576,uniform,20000168,1,Ground truth end-to-end time (ms),0.713,Ground truth end-to-end time (ms),0.713,Ground truth algorithmic time (ms),0.116,4194336,lower-bound,1048576,lower-bound
gpu,q20_k256_max,PASS,ok,float,gt,max,256,1048576,uniform,20000416,1,Ground truth end-to-end time (ms),0.707,Ground truth end-to-end time (ms),0.707,Ground truth algorithmic time (ms),0.111,4195328,lower-bound,1048576,lower-bound
gpu,q20_k4096_max,PASS,ok,float,gt,max,4096,1048576,uniform,20004256,1,Ground truth end-to-end time (ms),1.108,Ground truth end-to-end time (ms),1.108,Ground truth algorithmic time (ms),0.259,4210688,lower-bound,1048576,lower-bound
gpu,q20_k131072_max,PASS,ok,float,gt,max,131072,1048576,uniform,20131232,1,Ground truth end-to-end time (ms),10.118,Ground truth end-to-end time (ms),10.118,Ground truth algorithmic time (ms),0.227,4718592,lower-bound,1048576,lower-bound
gpu,q21_k8_max,PASS,ok,float,gt,max,8,2097152,uniform,21000171,1,Ground truth end-to-end time (ms),1.378,Ground truth end-to-end time (ms),1.378,Ground truth algorithmic time (ms),0.391,8388640,lower-bound,2097152,lower-bound
gpu,q21_k256_max,PASS,ok,float,gt,max,256,2097152,uniform,21000419,1,Ground truth end-to-end time (ms),1.382,Ground truth end-to-end time (ms),1.382,Ground truth algorithmic time (ms),0.404,8389632,lower-bound,2097152,lower-bound
gpu,q21_k4096_max,PASS,ok,float,gt,max,4096,2097152,uniform,21004259,1,Ground truth end-to-end time (ms),1.696,Ground truth end-to-end time (ms),1.696,Ground truth algorithmic time (ms),0.481,8404992,lower-bound,2097152,lower-bound
gpu,q21_k131072_max,PASS,ok,float,gt,max,131072,2097152,uniform,21131235,1,Ground truth end-to-end time (ms),10.838,Ground truth end-to-end time (ms),10.838,Ground truth algorithmic time (ms),0.618,8912896,lower-bound,2097152,lower-bound
gpu,q22_k8_max,PASS,ok,float,gt,max,8,4194304,uniform,22000174,1,Ground truth end-to-end time (ms),2.721,Ground truth end-to-end time (ms),2.721,Ground truth algorithmic time (ms),0.986,16777248,lower-bound,4194304,lower-bound
gpu,q22_k256_max,PASS,ok,float,gt,max,256,4194304,uniform,22000422,1,Ground truth end-to-end time (ms),1.947,Ground truth end-to-end time (ms),1.947,Ground truth algorithmic time (ms),0.406,16778240,lower-bound,4194304,lower-bound
gpu,q22_k4096_max,PASS,ok,float,gt,max,4096,4194304,uniform,22004262,1,Ground truth end-to-end time (ms),2.168,Ground truth end-to-end time (ms),2.168,Ground truth algorithmic time (ms),0.403,16793600,lower-bound,4194304,lower-bound
gpu,q22_k131072_max,PASS,ok,float,gt,max,131072,4194304,uniform,22131238,1,Ground truth end-to-end time (ms),11.389,Ground truth end-to-end time (ms),11.389,Ground truth algorithmic time (ms),0.458,17301504,lower-bound,4194304,lower-bound
gpu,q23_k8_max,PASS,ok,float,gt,max,8,8388608,uniform,23000177,1,Ground truth end-to-end time (ms),4.038,Ground truth end-to-end time (ms),4.038,Ground truth algorithmic time (ms),0.98,33554464,lower-bound,8388608,lower-bound
gpu,q23_k256_max,PASS,ok,float,gt,max,256,8388608,uniform,23000425,1,Ground truth end-to-end time (ms),3.762,Ground truth end-to-end time (ms),3.762,Ground truth algorithmic time (ms),0.75,33555456,lower-bound,8388608,lower-bound
gpu,q23_k4096_max,PASS,ok,float,gt,max,4096,8388608,uniform,23004265,1,Ground truth end-to-end time (ms),4.016,Ground truth end-to-end time (ms),4.016,Ground truth algorithmic time (ms),0.752,33570816,lower-bound,8388608,lower-bound
gpu,q23_k131072_max,PASS,ok,float,gt,max,131072,8388608,uniform,23131241,1,Ground truth end-to-end time (ms),14.134,Ground truth end-to-end time (ms),14.134,Ground truth algorithmic time (ms),1.791,34078720,lower-bound,8388608,lower-bound
gpu,q24_k8_max,PASS,ok,float,gt,max,8,16777216,uniform,24000180,1,Ground truth end-to-end time (ms),7.263,Ground truth end-to-end time (ms),7.263,Ground truth algorithmic time (ms),1.77,67108896,lower-bound,16777216,lower-bound
gpu,q24_k256_max,PASS,ok,float,gt,max,256,16777216,uniform,24000428,1,Ground truth end-to-end time (ms),7.184,Ground truth end-to-end time (ms),7.184,Ground truth algorithmic time (ms),1.698,67109888,lower-bound,16777216,lower-bound
gpu,q24_k4096_max,PASS,ok,float,gt,max,4096,16777216,uniform,24004268,1,Ground truth end-to-end time (ms),7.481,Ground truth end-to-end time (ms),7.481,Ground truth algorithmic time (ms),1.807,67125248,lower-bound,16777216,lower-bound
gpu,q24_k131072_max,PASS,ok,float,gt,max,131072,16777216,uniform,24131244,1,Ground truth end-to-end time (ms),16.669,Ground truth end-to-end time (ms),16.669,Ground truth algorithmic time (ms),1.723,67633152,lower-bound,16777216,lower-bound
npu,q03_k8_max,PASS,ok,float,bitonic,max,8,8,uniform,3000117,1,Trunc bitonic end-to-end time (ms),0.562,Trunc bitonic end-to-end time (ms),0.562,Trunc bitonic algorithmic time (ms),0.507,8405024,exact,5242880,exact
npu,q04_k8_max,PASS,ok,float,bitonic,max,8,16,uniform,4000120,1,Trunc bitonic end-to-end time (ms),0.562,Trunc bitonic end-to-end time (ms),0.562,Trunc bitonic algorithmic time (ms),0.507,8405056,exact,5242880,exact
npu,q05_k8_max,PASS,ok,float,bitonic,max,8,32,uniform,5000123,1,Trunc bitonic end-to-end time (ms),0.523,Trunc bitonic end-to-end time (ms),0.523,Trunc bitonic algorithmic time (ms),0.486,8405120,exact,5242880,exact
npu,q06_k8_max,PASS,ok,float,bitonic,max,8,64,uniform,6000126,1,Trunc bitonic end-to-end time (ms),0.574,Trunc bitonic end-to-end time (ms),0.574,Trunc bitonic algorithmic time (ms),0.511,8405248,exact,5242880,exact
npu,q07_k8_max,PASS,ok,float,bitonic,max,8,128,uniform,7000129,1,Trunc bitonic end-to-end time (ms),0.564,Trunc bitonic end-to-end time (ms),0.564,Trunc bitonic algorithmic time (ms),0.508,8405504,exact,5242880,exact
npu,q08_k8_max,PASS,ok,float,bitonic,max,8,256,uniform,8000132,1,Trunc bitonic end-to-end time (ms),0.566,Trunc bitonic end-to-end time (ms),0.566,Trunc bitonic algorithmic time (ms),0.51,8406016,exact,5242880,exact
npu,q08_k256_max,PASS,ok,float,bitonic,max,256,256,uniform,8000380,1,Trunc bitonic end-to-end time (ms),0.574,Trunc bitonic end-to-end time (ms),0.574,Trunc bitonic algorithmic time (ms),0.513,8406016,exact,5242880,exact
npu,q09_k8_max,PASS,ok,float,bitonic,max,8,512,uniform,9000135,1,Trunc bitonic end-to-end time (ms),0.565,Trunc bitonic end-to-end time (ms),0.565,Trunc bitonic algorithmic time (ms),0.509,8407040,exact,5242880,exact
npu,q09_k256_max,PASS,ok,float,bitonic,max,256,512,uniform,9000383,1,Trunc bitonic end-to-end time (ms),0.582,Trunc bitonic end-to-end time (ms),0.582,Trunc bitonic algorithmic time (ms),0.522,8407040,exact,5242880,exact
npu,q10_k8_max,PASS,ok,float,bitonic,max,8,1024,uniform,10000138,1,Trunc bitonic end-to-end time (ms),0.565,Trunc bitonic end-to-end time (ms),0.565,Trunc bitonic algorithmic time (ms),0.508,8409088,exact,5242880,exact
npu,q10_k256_max,PASS,ok,float,bitonic,max,256,1024,uniform,10000386,1,Trunc bitonic end-to-end time (ms),0.575,Trunc bitonic end-to-end time (ms),0.575,Trunc bitonic algorithmic time (ms),0.517,8409088,exact,5242880,exact
npu,q11_k8_max,PASS,ok,float,bitonic,max,8,2048,uniform,11000141,1,Trunc bitonic end-to-end time (ms),0.575,Trunc bitonic end-to-end time (ms),0.575,Trunc bitonic algorithmic time (ms),0.516,8429568,exact,5242880,exact
npu,q11_k256_max,PASS,ok,float,bitonic,max,256,2048,uniform,11000389,1,Trunc bitonic end-to-end time (ms),0.58,Trunc bitonic end-to-end time (ms),0.58,Trunc bitonic algorithmic time (ms),0.521,8429568,exact,5242880,exact
npu,q12_k8_max,PASS,ok,float,bitonic,max,8,4096,uniform,12000144,1,Trunc bitonic end-to-end time (ms),0.566,Trunc bitonic end-to-end time (ms),0.566,Trunc bitonic algorithmic time (ms),0.51,8470528,exact,5242880,exact
npu,q12_k256_max,PASS,ok,float,bitonic,max,256,4096,uniform,12000392,1,Trunc bitonic end-to-end time (ms),0.59,Trunc bitonic end-to-end time (ms),0.59,Trunc bitonic algorithmic time (ms),0.53,8470528,exact,5242880,exact
npu,q12_k4096_max,PASS,ok,float,bitonic,max,4096,4096,uniform,12004232,1,Trunc bitonic end-to-end time (ms),0.622,Trunc bitonic end-to-end time (ms),0.622,Trunc bitonic algorithmic time (ms),0.562,8470528,exact,5242880,exact
npu,q13_k8_max,PASS,ok,float,bitonic,max,8,8192,uniform,13000147,1,Trunc bitonic end-to-end time (ms),0.573,Trunc bitonic end-to-end time (ms),0.573,Trunc bitonic algorithmic time (ms),0.513,8552448,exact,5242880,exact
npu,q13_k256_max,PASS,ok,float,bitonic,max,256,8192,uniform,13000395,1,Trunc bitonic end-to-end time (ms),0.584,Trunc bitonic end-to-end time (ms),0.584,Trunc bitonic algorithmic time (ms),0.527,8552448,exact,5242880,exact
npu,q13_k4096_max,PASS,ok,float,bitonic,max,4096,8192,uniform,13004235,1,Trunc bitonic end-to-end time (ms),0.696,Trunc bitonic end-to-end time (ms),0.696,Trunc bitonic algorithmic time (ms),0.637,8552448,exact,5242880,exact
npu,q14_k8_max,PASS,ok,float,bitonic,max,8,16384,uniform,14000150,1,Trunc bitonic end-to-end time (ms),0.572,Trunc bitonic end-to-end time (ms),0.572,Trunc bitonic algorithmic time (ms),0.514,8716288,exact,5242880,exact
npu,q14_k256_max,PASS,ok,float,bitonic,max,256,16384,uniform,14000398,1,Trunc bitonic end-to-end time (ms),0.595,Trunc bitonic end-to-end time (ms),0.595,Trunc bitonic algorithmic time (ms),0.536,8716288,exact,5242880,exact
npu,q14_k4096_max,PASS,ok,float,bitonic,max,4096,16384,uniform,14004238,1,Trunc bitonic end-to-end time (ms),0.813,Trunc bitonic end-to-end time (ms),0.813,Trunc bitonic algorithmic time (ms),0.753,8716288,exact,5242880,exact
npu,q15_k8_max,PASS,ok,float,bitonic,max,8,32768,uniform,15000153,1,Trunc bitonic end-to-end time (ms),0.591,Trunc bitonic end-to-end time (ms),0.591,Trunc bitonic algorithmic time (ms),0.527,9043968,exact,5242880,exact
npu,q15_k256_max,PASS,ok,float,bitonic,max,256,32768,uniform,15000401,1,Trunc bitonic end-to-end time (ms),0.598,Trunc bitonic end-to-end time (ms),0.598,Trunc bitonic algorithmic time (ms),0.541,9043968,exact,5242880,exact
npu,q15_k4096_max,PASS,ok,float,bitonic,max,4096,32768,uniform,15004241,1,Trunc bitonic end-to-end time (ms),0.995,Trunc bitonic end-to-end time (ms),0.995,Trunc bitonic algorithmic time (ms),0.93,9043968,exact,5242880,exact
npu,q16_k8_max,PASS,ok,float,bitonic,max,8,65536,uniform,16000156,1,Trunc bitonic end-to-end time (ms),0.597,Trunc bitonic end-to-end time (ms),0.597,Trunc bitonic algorithmic time (ms),0.537,9699328,exact,5242880,exact
npu,q16_k256_max,PASS,ok,float,bitonic,max,256,65536,uniform,16000404,1,Trunc bitonic end-to-end time (ms),0.623,Trunc bitonic end-to-end time (ms),0.623,Trunc bitonic algorithmic time (ms),0.564,9699328,exact,5242880,exact
npu,q16_k4096_max,PASS,ok,float,bitonic,max,4096,65536,uniform,16004244,1,Trunc bitonic end-to-end time (ms),1.159,Trunc bitonic end-to-end time (ms),1.159,Trunc bitonic algorithmic time (ms),1.086,9699328,exact,5242880,exact
npu,q17_k8_max,PASS,ok,float,bitonic,max,8,131072,uniform,17000159,1,Trunc bitonic end-to-end time (ms),0.622,Trunc bitonic end-to-end time (ms),0.622,Trunc bitonic algorithmic time (ms),0.558,11010048,exact,5242880,exact
npu,q17_k256_max,PASS,ok,float,bitonic,max,256,131072,uniform,17000407,1,Trunc bitonic end-to-end time (ms),0.662,Trunc bitonic end-to-end time (ms),0.662,Trunc bitonic algorithmic time (ms),0.599,11010048,exact,5242880,exact
npu,q17_k4096_max,PASS,ok,float,bitonic,max,4096,131072,uniform,17004247,1,Trunc bitonic end-to-end time (ms),1.258,Trunc bitonic end-to-end time (ms),1.258,Trunc bitonic algorithmic time (ms),1.193,11010048,exact,5242880,exact
npu,q17_k131072_max,PASS,ok,float,bitonic,max,131072,131072,uniform,17131223,1,Trunc bitonic end-to-end time (ms),7.46,Trunc bitonic end-to-end time (ms),7.46,Trunc bitonic algorithmic time (ms),7.329,11010048,exact,5242880,exact
npu,q18_k8_max,PASS,ok,float,bitonic,max,8,262144,uniform,18000162,1,Trunc bitonic end-to-end time (ms),0.683,Trunc bitonic end-to-end time (ms),0.683,Trunc bitonic algorithmic time (ms),0.617,13631488,exact,5242880,exact
npu,q18_k256_max,PASS,ok,float,bitonic,max,256,262144,uniform,18000410,1,Trunc bitonic end-to-end time (ms),0.707,Trunc bitonic end-to-end time (ms),0.707,Trunc bitonic algorithmic time (ms),0.64,13631488,exact,5242880,exact
npu,q18_k4096_max,PASS,ok,float,bitonic,max,4096,262144,uniform,18004250,1,Trunc bitonic end-to-end time (ms),1.429,Trunc bitonic end-to-end time (ms),1.429,Trunc bitonic algorithmic time (ms),1.36,13631488,exact,5242880,exact
npu,q18_k131072_max,PASS,ok,float,bitonic,max,131072,262144,uniform,18131226,1,Trunc bitonic end-to-end time (ms),12.527,Trunc bitonic end-to-end time (ms),12.527,Trunc bitonic algorithmic time (ms),12.404,13631488,exact,5242880,exact
npu,q19_k8_max,PASS,ok,float,bitonic,max,8,524288,uniform,19000165,1,Trunc bitonic end-to-end time (ms),0.761,Trunc bitonic end-to-end time (ms),0.761,Trunc bitonic algorithmic time (ms),0.695,18874368,exact,5242880,exact
npu,q19_k256_max,PASS,ok,float,bitonic,max,256,524288,uniform,19000413,1,Trunc bitonic end-to-end time (ms),0.795,Trunc bitonic end-to-end time (ms),0.795,Trunc bitonic algorithmic time (ms),0.73,18874368,exact,5242880,exact
npu,q19_k4096_max,PASS,ok,float,bitonic,max,4096,524288,uniform,19004253,1,Trunc bitonic end-to-end time (ms),1.645,Trunc bitonic end-to-end time (ms),1.645,Trunc bitonic algorithmic time (ms),1.576,18874368,exact,5242880,exact
npu,q19_k131072_max,PASS,ok,float,bitonic,max,131072,524288,uniform,19131229,1,Trunc bitonic end-to-end time (ms),18.18,Trunc bitonic end-to-end time (ms),18.18,Trunc bitonic algorithmic time (ms),18.035,18874368,exact,5242880,exact
npu,q20_k8_max,PASS,ok,float,bitonic,max,8,1048576,uniform,20000168,1,Trunc bitonic end-to-end time (ms),0.942,Trunc bitonic end-to-end time (ms),0.942,Trunc bitonic algorithmic time (ms),0.878,29360128,exact,5242880,exact
npu,q20_k256_max,PASS,ok,float,bitonic,max,256,1048576,uniform,20000416,1,Trunc bitonic end-to-end time (ms),0.968,Trunc bitonic end-to-end time (ms),0.968,Trunc bitonic algorithmic time (ms),0.901,29360128,exact,5242880,exact
npu,q20_k4096_max,PASS,ok,float,bitonic,max,4096,1048576,uniform,20004256,1,Trunc bitonic end-to-end time (ms),1.949,Trunc bitonic end-to-end time (ms),1.949,Trunc bitonic algorithmic time (ms),1.877,29360128,exact,5242880,exact
npu,q20_k131072_max,PASS,ok,float,bitonic,max,131072,1048576,uniform,20131232,1,Trunc bitonic end-to-end time (ms),23.77,Trunc bitonic end-to-end time (ms),23.77,Trunc bitonic algorithmic time (ms),23.608,29360128,exact,5242880,exact
npu,q21_k8_max,PASS,ok,float,bitonic,max,8,2097152,uniform,21000171,1,Trunc bitonic end-to-end time (ms),1.459,Trunc bitonic end-to-end time (ms),1.459,Trunc bitonic algorithmic time (ms),1.383,58720256,exact,10485760,exact
npu,q21_k256_max,PASS,ok,float,bitonic,max,256,2097152,uniform,21000419,1,Trunc bitonic end-to-end time (ms),1.445,Trunc bitonic end-to-end time (ms),1.445,Trunc bitonic algorithmic time (ms),1.365,58720256,exact,10485760,exact
npu,q21_k4096_max,PASS,ok,float,bitonic,max,4096,2097152,uniform,21004259,1,Trunc bitonic end-to-end time (ms),2.293,Trunc bitonic end-to-end time (ms),2.293,Trunc bitonic algorithmic time (ms),2.211,58720256,exact,10485760,exact
npu,q21_k131072_max,PASS,ok,float,bitonic,max,131072,2097152,uniform,21131235,1,Trunc bitonic end-to-end time (ms),29.891,Trunc bitonic end-to-end time (ms),29.891,Trunc bitonic algorithmic time (ms),29.73,58720256,exact,10485760,exact
npu,q22_k8_max,PASS,ok,float,bitonic,max,8,4194304,uniform,22000174,1,Trunc bitonic end-to-end time (ms),2.502,Trunc bitonic end-to-end time (ms),2.502,Trunc bitonic algorithmic time (ms),2.411,117440512,exact,20971520,exact
npu,q22_k256_max,PASS,ok,float,bitonic,max,256,4194304,uniform,22000422,1,Trunc bitonic end-to-end time (ms),2.537,Trunc bitonic end-to-end time (ms),2.537,Trunc bitonic algorithmic time (ms),2.45,117440512,exact,20971520,exact
npu,q22_k4096_max,PASS,ok,float,bitonic,max,4096,4194304,uniform,22004262,1,Trunc bitonic end-to-end time (ms),3.562,Trunc bitonic end-to-end time (ms),3.562,Trunc bitonic algorithmic time (ms),3.474,117440512,exact,20971520,exact
npu,q22_k131072_max,PASS,ok,float,bitonic,max,131072,4194304,uniform,22131238,1,Trunc bitonic end-to-end time (ms),37.155,Trunc bitonic end-to-end time (ms),37.155,Trunc bitonic algorithmic time (ms),36.977,117440512,exact,20971520,exact
npu,q23_k8_max,PASS,ok,float,bitonic,max,8,8388608,uniform,23000177,1,Trunc bitonic end-to-end time (ms),4.478,Trunc bitonic end-to-end time (ms),4.478,Trunc bitonic algorithmic time (ms),4.352,234881024,exact,41943040,exact
npu,q23_k256_max,PASS,ok,float,bitonic,max,256,8388608,uniform,23000425,1,Trunc bitonic end-to-end time (ms),4.629,Trunc bitonic end-to-end time (ms),4.629,Trunc bitonic algorithmic time (ms),4.496,234881024,exact,41943040,exact
npu,q23_k4096_max,PASS,ok,float,bitonic,max,4096,8388608,uniform,23004265,1,Trunc bitonic end-to-end time (ms),5.841,Trunc bitonic end-to-end time (ms),5.841,Trunc bitonic algorithmic time (ms),5.707,234881024,exact,41943040,exact
npu,q23_k131072_max,PASS,ok,float,bitonic,max,131072,8388608,uniform,23131241,1,Trunc bitonic end-to-end time (ms),45.459,Trunc bitonic end-to-end time (ms),45.459,Trunc bitonic algorithmic time (ms),45.263,234881024,exact,41943040,exact
npu,q24_k8_max,PASS,ok,float,bitonic,max,8,16777216,uniform,24000180,1,Trunc bitonic end-to-end time (ms),8.376,Trunc bitonic end-to-end time (ms),8.376,Trunc bitonic algorithmic time (ms),8.232,469762048,exact,83886080,exact
npu,q24_k256_max,PASS,ok,float,bitonic,max,256,16777216,uniform,24000428,1,Trunc bitonic end-to-end time (ms),8.383,Trunc bitonic end-to-end time (ms),8.383,Trunc bitonic algorithmic time (ms),8.24,469762048,exact,83886080,exact
npu,q24_k4096_max,PASS,ok,float,bitonic,max,4096,16777216,uniform,24004268,1,Trunc bitonic end-to-end time (ms),9.738,Trunc bitonic end-to-end time (ms),9.738,Trunc bitonic algorithmic time (ms),9.59,469762048,exact,83886080,exact
npu,q24_k131072_max,PASS,ok,float,bitonic,max,131072,16777216,uniform,24131244,1,Trunc bitonic end-to-end time (ms),56.898,Trunc bitonic end-to-end time (ms),56.898,Trunc bitonic algorithmic time (ms),56.725,469762048,exact,83886080,exact
npu,q03_k8_max,PASS,ok,float,map_reduce,max,8,8,uniform,3000117,1,Map-reduce top-k end-to-end time (ms),0.102,Map-reduce top-k end-to-end time (ms),0.102,Map-reduce top-k algorithmic time (ms),0.054,32,exact,8,lower-bound
npu,q04_k8_max,PASS,ok,float,map_reduce,max,8,16,uniform,4000120,1,Map-reduce top-k end-to-end time (ms),0.454,Map-reduce top-k end-to-end time (ms),0.454,Map-reduce top-k algorithmic time (ms),0.397,8405056,exact,16,lower-bound
npu,q05_k8_max,PASS,ok,float,map_reduce,max,8,32,uniform,5000123,1,Map-reduce top-k end-to-end time (ms),0.449,Map-reduce top-k end-to-end time (ms),0.449,Map-reduce top-k algorithmic time (ms),0.396,8405120,exact,32,lower-bound
npu,q06_k8_max,PASS,ok,float,map_reduce,max,8,64,uniform,6000126,1,Map-reduce top-k end-to-end time (ms),0.446,Map-reduce top-k end-to-end time (ms),0.446,Map-reduce top-k algorithmic time (ms),0.392,8405248,exact,64,lower-bound
npu,q07_k8_max,PASS,ok,float,map_reduce,max,8,128,uniform,7000129,1,Map-reduce top-k end-to-end time (ms),0.454,Map-reduce top-k end-to-end time (ms),0.454,Map-reduce top-k algorithmic time (ms),0.395,8405504,exact,128,lower-bound
npu,q08_k8_max,PASS,ok,float,map_reduce,max,8,256,uniform,8000132,1,Map-reduce top-k end-to-end time (ms),0.458,Map-reduce top-k end-to-end time (ms),0.458,Map-reduce top-k algorithmic time (ms),0.399,8406016,exact,256,lower-bound
npu,q08_k256_max,PASS,ok,float,map_reduce,max,256,256,uniform,8000380,1,Map-reduce top-k end-to-end time (ms),0.102,Map-reduce top-k end-to-end time (ms),0.102,Map-reduce top-k algorithmic time (ms),0.054,1024,exact,256,lower-bound
npu,q09_k8_max,PASS,ok,float,map_reduce,max,8,512,uniform,9000135,1,Map-reduce top-k end-to-end time (ms),0.452,Map-reduce top-k end-to-end time (ms),0.452,Map-reduce top-k algorithmic time (ms),0.398,8407040,exact,512,lower-bound
npu,q09_k256_max,PASS,ok,float,map_reduce,max,256,512,uniform,9000383,1,Map-reduce top-k end-to-end time (ms),0.457,Map-reduce top-k end-to-end time (ms),0.457,Map-reduce top-k algorithmic time (ms),0.403,8407040,exact,512,lower-bound
npu,q10_k8_max,PASS,ok,float,map_reduce,max,8,1024,uniform,10000138,1,Map-reduce top-k end-to-end time (ms),0.458,Map-reduce top-k end-to-end time (ms),0.458,Map-reduce top-k algorithmic time (ms),0.398,8409088,exact,1024,lower-bound
npu,q10_k256_max,PASS,ok,float,map_reduce,max,256,1024,uniform,10000386,1,Map-reduce top-k end-to-end time (ms),0.462,Map-reduce top-k end-to-end time (ms),0.462,Map-reduce top-k algorithmic time (ms),0.408,8409088,exact,1024,lower-bound
npu,q11_k8_max,PASS,ok,float,map_reduce,max,8,2048,uniform,11000141,1,Map-reduce top-k end-to-end time (ms),0.45,Map-reduce top-k end-to-end time (ms),0.45,Map-reduce top-k algorithmic time (ms),0.397,8429568,exact,2048,lower-bound
npu,q11_k256_max,PASS,ok,float,map_reduce,max,256,2048,uniform,11000389,1,Map-reduce top-k end-to-end time (ms),0.446,Map-reduce top-k end-to-end time (ms),0.446,Map-reduce top-k algorithmic time (ms),0.397,8429568,exact,2048,lower-bound
npu,q12_k8_max,PASS,ok,float,map_reduce,max,8,4096,uniform,12000144,1,Map-reduce top-k end-to-end time (ms),0.453,Map-reduce top-k end-to-end time (ms),0.453,Map-reduce top-k algorithmic time (ms),0.398,8470528,exact,4096,lower-bound
npu,q12_k256_max,PASS,ok,float,map_reduce,max,256,4096,uniform,12000392,1,Map-reduce top-k end-to-end time (ms),0.47,Map-reduce top-k end-to-end time (ms),0.47,Map-reduce top-k algorithmic time (ms),0.414,8470528,exact,4096,lower-bound
npu,q12_k4096_max,PASS,ok,float,map_reduce,max,4096,4096,uniform,12004232,1,Map-reduce top-k end-to-end time (ms),0.175,Map-reduce top-k end-to-end time (ms),0.175,Map-reduce top-k algorithmic time (ms),0.123,16384,exact,4096,lower-bound
npu,q13_k8_max,PASS,ok,float,map_reduce,max,8,8192,uniform,13000147,1,Map-reduce top-k end-to-end time (ms),0.461,Map-reduce top-k end-to-end time (ms),0.461,Map-reduce top-k algorithmic time (ms),0.403,8552448,exact,8192,lower-bound
npu,q13_k256_max,PASS,ok,float,map_reduce,max,256,8192,uniform,13000395,1,Map-reduce top-k end-to-end time (ms),0.473,Map-reduce top-k end-to-end time (ms),0.473,Map-reduce top-k algorithmic time (ms),0.415,8552448,exact,8192,lower-bound
npu,q13_k4096_max,PASS,ok,float,map_reduce,max,4096,8192,uniform,13004235,1,Map-reduce top-k end-to-end time (ms),0.726,Map-reduce top-k end-to-end time (ms),0.726,Map-reduce top-k algorithmic time (ms),0.666,8486912,exact,8192,lower-bound
npu,q14_k8_max,PASS,ok,float,map_reduce,max,8,16384,uniform,14000150,1,Map-reduce top-k end-to-end time (ms),0.461,Map-reduce top-k end-to-end time (ms),0.461,Map-reduce top-k algorithmic time (ms),0.403,8716288,exact,16384,lower-bound
npu,q14_k256_max,PASS,ok,float,map_reduce,max,256,16384,uniform,14000398,1,Map-reduce top-k end-to-end time (ms),0.492,Map-reduce top-k end-to-end time (ms),0.492,Map-reduce top-k algorithmic time (ms),0.432,8716288,exact,16384,lower-bound
npu,q14_k4096_max,PASS,ok,float,map_reduce,max,4096,16384,uniform,14004238,1,Map-reduce top-k end-to-end time (ms),0.888,Map-reduce top-k end-to-end time (ms),0.888,Map-reduce top-k algorithmic time (ms),0.827,8650752,exact,16384,lower-bound
npu,q15_k8_max,PASS,ok,float,map_reduce,max,8,32768,uniform,15000153,1,Map-reduce top-k end-to-end time (ms),0.468,Map-reduce top-k end-to-end time (ms),0.468,Map-reduce top-k algorithmic time (ms),0.413,9043968,exact,32768,lower-bound
npu,q15_k256_max,PASS,ok,float,map_reduce,max,256,32768,uniform,15000401,1,Map-reduce top-k end-to-end time (ms),0.493,Map-reduce top-k end-to-end time (ms),0.493,Map-reduce top-k algorithmic time (ms),0.435,9043968,exact,32768,lower-bound
npu,q15_k4096_max,PASS,ok,float,map_reduce,max,4096,32768,uniform,15004241,1,Map-reduce top-k end-to-end time (ms),1.05,Map-reduce top-k end-to-end time (ms),1.05,Map-reduce top-k algorithmic time (ms),0.986,8978432,exact,32768,lower-bound
npu,q16_k8_max,PASS,ok,float,map_reduce,max,8,65536,uniform,16000156,1,Map-reduce top-k end-to-end time (ms),0.481,Map-reduce top-k end-to-end time (ms),0.481,Map-reduce top-k algorithmic time (ms),0.422,9682944,exact,65536,lower-bound
npu,q16_k256_max,PASS,ok,float,map_reduce,max,256,65536,uniform,16000404,1,Map-reduce top-k end-to-end time (ms),0.516,Map-reduce top-k end-to-end time (ms),0.516,Map-reduce top-k algorithmic time (ms),0.456,9682944,exact,65536,lower-bound
npu,q16_k4096_max,PASS,ok,float,map_reduce,max,4096,65536,uniform,16004244,1,Map-reduce top-k end-to-end time (ms),1.219,Map-reduce top-k end-to-end time (ms),1.219,Map-reduce top-k algorithmic time (ms),1.158,9633792,exact,65536,lower-bound
npu,q17_k8_max,PASS,ok,float,map_reduce,max,8,131072,uniform,17000159,1,Map-reduce top-k end-to-end time (ms),0.506,Map-reduce top-k end-to-end time (ms),0.506,Map-reduce top-k algorithmic time (ms),0.449,10977280,exact,131072,lower-bound
npu,q17_k256_max,PASS,ok,float,map_reduce,max,256,131072,uniform,17000407,1,Map-reduce top-k end-to-end time (ms),0.525,Map-reduce top-k end-to-end time (ms),0.525,Map-reduce top-k algorithmic time (ms),0.467,10977280,exact,131072,lower-bound
npu,q17_k4096_max,PASS,ok,float,map_reduce,max,4096,131072,uniform,17004247,1,Map-reduce top-k end-to-end time (ms),1.378,Map-reduce top-k end-to-end time (ms),1.378,Map-reduce top-k algorithmic time (ms),1.315,10944512,exact,131072,lower-bound
npu,q17_k131072_max,PASS,ok,float,map_reduce,max,131072,131072,uniform,17131223,1,Map-reduce top-k end-to-end time (ms),9.521,Map-reduce top-k end-to-end time (ms),9.521,Map-reduce top-k algorithmic time (ms),9.416,524288,exact,131072,lower-bound
npu,q18_k8_max,PASS,ok,float,map_reduce,max,8,262144,uniform,18000162,1,Map-reduce top-k end-to-end time (ms),0.561,Map-reduce top-k end-to-end time (ms),0.561,Map-reduce top-k algorithmic time (ms),0.505,13549568,exact,262144,lower-bound
npu,q18_k256_max,PASS,ok,float,map_reduce,max,256,262144,uniform,18000410,1,Map-reduce top-k end-to-end time (ms),0.583,Map-reduce top-k end-to-end time (ms),0.583,Map-reduce top-k algorithmic time (ms),0.522,13549568,exact,262144,lower-bound
npu,q18_k4096_max,PASS,ok,float,map_reduce,max,4096,262144,uniform,18004250,1,Map-reduce top-k end-to-end time (ms),1.579,Map-reduce top-k end-to-end time (ms),1.579,Map-reduce top-k algorithmic time (ms),1.512,13549568,exact,262144,lower-bound
npu,q18_k131072_max,PASS,ok,float,map_reduce,max,131072,262144,uniform,18131226,1,Map-reduce top-k end-to-end time (ms),15.848,Map-reduce top-k end-to-end time (ms),15.848,Map-reduce top-k algorithmic time (ms),15.726,11534336,exact,262144,lower-bound
npu,q19_k8_max,PASS,ok,float,map_reduce,max,8,524288,uniform,19000165,1,Map-reduce top-k end-to-end time (ms),0.672,Map-reduce top-k end-to-end time (ms),0.672,Map-reduce top-k algorithmic time (ms),0.611,18710528,exact,524288,lower-bound
npu,q19_k256_max,PASS,ok,float,map_reduce,max,256,524288,uniform,19000413,1,Map-reduce top-k end-to-end time (ms),0.661,Map-reduce top-k end-to-end time (ms),0.661,Map-reduce top-k algorithmic time (ms),0.601,18710528,exact,524288,lower-bound
npu,q19_k4096_max,PASS,ok,float,map_reduce,max,4096,524288,uniform,19004253,1,Map-reduce top-k end-to-end time (ms),1.77,Map-reduce top-k end-to-end time (ms),1.77,Map-reduce top-k algorithmic time (ms),1.708,18710528,exact,524288,lower-bound
npu,q19_k131072_max,PASS,ok,float,map_reduce,max,131072,524288,uniform,19131229,1,Map-reduce top-k end-to-end time (ms),22.321,Map-reduce top-k end-to-end time (ms),22.321,Map-reduce top-k algorithmic time (ms),22.195,16777216,exact,524288,lower-bound
npu,q20_k8_max,PASS,ok,float,map_reduce,max,8,1048576,uniform,20000168,1,Map-reduce top-k end-to-end time (ms),0.822,Map-reduce top-k end-to-end time (ms),0.822,Map-reduce top-k algorithmic time (ms),0.762,29032448,exact,1048576,lower-bound
npu,q20_k256_max,PASS,ok,float,map_reduce,max,256,1048576,uniform,20000416,1,Map-reduce top-k end-to-end time (ms),0.867,Map-reduce top-k end-to-end time (ms),0.867,Map-reduce top-k algorithmic time (ms),0.806,29032448,exact,1048576,lower-bound
npu,q20_k4096_max,PASS,ok,float,map_reduce,max,4096,1048576,uniform,20004256,1,Map-reduce top-k end-to-end time (ms),2.107,Map-reduce top-k end-to-end time (ms),2.107,Map-reduce top-k algorithmic time (ms),2.042,29032448,exact,1048576,lower-bound
npu,q20_k131072_max,PASS,ok,float,map_reduce,max,131072,1048576,uniform,20131232,1,Map-reduce top-k end-to-end time (ms),28.784,Map-reduce top-k end-to-end time (ms),28.784,Map-reduce top-k algorithmic time (ms),28.651,27262976,exact,1048576,lower-bound
npu,q21_k8_max,PASS,ok,float,map_reduce,max,8,2097152,uniform,21000171,1,Map-reduce top-k end-to-end time (ms),1.448,Map-reduce top-k end-to-end time (ms),1.448,Map-reduce top-k algorithmic time (ms),1.379,58064896,exact,2097152,lower-bound
npu,q21_k256_max,PASS,ok,float,map_reduce,max,256,2097152,uniform,21000419,1,Map-reduce top-k end-to-end time (ms),1.453,Map-reduce top-k end-to-end time (ms),1.453,Map-reduce top-k algorithmic time (ms),1.388,58064896,exact,2097152,lower-bound
npu,q21_k4096_max,PASS,ok,float,map_reduce,max,4096,2097152,uniform,21004259,1,Map-reduce top-k end-to-end time (ms),2.521,Map-reduce top-k end-to-end time (ms),2.521,Map-reduce top-k algorithmic time (ms),2.454,58064896,exact,2097152,lower-bound
npu,q21_k131072_max,PASS,ok,float,map_reduce,max,131072,2097152,uniform,21131235,1,Map-reduce top-k end-to-end time (ms),36.102,Map-reduce top-k end-to-end time (ms),36.102,Map-reduce top-k algorithmic time (ms),35.974,56623104,exact,2097152,lower-bound
npu,q22_k8_max,PASS,ok,float,map_reduce,max,8,4194304,uniform,22000174,1,Map-reduce top-k end-to-end time (ms),2.713,Map-reduce top-k end-to-end time (ms),2.713,Map-reduce top-k algorithmic time (ms),2.641,116113408,exact,4194304,lower-bound
npu,q22_k256_max,PASS,ok,float,map_reduce,max,256,4194304,uniform,22000422,1,Map-reduce top-k end-to-end time (ms),2.471,Map-reduce top-k end-to-end time (ms),2.471,Map-reduce top-k algorithmic time (ms),2.4,116113408,exact,4194304,lower-bound
npu,q22_k4096_max,PASS,ok,float,map_reduce,max,4096,4194304,uniform,22004262,1,Map-reduce top-k end-to-end time (ms),3.711,Map-reduce top-k end-to-end time (ms),3.711,Map-reduce top-k algorithmic time (ms),3.639,116113408,exact,4194304,lower-bound
npu,q22_k131072_max,PASS,ok,float,map_reduce,max,131072,4194304,uniform,22131238,1,Map-reduce top-k end-to-end time (ms),44.743,Map-reduce top-k end-to-end time (ms),44.743,Map-reduce top-k algorithmic time (ms),44.606,115343360,exact,4194304,lower-bound
npu,q23_k8_max,PASS,ok,float,map_reduce,max,8,8388608,uniform,23000177,1,Map-reduce top-k end-to-end time (ms),5.204,Map-reduce top-k end-to-end time (ms),5.204,Map-reduce top-k algorithmic time (ms),5.106,232210432,exact,8388608,lower-bound
npu,q23_k256_max,PASS,ok,float,map_reduce,max,256,8388608,uniform,23000425,1,Map-reduce top-k end-to-end time (ms),5.144,Map-reduce top-k end-to-end time (ms),5.144,Map-reduce top-k algorithmic time (ms),5.059,232210432,exact,8388608,lower-bound
npu,q23_k4096_max,PASS,ok,float,map_reduce,max,4096,8388608,uniform,23004265,1,Map-reduce top-k end-to-end time (ms),5.968,Map-reduce top-k end-to-end time (ms),5.968,Map-reduce top-k algorithmic time (ms),5.872,232210432,exact,8388608,lower-bound
npu,q23_k131072_max,PASS,ok,float,map_reduce,max,131072,8388608,uniform,23131241,1,Map-reduce top-k end-to-end time (ms),53.668,Map-reduce top-k end-to-end time (ms),53.668,Map-reduce top-k algorithmic time (ms),53.497,232210432,exact,8388608,lower-bound
npu,q24_k8_max,PASS,ok,float,map_reduce,max,8,16777216,uniform,24000180,1,Map-reduce top-k end-to-end time (ms),10.06,Map-reduce top-k end-to-end time (ms),10.06,Map-reduce top-k algorithmic time (ms),9.94,464404480,exact,16777216,lower-bound
npu,q24_k256_max,PASS,ok,float,map_reduce,max,256,16777216,uniform,24000428,1,Map-reduce top-k end-to-end time (ms),10.328,Map-reduce top-k end-to-end time (ms),10.328,Map-reduce top-k algorithmic time (ms),10.209,464404480,exact,16777216,lower-bound
npu,q24_k4096_max,PASS,ok,float,map_reduce,max,4096,16777216,uniform,24004268,1,Map-reduce top-k end-to-end time (ms),10.879,Map-reduce top-k end-to-end time (ms),10.879,Map-reduce top-k algorithmic time (ms),10.761,464404480,exact,16777216,lower-bound
npu,q24_k131072_max,PASS,ok,float,map_reduce,max,131072,16777216,uniform,24131244,1,Map-reduce top-k end-to-end time (ms),62.721,Map-reduce top-k end-to-end time (ms),62.721,Map-reduce top-k algorithmic time (ms),62.574,464404480,exact,16777216,lower-bound
npu,q03_k8_max,PASS,ok,float,gt,max,8,8,uniform,3000117,1,Ground truth end-to-end time (ms),0.022,Ground truth end-to-end time (ms),0.022,Ground truth algorithmic time (ms),0.022,64,lower-bound,8,lower-bound
npu,q04_k8_max,PASS,ok,float,gt,max,8,16,uniform,4000120,1,Ground truth end-to-end time (ms),0.023,Ground truth end-to-end time (ms),0.023,Ground truth algorithmic time (ms),0.023,96,lower-bound,16,lower-bound
npu,q05_k8_max,PASS,ok,float,gt,max,8,32,uniform,5000123,1,Ground truth end-to-end time (ms),0.023,Ground truth end-to-end time (ms),0.023,Ground truth algorithmic time (ms),0.023,160,lower-bound,32,lower-bound
npu,q06_k8_max,PASS,ok,float,gt,max,8,64,uniform,6000126,1,Ground truth end-to-end time (ms),0.023,Ground truth end-to-end time (ms),0.023,Ground truth algorithmic time (ms),0.023,288,lower-bound,64,lower-bound
npu,q07_k8_max,PASS,ok,float,gt,max,8,128,uniform,7000129,1,Ground truth end-to-end time (ms),0.023,Ground truth end-to-end time (ms),0.023,Ground truth algorithmic time (ms),0.023,544,lower-bound,128,lower-bound
npu,q08_k8_max,PASS,ok,float,gt,max,8,256,uniform,8000132,1,Ground truth end-to-end time (ms),0.023,Ground truth end-to-end time (ms),0.023,Ground truth algorithmic time (ms),0.023,1056,lower-bound,256,lower-bound
npu,q08_k256_max,PASS,ok,float,gt,max,256,256,uniform,8000380,1,Ground truth end-to-end time (ms),0.024,Ground truth end-to-end time (ms),0.024,Ground truth algorithmic time (ms),0.024,2048,lower-bound,256,lower-bound
npu,q09_k8_max,PASS,ok,float,gt,max,8,512,uniform,9000135,1,Ground truth end-to-end time (ms),0.023,Ground truth end-to-end time (ms),0.023,Ground truth algorithmic time (ms),0.023,2080,lower-bound,512,lower-bound
npu,q09_k256_max,PASS,ok,float,gt,max,256,512,uniform,9000383,1,Ground truth end-to-end time (ms),0.033,Ground truth end-to-end time (ms),0.033,Ground truth algorithmic time (ms),0.033,3072,lower-bound,512,lower-bound
npu,q10_k8_max,PASS,ok,float,gt,max,8,1024,uniform,10000138,1,Ground truth end-to-end time (ms),0.023,Ground truth end-to-end time (ms),0.023,Ground truth algorithmic time (ms),0.023,4128,lower-bound,1024,lower-bound
npu,q10_k256_max,PASS,ok,float,gt,max,256,1024,uniform,10000386,1,Ground truth end-to-end time (ms),0.036,Ground truth end-to-end time (ms),0.036,Ground truth algorithmic time (ms),0.036,5120,lower-bound,1024,lower-bound
npu,q11_k8_max,PASS,ok,float,gt,max,8,2048,uniform,11000141,1,Ground truth end-to-end time (ms),0.023,Ground truth end-to-end time (ms),0.023,Ground truth algorithmic time (ms),0.023,8224,lower-bound,2048,lower-bound
npu,q11_k256_max,PASS,ok,float,gt,max,256,2048,uniform,11000389,1,Ground truth end-to-end time (ms),0.039,Ground truth end-to-end time (ms),0.039,Ground truth algorithmic time (ms),0.039,9216,lower-bound,2048,lower-bound
npu,q12_k8_max,PASS,ok,float,gt,max,8,4096,uniform,12000144,1,Ground truth end-to-end time (ms),0.024,Ground truth end-to-end time (ms),0.024,Ground truth algorithmic time (ms),0.024,16416,lower-bound,4096,lower-bound
npu,q12_k256_max,PASS,ok,float,gt,max,256,4096,uniform,12000392,1,Ground truth end-to-end time (ms),0.045,Ground truth end-to-end time (ms),0.045,Ground truth algorithmic time (ms),0.045,17408,lower-bound,4096,lower-bound
npu,q12_k4096_max,PASS,ok,float,gt,max,4096,4096,uniform,12004232,1,Ground truth end-to-end time (ms),0.061,Ground truth end-to-end time (ms),0.061,Ground truth algorithmic time (ms),0.061,32768,lower-bound,4096,lower-bound
npu,q13_k8_max,PASS,ok,float,gt,max,8,8192,uniform,13000147,1,Ground truth end-to-end time (ms),0.026,Ground truth end-to-end time (ms),0.026,Ground truth algorithmic time (ms),0.026,32800,lower-bound,8192,lower-bound
npu,q13_k256_max,PASS,ok,float,gt,max,256,8192,uniform,13000395,1,Ground truth end-to-end time (ms),0.053,Ground truth end-to-end time (ms),0.053,Ground truth algorithmic time (ms),0.053,33792,lower-bound,8192,lower-bound
npu,q13_k4096_max,PASS,ok,float,gt,max,4096,8192,uniform,13004235,1,Ground truth end-to-end time (ms),0.236,Ground truth end-to-end time (ms),0.236,Ground truth algorithmic time (ms),0.236,49152,lower-bound,8192,lower-bound
npu,q14_k8_max,PASS,ok,float,gt,max,8,16384,uniform,14000150,1,Ground truth end-to-end time (ms),0.029,Ground truth end-to-end time (ms),0.029,Ground truth algorithmic time (ms),0.029,65568,lower-bound,16384,lower-bound
npu,q14_k256_max,PASS,ok,float,gt,max,256,16384,uniform,14000398,1,Ground truth end-to-end time (ms),0.058,Ground truth end-to-end time (ms),0.058,Ground truth algorithmic time (ms),0.058,66560,lower-bound,16384,lower-bound
npu,q14_k4096_max,PASS,ok,float,gt,max,4096,16384,uniform,14004238,1,Ground truth end-to-end time (ms),0.403,Ground truth end-to-end time (ms),0.403,Ground truth algorithmic time (ms),0.403,81920,lower-bound,16384,lower-bound
npu,q15_k8_max,PASS,ok,float,gt,max,8,32768,uniform,15000153,1,Ground truth end-to-end time (ms),0.034,Ground truth end-to-end time (ms),0.034,Ground truth algorithmic time (ms),0.034,131104,lower-bound,32768,lower-bound
npu,q15_k256_max,PASS,ok,float,gt,max,256,32768,uniform,15000401,1,Ground truth end-to-end time (ms),0.068,Ground truth end-to-end time (ms),0.068,Ground truth algorithmic time (ms),0.068,132096,lower-bound,32768,lower-bound
npu,q15_k4096_max,PASS,ok,float,gt,max,4096,32768,uniform,15004241,1,Ground truth end-to-end time (ms),0.587,Ground truth end-to-end time (ms),0.587,Ground truth algorithmic time (ms),0.587,147456,lower-bound,32768,lower-bound
npu,q16_k8_max,PASS,ok,float,gt,max,8,65536,uniform,16000156,1,Ground truth end-to-end time (ms),0.045,Ground truth end-to-end time (ms),0.045,Ground truth algorithmic time (ms),0.045,262176,lower-bound,65536,lower-bound
npu,q16_k256_max,PASS,ok,float,gt,max,256,65536,uniform,16000404,1,Ground truth end-to-end time (ms),0.087,Ground truth end-to-end time (ms),0.087,Ground truth algorithmic time (ms),0.087,263168,lower-bound,65536,lower-bound
npu,q16_k4096_max,PASS,ok,float,gt,max,4096,65536,uniform,16004244,1,Ground truth end-to-end time (ms),0.82,Ground truth end-to-end time (ms),0.82,Ground truth algorithmic time (ms),0.82,278528,lower-bound,65536,lower-bound
npu,q17_k8_max,PASS,ok,float,gt,max,8,131072,uniform,17000159,1,Ground truth end-to-end time (ms),0.071,Ground truth end-to-end time (ms),0.071,Ground truth algorithmic time (ms),0.071,524320,lower-bound,131072,lower-bound
npu,q17_k256_max,PASS,ok,float,gt,max,256,131072,uniform,17000407,1,Ground truth end-to-end time (ms),0.117,Ground truth end-to-end time (ms),0.117,Ground truth algorithmic time (ms),0.117,525312,lower-bound,131072,lower-bound
npu,q17_k4096_max,PASS,ok,float,gt,max,4096,131072,uniform,17004247,1,Ground truth end-to-end time (ms),1.036,Ground truth end-to-end time (ms),1.036,Ground truth algorithmic time (ms),1.036,540672,lower-bound,131072,lower-bound
npu,q17_k131072_max,PASS,ok,float,gt,max,131072,131072,uniform,17131223,1,Ground truth end-to-end time (ms),8.973,Ground truth end-to-end time (ms),8.973,Ground truth algorithmic time (ms),8.973,1048576,lower-bound,131072,lower-bound
npu,q18_k8_max,PASS,ok,float,gt,max,8,262144,uniform,18000162,1,Ground truth end-to-end time (ms),0.117,Ground truth end-to-end time (ms),0.117,Ground truth algorithmic time (ms),0.117,1048608,lower-bound,262144,lower-bound
npu,q18_k256_max,PASS,ok,float,gt,max,256,262144,uniform,18000410,1,Ground truth end-to-end time (ms),0.176,Ground truth end-to-end time (ms),0.176,Ground truth algorithmic time (ms),0.176,1049600,lower-bound,262144,lower-bound
npu,q18_k4096_max,PASS,ok,float,gt,max,4096,262144,uniform,18004250,1,Ground truth end-to-end time (ms),1.272,Ground truth end-to-end time (ms),1.272,Ground truth algorithmic time (ms),1.272,1064960,lower-bound,262144,lower-bound
npu,q18_k131072_max,PASS,ok,float,gt,max,131072,262144,uniform,18131226,1,Ground truth end-to-end time (ms),15.855,Ground truth end-to-end time (ms),15.855,Ground truth algorithmic time (ms),15.855,1572864,lower-bound,262144,lower-bound
npu,q19_k8_max,PASS,ok,float,gt,max,8,524288,uniform,19000165,1,Ground truth end-to-end time (ms),0.199,Ground truth end-to-end time (ms),0.199,Ground truth algorithmic time (ms),0.199,2097184,lower-bound,524288,lower-bound
npu,q19_k256_max,PASS,ok,float,gt,max,256,524288,uniform,19000413,1,Ground truth end-to-end time (ms),0.27,Ground truth end-to-end time (ms),0.27,Ground truth algorithmic time (ms),0.27,2098176,lower-bound,524288,lower-bound
npu,q19_k4096_max,PASS,ok,float,gt,max,4096,524288,uniform,19004253,1,Ground truth end-to-end time (ms),1.595,Ground truth end-to-end time (ms),1.595,Ground truth algorithmic time (ms),1.595,2113536,lower-bound,524288,lower-bound
npu,q19_k131072_max,PASS,ok,float,gt,max,131072,524288,uniform,19131229,1,Ground truth end-to-end time (ms),24.335,Ground truth end-to-end time (ms),24.335,Ground truth algorithmic time (ms),24.335,2621440,lower-bound,524288,lower-bound
npu,q20_k8_max,PASS,ok,float,gt,max,8,1048576,uniform,20000168,1,Ground truth end-to-end time (ms),0.371,Ground truth end-to-end time (ms),0.371,Ground truth algorithmic time (ms),0.371,4194336,lower-bound,1048576,lower-bound
npu,q20_k256_max,PASS,ok,float,gt,max,256,1048576,uniform,20000416,1,Ground truth end-to-end time (ms),0.453,Ground truth end-to-end time (ms),0.453,Ground truth algorithmic time (ms),0.453,4195328,lower-bound,1048576,lower-bound
npu,q20_k4096_max,PASS,ok,float,gt,max,4096,1048576,uniform,20004256,1,Ground truth end-to-end time (ms),1.953,Ground truth end-to-end time (ms),1.953,Ground truth algorithmic time (ms),1.953,4210688,lower-bound,1048576,lower-bound
npu,q20_k131072_max,PASS,ok,float,gt,max,131072,1048576,uniform,20131232,1,Ground truth end-to-end time (ms),32.976,Ground truth end-to-end time (ms),32.976,Ground truth algorithmic time (ms),32.976,4718592,lower-bound,1048576,lower-bound
npu,q21_k8_max,PASS,ok,float,gt,max,8,2097152,uniform,21000171,1,Ground truth end-to-end time (ms),0.707,Ground truth end-to-end time (ms),0.707,Ground truth algorithmic time (ms),0.707,8388640,lower-bound,2097152,lower-bound
npu,q21_k256_max,PASS,ok,float,gt,max,256,2097152,uniform,21000419,1,Ground truth end-to-end time (ms),0.804,Ground truth end-to-end time (ms),0.804,Ground truth algorithmic time (ms),0.804,8389632,lower-bound,2097152,lower-bound
npu,q21_k4096_max,PASS,ok,float,gt,max,4096,2097152,uniform,21004259,1,Ground truth end-to-end time (ms),2.525,Ground truth end-to-end time (ms),2.525,Ground truth algorithmic time (ms),2.525,8404992,lower-bound,2097152,lower-bound
npu,q21_k131072_max,PASS,ok,float,gt,max,131072,2097152,uniform,21131235,1,Ground truth end-to-end time (ms),41.887,Ground truth end-to-end time (ms),41.887,Ground truth algorithmic time (ms),41.887,8912896,lower-bound,2097152,lower-bound
npu,q22_k8_max,PASS,ok,float,gt,max,8,4194304,uniform,22000174,1,Ground truth end-to-end time (ms),1.391,Ground truth end-to-end time (ms),1.391,Ground truth algorithmic time (ms),1.391,16777248,lower-bound,4194304,lower-bound
npu,q22_k256_max,PASS,ok,float,gt,max,256,4194304,uniform,22000422,1,Ground truth end-to-end time (ms),1.503,Ground truth end-to-end time (ms),1.503,Ground truth algorithmic time (ms),1.503,16778240,lower-bound,4194304,lower-bound
npu,q22_k4096_max,PASS,ok,float,gt,max,4096,4194304,uniform,22004262,1,Ground truth end-to-end time (ms),3.415,Ground truth end-to-end time (ms),3.415,Ground truth algorithmic time (ms),3.415,16793600,lower-bound,4194304,lower-bound
npu,q22_k131072_max,PASS,ok,float,gt,max,131072,4194304,uniform,22131238,1,Ground truth end-to-end time (ms),51.664,Ground truth end-to-end time (ms),51.664,Ground truth algorithmic time (ms),51.664,17301504,lower-bound,4194304,lower-bound
npu,q23_k8_max,PASS,ok,float,gt,max,8,8388608,uniform,23000177,1,Ground truth end-to-end time (ms),2.824,Ground truth end-to-end time (ms),2.824,Ground truth algorithmic time (ms),2.824,33554464,lower-bound,8388608,lower-bound
npu,q23_k256_max,PASS,ok,float,gt,max,256,8388608,uniform,23000425,1,Ground truth end-to-end time (ms),2.928,Ground truth end-to-end time (ms),2.928,Ground truth algorithmic time (ms),2.928,33555456,lower-bound,8388608,lower-bound
npu,q23_k4096_max,PASS,ok,float,gt,max,4096,8388608,uniform,23004265,1,Ground truth end-to-end time (ms),5.04,Ground truth end-to-end time (ms),5.04,Ground truth algorithmic time (ms),5.04,33570816,lower-bound,8388608,lower-bound
npu,q23_k131072_max,PASS,ok,float,gt,max,131072,8388608,uniform,23131241,1,Ground truth end-to-end time (ms),62.548,Ground truth end-to-end time (ms),62.548,Ground truth algorithmic time (ms),62.548,34078720,lower-bound,8388608,lower-bound
npu,q24_k8_max,PASS,ok,float,gt,max,8,16777216,uniform,24000180,1,Ground truth end-to-end time (ms),5.52,Ground truth end-to-end time (ms),5.52,Ground truth algorithmic time (ms),5.52,67108896,lower-bound,16777216,lower-bound
npu,q24_k256_max,PASS,ok,float,gt,max,256,16777216,uniform,24000428,1,Ground truth end-to-end time (ms),5.656,Ground truth end-to-end time (ms),5.656,Ground truth algorithmic time (ms),5.656,67109888,lower-bound,16777216,lower-bound
npu,q24_k4096_max,PASS,ok,float,gt,max,4096,16777216,uniform,24004268,1,Ground truth end-to-end time (ms),8.054,Ground truth end-to-end time (ms),8.054,Ground truth algorithmic time (ms),8.054,67125248,lower-bound,16777216,lower-bound
npu,q24_k131072_max,PASS,ok,float,gt,max,131072,16777216,uniform,24131244,1,Ground truth end-to-end time (ms),74.045,Ground truth end-to-end time (ms),74.045,Ground truth algorithmic time (ms),74.045,67633152,lower-bound,16777216,lower-bound
