backend,case_name,status,reason,dtype,algorithm,mode,k,n,dist,seed,rep,timing_label,time_ms,timing_label_e2e,time_end_to_end_ms,timing_label_algorithmic,time_algorithmic_ms,bytes_moved,bytes_model,compare_ops,ops_model
cpu,q20_k8_max,PASS,ok,half,bitonic,max,8,1048576,uniform,20000168,1,Trunc bitonic end-to-end time (ms),0.596,Trunc bitonic end-to-end time (ms),0.596,Trunc bitonic algorithmic time (ms),0.596,14679984,exact,5767148,exact
cpu,q20_k8_max,PASS,ok,half,bitonic,max,8,1048576,uniform,20000169,1,Trunc bitonic end-to-end time (ms),0.548,Trunc bitonic end-to-end time (ms),0.548,Trunc bitonic algorithmic time (ms),0.548,14679984,exact,5767148,exact
cpu,q20_k8_max,PASS,ok,half,bitonic,max,8,1048576,trimodal,20000168,1,Trunc bitonic end-to-end time (ms),0.537,Trunc bitonic end-to-end time (ms),0.537,Trunc bitonic algorithmic time (ms),0.537,14679984,exact,5767148,exact
cpu,q20_k8_max,PASS,ok,half,bitonic,max,8,1048576,trimodal,20000169,1,Trunc bitonic end-to-end time (ms),0.538,Trunc bitonic end-to-end time (ms),0.538,Trunc bitonic algorithmic time (ms),0.538,14679984,exact,5767148,exact
cpu,q20_k8_max,PASS,ok,half,bitonic,max,8,1048576,adversarial,20000168,1,Trunc bitonic end-to-end time (ms),0.569,Trunc bitonic end-to-end time (ms),0.569,Trunc bitonic algorithmic time (ms),0.569,14679984,exact,5767148,exact
cpu,q20_k8_max,PASS,ok,half,bitonic,max,8,1048576,adversarial,20000169,1,Trunc bitonic end-to-end time (ms),0.527,Trunc bitonic end-to-end time (ms),0.527,Trunc bitonic algorithmic time (ms),0.527,14679984,exact,5767148,exact
cpu,q20_k8_max,PASS,ok,half,bitonic,max,8,1048576,sorted,20000168,1,Trunc bitonic end-to-end time (ms),0.613,Trunc bitonic end-to-end time (ms),0.613,Trunc bitonic algorithmic time (ms),0.613,14679984,exact,5767148,exact
cpu,q20_k8_max,PASS,ok,half,bitonic,max,8,1048576,sorted,20000169,1,Trunc bitonic end-to-end time (ms),0.521,Trunc bitonic end-to-end time (ms),0.521,Trunc bitonic algorithmic time (ms),0.521,14679984,exact,5767148,exact
cpu,q20_k8_max,PASS,ok,half,bitonic,max,8,1048576,reverse,20000168,1,Trunc bitonic end-to-end time (ms),0.518,Trunc bitonic end-to-end time (ms),0.518,Trunc bitonic algorithmic time (ms),0.518,14679984,exact,5767148,exact
cpu,q20_k8_max,PASS,ok,half,bitonic,max,8,1048576,reverse,20000169,1,Trunc bitonic end-to-end time (ms),0.559,Trunc bitonic end-to-end time (ms),0.559,Trunc bitonic algorithmic time (ms),0.559,14679984,exact,5767148,exact
cpu,q20_k131072_max,PASS,ok,half,bitonic,max,131072,1048576,uniform,20131232,1,Trunc bitonic end-to-end time (ms),3.264,Trunc bitonic end-to-end time (ms),3.264,Trunc bitonic algorithmic time (ms),3.264,13369344,exact,88932352,exact
cpu,q20_k131072_max,PASS,ok,half,bitonic,max,131072,1048576,uniform,20131233,1,Trunc bitonic end-to-end time (ms),3.279,Trunc bitonic end-to-end time (ms),3.279,Trunc bitonic algorithmic time (ms),3.279,13369344,exact,88932352,exact
cpu,q20_k131072_max,PASS,ok,half,bitonic,max,131072,1048576,trimodal,20131232,1,Trunc bitonic end-to-end time (ms),3.452,Trunc bitonic end-to-end time (ms),3.452,Trunc bitonic algorithmic time (ms),3.452,13369344,exact,88932352,exact
cpu,q20_k131072_max,PASS,ok,half,bitonic,max,131072,1048576,trimodal,20131233,1,Trunc bitonic end-to-end time (ms),3.257,Trunc bitonic end-to-end time (ms),3.257,Trunc bitonic algorithmic time (ms),3.257,13369344,exact,88932352,exact
cpu,q20_k131072_max,PASS,ok,half,bitonic,max,131072,1048576,adversarial,20131232,1,Trunc bitonic end-to-end time (ms),3.279,Trunc bitonic end-to-end time (ms),3.279,Trunc bitonic algorithmic time (ms),3.279,13369344,exact,88932352,exact
cpu,q20_k131072_max,PASS,ok,half,bitonic,max,131072,1048576,adversarial,20131233,1,Trunc bitonic end-to-end time (ms),3.291,Trunc bitonic end-to-end time (ms),3.291,Trunc bitonic algorithmic time (ms),3.291,13369344,exact,88932352,exact
cpu,q20_k131072_max,PASS,ok,half,bitonic,max,131072,1048576,sorted,20131232,1,Trunc bitonic end-to-end time (ms),3.292,Trunc bitonic end-to-end time (ms),3.292,Trunc bitonic algorithmic time (ms),3.292,13369344,exact,88932352,exact
cpu,q20_k131072_max,PASS,ok,half,bitonic,max,131072,1048576,sorted,20131233,1,Trunc bitonic end-to-end time (ms),3.272,Trunc bitonic end-to-end time (ms),3.272,Trunc bitonic algorithmic time (ms),3.272,13369344,exact,88932352,exact
cpu,q20_k131072_max,PASS,ok,half,bitonic,max,131072,1048576,reverse,20131232,1,Trunc bitonic end-to-end time (ms),3.273,Trunc bitonic end-to-end time (ms),3.273,Trunc bitonic algorithmic time (ms),3.273,13369344,exact,88932352,exact
cpu,q20_k131072_max,PASS,ok,half,bitonic,max,131072,1048576,reverse,20131233,1,Trunc bitonic end-to-end time (ms),3.292,Trunc bitonic end-to-end time (ms),3.292,Trunc bitonic algorithmic time (ms),3.292,13369344,exact,88932352,exact
cpu,q21_k8_max,PASS,ok,half,bitonic,max,8,2097152,uniform,21000171,1,Trunc bitonic end-to-end time (ms),0.849,Trunc bitonic end-to-end time (ms),0.849,Trunc bitonic algorithmic time (ms),0.849,29360048,exact,11534316,exact
cpu,q21_k8_max,PASS,ok,half,bitonic,max,8,2097152,uniform,21000172,1,Trunc bitonic end-to-end time (ms),0.966,Trunc bitonic end-to-end time (ms),0.966,Trunc bitonic algorithmic time (ms),0.966,29360048,exact,11534316,exact
cpu,q21_k8_max,PASS,ok,half,bitonic,max,8,2097152,trimodal,21000171,1,Trunc bitonic end-to-end time (ms),0.949,Trunc bitonic end-to-end time (ms),0.949,Trunc bitonic algorithmic time (ms),0.949,29360048,exact,11534316,exact
cpu,q21_k8_max,PASS,ok,half,bitonic,max,8,2097152,trimodal,21000172,1,Trunc bitonic end-to-end time (ms),0.908,Trunc bitonic end-to-end time (ms),0.908,Trunc bitonic algorithmic time (ms),0.908,29360048,exact,11534316,exact
cpu,q21_k8_max,PASS,ok,half,bitonic,max,8,2097152,adversarial,21000171,1,Trunc bitonic end-to-end time (ms),0.828,Trunc bitonic end-to-end time (ms),0.828,Trunc bitonic algorithmic time (ms),0.828,29360048,exact,11534316,exact
cpu,q21_k8_max,PASS,ok,half,bitonic,max,8,2097152,adversarial,21000172,1,Trunc bitonic end-to-end time (ms),0.983,Trunc bitonic end-to-end time (ms),0.983,Trunc bitonic algorithmic time (ms),0.983,29360048,exact,11534316,exact
cpu,q21_k8_max,PASS,ok,half,bitonic,max,8,2097152,sorted,21000171,1,Trunc bitonic end-to-end time (ms),0.847,Trunc bitonic end-to-end time (ms),0.847,Trunc bitonic algorithmic time (ms),0.847,29360048,exact,11534316,exact
cpu,q21_k8_max,PASS,ok,half,bitonic,max,8,2097152,sorted,21000172,1,Trunc bitonic end-to-end time (ms),0.94,Trunc bitonic end-to-end time (ms),0.94,Trunc bitonic algorithmic time (ms),0.94,29360048,exact,11534316,exact
cpu,q21_k8_max,PASS,ok,half,bitonic,max,8,2097152,reverse,21000171,1,Trunc bitonic end-to-end time (ms),0.843,Trunc bitonic end-to-end time (ms),0.843,Trunc bitonic algorithmic time (ms),0.843,29360048,exact,11534316,exact
cpu,q21_k8_max,PASS,ok,half,bitonic,max,8,2097152,reverse,21000172,1,Trunc bitonic end-to-end time (ms),0.844,Trunc bitonic end-to-end time (ms),0.844,Trunc bitonic algorithmic time (ms),0.844,29360048,exact,11534316,exact
cpu,q21_k131072_max,PASS,ok,half,bitonic,max,131072,2097152,uniform,21131235,1,Trunc bitonic end-to-end time (ms),6.117,Trunc bitonic end-to-end time (ms),6.117,Trunc bitonic algorithmic time (ms),6.117,28049408,exact,179109888,exact
cpu,q21_k131072_max,PASS,ok,half,bitonic,max,131072,2097152,uniform,21131236,1,Trunc bitonic end-to-end time (ms),5.915,Trunc bitonic end-to-end time (ms),5.915,Trunc bitonic algorithmic time (ms),5.915,28049408,exact,179109888,exact
cpu,q21_k131072_max,PASS,ok,half,bitonic,max,131072,2097152,trimodal,21131235,1,Trunc bitonic end-to-end time (ms),5.968,Trunc bitonic end-to-end time (ms),5.968,Trunc bitonic algorithmic time (ms),5.968,28049408,exact,179109888,exact
cpu,q21_k131072_max,PASS,ok,half,bitonic,max,131072,2097152,trimodal,21131236,1,Trunc bitonic end-to-end time (ms),5.875,Trunc bitonic end-to-end time (ms),5.875,Trunc bitonic algorithmic time (ms),5.875,28049408,exact,179109888,exact
cpu,q21_k131072_max,PASS,ok,half,bitonic,max,131072,2097152,adversarial,21131235,1,Trunc bitonic end-to-end time (ms),5.847,Trunc bitonic end-to-end time (ms),5.847,Trunc bitonic algorithmic time (ms),5.847,28049408,exact,179109888,exact
cpu,q21_k131072_max,PASS,ok,half,bitonic,max,131072,2097152,adversarial,21131236,1,Trunc bitonic end-to-end time (ms),5.693,Trunc bitonic end-to-end time (ms),5.693,Trunc bitonic algorithmic time (ms),5.693,28049408,exact,179109888,exact
cpu,q21_k131072_max,PASS,ok,half,bitonic,max,131072,2097152,sorted,21131235,1,Trunc bitonic end-to-end time (ms),5.965,Trunc bitonic end-to-end time (ms),5.965,Trunc bitonic algorithmic time (ms),5.965,28049408,exact,179109888,exact
cpu,q21_k131072_max,PASS,ok,half,bitonic,max,131072,2097152,sorted,21131236,1,Trunc bitonic end-to-end time (ms),5.842,Trunc bitonic end-to-end time (ms),5.842,Trunc bitonic algorithmic time (ms),5.842,28049408,exact,179109888,exact
cpu,q21_k131072_max,PASS,ok,half,bitonic,max,131072,2097152,reverse,21131235,1,Trunc bitonic end-to-end time (ms),5.964,Trunc bitonic end-to-end time (ms),5.964,Trunc bitonic algorithmic time (ms),5.964,28049408,exact,179109888,exact
cpu,q21_k131072_max,PASS,ok,half,bitonic,max,131072,2097152,reverse,21131236,1,Trunc bitonic end-to-end time (ms),5.721,Trunc bitonic end-to-end time (ms),5.721,Trunc bitonic algorithmic time (ms),5.721,28049408,exact,179109888,exact
cpu,q22_k8_max,PASS,ok,half,bitonic,max,8,4194304,uniform,22000174,1,Trunc bitonic end-to-end time (ms),1.621,Trunc bitonic end-to-end time (ms),1.621,Trunc bitonic algorithmic time (ms),1.621,58720176,exact,23068652,exact
cpu,q22_k8_max,PASS,ok,half,bitonic,max,8,4194304,uniform,22000175,1,Trunc bitonic end-to-end time (ms),1.521,Trunc bitonic end-to-end time (ms),1.521,Trunc bitonic algorithmic time (ms),1.521,58720176,exact,23068652,exact
cpu,q22_k8_max,PASS,ok,half,bitonic,max,8,4194304,trimodal,22000174,1,Trunc bitonic end-to-end time (ms),1.687,Trunc bitonic end-to-end time (ms),1.687,Trunc bitonic algorithmic time (ms),1.687,58720176,exact,23068652,exact
cpu,q22_k8_max,PASS,ok,half,bitonic,max,8,4194304,trimodal,22000175,1,Trunc bitonic end-to-end time (ms),1.493,Trunc bitonic end-to-end time (ms),1.493,Trunc bitonic algorithmic time (ms),1.493,58720176,exact,23068652,exact
cpu,q22_k8_max,PASS,ok,half,bitonic,max,8,4194304,adversarial,22000174,1,Trunc bitonic end-to-end time (ms),1.602,Trunc bitonic end-to-end time (ms),1.602,Trunc bitonic algorithmic time (ms),1.602,58720176,exact,23068652,exact
cpu,q22_k8_max,PASS,ok,half,bitonic,max,8,4194304,adversarial,22000175,1,Trunc bitonic end-to-end time (ms),1.565,Trunc bitonic end-to-end time (ms),1.565,Trunc bitonic algorithmic time (ms),1.565,58720176,exact,23068652,exact
cpu,q22_k8_max,PASS,ok,half,bitonic,max,8,4194304,sorted,22000174,1,Trunc bitonic end-to-end time (ms),1.486,Trunc bitonic end-to-end time (ms),1.486,Trunc bitonic algorithmic time (ms),1.486,58720176,exact,23068652,exact
cpu,q22_k8_max,PASS,ok,half,bitonic,max,8,4194304,sorted,22000175,1,Trunc bitonic end-to-end time (ms),1.59,Trunc bitonic end-to-end time (ms),1.59,Trunc bitonic algorithmic time (ms),1.59,58720176,exact,23068652,exact
cpu,q22_k8_max,PASS,ok,half,bitonic,max,8,4194304,reverse,22000174,1,Trunc bitonic end-to-end time (ms),1.483,Trunc bitonic end-to-end time (ms),1.483,Trunc bitonic algorithmic time (ms),1.483,58720176,exact,23068652,exact
cpu,q22_k8_max,PASS,ok,half,bitonic,max,8,4194304,reverse,22000175,1,Trunc bitonic end-to-end time (ms),1.521,Trunc bitonic end-to-end time (ms),1.521,Trunc bitonic algorithmic time (ms),1.521,58720176,exact,23068652,exact
cpu,q22_k131072_max,PASS,ok,half,bitonic,max,131072,4194304,uniform,22131238,1,Trunc bitonic end-to-end time (ms),11.086,Trunc bitonic end-to-end time (ms),11.086,Trunc bitonic algorithmic time (ms),11.086,57409536,exact,359464960,exact
cpu,q22_k131072_max,PASS,ok,half,bitonic,max,131072,4194304,uniform,22131239,1,Trunc bitonic end-to-end time (ms),11.054,Trunc bitonic end-to-end time (ms),11.054,Trunc bitonic algorithmic time (ms),11.054,57409536,exact,359464960,exact
cpu,q22_k131072_max,PASS,ok,half,bitonic,max,131072,4194304,trimodal,22131238,1,Trunc bitonic end-to-end time (ms),10.998,Trunc bitonic end-to-end time (ms),10.998,Trunc bitonic algorithmic time (ms),10.998,57409536,exact,359464960,exact
cpu,q22_k131072_max,PASS,ok,half,bitonic,max,131072,4194304,trimodal,22131239,1,Trunc bitonic end-to-end time (ms),11.015,Trunc bitonic end-to-end time (ms),11.015,Trunc bitonic algorithmic time (ms),11.015,57409536,exact,359464960,exact
cpu,q22_k131072_max,PASS,ok,half,bitonic,max,131072,4194304,adversarial,22131238,1,Trunc bitonic end-to-end time (ms),11.27,Trunc bitonic end-to-end time (ms),11.27,Trunc bitonic algorithmic time (ms),11.27,57409536,exact,359464960,exact
cpu,q22_k131072_max,PASS,ok,half,bitonic,max,131072,4194304,adversarial,22131239,1,Trunc bitonic end-to-end time (ms),11.153,Trunc bitonic end-to-end time (ms),11.153,Trunc bitonic algorithmic time (ms),11.153,57409536,exact,359464960,exact
cpu,q22_k131072_max,PASS,ok,half,bitonic,max,131072,4194304,sorted,22131238,1,Trunc bitonic end-to-end time (ms),11.043,Trunc bitonic end-to-end time (ms),11.043,Trunc bitonic algorithmic time (ms),11.043,57409536,exact,359464960,exact
cpu,q22_k131072_max,PASS,ok,half,bitonic,max,131072,4194304,sorted,22131239,1,Trunc bitonic end-to-end time (ms),11.265,Trunc bitonic end-to-end time (ms),11.265,Trunc bitonic algorithmic time (ms),11.265,57409536,exact,359464960,exact
cpu,q22_k131072_max,PASS,ok,half,bitonic,max,131072,4194304,reverse,22131238,1,Trunc bitonic end-to-end time (ms),11.001,Trunc bitonic end-to-end time (ms),11.001,Trunc bitonic algorithmic time (ms),11.001,57409536,exact,359464960,exact
cpu,q22_k131072_max,PASS,ok,half,bitonic,max,131072,4194304,reverse,22131239,1,Trunc bitonic end-to-end time (ms),11.256,Trunc bitonic end-to-end time (ms),11.256,Trunc bitonic algorithmic time (ms),11.256,57409536,exact,359464960,exact
cpu,q23_k8_max,PASS,ok,half,bitonic,max,8,8388608,uniform,23000177,1,Trunc bitonic end-to-end time (ms),2.99,Trunc bitonic end-to-end time (ms),2.99,Trunc bitonic algorithmic time (ms),2.99,117440432,exact,46137324,exact
cpu,q23_k8_max,PASS,ok,half,bitonic,max,8,8388608,uniform,23000178,1,Trunc bitonic end-to-end time (ms),3.006,Trunc bitonic end-to-end time (ms),3.006,Trunc bitonic algorithmic time (ms),3.006,117440432,exact,46137324,exact
cpu,q23_k8_max,PASS,ok,half,bitonic,max,8,8388608,trimodal,23000177,1,Trunc bitonic end-to-end time (ms),3.087,Trunc bitonic end-to-end time (ms),3.087,Trunc bitonic algorithmic time (ms),3.087,117440432,exact,46137324,exact
cpu,q23_k8_max,PASS,ok,half,bitonic,max,8,8388608,trimodal,23000178,1,Trunc bitonic end-to-end time (ms),3.09,Trunc bitonic end-to-end time (ms),3.09,Trunc bitonic algorithmic time (ms),3.09,117440432,exact,46137324,exact
cpu,q23_k8_max,PASS,ok,half,bitonic,max,8,8388608,adversarial,23000177,1,Trunc bitonic end-to-end time (ms),3.019,Trunc bitonic end-to-end time (ms),3.019,Trunc bitonic algorithmic time (ms),3.019,117440432,exact,46137324,exact
cpu,q23_k8_max,PASS,ok,half,bitonic,max,8,8388608,adversarial,23000178,1,Trunc bitonic end-to-end time (ms),3.204,Trunc bitonic end-to-end time (ms),3.204,Trunc bitonic algorithmic time (ms),3.204,117440432,exact,46137324,exact
cpu,q23_k8_max,PASS,ok,half,bitonic,max,8,8388608,sorted,23000177,1,Trunc bitonic end-to-end time (ms),3.014,Trunc bitonic end-to-end time (ms),3.014,Trunc bitonic algorithmic time (ms),3.014,117440432,exact,46137324,exact
cpu,q23_k8_max,PASS,ok,half,bitonic,max,8,8388608,sorted,23000178,1,Trunc bitonic end-to-end time (ms),3.068,Trunc bitonic end-to-end time (ms),3.068,Trunc bitonic algorithmic time (ms),3.068,117440432,exact,46137324,exact
cpu,q23_k8_max,PASS,ok,half,bitonic,max,8,8388608,reverse,23000177,1,Trunc bitonic end-to-end time (ms),3.043,Trunc bitonic end-to-end time (ms),3.043,Trunc bitonic algorithmic time (ms),3.043,117440432,exact,46137324,exact
cpu,q23_k8_max,PASS,ok,half,bitonic,max,8,8388608,reverse,23000178,1,Trunc bitonic end-to-end time (ms),3.102,Trunc bitonic end-to-end time (ms),3.102,Trunc bitonic algorithmic time (ms),3.102,117440432,exact,46137324,exact
cpu,q23_k131072_max,PASS,ok,half,bitonic,max,131072,8388608,uniform,23131241,1,Trunc bitonic end-to-end time (ms),21.971,Trunc bitonic end-to-end time (ms),21.971,Trunc bitonic algorithmic time (ms),21.971,116129792,exact,720175104,exact
cpu,q23_k131072_max,PASS,ok,half,bitonic,max,131072,8388608,uniform,23131242,1,Trunc bitonic end-to-end time (ms),21.93,Trunc bitonic end-to-end time (ms),21.93,Trunc bitonic algorithmic time (ms),21.93,116129792,exact,720175104,exact
cpu,q23_k131072_max,PASS,ok,half,bitonic,max,131072,8388608,trimodal,23131241,1,Trunc bitonic end-to-end time (ms),22.068,Trunc bitonic end-to-end time (ms),22.068,Trunc bitonic algorithmic time (ms),22.068,116129792,exact,720175104,exact
cpu,q23_k131072_max,PASS,ok,half,bitonic,max,131072,8388608,trimodal,23131242,1,Trunc bitonic end-to-end time (ms),21.997,Trunc bitonic end-to-end time (ms),21.997,Trunc bitonic algorithmic time (ms),21.997,116129792,exact,720175104,exact
cpu,q23_k131072_max,PASS,ok,half,bitonic,max,131072,8388608,adversarial,23131241,1,Trunc bitonic end-to-end time (ms),22.211,Trunc bitonic end-to-end time (ms),22.211,Trunc bitonic algorithmic time (ms),22.211,116129792,exact,720175104,exact
cpu,q23_k131072_max,PASS,ok,half,bitonic,max,131072,8388608,adversarial,23131242,1,Trunc bitonic end-to-end time (ms),22.128,Trunc bitonic end-to-end time (ms),22.128,Trunc bitonic algorithmic time (ms),22.128,116129792,exact,720175104,exact
cpu,q23_k131072_max,PASS,ok,half,bitonic,max,131072,8388608,sorted,23131241,1,Trunc bitonic end-to-end time (ms),22.34,Trunc bitonic end-to-end time (ms),22.34,Trunc bitonic algorithmic time (ms),22.34,116129792,exact,720175104,exact
cpu,q23_k131072_max,PASS,ok,half,bitonic,max,131072,8388608,sorted,23131242,1,Trunc bitonic end-to-end time (ms),22.129,Trunc bitonic end-to-end time (ms),22.129,Trunc bitonic algorithmic time (ms),22.129,116129792,exact,720175104,exact
cpu,q23_k131072_max,PASS,ok,half,bitonic,max,131072,8388608,reverse,23131241,1,Trunc bitonic end-to-end time (ms),22.314,Trunc bitonic end-to-end time (ms),22.314,Trunc bitonic algorithmic time (ms),22.314,116129792,exact,720175104,exact
cpu,q23_k131072_max,PASS,ok,half,bitonic,max,131072,8388608,reverse,23131242,1,Trunc bitonic end-to-end time (ms),22.04,Trunc bitonic end-to-end time (ms),22.04,Trunc bitonic algorithmic time (ms),22.04,116129792,exact,720175104,exact
cpu,q24_k8_max,PASS,ok,half,bitonic,max,8,16777216,uniform,24000180,1,Trunc bitonic end-to-end time (ms),5.572,Trunc bitonic end-to-end time (ms),5.572,Trunc bitonic algorithmic time (ms),5.572,234880944,exact,92274668,exact
cpu,q24_k8_max,PASS,ok,half,bitonic,max,8,16777216,uniform,24000181,1,Trunc bitonic end-to-end time (ms),5.748,Trunc bitonic end-to-end time (ms),5.748,Trunc bitonic algorithmic time (ms),5.748,234880944,exact,92274668,exact
cpu,q24_k8_max,PASS,ok,half,bitonic,max,8,16777216,trimodal,24000180,1,Trunc bitonic end-to-end time (ms),5.617,Trunc bitonic end-to-end time (ms),5.617,Trunc bitonic algorithmic time (ms),5.617,234880944,exact,92274668,exact
cpu,q24_k8_max,PASS,ok,half,bitonic,max,8,16777216,trimodal,24000181,1,Trunc bitonic end-to-end time (ms),5.644,Trunc bitonic end-to-end time (ms),5.644,Trunc bitonic algorithmic time (ms),5.644,234880944,exact,92274668,exact
cpu,q24_k8_max,PASS,ok,half,bitonic,max,8,16777216,adversarial,24000180,1,Trunc bitonic end-to-end time (ms),5.61,Trunc bitonic end-to-end time (ms),5.61,Trunc bitonic algorithmic time (ms),5.61,234880944,exact,92274668,exact
cpu,q24_k8_max,PASS,ok,half,bitonic,max,8,16777216,adversarial,24000181,1,Trunc bitonic end-to-end time (ms),5.588,Trunc bitonic end-to-end time (ms),5.588,Trunc bitonic algorithmic time (ms),5.588,234880944,exact,92274668,exact
cpu,q24_k8_max,PASS,ok,half,bitonic,max,8,16777216,sorted,24000180,1,Trunc bitonic end-to-end time (ms),5.782,Trunc bitonic end-to-end time (ms),5.782,Trunc bitonic algorithmic time (ms),5.782,234880944,exact,92274668,exact
cpu,q24_k8_max,PASS,ok,half,bitonic,max,8,16777216,sorted,24000181,1,Trunc bitonic end-to-end time (ms),5.757,Trunc bitonic end-to-end time (ms),5.757,Trunc bitonic algorithmic time (ms),5.757,234880944,exact,92274668,exact
cpu,q24_k8_max,PASS,ok,half,bitonic,max,8,16777216,reverse,24000180,1,Trunc bitonic end-to-end time (ms),5.602,Trunc bitonic end-to-end time (ms),5.602,Trunc bitonic algorithmic time (ms),5.602,234880944,exact,92274668,exact
cpu,q24_k8_max,PASS,ok,half,bitonic,max,8,16777216,reverse,24000181,1,Trunc bitonic end-to-end time (ms),5.576,Trunc bitonic end-to-end time (ms),5.576,Trunc bitonic algorithmic time (ms),5.576,234880944,exact,92274668,exact
cpu,q24_k131072_max,PASS,ok,half,bitonic,max,131072,16777216,uniform,24131244,1,Trunc bitonic end-to-end time (ms),43.721,Trunc bitonic end-to-end time (ms),43.721,Trunc bitonic algorithmic time (ms),43.721,233570304,exact,1441595392,exact
cpu,q24_k131072_max,PASS,ok,half,bitonic,max,131072,16777216,uniform,24131245,1,Trunc bitonic end-to-end time (ms),43.511,Trunc bitonic end-to-end time (ms),43.511,Trunc bitonic algorithmic time (ms),43.511,233570304,exact,1441595392,exact
cpu,q24_k131072_max,PASS,ok,half,bitonic,max,131072,16777216,trimodal,24131244,1,Trunc bitonic end-to-end time (ms),43.582,Trunc bitonic end-to-end time (ms),43.582,Trunc bitonic algorithmic time (ms),43.582,233570304,exact,1441595392,exact
cpu,q24_k131072_max,PASS,ok,half,bitonic,max,131072,16777216,trimodal,24131245,1,Trunc bitonic end-to-end time (ms),43.508,Trunc bitonic end-to-end time (ms),43.508,Trunc bitonic algorithmic time (ms),43.508,233570304,exact,1441595392,exact
cpu,q24_k131072_max,PASS,ok,half,bitonic,max,131072,16777216,adversarial,24131244,1,Trunc bitonic end-to-end time (ms),43.415,Trunc bitonic end-to-end time (ms),43.415,Trunc bitonic algorithmic time (ms),43.415,233570304,exact,1441595392,exact
cpu,q24_k131072_max,PASS,ok,half,bitonic,max,131072,16777216,adversarial,24131245,1,Trunc bitonic end-to-end time (ms),43.59,Trunc bitonic end-to-end time (ms),43.59,Trunc bitonic algorithmic time (ms),43.59,233570304,exact,1441595392,exact
cpu,q24_k131072_max,PASS,ok,half,bitonic,max,131072,16777216,sorted,24131244,1,Trunc bitonic end-to-end time (ms),43.261,Trunc bitonic end-to-end time (ms),43.261,Trunc bitonic algorithmic time (ms),43.261,233570304,exact,1441595392,exact
cpu,q24_k131072_max,PASS,ok,half,bitonic,max,131072,16777216,sorted,24131245,1,Trunc bitonic end-to-end time (ms),43.413,Trunc bitonic end-to-end time (ms),43.413,Trunc bitonic algorithmic time (ms),43.413,233570304,exact,1441595392,exact
cpu,q24_k131072_max,PASS,ok,half,bitonic,max,131072,16777216,reverse,24131244,1,Trunc bitonic end-to-end time (ms),43.315,Trunc bitonic end-to-end time (ms),43.315,Trunc bitonic algorithmic time (ms),43.315,233570304,exact,1441595392,exact
cpu,q24_k131072_max,PASS,ok,half,bitonic,max,131072,16777216,reverse,24131245,1,Trunc bitonic end-to-end time (ms),43.379,Trunc bitonic end-to-end time (ms),43.379,Trunc bitonic algorithmic time (ms),43.379,233570304,exact,1441595392,exact
cpu,q20_k8_max,PASS,ok,half,map_reduce,max,8,1048576,uniform,20000168,1,Map-reduce top-k end-to-end time (ms),0.097,Map-reduce top-k end-to-end time (ms),0.097,Map-reduce top-k algorithmic time (ms),0.097,2097184,exact,1048576,lower-bound
cpu,q20_k8_max,PASS,ok,half,map_reduce,max,8,1048576,uniform,20000169,1,Map-reduce top-k end-to-end time (ms),0.095,Map-reduce top-k end-to-end time (ms),0.095,Map-reduce top-k algorithmic time (ms),0.095,2097184,exact,1048576,lower-bound
cpu,q20_k8_max,PASS,ok,half,map_reduce,max,8,1048576,trimodal,20000168,1,Map-reduce top-k end-to-end time (ms),0.096,Map-reduce top-k end-to-end time (ms),0.096,Map-reduce top-k algorithmic time (ms),0.096,2097184,exact,1048576,lower-bound
cpu,q20_k8_max,PASS,ok,half,map_reduce,max,8,1048576,trimodal,20000169,1,Map-reduce top-k end-to-end time (ms),0.096,Map-reduce top-k end-to-end time (ms),0.096,Map-reduce top-k algorithmic time (ms),0.096,2097184,exact,1048576,lower-bound
cpu,q20_k8_max,PASS,ok,half,map_reduce,max,8,1048576,adversarial,20000168,1,Map-reduce top-k end-to-end time (ms),0.154,Map-reduce top-k end-to-end time (ms),0.154,Map-reduce top-k algorithmic time (ms),0.154,2097184,exact,1048576,lower-bound
cpu,q20_k8_max,PASS,ok,half,map_reduce,max,8,1048576,adversarial,20000169,1,Map-reduce top-k end-to-end time (ms),0.153,Map-reduce top-k end-to-end time (ms),0.153,Map-reduce top-k algorithmic time (ms),0.153,2097184,exact,1048576,lower-bound
cpu,q20_k8_max,PASS,ok,half,map_reduce,max,8,1048576,sorted,20000168,1,Map-reduce top-k end-to-end time (ms),0.731,Map-reduce top-k end-to-end time (ms),0.731,Map-reduce top-k algorithmic time (ms),0.731,2097184,exact,1048576,lower-bound
cpu,q20_k8_max,PASS,ok,half,map_reduce,max,8,1048576,sorted,20000169,1,Map-reduce top-k end-to-end time (ms),0.739,Map-reduce top-k end-to-end time (ms),0.739,Map-reduce top-k algorithmic time (ms),0.739,2097184,exact,1048576,lower-bound
cpu,q20_k8_max,PASS,ok,half,map_reduce,max,8,1048576,reverse,20000168,1,Map-reduce top-k end-to-end time (ms),0.095,Map-reduce top-k end-to-end time (ms),0.095,Map-reduce top-k algorithmic time (ms),0.095,2097184,exact,1048576,lower-bound
cpu,q20_k8_max,PASS,ok,half,map_reduce,max,8,1048576,reverse,20000169,1,Map-reduce top-k end-to-end time (ms),0.095,Map-reduce top-k end-to-end time (ms),0.095,Map-reduce top-k algorithmic time (ms),0.095,2097184,exact,1048576,lower-bound
cpu,q20_k131072_max,PASS,ok,half,map_reduce,max,131072,1048576,uniform,20131232,1,Map-reduce top-k end-to-end time (ms),45.576,Map-reduce top-k end-to-end time (ms),45.576,Map-reduce top-k algorithmic time (ms),45.576,2621440,exact,1048576,lower-bound
cpu,q20_k131072_max,PASS,ok,half,map_reduce,max,131072,1048576,uniform,20131233,1,Map-reduce top-k end-to-end time (ms),45.15,Map-reduce top-k end-to-end time (ms),45.15,Map-reduce top-k algorithmic time (ms),45.15,2621440,exact,1048576,lower-bound
cpu,q20_k131072_max,PASS,ok,half,map_reduce,max,131072,1048576,trimodal,20131232,1,Map-reduce top-k end-to-end time (ms),43.002,Map-reduce top-k end-to-end time (ms),43.002,Map-reduce top-k algorithmic time (ms),43.002,2621440,exact,1048576,lower-bound
cpu,q20_k131072_max,PASS,ok,half,map_reduce,max,131072,1048576,trimodal,20131233,1,Map-reduce top-k end-to-end time (ms),42.782,Map-reduce top-k end-to-end time (ms),42.782,Map-reduce top-k algorithmic time (ms),42.782,2621440,exact,1048576,lower-bound
cpu,q20_k131072_max,PASS,ok,half,map_reduce,max,131072,1048576,adversarial,20131232,1,Map-reduce top-k end-to-end time (ms),45.402,Map-reduce top-k end-to-end time (ms),45.402,Map-reduce top-k algorithmic time (ms),45.402,2621440,exact,1048576,lower-bound
cpu,q20_k131072_max,PASS,ok,half,map_reduce,max,131072,1048576,adversarial,20131233,1,Map-reduce top-k end-to-end time (ms),45.542,Map-reduce top-k end-to-end time (ms),45.542,Map-reduce top-k algorithmic time (ms),45.542,2621440,exact,1048576,lower-bound
cpu,q20_k131072_max,PASS,ok,half,map_reduce,max,131072,1048576,sorted,20131232,1,Map-reduce top-k end-to-end time (ms),68.395,Map-reduce top-k end-to-end time (ms),68.395,Map-reduce top-k algorithmic time (ms),68.395,2621440,exact,1048576,lower-bound
cpu,q20_k131072_max,PASS,ok,half,map_reduce,max,131072,1048576,sorted,20131233,1,Map-reduce top-k end-to-end time (ms),68.135,Map-reduce top-k end-to-end time (ms),68.135,Map-reduce top-k algorithmic time (ms),68.135,2621440,exact,1048576,lower-bound
cpu,q20_k131072_max,PASS,ok,half,map_reduce,max,131072,1048576,reverse,20131232,1,Map-reduce top-k end-to-end time (ms),4.463,Map-reduce top-k end-to-end time (ms),4.463,Map-reduce top-k algorithmic time (ms),4.463,2621440,exact,1048576,lower-bound
cpu,q20_k131072_max,PASS,ok,half,map_reduce,max,131072,1048576,reverse,20131233,1,Map-reduce top-k end-to-end time (ms),4.71,Map-reduce top-k end-to-end time (ms),4.71,Map-reduce top-k algorithmic time (ms),4.71,2621440,exact,1048576,lower-bound
cpu,q21_k8_max,PASS,ok,half,map_reduce,max,8,2097152,uniform,21000171,1,Map-reduce top-k end-to-end time (ms),0.136,Map-reduce top-k end-to-end time (ms),0.136,Map-reduce top-k algorithmic time (ms),0.136,4194368,exact,2097152,lower-bound
cpu,q21_k8_max,PASS,ok,half,map_reduce,max,8,2097152,uniform,21000172,1,Map-reduce top-k end-to-end time (ms),0.133,Map-reduce top-k end-to-end time (ms),0.133,Map-reduce top-k algorithmic time (ms),0.133,4194368,exact,2097152,lower-bound
cpu,q21_k8_max,PASS,ok,half,map_reduce,max,8,2097152,trimodal,21000171,1,Map-reduce top-k end-to-end time (ms),0.14,Map-reduce top-k end-to-end time (ms),0.14,Map-reduce top-k algorithmic time (ms),0.14,4194368,exact,2097152,lower-bound
cpu,q21_k8_max,PASS,ok,half,map_reduce,max,8,2097152,trimodal,21000172,1,Map-reduce top-k end-to-end time (ms),0.136,Map-reduce top-k end-to-end time (ms),0.136,Map-reduce top-k algorithmic time (ms),0.136,4194368,exact,2097152,lower-bound
cpu,q21_k8_max,PASS,ok,half,map_reduce,max,8,2097152,adversarial,21000171,1,Map-reduce top-k end-to-end time (ms),0.173,Map-reduce top-k end-to-end time (ms),0.173,Map-reduce top-k algorithmic time (ms),0.173,4194368,exact,2097152,lower-bound
cpu,q21_k8_max,PASS,ok,half,map_reduce,max,8,2097152,adversarial,21000172,1,Map-reduce top-k end-to-end time (ms),0.171,Map-reduce top-k end-to-end time (ms),0.171,Map-reduce top-k algorithmic time (ms),0.171,4194368,exact,2097152,lower-bound
cpu,q21_k8_max,PASS,ok,half,map_reduce,max,8,2097152,sorted,21000171,1,Map-reduce top-k end-to-end time (ms),0.857,Map-reduce top-k end-to-end time (ms),0.857,Map-reduce top-k algorithmic time (ms),0.857,4194368,exact,2097152,lower-bound
cpu,q21_k8_max,PASS,ok,half,map_reduce,max,8,2097152,sorted,21000172,1,Map-reduce top-k end-to-end time (ms),0.853,Map-reduce top-k end-to-end time (ms),0.853,Map-reduce top-k algorithmic time (ms),0.853,4194368,exact,2097152,lower-bound
cpu,q21_k8_max,PASS,ok,half,map_reduce,max,8,2097152,reverse,21000171,1,Map-reduce top-k end-to-end time (ms),0.135,Map-reduce top-k end-to-end time (ms),0.135,Map-reduce top-k algorithmic time (ms),0.135,4194368,exact,2097152,lower-bound
cpu,q21_k8_max,PASS,ok,half,map_reduce,max,8,2097152,reverse,21000172,1,Map-reduce top-k end-to-end time (ms),0.13,Map-reduce top-k end-to-end time (ms),0.13,Map-reduce top-k algorithmic time (ms),0.13,4194368,exact,2097152,lower-bound
cpu,q21_k131072_max,PASS,ok,half,map_reduce,max,131072,2097152,uniform,21131235,1,Map-reduce top-k end-to-end time (ms),58.24,Map-reduce top-k end-to-end time (ms),58.24,Map-reduce top-k algorithmic time (ms),58.24,5242880,exact,2097152,lower-bound
cpu,q21_k131072_max,PASS,ok,half,map_reduce,max,131072,2097152,uniform,21131236,1,Map-reduce top-k end-to-end time (ms),58.19,Map-reduce top-k end-to-end time (ms),58.19,Map-reduce top-k algorithmic time (ms),58.19,5242880,exact,2097152,lower-bound
cpu,q21_k131072_max,PASS,ok,half,map_reduce,max,131072,2097152,trimodal,21131235,1,Map-reduce top-k end-to-end time (ms),54.133,Map-reduce top-k end-to-end time (ms),54.133,Map-reduce top-k algorithmic time (ms),54.133,5242880,exact,2097152,lower-bound
cpu,q21_k131072_max,PASS,ok,half,map_reduce,max,131072,2097152,trimodal,21131236,1,Map-reduce top-k end-to-end time (ms),54.402,Map-reduce top-k end-to-end time (ms),54.402,Map-reduce top-k algorithmic time (ms),54.402,5242880,exact,2097152,lower-bound
cpu,q21_k131072_max,PASS,ok,half,map_reduce,max,131072,2097152,adversarial,21131235,1,Map-reduce top-k end-to-end time (ms),58.77,Map-reduce top-k end-to-end time (ms),58.77,Map-reduce top-k algorithmic time (ms),58.77,5242880,exact,2097152,lower-bound
cpu,q21_k131072_max,PASS,ok,half,map_reduce,max,131072,2097152,adversarial,21131236,1,Map-reduce top-k end-to-end time (ms),58.555,Map-reduce top-k end-to-end time (ms),58.555,Map-reduce top-k algorithmic time (ms),58.555,5242880,exact,2097152,lower-bound
cpu,q21_k131072_max,PASS,ok,half,map_reduce,max,131072,2097152,sorted,21131235,1,Map-reduce top-k end-to-end time (ms),77.398,Map-reduce top-k end-to-end time (ms),77.398,Map-reduce top-k algorithmic time (ms),77.398,5242880,exact,2097152,lower-bound
cpu,q21_k131072_max,PASS,ok,half,map_reduce,max,131072,2097152,sorted,21131236,1,Map-reduce top-k end-to-end time (ms),77.231,Map-reduce top-k end-to-end time (ms),77.231,Map-reduce top-k algorithmic time (ms),77.231,5242880,exact,2097152,lower-bound
cpu,q21_k131072_max,PASS,ok,half,map_reduce,max,131072,2097152,reverse,21131235,1,Map-reduce top-k end-to-end time (ms),4.415,Map-reduce top-k end-to-end time (ms),4.415,Map-reduce top-k algorithmic time (ms),4.415,5242880,exact,2097152,lower-bound
cpu,q21_k131072_max,PASS,ok,half,map_reduce,max,131072,2097152,reverse,21131236,1,Map-reduce top-k end-to-end time (ms),4.356,Map-reduce top-k end-to-end time (ms),4.356,Map-reduce top-k algorithmic time (ms),4.356,5242880,exact,2097152,lower-bound
cpu,q22_k8_max,PASS,ok,half,map_reduce,max,8,4194304,uniform,22000174,1,Map-reduce top-k end-to-end time (ms),0.146,Map-reduce top-k end-to-end time (ms),0.146,Map-reduce top-k algorithmic time (ms),0.146,8388736,exact,4194304,lower-bound
cpu,q22_k8_max,PASS,ok,half,map_reduce,max,8,4194304,uniform,22000175,1,Map-reduce top-k end-to-end time (ms),0.147,Map-reduce top-k end-to-end time (ms),0.147,Map-reduce top-k algorithmic time (ms),0.147,8388736,exact,4194304,lower-bound
cpu,q22_k8_max,PASS,ok,half,map_reduce,max,8,4194304,trimodal,22000174,1,Map-reduce top-k end-to-end time (ms),0.154,Map-reduce top-k end-to-end time (ms),0.154,Map-reduce top-k algorithmic time (ms),0.154,8388736,exact,4194304,lower-bound
cpu,q22_k8_max,PASS,ok,half,map_reduce,max,8,4194304,trimodal,22000175,1,Map-reduce top-k end-to-end time (ms),0.149,Map-reduce top-k end-to-end time (ms),0.149,Map-reduce top-k algorithmic time (ms),0.149,8388736,exact,4194304,lower-bound
cpu,q22_k8_max,PASS,ok,half,map_reduce,max,8,4194304,adversarial,22000174,1,Map-reduce top-k end-to-end time (ms),0.167,Map-reduce top-k end-to-end time (ms),0.167,Map-reduce top-k algorithmic time (ms),0.167,8388736,exact,4194304,lower-bound
cpu,q22_k8_max,PASS,ok,half,map_reduce,max,8,4194304,adversarial,22000175,1,Map-reduce top-k end-to-end time (ms),0.165,Map-reduce top-k end-to-end time (ms),0.165,Map-reduce top-k algorithmic time (ms),0.165,8388736,exact,4194304,lower-bound
cpu,q22_k8_max,PASS,ok,half,map_reduce,max,8,4194304,sorted,22000174,1,Map-reduce top-k end-to-end time (ms),0.829,Map-reduce top-k end-to-end time (ms),0.829,Map-reduce top-k algorithmic time (ms),0.829,8388736,exact,4194304,lower-bound
cpu,q22_k8_max,PASS,ok,half,map_reduce,max,8,4194304,sorted,22000175,1,Map-reduce top-k end-to-end time (ms),0.816,Map-reduce top-k end-to-end time (ms),0.816,Map-reduce top-k algorithmic time (ms),0.816,8388736,exact,4194304,lower-bound
cpu,q22_k8_max,PASS,ok,half,map_reduce,max,8,4194304,reverse,22000174,1,Map-reduce top-k end-to-end time (ms),0.148,Map-reduce top-k end-to-end time (ms),0.148,Map-reduce top-k algorithmic time (ms),0.148,8388736,exact,4194304,lower-bound
cpu,q22_k8_max,PASS,ok,half,map_reduce,max,8,4194304,reverse,22000175,1,Map-reduce top-k end-to-end time (ms),0.145,Map-reduce top-k end-to-end time (ms),0.145,Map-reduce top-k algorithmic time (ms),0.145,8388736,exact,4194304,lower-bound
cpu,q22_k131072_max,PASS,ok,half,map_reduce,max,131072,4194304,uniform,22131238,1,Map-reduce top-k end-to-end time (ms),69.569,Map-reduce top-k end-to-end time (ms),69.569,Map-reduce top-k algorithmic time (ms),69.569,10485760,exact,4194304,lower-bound
cpu,q22_k131072_max,PASS,ok,half,map_reduce,max,131072,4194304,uniform,22131239,1,Map-reduce top-k end-to-end time (ms),69.064,Map-reduce top-k end-to-end time (ms),69.064,Map-reduce top-k algorithmic time (ms),69.064,10485760,exact,4194304,lower-bound
cpu,q22_k131072_max,PASS,ok,half,map_reduce,max,131072,4194304,trimodal,22131238,1,Map-reduce top-k end-to-end time (ms),64.579,Map-reduce top-k end-to-end time (ms),64.579,Map-reduce top-k algorithmic time (ms),64.579,10485760,exact,4194304,lower-bound
cpu,q22_k131072_max,PASS,ok,half,map_reduce,max,131072,4194304,trimodal,22131239,1,Map-reduce top-k end-to-end time (ms),64.781,Map-reduce top-k end-to-end time (ms),64.781,Map-reduce top-k algorithmic time (ms),64.781,10485760,exact,4194304,lower-bound
cpu,q22_k131072_max,PASS,ok,half,map_reduce,max,131072,4194304,adversarial,22131238,1,Map-reduce top-k end-to-end time (ms),69.291,Map-reduce top-k end-to-end time (ms),69.291,Map-reduce top-k algorithmic time (ms),69.291,10485760,exact,4194304,lower-bound
cpu,q22_k131072_max,PASS,ok,half,map_reduce,max,131072,4194304,adversarial,22131239,1,Map-reduce top-k end-to-end time (ms),69.278,Map-reduce top-k end-to-end time (ms),69.278,Map-reduce top-k algorithmic time (ms),69.278,10485760,exact,4194304,lower-bound
cpu,q22_k131072_max,PASS,ok,half,map_reduce,max,131072,4194304,sorted,22131238,1,Map-reduce top-k end-to-end time (ms),96.561,Map-reduce top-k end-to-end time (ms),96.561,Map-reduce top-k algorithmic time (ms),96.561,10485760,exact,4194304,lower-bound
cpu,q22_k131072_max,PASS,ok,half,map_reduce,max,131072,4194304,sorted,22131239,1,Map-reduce top-k end-to-end time (ms),96.625,Map-reduce top-k end-to-end time (ms),96.625,Map-reduce top-k algorithmic time (ms),96.625,10485760,exact,4194304,lower-bound
cpu,q22_k131072_max,PASS,ok,half,map_reduce,max,131072,4194304,reverse,22131238,1,Map-reduce top-k end-to-end time (ms),4.234,Map-reduce top-k end-to-end time (ms),4.234,Map-reduce top-k algorithmic time (ms),4.234,10485760,exact,4194304,lower-bound
cpu,q22_k131072_max,PASS,ok,half,map_reduce,max,131072,4194304,reverse,22131239,1,Map-reduce top-k end-to-end time (ms),4.297,Map-reduce top-k end-to-end time (ms),4.297,Map-reduce top-k algorithmic time (ms),4.297,10485760,exact,4194304,lower-bound
cpu,q23_k8_max,PASS,ok,half,map_reduce,max,8,8388608,uniform,23000177,1,Map-reduce top-k end-to-end time (ms),0.23,Map-reduce top-k end-to-end time (ms),0.23,Map-reduce top-k algorithmic time (ms),0.23,16777472,exact,8388608,lower-bound
cpu,q23_k8_max,PASS,ok,half,map_reduce,max,8,8388608,uniform,23000178,1,Map-reduce top-k end-to-end time (ms),0.229,Map-reduce top-k end-to-end time (ms),0.229,Map-reduce top-k algorithmic time (ms),0.229,16777472,exact,8388608,lower-bound
cpu,q23_k8_max,PASS,ok,half,map_reduce,max,8,8388608,trimodal,23000177,1,Map-reduce top-k end-to-end time (ms),0.23,Map-reduce top-k end-to-end time (ms),0.23,Map-reduce top-k algorithmic time (ms),0.23,16777472,exact,8388608,lower-bound
cpu,q23_k8_max,PASS,ok,half,map_reduce,max,8,8388608,trimodal,23000178,1,Map-reduce top-k end-to-end time (ms),0.232,Map-reduce top-k end-to-end time (ms),0.232,Map-reduce top-k algorithmic time (ms),0.232,16777472,exact,8388608,lower-bound
cpu,q23_k8_max,PASS,ok,half,map_reduce,max,8,8388608,adversarial,23000177,1,Map-reduce top-k end-to-end time (ms),0.234,Map-reduce top-k end-to-end time (ms),0.234,Map-reduce top-k algorithmic time (ms),0.234,16777472,exact,8388608,lower-bound
cpu,q23_k8_max,PASS,ok,half,map_reduce,max,8,8388608,adversarial,23000178,1,Map-reduce top-k end-to-end time (ms),0.234,Map-reduce top-k end-to-end time (ms),0.234,Map-reduce top-k algorithmic time (ms),0.234,16777472,exact,8388608,lower-bound
cpu,q23_k8_max,PASS,ok,half,map_reduce,max,8,8388608,sorted,23000177,1,Map-reduce top-k end-to-end time (ms),0.819,Map-reduce top-k end-to-end time (ms),0.819,Map-reduce top-k algorithmic time (ms),0.819,16777472,exact,8388608,lower-bound
cpu,q23_k8_max,PASS,ok,half,map_reduce,max,8,8388608,sorted,23000178,1,Map-reduce top-k end-to-end time (ms),0.808,Map-reduce top-k end-to-end time (ms),0.808,Map-reduce top-k algorithmic time (ms),0.808,16777472,exact,8388608,lower-bound
cpu,q23_k8_max,PASS,ok,half,map_reduce,max,8,8388608,reverse,23000177,1,Map-reduce top-k end-to-end time (ms),0.231,Map-reduce top-k end-to-end time (ms),0.231,Map-reduce top-k algorithmic time (ms),0.231,16777472,exact,8388608,lower-bound
cpu,q23_k8_max,PASS,ok,half,map_reduce,max,8,8388608,reverse,23000178,1,Map-reduce top-k end-to-end time (ms),0.228,Map-reduce top-k end-to-end time (ms),0.228,Map-reduce top-k algorithmic time (ms),0.228,16777472,exact,8388608,lower-bound
cpu,q23_k131072_max,PASS,ok,half,map_reduce,max,131072,8388608,uniform,23131241,1,Map-reduce top-k end-to-end time (ms),79.424,Map-reduce top-k end-to-end time (ms),79.424,Map-reduce top-k algorithmic time (ms),79.424,20971520,exact,8388608,lower-bound
cpu,q23_k131072_max,PASS,ok,half,map_reduce,max,131072,8388608,uniform,23131242,1,Map-reduce top-k end-to-end time (ms),79.369,Map-reduce top-k end-to-end time (ms),79.369,Map-reduce top-k algorithmic time (ms),79.369,20971520,exact,8388608,lower-bound
cpu,q23_k131072_max,PASS,ok,half,map_reduce,max,131072,8388608,trimodal,23131241,1,Map-reduce top-k end-to-end time (ms),75.039,Map-reduce top-k end-to-end time (ms),75.039,Map-reduce top-k algorithmic time (ms),75.039,20971520,exact,8388608,lower-bound
cpu,q23_k131072_max,PASS,ok,half,map_reduce,max,131072,8388608,trimodal,23131242,1,Map-reduce top-k end-to-end time (ms),74.638,Map-reduce top-k end-to-end time (ms),74.638,Map-reduce top-k algorithmic time (ms),74.638,20971520,exact,8388608,lower-bound
cpu,q23_k131072_max,PASS,ok,half,map_reduce,max,131072,8388608,adversarial,23131241,1,Map-reduce top-k end-to-end time (ms),79.419,Map-reduce top-k end-to-end time (ms),79.419,Map-reduce top-k algorithmic time (ms),79.419,20971520,exact,8388608,lower-bound
cpu,q23_k131072_max,PASS,ok,half,map_reduce,max,131072,8388608,adversarial,23131242,1,Map-reduce top-k end-to-end time (ms),79.935,Map-reduce top-k end-to-end time (ms),79.935,Map-reduce top-k algorithmic time (ms),79.935,20971520,exact,8388608,lower-bound
cpu,q23_k131072_max,PASS,ok,half,map_reduce,max,131072,8388608,sorted,23131241,1,Map-reduce top-k end-to-end time (ms),135.999,Map-reduce top-k end-to-end time (ms),135.999,Map-reduce top-k algorithmic time (ms),135.999,20971520,exact,8388608,lower-bound
cpu,q23_k131072_max,PASS,ok,half,map_reduce,max,131072,8388608,sorted,23131242,1,Map-reduce top-k end-to-end time (ms),136.186,Map-reduce top-k end-to-end time (ms),136.186,Map-reduce top-k algorithmic time (ms),136.186,20971520,exact,8388608,lower-bound
cpu,q23_k131072_max,PASS,ok,half,map_reduce,max,131072,8388608,reverse,23131241,1,Map-reduce top-k end-to-end time (ms),4.319,Map-reduce top-k end-to-end time (ms),4.319,Map-reduce top-k algorithmic time (ms),4.319,20971520,exact,8388608,lower-bound
cpu,q23_k131072_max,PASS,ok,half,map_reduce,max,131072,8388608,reverse,23131242,1,Map-reduce top-k end-to-end time (ms),4.236,Map-reduce top-k end-to-end time (ms),4.236,Map-reduce top-k algorithmic time (ms),4.236,20971520,exact,8388608,lower-bound
cpu,q24_k8_max,PASS,ok,half,map_reduce,max,8,16777216,uniform,24000180,1,Map-reduce top-k end-to-end time (ms),0.48,Map-reduce top-k end-to-end time (ms),0.48,Map-reduce top-k algorithmic time (ms),0.48,33554688,exact,16777216,lower-bound
cpu,q24_k8_max,PASS,ok,half,map_reduce,max,8,16777216,uniform,24000181,1,Map-reduce top-k end-to-end time (ms),0.491,Map-reduce top-k end-to-end time (ms),0.491,Map-reduce top-k algorithmic time (ms),0.491,33554688,exact,16777216,lower-bound
cpu,q24_k8_max,PASS,ok,half,map_reduce,max,8,16777216,trimodal,24000180,1,Map-reduce top-k end-to-end time (ms),0.487,Map-reduce top-k end-to-end time (ms),0.487,Map-reduce top-k algorithmic time (ms),0.487,33554688,exact,16777216,lower-bound
cpu,q24_k8_max,PASS,ok,half,map_reduce,max,8,16777216,trimodal,24000181,1,Map-reduce top-k end-to-end time (ms),0.481,Map-reduce top-k end-to-end time (ms),0.481,Map-reduce top-k algorithmic time (ms),0.481,33554688,exact,16777216,lower-bound
cpu,q24_k8_max,PASS,ok,half,map_reduce,max,8,16777216,adversarial,24000180,1,Map-reduce top-k end-to-end time (ms),0.478,Map-reduce top-k end-to-end time (ms),0.478,Map-reduce top-k algorithmic time (ms),0.478,33554688,exact,16777216,lower-bound
cpu,q24_k8_max,PASS,ok,half,map_reduce,max,8,16777216,adversarial,24000181,1,Map-reduce top-k end-to-end time (ms),0.489,Map-reduce top-k end-to-end time (ms),0.489,Map-reduce top-k algorithmic time (ms),0.489,33554688,exact,16777216,lower-bound
cpu,q24_k8_max,PASS,ok,half,map_reduce,max,8,16777216,sorted,24000180,1,Map-reduce top-k end-to-end time (ms),0.972,Map-reduce top-k end-to-end time (ms),0.972,Map-reduce top-k algorithmic time (ms),0.972,33554688,exact,16777216,lower-bound
cpu,q24_k8_max,PASS,ok,half,map_reduce,max,8,16777216,sorted,24000181,1,Map-reduce top-k end-to-end time (ms),0.991,Map-reduce top-k end-to-end time (ms),0.991,Map-reduce top-k algorithmic time (ms),0.991,33554688,exact,16777216,lower-bound
cpu,q24_k8_max,PASS,ok,half,map_reduce,max,8,16777216,reverse,24000180,1,Map-reduce top-k end-to-end time (ms),0.48,Map-reduce top-k end-to-end time (ms),0.48,Map-reduce top-k algorithmic time (ms),0.48,33554688,exact,16777216,lower-bound
cpu,q24_k8_max,PASS,ok,half,map_reduce,max,8,16777216,reverse,24000181,1,Map-reduce top-k end-to-end time (ms),0.482,Map-reduce top-k end-to-end time (ms),0.482,Map-reduce top-k algorithmic time (ms),0.482,33554688,exact,16777216,lower-bound
cpu,q24_k131072_max,PASS,ok,half,map_reduce,max,131072,16777216,uniform,24131244,1,Map-reduce top-k end-to-end time (ms),87.884,Map-reduce top-k end-to-end time (ms),87.884,Map-reduce top-k algorithmic time (ms),87.884,37748736,exact,16777216,lower-bound
cpu,q24_k131072_max,PASS,ok,half,map_reduce,max,131072,16777216,uniform,24131245,1,Map-reduce top-k end-to-end time (ms),87.604,Map-reduce top-k end-to-end time (ms),87.604,Map-reduce top-k algorithmic time (ms),87.604,37748736,exact,16777216,lower-bound
cpu,q24_k131072_max,PASS,ok,half,map_reduce,max,131072,16777216,trimodal,24131244,1,Map-reduce top-k end-to-end time (ms),84.253,Map-reduce top-k end-to-end time (ms),84.253,Map-reduce top-k algorithmic time (ms),84.253,37748736,exact,16777216,lower-bound
cpu,q24_k131072_max,PASS,ok,half,map_reduce,max,131072,16777216,trimodal,24131245,1,Map-reduce top-k end-to-end time (ms),84.328,Map-reduce top-k end-to-end time (ms),84.328,Map-reduce top-k algorithmic time (ms),84.328,37748736,exact,16777216,lower-bound
cpu,q24_k131072_max,PASS,ok,half,map_reduce,max,131072,16777216,adversarial,24131244,1,Map-reduce top-k end-to-end time (ms),88.054,Map-reduce top-k end-to-end time (ms),88.054,Map-reduce top-k algorithmic time (ms),88.054,37748736,exact,16777216,lower-bound
cpu,q24_k131072_max,PASS,ok,half,map_reduce,max,131072,16777216,adversarial,24131245,1,Map-reduce top-k end-to-end time (ms),87.939,Map-reduce top-k end-to-end time (ms),87.939,Map-reduce top-k algorithmic time (ms),87.939,37748736,exact,16777216,lower-bound
cpu,q24_k131072_max,PASS,ok,half,map_reduce,max,131072,16777216,sorted,24131244,1,Map-reduce top-k end-to-end time (ms),208.953,Map-reduce top-k end-to-end time (ms),208.953,Map-reduce top-k algorithmic time (ms),208.953,37748736,exact,16777216,lower-bound
cpu,q24_k131072_max,PASS,ok,half,map_reduce,max,131072,16777216,sorted,24131245,1,Map-reduce top-k end-to-end time (ms),209.658,Map-reduce top-k end-to-end time (ms),209.658,Map-reduce top-k algorithmic time (ms),209.658,37748736,exact,16777216,lower-bound
cpu,q24_k131072_max,PASS,ok,half,map_reduce,max,131072,16777216,reverse,24131244,1,Map-reduce top-k end-to-end time (ms),4.472,Map-reduce top-k end-to-end time (ms),4.472,Map-reduce top-k algorithmic time (ms),4.472,37748736,exact,16777216,lower-bound
cpu,q24_k131072_max,PASS,ok,half,map_reduce,max,131072,16777216,reverse,24131245,1,Map-reduce top-k end-to-end time (ms),4.415,Map-reduce top-k end-to-end time (ms),4.415,Map-reduce top-k algorithmic time (ms),4.415,37748736,exact,16777216,lower-bound
cpu,q20_k8_max,PASS,ok,half,gt,max,8,1048576,uniform,20000168,1,Ground truth end-to-end time (ms),0.881,Ground truth end-to-end time (ms),0.881,Ground truth algorithmic time (ms),0.881,2097168,lower-bound,1048576,lower-bound
cpu,q20_k8_max,PASS,ok,half,gt,max,8,1048576,uniform,20000169,1,Ground truth end-to-end time (ms),0.88,Ground truth end-to-end time (ms),0.88,Ground truth algorithmic time (ms),0.88,2097168,lower-bound,1048576,lower-bound
cpu,q20_k8_max,PASS,ok,half,gt,max,8,1048576,trimodal,20000168,1,Ground truth end-to-end time (ms),0.882,Ground truth end-to-end time (ms),0.882,Ground truth algorithmic time (ms),0.882,2097168,lower-bound,1048576,lower-bound
cpu,q20_k8_max,PASS,ok,half,gt,max,8,1048576,trimodal,20000169,1,Ground truth end-to-end time (ms),0.882,Ground truth end-to-end time (ms),0.882,Ground truth algorithmic time (ms),0.882,2097168,lower-bound,1048576,lower-bound
cpu,q20_k8_max,PASS,ok,half,gt,max,8,1048576,adversarial,20000168,1,Ground truth end-to-end time (ms),0.967,Ground truth end-to-end time (ms),0.967,Ground truth algorithmic time (ms),0.967,2097168,lower-bound,1048576,lower-bound
cpu,q20_k8_max,PASS,ok,half,gt,max,8,1048576,adversarial,20000169,1,Ground truth end-to-end time (ms),0.966,Ground truth end-to-end time (ms),0.966,Ground truth algorithmic time (ms),0.966,2097168,lower-bound,1048576,lower-bound
cpu,q20_k8_max,PASS,ok,half,gt,max,8,1048576,sorted,20000168,1,Ground truth end-to-end time (ms),1.17,Ground truth end-to-end time (ms),1.17,Ground truth algorithmic time (ms),1.17,2097168,lower-bound,1048576,lower-bound
cpu,q20_k8_max,PASS,ok,half,gt,max,8,1048576,sorted,20000169,1,Ground truth end-to-end time (ms),1.175,Ground truth end-to-end time (ms),1.175,Ground truth algorithmic time (ms),1.175,2097168,lower-bound,1048576,lower-bound
cpu,q20_k8_max,PASS,ok,half,gt,max,8,1048576,reverse,20000168,1,Ground truth end-to-end time (ms),0.884,Ground truth end-to-end time (ms),0.884,Ground truth algorithmic time (ms),0.884,2097168,lower-bound,1048576,lower-bound
cpu,q20_k8_max,PASS,ok,half,gt,max,8,1048576,reverse,20000169,1,Ground truth end-to-end time (ms),0.881,Ground truth end-to-end time (ms),0.881,Ground truth algorithmic time (ms),0.881,2097168,lower-bound,1048576,lower-bound
cpu,q20_k131072_max,PASS,ok,half,gt,max,131072,1048576,uniform,20131232,1,Ground truth end-to-end time (ms),53.449,Ground truth end-to-end time (ms),53.449,Ground truth algorithmic time (ms),53.449,2359296,lower-bound,1048576,lower-bound
cpu,q20_k131072_max,PASS,ok,half,gt,max,131072,1048576,uniform,20131233,1,Ground truth end-to-end time (ms),53.186,Ground truth end-to-end time (ms),53.186,Ground truth algorithmic time (ms),53.186,2359296,lower-bound,1048576,lower-bound
cpu,q20_k131072_max,PASS,ok,half,gt,max,131072,1048576,trimodal,20131232,1,Ground truth end-to-end time (ms),50.578,Ground truth end-to-end time (ms),50.578,Ground truth algorithmic time (ms),50.578,2359296,lower-bound,1048576,lower-bound
cpu,q20_k131072_max,PASS,ok,half,gt,max,131072,1048576,trimodal,20131233,1,Ground truth end-to-end time (ms),50.666,Ground truth end-to-end time (ms),50.666,Ground truth algorithmic time (ms),50.666,2359296,lower-bound,1048576,lower-bound
cpu,q20_k131072_max,PASS,ok,half,gt,max,131072,1048576,adversarial,20131232,1,Ground truth end-to-end time (ms),53.432,Ground truth end-to-end time (ms),53.432,Ground truth algorithmic time (ms),53.432,2359296,lower-bound,1048576,lower-bound
cpu,q20_k131072_max,PASS,ok,half,gt,max,131072,1048576,adversarial,20131233,1,Ground truth end-to-end time (ms),53.239,Ground truth end-to-end time (ms),53.239,Ground truth algorithmic time (ms),53.239,2359296,lower-bound,1048576,lower-bound
cpu,q20_k131072_max,PASS,ok,half,gt,max,131072,1048576,sorted,20131232,1,Ground truth end-to-end time (ms),63.905,Ground truth end-to-end time (ms),63.905,Ground truth algorithmic time (ms),63.905,2359296,lower-bound,1048576,lower-bound
cpu,q20_k131072_max,PASS,ok,half,gt,max,131072,1048576,sorted,20131233,1,Ground truth end-to-end time (ms),63.861,Ground truth end-to-end time (ms),63.861,Ground truth algorithmic time (ms),63.861,2359296,lower-bound,1048576,lower-bound
cpu,q20_k131072_max,PASS,ok,half,gt,max,131072,1048576,reverse,20131232,1,Ground truth end-to-end time (ms),7.385,Ground truth end-to-end time (ms),7.385,Ground truth algorithmic time (ms),7.385,2359296,lower-bound,1048576,lower-bound
cpu,q20_k131072_max,PASS,ok,half,gt,max,131072,1048576,reverse,20131233,1,Ground truth end-to-end time (ms),7.374,Ground truth end-to-end time (ms),7.374,Ground truth algorithmic time (ms),7.374,2359296,lower-bound,1048576,lower-bound
cpu,q21_k8_max,PASS,ok,half,gt,max,8,2097152,uniform,21000171,1,Ground truth end-to-end time (ms),1.707,Ground truth end-to-end time (ms),1.707,Ground truth algorithmic time (ms),1.707,4194320,lower-bound,2097152,lower-bound
cpu,q21_k8_max,PASS,ok,half,gt,max,8,2097152,uniform,21000172,1,Ground truth end-to-end time (ms),1.707,Ground truth end-to-end time (ms),1.707,Ground truth algorithmic time (ms),1.707,4194320,lower-bound,2097152,lower-bound
cpu,q21_k8_max,PASS,ok,half,gt,max,8,2097152,trimodal,21000171,1,Ground truth end-to-end time (ms),1.709,Ground truth end-to-end time (ms),1.709,Ground truth algorithmic time (ms),1.709,4194320,lower-bound,2097152,lower-bound
cpu,q21_k8_max,PASS,ok,half,gt,max,8,2097152,trimodal,21000172,1,Ground truth end-to-end time (ms),1.708,Ground truth end-to-end time (ms),1.708,Ground truth algorithmic time (ms),1.708,4194320,lower-bound,2097152,lower-bound
cpu,q21_k8_max,PASS,ok,half,gt,max,8,2097152,adversarial,21000171,1,Ground truth end-to-end time (ms),1.844,Ground truth end-to-end time (ms),1.844,Ground truth algorithmic time (ms),1.844,4194320,lower-bound,2097152,lower-bound
cpu,q21_k8_max,PASS,ok,half,gt,max,8,2097152,adversarial,21000172,1,Ground truth end-to-end time (ms),1.834,Ground truth end-to-end time (ms),1.834,Ground truth algorithmic time (ms),1.834,4194320,lower-bound,2097152,lower-bound
cpu,q21_k8_max,PASS,ok,half,gt,max,8,2097152,sorted,21000171,1,Ground truth end-to-end time (ms),2.045,Ground truth end-to-end time (ms),2.045,Ground truth algorithmic time (ms),2.045,4194320,lower-bound,2097152,lower-bound
cpu,q21_k8_max,PASS,ok,half,gt,max,8,2097152,sorted,21000172,1,Ground truth end-to-end time (ms),2.043,Ground truth end-to-end time (ms),2.043,Ground truth algorithmic time (ms),2.043,4194320,lower-bound,2097152,lower-bound
cpu,q21_k8_max,PASS,ok,half,gt,max,8,2097152,reverse,21000171,1,Ground truth end-to-end time (ms),1.706,Ground truth end-to-end time (ms),1.706,Ground truth algorithmic time (ms),1.706,4194320,lower-bound,2097152,lower-bound
cpu,q21_k8_max,PASS,ok,half,gt,max,8,2097152,reverse,21000172,1,Ground truth end-to-end time (ms),1.705,Ground truth end-to-end time (ms),1.705,Ground truth algorithmic time (ms),1.705,4194320,lower-bound,2097152,lower-bound
cpu,q21_k131072_max,PASS,ok,half,gt,max,131072,2097152,uniform,21131235,1,Ground truth end-to-end time (ms),65.162,Ground truth end-to-end time (ms),65.162,Ground truth algorithmic time (ms),65.162,4456448,lower-bound,2097152,lower-bound
cpu,q21_k131072_max,PASS,ok,half,gt,max,131072,2097152,uniform,21131236,1,Ground truth end-to-end time (ms),65.078,Ground truth end-to-end time (ms),65.078,Ground truth algorithmic time (ms),65.078,4456448,lower-bound,2097152,lower-bound
cpu,q21_k131072_max,PASS,ok,half,gt,max,131072,2097152,trimodal,21131235,1,Ground truth end-to-end time (ms),61.342,Ground truth end-to-end time (ms),61.342,Ground truth algorithmic time (ms),61.342,4456448,lower-bound,2097152,lower-bound
cpu,q21_k131072_max,PASS,ok,half,gt,max,131072,2097152,trimodal,21131236,1,Ground truth end-to-end time (ms),61.234,Ground truth end-to-end time (ms),61.234,Ground truth algorithmic time (ms),61.234,4456448,lower-bound,2097152,lower-bound
cpu,q21_k131072_max,PASS,ok,half,gt,max,131072,2097152,adversarial,21131235,1,Ground truth end-to-end time (ms),65.226,Ground truth end-to-end time (ms),65.226,Ground truth algorithmic time (ms),65.226,4456448,lower-bound,2097152,lower-bound
cpu,q21_k131072_max,PASS,ok,half,gt,max,131072,2097152,adversarial,21131236,1,Ground truth end-to-end time (ms),65.176,Ground truth end-to-end time (ms),65.176,Ground truth algorithmic time (ms),65.176,4456448,lower-bound,2097152,lower-bound
cpu,q21_k131072_max,PASS,ok,half,gt,max,131072,2097152,sorted,21131235,1,Ground truth end-to-end time (ms),128.071,Ground truth end-to-end time (ms),128.071,Ground truth algorithmic time (ms),128.071,4456448,lower-bound,2097152,lower-bound
cpu,q21_k131072_max,PASS,ok,half,gt,max,131072,2097152,sorted,21131236,1,Ground truth end-to-end time (ms),128.416,Ground truth end-to-end time (ms),128.416,Ground truth algorithmic time (ms),128.416,4456448,lower-bound,2097152,lower-bound
cpu,q21_k131072_max,PASS,ok,half,gt,max,131072,2097152,reverse,21131235,1,Ground truth end-to-end time (ms),8.232,Ground truth end-to-end time (ms),8.232,Ground truth algorithmic time (ms),8.232,4456448,lower-bound,2097152,lower-bound
cpu,q21_k131072_max,PASS,ok,half,gt,max,131072,2097152,reverse,21131236,1,Ground truth end-to-end time (ms),8.23,Ground truth end-to-end time (ms),8.23,Ground truth algorithmic time (ms),8.23,4456448,lower-bound,2097152,lower-bound
cpu,q22_k8_max,PASS,ok,half,gt,max,8,4194304,uniform,22000174,1,Ground truth end-to-end time (ms),3.387,Ground truth end-to-end time (ms),3.387,Ground truth algorithmic time (ms),3.387,8388624,lower-bound,4194304,lower-bound
cpu,q22_k8_max,PASS,ok,half,gt,max,8,4194304,uniform,22000175,1,Ground truth end-to-end time (ms),3.373,Ground truth end-to-end time (ms),3.373,Ground truth algorithmic time (ms),3.373,8388624,lower-bound,4194304,lower-bound
cpu,q22_k8_max,PASS,ok,half,gt,max,8,4194304,trimodal,22000174,1,Ground truth end-to-end time (ms),3.412,Ground truth end-to-end time (ms),3.412,Ground truth algorithmic time (ms),3.412,8388624,lower-bound,4194304,lower-bound
cpu,q22_k8_max,PASS,ok,half,gt,max,8,4194304,trimodal,22000175,1,Ground truth end-to-end time (ms),3.391,Ground truth end-to-end time (ms),3.391,Ground truth algorithmic time (ms),3.391,8388624,lower-bound,4194304,lower-bound
cpu,q22_k8_max,PASS,ok,half,gt,max,8,4194304,adversarial,22000174,1,Ground truth end-to-end time (ms),3.513,Ground truth end-to-end time (ms),3.513,Ground truth algorithmic time (ms),3.513,8388624,lower-bound,4194304,lower-bound
cpu,q22_k8_max,PASS,ok,half,gt,max,8,4194304,adversarial,22000175,1,Ground truth end-to-end time (ms),3.535,Ground truth end-to-end time (ms),3.535,Ground truth algorithmic time (ms),3.535,8388624,lower-bound,4194304,lower-bound
cpu,q22_k8_max,PASS,ok,half,gt,max,8,4194304,sorted,22000174,1,Ground truth end-to-end time (ms),3.757,Ground truth end-to-end time (ms),3.757,Ground truth algorithmic time (ms),3.757,8388624,lower-bound,4194304,lower-bound
cpu,q22_k8_max,PASS,ok,half,gt,max,8,4194304,sorted,22000175,1,Ground truth end-to-end time (ms),3.76,Ground truth end-to-end time (ms),3.76,Ground truth algorithmic time (ms),3.76,8388624,lower-bound,4194304,lower-bound
cpu,q22_k8_max,PASS,ok,half,gt,max,8,4194304,reverse,22000174,1,Ground truth end-to-end time (ms),3.427,Ground truth end-to-end time (ms),3.427,Ground truth algorithmic time (ms),3.427,8388624,lower-bound,4194304,lower-bound
cpu,q22_k8_max,PASS,ok,half,gt,max,8,4194304,reverse,22000175,1,Ground truth end-to-end time (ms),3.381,Ground truth end-to-end time (ms),3.381,Ground truth algorithmic time (ms),3.381,8388624,lower-bound,4194304,lower-bound
cpu,q22_k131072_max,PASS,ok,half,gt,max,131072,4194304,uniform,22131238,1,Ground truth end-to-end time (ms),76.24,Ground truth end-to-end time (ms),76.24,Ground truth algorithmic time (ms),76.24,8650752,lower-bound,4194304,lower-bound
cpu,q22_k131072_max,PASS,ok,half,gt,max,131072,4194304,uniform,22131239,1,Ground truth end-to-end time (ms),76.226,Ground truth end-to-end time (ms),76.226,Ground truth algorithmic time (ms),76.226,8650752,lower-bound,4194304,lower-bound
cpu,q22_k131072_max,PASS,ok,half,gt,max,131072,4194304,trimodal,22131238,1,Ground truth end-to-end time (ms),72.595,Ground truth end-to-end time (ms),72.595,Ground truth algorithmic time (ms),72.595,8650752,lower-bound,4194304,lower-bound
cpu,q22_k131072_max,PASS,ok,half,gt,max,131072,4194304,trimodal,22131239,1,Ground truth end-to-end time (ms),72.697,Ground truth end-to-end time (ms),72.697,Ground truth algorithmic time (ms),72.697,8650752,lower-bound,4194304,lower-bound
cpu,q22_k131072_max,PASS,ok,half,gt,max,131072,4194304,adversarial,22131238,1,Ground truth end-to-end time (ms),76.385,Ground truth end-to-end time (ms),76.385,Ground truth algorithmic time (ms),76.385,8650752,lower-bound,4194304,lower-bound
cpu,q22_k131072_max,PASS,ok,half,gt,max,131072,4194304,adversarial,22131239,1,Ground truth end-to-end time (ms),76.425,Ground truth end-to-end time (ms),76.425,Ground truth algorithmic time (ms),76.425,8650752,lower-bound,4194304,lower-bound
cpu,q22_k131072_max,PASS,ok,half,gt,max,131072,4194304,sorted,22131238,1,Ground truth end-to-end time (ms),257.063,Ground truth end-to-end time (ms),257.063,Ground truth algorithmic time (ms),257.063,8650752,lower-bound,4194304,lower-bound
cpu,q22_k131072_max,PASS,ok,half,gt,max,131072,4194304,sorted,22131239,1,Ground truth end-to-end time (ms),257.037,Ground truth end-to-end time (ms),257.037,Ground truth algorithmic time (ms),257.037,8650752,lower-bound,4194304,lower-bound
cpu,q22_k131072_max,PASS,ok,half,gt,max,131072,4194304,reverse,22131238,1,Ground truth end-to-end time (ms),9.805,Ground truth end-to-end time (ms),9.805,Ground truth algorithmic time (ms),9.805,8650752,lower-bound,4194304,lower-bound
cpu,q22_k131072_max,PASS,ok,half,gt,max,131072,4194304,reverse,22131239,1,Ground truth end-to-end time (ms),9.824,Ground truth end-to-end time (ms),9.824,Ground truth algorithmic time (ms),9.824,8650752,lower-bound,4194304,lower-bound
cpu,q23_k8_max,PASS,ok,half,gt,max,8,8388608,uniform,23000177,1,Ground truth end-to-end time (ms),6.694,Ground truth end-to-end time (ms),6.694,Ground truth algorithmic time (ms),6.694,16777232,lower-bound,8388608,lower-bound
cpu,q23_k8_max,PASS,ok,half,gt,max,8,8388608,uniform,23000178,1,Ground truth end-to-end time (ms),6.687,Ground truth end-to-end time (ms),6.687,Ground truth algorithmic time (ms),6.687,16777232,lower-bound,8388608,lower-bound
cpu,q23_k8_max,PASS,ok,half,gt,max,8,8388608,trimodal,23000177,1,Ground truth end-to-end time (ms),6.693,Ground truth end-to-end time (ms),6.693,Ground truth algorithmic time (ms),6.693,16777232,lower-bound,8388608,lower-bound
cpu,q23_k8_max,PASS,ok,half,gt,max,8,8388608,trimodal,23000178,1,Ground truth end-to-end time (ms),6.72,Ground truth end-to-end time (ms),6.72,Ground truth algorithmic time (ms),6.72,16777232,lower-bound,8388608,lower-bound
cpu,q23_k8_max,PASS,ok,half,gt,max,8,8388608,adversarial,23000177,1,Ground truth end-to-end time (ms),6.82,Ground truth end-to-end time (ms),6.82,Ground truth algorithmic time (ms),6.82,16777232,lower-bound,8388608,lower-bound
cpu,q23_k8_max,PASS,ok,half,gt,max,8,8388608,adversarial,23000178,1,Ground truth end-to-end time (ms),6.824,Ground truth end-to-end time (ms),6.824,Ground truth algorithmic time (ms),6.824,16777232,lower-bound,8388608,lower-bound
cpu,q23_k8_max,PASS,ok,half,gt,max,8,8388608,sorted,23000177,1,Ground truth end-to-end time (ms),7.133,Ground truth end-to-end time (ms),7.133,Ground truth algorithmic time (ms),7.133,16777232,lower-bound,8388608,lower-bound
cpu,q23_k8_max,PASS,ok,half,gt,max,8,8388608,sorted,23000178,1,Ground truth end-to-end time (ms),7.104,Ground truth end-to-end time (ms),7.104,Ground truth algorithmic time (ms),7.104,16777232,lower-bound,8388608,lower-bound
cpu,q23_k8_max,PASS,ok,half,gt,max,8,8388608,reverse,23000177,1,Ground truth end-to-end time (ms),6.684,Ground truth end-to-end time (ms),6.684,Ground truth algorithmic time (ms),6.684,16777232,lower-bound,8388608,lower-bound
cpu,q23_k8_max,PASS,ok,half,gt,max,8,8388608,reverse,23000178,1,Ground truth end-to-end time (ms),6.683,Ground truth end-to-end time (ms),6.683,Ground truth algorithmic time (ms),6.683,16777232,lower-bound,8388608,lower-bound
cpu,q23_k131072_max,PASS,ok,half,gt,max,131072,8388608,uniform,23131241,1,Ground truth end-to-end time (ms),87.407,Ground truth end-to-end time (ms),87.407,Ground truth algorithmic time (ms),87.407,17039360,lower-bound,8388608,lower-bound
cpu,q23_k131072_max,PASS,ok,half,gt,max,131072,8388608,uniform,23131242,1,Ground truth end-to-end time (ms),87.494,Ground truth end-to-end time (ms),87.494,Ground truth algorithmic time (ms),87.494,17039360,lower-bound,8388608,lower-bound
cpu,q23_k131072_max,PASS,ok,half,gt,max,131072,8388608,trimodal,23131241,1,Ground truth end-to-end time (ms),84.974,Ground truth end-to-end time (ms),84.974,Ground truth algorithmic time (ms),84.974,17039360,lower-bound,8388608,lower-bound
cpu,q23_k131072_max,PASS,ok,half,gt,max,131072,8388608,trimodal,23131242,1,Ground truth end-to-end time (ms),84.873,Ground truth end-to-end time (ms),84.873,Ground truth algorithmic time (ms),84.873,17039360,lower-bound,8388608,lower-bound
cpu,q23_k131072_max,PASS,ok,half,gt,max,131072,8388608,adversarial,23131241,1,Ground truth end-to-end time (ms),87.548,Ground truth end-to-end time (ms),87.548,Ground truth algorithmic time (ms),87.548,17039360,lower-bound,8388608,lower-bound
cpu,q23_k131072_max,PASS,ok,half,gt,max,131072,8388608,adversarial,23131242,1,Ground truth end-to-end time (ms),87.745,Ground truth end-to-end time (ms),87.745,Ground truth algorithmic time (ms),87.745,17039360,lower-bound,8388608,lower-bound
cpu,q23_k131072_max,PASS,ok,half,gt,max,131072,8388608,sorted,23131241,1,Ground truth end-to-end time (ms),498.747,Ground truth end-to-end time (ms),498.747,Ground truth algorithmic time (ms),498.747,17039360,lower-bound,8388608,lower-bound
cpu,q23_k131072_max,PASS,ok,half,gt,max,131072,8388608,sorted,23131242,1,Ground truth end-to-end time (ms),497.369,Ground truth end-to-end time (ms),497.369,Ground truth algorithmic time (ms),497.369,17039360,lower-bound,8388608,lower-bound
cpu,q23_k131072_max,PASS,ok,half,gt,max,131072,8388608,reverse,23131241,1,Ground truth end-to-end time (ms),13.101,Ground truth end-to-end time (ms),13.101,Ground truth algorithmic time (ms),13.101,17039360,lower-bound,8388608,lower-bound
cpu,q23_k131072_max,PASS,ok,half,gt,max,131072,8388608,reverse,23131242,1,Ground truth end-to-end time (ms),13.087,Ground truth end-to-end time (ms),13.087,Ground truth algorithmic time (ms),13.087,17039360,lower-bound,8388608,lower-bound
cpu,q24_k8_max,PASS,ok,half,gt,max,8,16777216,uniform,24000180,1,Ground truth end-to-end time (ms),13.352,Ground truth end-to-end time (ms),13.352,Ground truth algorithmic time (ms),13.352,33554448,lower-bound,16777216,lower-bound
cpu,q24_k8_max,PASS,ok,half,gt,max,8,16777216,uniform,24000181,1,Ground truth end-to-end time (ms),13.352,Ground truth end-to-end time (ms),13.352,Ground truth algorithmic time (ms),13.352,33554448,lower-bound,16777216,lower-bound
cpu,q24_k8_max,PASS,ok,half,gt,max,8,16777216,trimodal,24000180,1,Ground truth end-to-end time (ms),13.361,Ground truth end-to-end time (ms),13.361,Ground truth algorithmic time (ms),13.361,33554448,lower-bound,16777216,lower-bound
cpu,q24_k8_max,PASS,ok,half,gt,max,8,16777216,trimodal,24000181,1,Ground truth end-to-end time (ms),13.358,Ground truth end-to-end time (ms),13.358,Ground truth algorithmic time (ms),13.358,33554448,lower-bound,16777216,lower-bound
cpu,q24_k8_max,PASS,ok,half,gt,max,8,16777216,adversarial,24000180,1,Ground truth end-to-end time (ms),13.496,Ground truth end-to-end time (ms),13.496,Ground truth algorithmic time (ms),13.496,33554448,lower-bound,16777216,lower-bound
cpu,q24_k8_max,PASS,ok,half,gt,max,8,16777216,adversarial,24000181,1,Ground truth end-to-end time (ms),13.492,Ground truth end-to-end time (ms),13.492,Ground truth algorithmic time (ms),13.492,33554448,lower-bound,16777216,lower-bound
cpu,q24_k8_max,PASS,ok,half,gt,max,8,16777216,sorted,24000180,1,Ground truth end-to-end time (ms),13.807,Ground truth end-to-end time (ms),13.807,Ground truth algorithmic time (ms),13.807,33554448,lower-bound,16777216,lower-bound
cpu,q24_k8_max,PASS,ok,half,gt,max,8,16777216,sorted,24000181,1,Ground truth end-to-end time (ms),13.816,Ground truth end-to-end time (ms),13.816,Ground truth algorithmic time (ms),13.816,33554448,lower-bound,16777216,lower-bound
cpu,q24_k8_max,PASS,ok,half,gt,max,8,16777216,reverse,24000180,1,Ground truth end-to-end time (ms),13.321,Ground truth end-to-end time (ms),13.321,Ground truth algorithmic time (ms),13.321,33554448,lower-bound,16777216,lower-bound
cpu,q24_k8_max,PASS,ok,half,gt,max,8,16777216,reverse,24000181,1,Ground truth end-to-end time (ms),13.323,Ground truth end-to-end time (ms),13.323,Ground truth algorithmic time (ms),13.323,33554448,lower-bound,16777216,lower-bound
cpu,q24_k131072_max,PASS,ok,half,gt,max,131072,16777216,uniform,24131244,1,Ground truth end-to-end time (ms),100.923,Ground truth end-to-end time (ms),100.923,Ground truth algorithmic time (ms),100.923,33816576,lower-bound,16777216,lower-bound
cpu,q24_k131072_max,PASS,ok,half,gt,max,131072,16777216,uniform,24131245,1,Ground truth end-to-end time (ms),101.341,Ground truth end-to-end time (ms),101.341,Ground truth algorithmic time (ms),101.341,33816576,lower-bound,16777216,lower-bound
cpu,q24_k131072_max,PASS,ok,half,gt,max,131072,16777216,trimodal,24131244,1,Ground truth end-to-end time (ms),100.318,Ground truth end-to-end time (ms),100.318,Ground truth algorithmic time (ms),100.318,33816576,lower-bound,16777216,lower-bound
cpu,q24_k131072_max,PASS,ok,half,gt,max,131072,16777216,trimodal,24131245,1,Ground truth end-to-end time (ms),100.038,Ground truth end-to-end time (ms),100.038,Ground truth algorithmic time (ms),100.038,33816576,lower-bound,16777216,lower-bound
cpu,q24_k131072_max,PASS,ok,half,gt,max,131072,16777216,adversarial,24131244,1,Ground truth end-to-end time (ms),101.364,Ground truth end-to-end time (ms),101.364,Ground truth algorithmic time (ms),101.364,33816576,lower-bound,16777216,lower-bound
cpu,q24_k131072_max,PASS,ok,half,gt,max,131072,16777216,adversarial,24131245,1,Ground truth end-to-end time (ms),101.355,Ground truth end-to-end time (ms),101.355,Ground truth algorithmic time (ms),101.355,33816576,lower-bound,16777216,lower-bound
cpu,q24_k131072_max,PASS,ok,half,gt,max,131072,16777216,sorted,24131244,1,Ground truth end-to-end time (ms),945.199,Ground truth end-to-end time (ms),945.199,Ground truth algorithmic time (ms),945.199,33816576,lower-bound,16777216,lower-bound
cpu,q24_k131072_max,PASS,ok,half,gt,max,131072,16777216,sorted,24131245,1,Ground truth end-to-end time (ms),933.646,Ground truth end-to-end time (ms),933.646,Ground truth algorithmic time (ms),933.646,33816576,lower-bound,16777216,lower-bound
cpu,q24_k131072_max,PASS,ok,half,gt,max,131072,16777216,reverse,24131244,1,Ground truth end-to-end time (ms),19.603,Ground truth end-to-end time (ms),19.603,Ground truth algorithmic time (ms),19.603,33816576,lower-bound,16777216,lower-bound
cpu,q24_k131072_max,PASS,ok,half,gt,max,131072,16777216,reverse,24131245,1,Ground truth end-to-end time (ms),19.593,Ground truth end-to-end time (ms),19.593,Ground truth algorithmic time (ms),19.593,33816576,lower-bound,16777216,lower-bound
gpu,q20_k8_max,PASS,ok,half,bitonic,max,8,1048576,uniform,20000168,1,Trunc bitonic end-to-end time (ms),0.602,Trunc bitonic end-to-end time (ms),0.602,Trunc bitonic algorithmic time (ms),0.084,14679984,exact,5767148,exact
gpu,q20_k8_max,PASS,ok,half,bitonic,max,8,1048576,uniform,20000169,1,Trunc bitonic end-to-end time (ms),0.597,Trunc bitonic end-to-end time (ms),0.597,Trunc bitonic algorithmic time (ms),0.083,14679984,exact,5767148,exact
gpu,q20_k8_max,PASS,ok,half,bitonic,max,8,1048576,trimodal,20000168,1,Trunc bitonic end-to-end time (ms),0.598,Trunc bitonic end-to-end time (ms),0.598,Trunc bitonic algorithmic time (ms),0.083,14679984,exact,5767148,exact
gpu,q20_k8_max,PASS,ok,half,bitonic,max,8,1048576,trimodal,20000169,1,Trunc bitonic end-to-end time (ms),0.6,Trunc bitonic end-to-end time (ms),0.6,Trunc bitonic algorithmic time (ms),0.083,14679984,exact,5767148,exact
gpu,q20_k8_max,PASS,ok,half,bitonic,max,8,1048576,adversarial,20000168,1,Trunc bitonic end-to-end time (ms),0.601,Trunc bitonic end-to-end time (ms),0.601,Trunc bitonic algorithmic time (ms),0.083,14679984,exact,5767148,exact
gpu,q20_k8_max,PASS,ok,half,bitonic,max,8,1048576,adversarial,20000169,1,Trunc bitonic end-to-end time (ms),0.602,Trunc bitonic end-to-end time (ms),0.602,Trunc bitonic algorithmic time (ms),0.083,14679984,exact,5767148,exact
gpu,q20_k8_max,PASS,ok,half,bitonic,max,8,1048576,sorted,20000168,1,Trunc bitonic end-to-end time (ms),0.601,Trunc bitonic end-to-end time (ms),0.601,Trunc bitonic algorithmic time (ms),0.083,14679984,exact,5767148,exact
gpu,q20_k8_max,PASS,ok,half,bitonic,max,8,1048576,sorted,20000169,1,Trunc bitonic end-to-end time (ms),0.6,Trunc bitonic end-to-end time (ms),0.6,Trunc bitonic algorithmic time (ms),0.083,14679984,exact,5767148,exact
gpu,q20_k8_max,PASS,ok,half,bitonic,max,8,1048576,reverse,20000168,1,Trunc bitonic end-to-end time (ms),0.6,Trunc bitonic end-to-end time (ms),0.6,Trunc bitonic algorithmic time (ms),0.083,14679984,exact,5767148,exact
gpu,q20_k8_max,PASS,ok,half,bitonic,max,8,1048576,reverse,20000169,1,Trunc bitonic end-to-end time (ms),0.601,Trunc bitonic end-to-end time (ms),0.601,Trunc bitonic algorithmic time (ms),0.082,14679984,exact,5767148,exact
gpu,q20_k131072_max,PASS,ok,half,bitonic,max,131072,1048576,uniform,20131232,1,Trunc bitonic end-to-end time (ms),0.981,Trunc bitonic end-to-end time (ms),0.981,Trunc bitonic algorithmic time (ms),0.428,115605504,exact,88932352,exact
gpu,q20_k131072_max,PASS,ok,half,bitonic,max,131072,1048576,uniform,20131233,1,Trunc bitonic end-to-end time (ms),0.983,Trunc bitonic end-to-end time (ms),0.983,Trunc bitonic algorithmic time (ms),0.428,115605504,exact,88932352,exact
gpu,q20_k131072_max,PASS,ok,half,bitonic,max,131072,1048576,trimodal,20131232,1,Trunc bitonic end-to-end time (ms),1.027,Trunc bitonic end-to-end time (ms),1.027,Trunc bitonic algorithmic time (ms),0.429,115605504,exact,88932352,exact
gpu,q20_k131072_max,PASS,ok,half,bitonic,max,131072,1048576,trimodal,20131233,1,Trunc bitonic end-to-end time (ms),0.983,Trunc bitonic end-to-end time (ms),0.983,Trunc bitonic algorithmic time (ms),0.428,115605504,exact,88932352,exact
gpu,q20_k131072_max,PASS,ok,half,bitonic,max,131072,1048576,adversarial,20131232,1,Trunc bitonic end-to-end time (ms),0.983,Trunc bitonic end-to-end time (ms),0.983,Trunc bitonic algorithmic time (ms),0.429,115605504,exact,88932352,exact
gpu,q20_k131072_max,PASS,ok,half,bitonic,max,131072,1048576,adversarial,20131233,1,Trunc bitonic end-to-end time (ms),0.986,Trunc bitonic end-to-end time (ms),0.986,Trunc bitonic algorithmic time (ms),0.429,115605504,exact,88932352,exact
gpu,q20_k131072_max,PASS,ok,half,bitonic,max,131072,1048576,sorted,20131232,1,Trunc bitonic end-to-end time (ms),0.983,Trunc bitonic end-to-end time (ms),0.983,Trunc bitonic algorithmic time (ms),0.428,115605504,exact,88932352,exact
gpu,q20_k131072_max,PASS,ok,half,bitonic,max,131072,1048576,sorted,20131233,1,Trunc bitonic end-to-end time (ms),0.98,Trunc bitonic end-to-end time (ms),0.98,Trunc bitonic algorithmic time (ms),0.428,115605504,exact,88932352,exact
gpu,q20_k131072_max,PASS,ok,half,bitonic,max,131072,1048576,reverse,20131232,1,Trunc bitonic end-to-end time (ms),0.984,Trunc bitonic end-to-end time (ms),0.984,Trunc bitonic algorithmic time (ms),0.428,115605504,exact,88932352,exact
gpu,q20_k131072_max,PASS,ok,half,bitonic,max,131072,1048576,reverse,20131233,1,Trunc bitonic end-to-end time (ms),0.979,Trunc bitonic end-to-end time (ms),0.979,Trunc bitonic algorithmic time (ms),0.428,115605504,exact,88932352,exact
gpu,q21_k8_max,PASS,ok,half,bitonic,max,8,2097152,uniform,21000171,1,Trunc bitonic end-to-end time (ms),0.869,Trunc bitonic end-to-end time (ms),0.869,Trunc bitonic algorithmic time (ms),0.117,29360048,exact,11534316,exact
gpu,q21_k8_max,PASS,ok,half,bitonic,max,8,2097152,uniform,21000172,1,Trunc bitonic end-to-end time (ms),0.873,Trunc bitonic end-to-end time (ms),0.873,Trunc bitonic algorithmic time (ms),0.117,29360048,exact,11534316,exact
gpu,q21_k8_max,PASS,ok,half,bitonic,max,8,2097152,trimodal,21000171,1,Trunc bitonic end-to-end time (ms),0.868,Trunc bitonic end-to-end time (ms),0.868,Trunc bitonic algorithmic time (ms),0.117,29360048,exact,11534316,exact
gpu,q21_k8_max,PASS,ok,half,bitonic,max,8,2097152,trimodal,21000172,1,Trunc bitonic end-to-end time (ms),0.867,Trunc bitonic end-to-end time (ms),0.867,Trunc bitonic algorithmic time (ms),0.118,29360048,exact,11534316,exact
gpu,q21_k8_max,PASS,ok,half,bitonic,max,8,2097152,adversarial,21000171,1,Trunc bitonic end-to-end time (ms),0.867,Trunc bitonic end-to-end time (ms),0.867,Trunc bitonic algorithmic time (ms),0.118,29360048,exact,11534316,exact
gpu,q21_k8_max,PASS,ok,half,bitonic,max,8,2097152,adversarial,21000172,1,Trunc bitonic end-to-end time (ms),0.864,Trunc bitonic end-to-end time (ms),0.864,Trunc bitonic algorithmic time (ms),0.117,29360048,exact,11534316,exact
gpu,q21_k8_max,PASS,ok,half,bitonic,max,8,2097152,sorted,21000171,1,Trunc bitonic end-to-end time (ms),0.864,Trunc bitonic end-to-end time (ms),0.864,Trunc bitonic algorithmic time (ms),0.118,29360048,exact,11534316,exact
gpu,q21_k8_max,PASS,ok,half,bitonic,max,8,2097152,sorted,21000172,1,Trunc bitonic end-to-end time (ms),0.867,Trunc bitonic end-to-end time (ms),0.867,Trunc bitonic algorithmic time (ms),0.117,29360048,exact,11534316,exact
gpu,q21_k8_max,PASS,ok,half,bitonic,max,8,2097152,reverse,21000171,1,Trunc bitonic end-to-end time (ms),0.845,Trunc bitonic end-to-end time (ms),0.845,Trunc bitonic algorithmic time (ms),0.117,29360048,exact,11534316,exact
gpu,q21_k8_max,PASS,ok,half,bitonic,max,8,2097152,reverse,21000172,1,Trunc bitonic end-to-end time (ms),0.863,Trunc bitonic end-to-end time (ms),0.863,Trunc bitonic algorithmic time (ms),0.117,29360048,exact,11534316,exact
gpu,q21_k131072_max,PASS,ok,half,bitonic,max,131072,2097152,uniform,21131235,1,Trunc bitonic end-to-end time (ms),1.613,Trunc bitonic end-to-end time (ms),1.613,Trunc bitonic algorithmic time (ms),0.811,235143168,exact,179109888,exact
gpu,q21_k131072_max,PASS,ok,half,bitonic,max,131072,2097152,uniform,21131236,1,Trunc bitonic end-to-end time (ms),1.548,Trunc bitonic end-to-end time (ms),1.548,Trunc bitonic algorithmic time (ms),0.816,235143168,exact,179109888,exact
gpu,q21_k131072_max,PASS,ok,half,bitonic,max,131072,2097152,trimodal,21131235,1,Trunc bitonic end-to-end time (ms),1.589,Trunc bitonic end-to-end time (ms),1.589,Trunc bitonic algorithmic time (ms),0.849,235143168,exact,179109888,exact
gpu,q21_k131072_max,PASS,ok,half,bitonic,max,131072,2097152,trimodal,21131236,1,Trunc bitonic end-to-end time (ms),1.541,Trunc bitonic end-to-end time (ms),1.541,Trunc bitonic algorithmic time (ms),0.812,235143168,exact,179109888,exact
gpu,q21_k131072_max,PASS,ok,half,bitonic,max,131072,2097152,adversarial,21131235,1,Trunc bitonic end-to-end time (ms),1.591,Trunc bitonic end-to-end time (ms),1.591,Trunc bitonic algorithmic time (ms),0.849,235143168,exact,179109888,exact
gpu,q21_k131072_max,PASS,ok,half,bitonic,max,131072,2097152,adversarial,21131236,1,Trunc bitonic end-to-end time (ms),1.599,Trunc bitonic end-to-end time (ms),1.599,Trunc bitonic algorithmic time (ms),0.849,235143168,exact,179109888,exact
gpu,q21_k131072_max,PASS,ok,half,bitonic,max,131072,2097152,sorted,21131235,1,Trunc bitonic end-to-end time (ms),1.537,Trunc bitonic end-to-end time (ms),1.537,Trunc bitonic algorithmic time (ms),0.808,235143168,exact,179109888,exact
gpu,q21_k131072_max,PASS,ok,half,bitonic,max,131072,2097152,sorted,21131236,1,Trunc bitonic end-to-end time (ms),1.587,Trunc bitonic end-to-end time (ms),1.587,Trunc bitonic algorithmic time (ms),0.847,235143168,exact,179109888,exact
gpu,q21_k131072_max,PASS,ok,half,bitonic,max,131072,2097152,reverse,21131235,1,Trunc bitonic end-to-end time (ms),1.583,Trunc bitonic end-to-end time (ms),1.583,Trunc bitonic algorithmic time (ms),0.847,235143168,exact,179109888,exact
gpu,q21_k131072_max,PASS,ok,half,bitonic,max,131072,2097152,reverse,21131236,1,Trunc bitonic end-to-end time (ms),1.682,Trunc bitonic end-to-end time (ms),1.682,Trunc bitonic algorithmic time (ms),0.807,235143168,exact,179109888,exact
gpu,q22_k8_max,PASS,ok,half,bitonic,max,8,4194304,uniform,22000174,1,Trunc bitonic end-to-end time (ms),1.494,Trunc bitonic end-to-end time (ms),1.494,Trunc bitonic algorithmic time (ms),0.194,58720176,exact,23068652,exact
gpu,q22_k8_max,PASS,ok,half,bitonic,max,8,4194304,uniform,22000175,1,Trunc bitonic end-to-end time (ms),1.28,Trunc bitonic end-to-end time (ms),1.28,Trunc bitonic algorithmic time (ms),0.235,58720176,exact,23068652,exact
gpu,q22_k8_max,PASS,ok,half,bitonic,max,8,4194304,trimodal,22000174,1,Trunc bitonic end-to-end time (ms),1.234,Trunc bitonic end-to-end time (ms),1.234,Trunc bitonic algorithmic time (ms),0.223,58720176,exact,23068652,exact
gpu,q22_k8_max,PASS,ok,half,bitonic,max,8,4194304,trimodal,22000175,1,Trunc bitonic end-to-end time (ms),1.772,Trunc bitonic end-to-end time (ms),1.772,Trunc bitonic algorithmic time (ms),0.194,58720176,exact,23068652,exact
gpu,q22_k8_max,PASS,ok,half,bitonic,max,8,4194304,adversarial,22000174,1,Trunc bitonic end-to-end time (ms),1.546,Trunc bitonic end-to-end time (ms),1.546,Trunc bitonic algorithmic time (ms),0.196,58720176,exact,23068652,exact
gpu,q22_k8_max,PASS,ok,half,bitonic,max,8,4194304,adversarial,22000175,1,Trunc bitonic end-to-end time (ms),1.28,Trunc bitonic end-to-end time (ms),1.28,Trunc bitonic algorithmic time (ms),0.233,58720176,exact,23068652,exact
gpu,q22_k8_max,PASS,ok,half,bitonic,max,8,4194304,sorted,22000174,1,Trunc bitonic end-to-end time (ms),1.245,Trunc bitonic end-to-end time (ms),1.245,Trunc bitonic algorithmic time (ms),0.225,58720176,exact,23068652,exact
gpu,q22_k8_max,PASS,ok,half,bitonic,max,8,4194304,sorted,22000175,1,Trunc bitonic end-to-end time (ms),1.259,Trunc bitonic end-to-end time (ms),1.259,Trunc bitonic algorithmic time (ms),0.223,58720176,exact,23068652,exact
gpu,q22_k8_max,PASS,ok,half,bitonic,max,8,4194304,reverse,22000174,1,Trunc bitonic end-to-end time (ms),1.551,Trunc bitonic end-to-end time (ms),1.551,Trunc bitonic algorithmic time (ms),0.2,58720176,exact,23068652,exact
gpu,q22_k8_max,PASS,ok,half,bitonic,max,8,4194304,reverse,22000175,1,Trunc bitonic end-to-end time (ms),1.283,Trunc bitonic end-to-end time (ms),1.283,Trunc bitonic algorithmic time (ms),0.236,58720176,exact,23068652,exact
gpu,q22_k131072_max,PASS,ok,half,bitonic,max,131072,4194304,uniform,22131238,1,Trunc bitonic end-to-end time (ms),2.817,Trunc bitonic end-to-end time (ms),2.817,Trunc bitonic algorithmic time (ms),1.688,474218496,exact,359464960,exact
gpu,q22_k131072_max,PASS,ok,half,bitonic,max,131072,4194304,uniform,22131239,1,Trunc bitonic end-to-end time (ms),2.855,Trunc bitonic end-to-end time (ms),2.855,Trunc bitonic algorithmic time (ms),1.72,474218496,exact,359464960,exact
gpu,q22_k131072_max,PASS,ok,half,bitonic,max,131072,4194304,trimodal,22131238,1,Trunc bitonic end-to-end time (ms),2.781,Trunc bitonic end-to-end time (ms),2.781,Trunc bitonic algorithmic time (ms),1.672,474218496,exact,359464960,exact
gpu,q22_k131072_max,PASS,ok,half,bitonic,max,131072,4194304,trimodal,22131239,1,Trunc bitonic end-to-end time (ms),2.842,Trunc bitonic end-to-end time (ms),2.842,Trunc bitonic algorithmic time (ms),1.72,474218496,exact,359464960,exact
gpu,q22_k131072_max,PASS,ok,half,bitonic,max,131072,4194304,adversarial,22131238,1,Trunc bitonic end-to-end time (ms),3.353,Trunc bitonic end-to-end time (ms),3.353,Trunc bitonic algorithmic time (ms),1.662,474218496,exact,359464960,exact
gpu,q22_k131072_max,PASS,ok,half,bitonic,max,131072,4194304,adversarial,22131239,1,Trunc bitonic end-to-end time (ms),2.814,Trunc bitonic end-to-end time (ms),2.814,Trunc bitonic algorithmic time (ms),1.642,474218496,exact,359464960,exact
gpu,q22_k131072_max,PASS,ok,half,bitonic,max,131072,4194304,sorted,22131238,1,Trunc bitonic end-to-end time (ms),2.83,Trunc bitonic end-to-end time (ms),2.83,Trunc bitonic algorithmic time (ms),1.707,474218496,exact,359464960,exact
gpu,q22_k131072_max,PASS,ok,half,bitonic,max,131072,4194304,sorted,22131239,1,Trunc bitonic end-to-end time (ms),2.829,Trunc bitonic end-to-end time (ms),2.829,Trunc bitonic algorithmic time (ms),1.606,474218496,exact,359464960,exact
gpu,q22_k131072_max,PASS,ok,half,bitonic,max,131072,4194304,reverse,22131238,1,Trunc bitonic end-to-end time (ms),2.84,Trunc bitonic end-to-end time (ms),2.84,Trunc bitonic algorithmic time (ms),1.71,474218496,exact,359464960,exact
gpu,q22_k131072_max,PASS,ok,half,bitonic,max,131072,4194304,reverse,22131239,1,Trunc bitonic end-to-end time (ms),2.937,Trunc bitonic end-to-end time (ms),2.937,Trunc bitonic algorithmic time (ms),1.639,474218496,exact,359464960,exact
gpu,q23_k8_max,PASS,ok,half,bitonic,max,8,8388608,uniform,23000177,1,Trunc bitonic end-to-end time (ms),2.018,Trunc bitonic end-to-end time (ms),2.018,Trunc bitonic algorithmic time (ms),0.368,117440432,exact,46137324,exact
gpu,q23_k8_max,PASS,ok,half,bitonic,max,8,8388608,uniform,23000178,1,Trunc bitonic end-to-end time (ms),2.036,Trunc bitonic end-to-end time (ms),2.036,Trunc bitonic algorithmic time (ms),0.366,117440432,exact,46137324,exact
gpu,q23_k8_max,PASS,ok,half,bitonic,max,8,8388608,trimodal,23000177,1,Trunc bitonic end-to-end time (ms),2.055,Trunc bitonic end-to-end time (ms),2.055,Trunc bitonic algorithmic time (ms),0.366,117440432,exact,46137324,exact
gpu,q23_k8_max,PASS,ok,half,bitonic,max,8,8388608,trimodal,23000178,1,Trunc bitonic end-to-end time (ms),2.062,Trunc bitonic end-to-end time (ms),2.062,Trunc bitonic algorithmic time (ms),0.366,117440432,exact,46137324,exact
gpu,q23_k8_max,PASS,ok,half,bitonic,max,8,8388608,adversarial,23000177,1,Trunc bitonic end-to-end time (ms),2.107,Trunc bitonic end-to-end time (ms),2.107,Trunc bitonic algorithmic time (ms),0.387,117440432,exact,46137324,exact
gpu,q23_k8_max,PASS,ok,half,bitonic,max,8,8388608,adversarial,23000178,1,Trunc bitonic end-to-end time (ms),2.154,Trunc bitonic end-to-end time (ms),2.154,Trunc bitonic algorithmic time (ms),0.354,117440432,exact,46137324,exact
gpu,q23_k8_max,PASS,ok,half,bitonic,max,8,8388608,sorted,23000177,1,Trunc bitonic end-to-end time (ms),2.072,Trunc bitonic end-to-end time (ms),2.072,Trunc bitonic algorithmic time (ms),0.367,117440432,exact,46137324,exact
gpu,q23_k8_max,PASS,ok,half,bitonic,max,8,8388608,sorted,23000178,1,Trunc bitonic end-to-end time (ms),2.1,Trunc bitonic end-to-end time (ms),2.1,Trunc bitonic algorithmic time (ms),0.375,117440432,exact,46137324,exact
gpu,q23_k8_max,PASS,ok,half,bitonic,max,8,8388608,reverse,23000177,1,Trunc bitonic end-to-end time (ms),2.364,Trunc bitonic end-to-end time (ms),2.364,Trunc bitonic algorithmic time (ms),0.336,117440432,exact,46137324,exact
gpu,q23_k8_max,PASS,ok,half,bitonic,max,8,8388608,reverse,23000178,1,Trunc bitonic end-to-end time (ms),2.079,Trunc bitonic end-to-end time (ms),2.079,Trunc bitonic algorithmic time (ms),0.365,117440432,exact,46137324,exact
gpu,q23_k131072_max,PASS,ok,half,bitonic,max,131072,8388608,uniform,23131241,1,Trunc bitonic end-to-end time (ms),5.457,Trunc bitonic end-to-end time (ms),5.457,Trunc bitonic algorithmic time (ms),3.529,952369152,exact,720175104,exact
gpu,q23_k131072_max,PASS,ok,half,bitonic,max,131072,8388608,uniform,23131242,1,Trunc bitonic end-to-end time (ms),5.423,Trunc bitonic end-to-end time (ms),5.423,Trunc bitonic algorithmic time (ms),3.497,952369152,exact,720175104,exact
gpu,q23_k131072_max,PASS,ok,half,bitonic,max,131072,8388608,trimodal,23131241,1,Trunc bitonic end-to-end time (ms),5.459,Trunc bitonic end-to-end time (ms),5.459,Trunc bitonic algorithmic time (ms),3.456,952369152,exact,720175104,exact
gpu,q23_k131072_max,PASS,ok,half,bitonic,max,131072,8388608,trimodal,23131242,1,Trunc bitonic end-to-end time (ms),5.395,Trunc bitonic end-to-end time (ms),5.395,Trunc bitonic algorithmic time (ms),3.496,952369152,exact,720175104,exact
gpu,q23_k131072_max,PASS,ok,half,bitonic,max,131072,8388608,adversarial,23131241,1,Trunc bitonic end-to-end time (ms),5.412,Trunc bitonic end-to-end time (ms),5.412,Trunc bitonic algorithmic time (ms),3.497,952369152,exact,720175104,exact
gpu,q23_k131072_max,PASS,ok,half,bitonic,max,131072,8388608,adversarial,23131242,1,Trunc bitonic end-to-end time (ms),5.42,Trunc bitonic end-to-end time (ms),5.42,Trunc bitonic algorithmic time (ms),3.512,952369152,exact,720175104,exact
gpu,q23_k131072_max,PASS,ok,half,bitonic,max,131072,8388608,sorted,23131241,1,Trunc bitonic end-to-end time (ms),5.62,Trunc bitonic end-to-end time (ms),5.62,Trunc bitonic algorithmic time (ms),3.335,952369152,exact,720175104,exact
gpu,q23_k131072_max,PASS,ok,half,bitonic,max,131072,8388608,sorted,23131242,1,Trunc bitonic end-to-end time (ms),5.363,Trunc bitonic end-to-end time (ms),5.363,Trunc bitonic algorithmic time (ms),3.429,952369152,exact,720175104,exact
gpu,q23_k131072_max,PASS,ok,half,bitonic,max,131072,8388608,reverse,23131241,1,Trunc bitonic end-to-end time (ms),5.418,Trunc bitonic end-to-end time (ms),5.418,Trunc bitonic algorithmic time (ms),3.483,952369152,exact,720175104,exact
gpu,q23_k131072_max,PASS,ok,half,bitonic,max,131072,8388608,reverse,23131242,1,Trunc bitonic end-to-end time (ms),5.52,Trunc bitonic end-to-end time (ms),5.52,Trunc bitonic algorithmic time (ms),3.372,952369152,exact,720175104,exact
gpu,q24_k8_max,PASS,ok,half,bitonic,max,8,16777216,uniform,24000180,1,Trunc bitonic end-to-end time (ms),4.188,Trunc bitonic end-to-end time (ms),4.188,Trunc bitonic algorithmic time (ms),0.807,234880944,exact,92274668,exact
gpu,q24_k8_max,PASS,ok,half,bitonic,max,8,16777216,uniform,24000181,1,Trunc bitonic end-to-end time (ms),4.34,Trunc bitonic end-to-end time (ms),4.34,Trunc bitonic algorithmic time (ms),0.754,234880944,exact,92274668,exact
gpu,q24_k8_max,PASS,ok,half,bitonic,max,8,16777216,trimodal,24000180,1,Trunc bitonic end-to-end time (ms),4.857,Trunc bitonic end-to-end time (ms),4.857,Trunc bitonic algorithmic time (ms),0.748,234880944,exact,92274668,exact
gpu,q24_k8_max,PASS,ok,half,bitonic,max,8,16777216,trimodal,24000181,1,Trunc bitonic end-to-end time (ms),4.306,Trunc bitonic end-to-end time (ms),4.306,Trunc bitonic algorithmic time (ms),0.748,234880944,exact,92274668,exact
gpu,q24_k8_max,PASS,ok,half,bitonic,max,8,16777216,adversarial,24000180,1,Trunc bitonic end-to-end time (ms),4.618,Trunc bitonic end-to-end time (ms),4.618,Trunc bitonic algorithmic time (ms),0.75,234880944,exact,92274668,exact
gpu,q24_k8_max,PASS,ok,half,bitonic,max,8,16777216,adversarial,24000181,1,Trunc bitonic end-to-end time (ms),4.596,Trunc bitonic end-to-end time (ms),4.596,Trunc bitonic algorithmic time (ms),0.751,234880944,exact,92274668,exact
gpu,q24_k8_max,PASS,ok,half,bitonic,max,8,16777216,sorted,24000180,1,Trunc bitonic end-to-end time (ms),4.704,Trunc bitonic end-to-end time (ms),4.704,Trunc bitonic algorithmic time (ms),0.744,234880944,exact,92274668,exact
gpu,q24_k8_max,PASS,ok,half,bitonic,max,8,16777216,sorted,24000181,1,Trunc bitonic end-to-end time (ms),4.369,Trunc bitonic end-to-end time (ms),4.369,Trunc bitonic algorithmic time (ms),0.75,234880944,exact,92274668,exact
gpu,q24_k8_max,PASS,ok,half,bitonic,max,8,16777216,reverse,24000180,1,Trunc bitonic end-to-end time (ms),4.727,Trunc bitonic end-to-end time (ms),4.727,Trunc bitonic algorithmic time (ms),0.745,234880944,exact,92274668,exact
gpu,q24_k8_max,PASS,ok,half,bitonic,max,8,16777216,reverse,24000181,1,Trunc bitonic end-to-end time (ms),4.402,Trunc bitonic end-to-end time (ms),4.402,Trunc bitonic algorithmic time (ms),0.747,234880944,exact,92274668,exact
gpu,q24_k131072_max,PASS,ok,half,bitonic,max,131072,16777216,uniform,24131244,1,Trunc bitonic end-to-end time (ms),11.612,Trunc bitonic end-to-end time (ms),11.612,Trunc bitonic algorithmic time (ms),7.837,1908670464,exact,1441595392,exact
gpu,q24_k131072_max,PASS,ok,half,bitonic,max,131072,16777216,uniform,24131245,1,Trunc bitonic end-to-end time (ms),11.375,Trunc bitonic end-to-end time (ms),11.375,Trunc bitonic algorithmic time (ms),7.738,1908670464,exact,1441595392,exact
gpu,q24_k131072_max,PASS,ok,half,bitonic,max,131072,16777216,trimodal,24131244,1,Trunc bitonic end-to-end time (ms),11.465,Trunc bitonic end-to-end time (ms),11.465,Trunc bitonic algorithmic time (ms),7.681,1908670464,exact,1441595392,exact
gpu,q24_k131072_max,PASS,ok,half,bitonic,max,131072,16777216,trimodal,24131245,1,Trunc bitonic end-to-end time (ms),11.542,Trunc bitonic end-to-end time (ms),11.542,Trunc bitonic algorithmic time (ms),7.684,1908670464,exact,1441595392,exact
gpu,q24_k131072_max,PASS,ok,half,bitonic,max,131072,16777216,adversarial,24131244,1,Trunc bitonic end-to-end time (ms),11.352,Trunc bitonic end-to-end time (ms),11.352,Trunc bitonic algorithmic time (ms),7.714,1908670464,exact,1441595392,exact
gpu,q24_k131072_max,PASS,ok,half,bitonic,max,131072,16777216,adversarial,24131245,1,Trunc bitonic end-to-end time (ms),11.458,Trunc bitonic end-to-end time (ms),11.458,Trunc bitonic algorithmic time (ms),7.703,1908670464,exact,1441595392,exact
gpu,q24_k131072_max,PASS,ok,half,bitonic,max,131072,16777216,sorted,24131244,1,Trunc bitonic end-to-end time (ms),11.409,Trunc bitonic end-to-end time (ms),11.409,Trunc bitonic algorithmic time (ms),7.614,1908670464,exact,1441595392,exact
gpu,q24_k131072_max,PASS,ok,half,bitonic,max,131072,16777216,sorted,24131245,1,Trunc bitonic end-to-end time (ms),11.369,Trunc bitonic end-to-end time (ms),11.369,Trunc bitonic algorithmic time (ms),7.61,1908670464,exact,1441595392,exact
gpu,q24_k131072_max,PASS,ok,half,bitonic,max,131072,16777216,reverse,24131244,1,Trunc bitonic end-to-end time (ms),11.363,Trunc bitonic end-to-end time (ms),11.363,Trunc bitonic algorithmic time (ms),7.619,1908670464,exact,1441595392,exact
gpu,q24_k131072_max,PASS,ok,half,bitonic,max,131072,16777216,reverse,24131245,1,Trunc bitonic end-to-end time (ms),11.279,Trunc bitonic end-to-end time (ms),11.279,Trunc bitonic algorithmic time (ms),7.624,1908670464,exact,1441595392,exact
gpu,q20_k8_max,PASS,ok,half,map_reduce,max,8,1048576,uniform,20000168,1,Map-reduce top-k end-to-end time (ms),0.661,Map-reduce top-k end-to-end time (ms),0.661,Map-reduce top-k algorithmic time (ms),0.161,3377600,exact,1048576,lower-bound
gpu,q20_k8_max,PASS,ok,half,map_reduce,max,8,1048576,uniform,20000169,1,Map-reduce top-k end-to-end time (ms),0.606,Map-reduce top-k end-to-end time (ms),0.606,Map-reduce top-k algorithmic time (ms),0.114,3377600,exact,1048576,lower-bound
gpu,q20_k8_max,PASS,ok,half,map_reduce,max,8,1048576,trimodal,20000168,1,Map-reduce top-k end-to-end time (ms),0.604,Map-reduce top-k end-to-end time (ms),0.604,Map-reduce top-k algorithmic time (ms),0.113,3377600,exact,1048576,lower-bound
gpu,q20_k8_max,PASS,ok,half,map_reduce,max,8,1048576,trimodal,20000169,1,Map-reduce top-k end-to-end time (ms),0.603,Map-reduce top-k end-to-end time (ms),0.603,Map-reduce top-k algorithmic time (ms),0.113,3377600,exact,1048576,lower-bound
gpu,q20_k8_max,PASS,ok,half,map_reduce,max,8,1048576,adversarial,20000168,1,Map-reduce top-k end-to-end time (ms),0.605,Map-reduce top-k end-to-end time (ms),0.605,Map-reduce top-k algorithmic time (ms),0.112,3377600,exact,1048576,lower-bound
gpu,q20_k8_max,PASS,ok,half,map_reduce,max,8,1048576,adversarial,20000169,1,Map-reduce top-k end-to-end time (ms),0.6,Map-reduce top-k end-to-end time (ms),0.6,Map-reduce top-k algorithmic time (ms),0.111,3377600,exact,1048576,lower-bound
gpu,q20_k8_max,PASS,ok,half,map_reduce,max,8,1048576,sorted,20000168,1,Map-reduce top-k end-to-end time (ms),0.593,Map-reduce top-k end-to-end time (ms),0.593,Map-reduce top-k algorithmic time (ms),0.106,3377600,exact,1048576,lower-bound
gpu,q20_k8_max,PASS,ok,half,map_reduce,max,8,1048576,sorted,20000169,1,Map-reduce top-k end-to-end time (ms),0.593,Map-reduce top-k end-to-end time (ms),0.593,Map-reduce top-k algorithmic time (ms),0.106,3377600,exact,1048576,lower-bound
gpu,q20_k8_max,PASS,ok,half,map_reduce,max,8,1048576,reverse,20000168,1,Map-reduce top-k end-to-end time (ms),0.54,Map-reduce top-k end-to-end time (ms),0.54,Map-reduce top-k algorithmic time (ms),0.052,3377600,exact,1048576,lower-bound
gpu,q20_k8_max,PASS,ok,half,map_reduce,max,8,1048576,reverse,20000169,1,Map-reduce top-k end-to-end time (ms),0.545,Map-reduce top-k end-to-end time (ms),0.545,Map-reduce top-k algorithmic time (ms),0.052,3377600,exact,1048576,lower-bound
gpu,q20_k131072_max,PASS,ok,half,map_reduce,max,131072,1048576,uniform,20131232,1,Map-reduce top-k end-to-end time (ms),44.992,Map-reduce top-k end-to-end time (ms),44.992,Map-reduce top-k algorithmic time (ms),25.811,8388608,exact,1048576,lower-bound
gpu,q20_k131072_max,PASS,ok,half,map_reduce,max,131072,1048576,uniform,20131233,1,Map-reduce top-k end-to-end time (ms),49.779,Map-reduce top-k end-to-end time (ms),49.779,Map-reduce top-k algorithmic time (ms),25.798,8388608,exact,1048576,lower-bound
gpu,q20_k131072_max,PASS,ok,half,map_reduce,max,131072,1048576,trimodal,20131232,1,Map-reduce top-k end-to-end time (ms),45.946,Map-reduce top-k end-to-end time (ms),45.946,Map-reduce top-k algorithmic time (ms),25.787,8388608,exact,1048576,lower-bound
gpu,q20_k131072_max,PASS,ok,half,map_reduce,max,131072,1048576,trimodal,20131233,1,Map-reduce top-k end-to-end time (ms),47.259,Map-reduce top-k end-to-end time (ms),47.259,Map-reduce top-k algorithmic time (ms),25.783,8388608,exact,1048576,lower-bound
gpu,q20_k131072_max,PASS,ok,half,map_reduce,max,131072,1048576,adversarial,20131232,1,Map-reduce top-k end-to-end time (ms),44.882,Map-reduce top-k end-to-end time (ms),44.882,Map-reduce top-k algorithmic time (ms),25.905,8388608,exact,1048576,lower-bound
gpu,q20_k131072_max,PASS,ok,half,map_reduce,max,131072,1048576,adversarial,20131233,1,Map-reduce top-k end-to-end time (ms),48.368,Map-reduce top-k end-to-end time (ms),48.368,Map-reduce top-k algorithmic time (ms),25.879,8388608,exact,1048576,lower-bound
gpu,q20_k131072_max,PASS,ok,half,map_reduce,max,131072,1048576,sorted,20131232,1,Map-reduce top-k end-to-end time (ms),43.493,Map-reduce top-k end-to-end time (ms),43.493,Map-reduce top-k algorithmic time (ms),23.512,8388608,exact,1048576,lower-bound
gpu,q20_k131072_max,PASS,ok,half,map_reduce,max,131072,1048576,sorted,20131233,1,Map-reduce top-k end-to-end time (ms),50.612,Map-reduce top-k end-to-end time (ms),50.612,Map-reduce top-k algorithmic time (ms),23.509,8388608,exact,1048576,lower-bound
gpu,q20_k131072_max,PASS,ok,half,map_reduce,max,131072,1048576,reverse,20131232,1,Map-reduce top-k end-to-end time (ms),39.192,Map-reduce top-k end-to-end time (ms),39.192,Map-reduce top-k algorithmic time (ms),23.391,8388608,exact,1048576,lower-bound
gpu,q20_k131072_max,PASS,ok,half,map_reduce,max,131072,1048576,reverse,20131233,1,Map-reduce top-k end-to-end time (ms),39.184,Map-reduce top-k end-to-end time (ms),39.184,Map-reduce top-k algorithmic time (ms),23.392,8388608,exact,1048576,lower-bound
gpu,q21_k8_max,PASS,ok,half,map_reduce,max,8,2097152,uniform,21000171,1,Map-reduce top-k end-to-end time (ms),0.777,Map-reduce top-k end-to-end time (ms),0.777,Map-reduce top-k algorithmic time (ms),0.143,5474752,exact,2097152,lower-bound
gpu,q21_k8_max,PASS,ok,half,map_reduce,max,8,2097152,uniform,21000172,1,Map-reduce top-k end-to-end time (ms),0.773,Map-reduce top-k end-to-end time (ms),0.773,Map-reduce top-k algorithmic time (ms),0.143,5474752,exact,2097152,lower-bound
gpu,q21_k8_max,PASS,ok,half,map_reduce,max,8,2097152,trimodal,21000171,1,Map-reduce top-k end-to-end time (ms),0.779,Map-reduce top-k end-to-end time (ms),0.779,Map-reduce top-k algorithmic time (ms),0.143,5474752,exact,2097152,lower-bound
gpu,q21_k8_max,PASS,ok,half,map_reduce,max,8,2097152,trimodal,21000172,1,Map-reduce top-k end-to-end time (ms),0.777,Map-reduce top-k end-to-end time (ms),0.777,Map-reduce top-k algorithmic time (ms),0.143,5474752,exact,2097152,lower-bound
gpu,q21_k8_max,PASS,ok,half,map_reduce,max,8,2097152,adversarial,21000171,1,Map-reduce top-k end-to-end time (ms),0.78,Map-reduce top-k end-to-end time (ms),0.78,Map-reduce top-k algorithmic time (ms),0.143,5474752,exact,2097152,lower-bound
gpu,q21_k8_max,PASS,ok,half,map_reduce,max,8,2097152,adversarial,21000172,1,Map-reduce top-k end-to-end time (ms),0.773,Map-reduce top-k end-to-end time (ms),0.773,Map-reduce top-k algorithmic time (ms),0.143,5474752,exact,2097152,lower-bound
gpu,q21_k8_max,PASS,ok,half,map_reduce,max,8,2097152,sorted,21000171,1,Map-reduce top-k end-to-end time (ms),0.811,Map-reduce top-k end-to-end time (ms),0.811,Map-reduce top-k algorithmic time (ms),0.176,5474752,exact,2097152,lower-bound
gpu,q21_k8_max,PASS,ok,half,map_reduce,max,8,2097152,sorted,21000172,1,Map-reduce top-k end-to-end time (ms),0.808,Map-reduce top-k end-to-end time (ms),0.808,Map-reduce top-k algorithmic time (ms),0.176,5474752,exact,2097152,lower-bound
gpu,q21_k8_max,PASS,ok,half,map_reduce,max,8,2097152,reverse,21000171,1,Map-reduce top-k end-to-end time (ms),0.678,Map-reduce top-k end-to-end time (ms),0.678,Map-reduce top-k algorithmic time (ms),0.055,5474752,exact,2097152,lower-bound
gpu,q21_k8_max,PASS,ok,half,map_reduce,max,8,2097152,reverse,21000172,1,Map-reduce top-k end-to-end time (ms),0.68,Map-reduce top-k end-to-end time (ms),0.68,Map-reduce top-k algorithmic time (ms),0.056,5474752,exact,2097152,lower-bound
gpu,q21_k131072_max,PASS,ok,half,map_reduce,max,131072,2097152,uniform,21131235,1,Map-reduce top-k end-to-end time (ms),184.97,Map-reduce top-k end-to-end time (ms),184.97,Map-reduce top-k algorithmic time (ms),168.827,14680064,exact,2097152,lower-bound
gpu,q21_k131072_max,PASS,ok,half,map_reduce,max,131072,2097152,uniform,21131236,1,Map-reduce top-k end-to-end time (ms),189.903,Map-reduce top-k end-to-end time (ms),189.903,Map-reduce top-k algorithmic time (ms),168.844,14680064,exact,2097152,lower-bound
gpu,q21_k131072_max,PASS,ok,half,map_reduce,max,131072,2097152,trimodal,21131235,1,Map-reduce top-k end-to-end time (ms),192.803,Map-reduce top-k end-to-end time (ms),192.803,Map-reduce top-k algorithmic time (ms),169.773,14680064,exact,2097152,lower-bound
gpu,q21_k131072_max,PASS,ok,half,map_reduce,max,131072,2097152,trimodal,21131236,1,Map-reduce top-k end-to-end time (ms),196.21,Map-reduce top-k end-to-end time (ms),196.21,Map-reduce top-k algorithmic time (ms),169.68,14680064,exact,2097152,lower-bound
gpu,q21_k131072_max,PASS,ok,half,map_reduce,max,131072,2097152,adversarial,21131235,1,Map-reduce top-k end-to-end time (ms),184.881,Map-reduce top-k end-to-end time (ms),184.881,Map-reduce top-k algorithmic time (ms),168.525,14680064,exact,2097152,lower-bound
gpu,q21_k131072_max,PASS,ok,half,map_reduce,max,131072,2097152,adversarial,21131236,1,Map-reduce top-k end-to-end time (ms),192.957,Map-reduce top-k end-to-end time (ms),192.957,Map-reduce top-k algorithmic time (ms),168.668,14680064,exact,2097152,lower-bound
gpu,q21_k131072_max,PASS,ok,half,map_reduce,max,131072,2097152,sorted,21131235,1,Map-reduce top-k end-to-end time (ms),177.713,Map-reduce top-k end-to-end time (ms),177.713,Map-reduce top-k algorithmic time (ms),152.827,14680064,exact,2097152,lower-bound
gpu,q21_k131072_max,PASS,ok,half,map_reduce,max,131072,2097152,sorted,21131236,1,Map-reduce top-k end-to-end time (ms),175.114,Map-reduce top-k end-to-end time (ms),175.114,Map-reduce top-k algorithmic time (ms),152.842,14680064,exact,2097152,lower-bound
gpu,q21_k131072_max,PASS,ok,half,map_reduce,max,131072,2097152,reverse,21131235,1,Map-reduce top-k end-to-end time (ms),174.88,Map-reduce top-k end-to-end time (ms),174.88,Map-reduce top-k algorithmic time (ms),151.278,14680064,exact,2097152,lower-bound
gpu,q21_k131072_max,PASS,ok,half,map_reduce,max,131072,2097152,reverse,21131236,1,Map-reduce top-k end-to-end time (ms),177.24,Map-reduce top-k end-to-end time (ms),177.24,Map-reduce top-k algorithmic time (ms),151.577,14680064,exact,2097152,lower-bound
gpu,q22_k8_max,PASS,ok,half,map_reduce,max,8,4194304,uniform,22000174,1,Map-reduce top-k end-to-end time (ms),1.09,Map-reduce top-k end-to-end time (ms),1.09,Map-reduce top-k algorithmic time (ms),0.18,9669056,exact,4194304,lower-bound
gpu,q22_k8_max,PASS,ok,half,map_reduce,max,8,4194304,uniform,22000175,1,Map-reduce top-k end-to-end time (ms),1.1,Map-reduce top-k end-to-end time (ms),1.1,Map-reduce top-k algorithmic time (ms),0.18,9669056,exact,4194304,lower-bound
gpu,q22_k8_max,PASS,ok,half,map_reduce,max,8,4194304,trimodal,22000174,1,Map-reduce top-k end-to-end time (ms),1.175,Map-reduce top-k end-to-end time (ms),1.175,Map-reduce top-k algorithmic time (ms),0.257,9669056,exact,4194304,lower-bound
gpu,q22_k8_max,PASS,ok,half,map_reduce,max,8,4194304,trimodal,22000175,1,Map-reduce top-k end-to-end time (ms),1.179,Map-reduce top-k end-to-end time (ms),1.179,Map-reduce top-k algorithmic time (ms),0.254,9669056,exact,4194304,lower-bound
gpu,q22_k8_max,PASS,ok,half,map_reduce,max,8,4194304,adversarial,22000174,1,Map-reduce top-k end-to-end time (ms),1.087,Map-reduce top-k end-to-end time (ms),1.087,Map-reduce top-k algorithmic time (ms),0.18,9669056,exact,4194304,lower-bound
gpu,q22_k8_max,PASS,ok,half,map_reduce,max,8,4194304,adversarial,22000175,1,Map-reduce top-k end-to-end time (ms),1.255,Map-reduce top-k end-to-end time (ms),1.255,Map-reduce top-k algorithmic time (ms),0.331,9669056,exact,4194304,lower-bound
gpu,q22_k8_max,PASS,ok,half,map_reduce,max,8,4194304,sorted,22000174,1,Map-reduce top-k end-to-end time (ms),1.371,Map-reduce top-k end-to-end time (ms),1.371,Map-reduce top-k algorithmic time (ms),0.452,9669056,exact,4194304,lower-bound
gpu,q22_k8_max,PASS,ok,half,map_reduce,max,8,4194304,sorted,22000175,1,Map-reduce top-k end-to-end time (ms),1.437,Map-reduce top-k end-to-end time (ms),1.437,Map-reduce top-k algorithmic time (ms),0.496,9669056,exact,4194304,lower-bound
gpu,q22_k8_max,PASS,ok,half,map_reduce,max,8,4194304,reverse,22000174,1,Map-reduce top-k end-to-end time (ms),0.972,Map-reduce top-k end-to-end time (ms),0.972,Map-reduce top-k algorithmic time (ms),0.062,9669056,exact,4194304,lower-bound
gpu,q22_k8_max,PASS,ok,half,map_reduce,max,8,4194304,reverse,22000175,1,Map-reduce top-k end-to-end time (ms),0.97,Map-reduce top-k end-to-end time (ms),0.97,Map-reduce top-k algorithmic time (ms),0.063,9669056,exact,4194304,lower-bound
gpu,q22_k131072_max,PASS,ok,half,map_reduce,max,131072,4194304,uniform,22131238,1,Map-reduce top-k end-to-end time (ms),347.626,Map-reduce top-k end-to-end time (ms),347.626,Map-reduce top-k algorithmic time (ms),324.281,27262976,exact,4194304,lower-bound
gpu,q22_k131072_max,PASS,ok,half,map_reduce,max,131072,4194304,uniform,22131239,1,Map-reduce top-k end-to-end time (ms),343.089,Map-reduce top-k end-to-end time (ms),343.089,Map-reduce top-k algorithmic time (ms),323.931,27262976,exact,4194304,lower-bound
gpu,q22_k131072_max,PASS,ok,half,map_reduce,max,131072,4194304,trimodal,22131238,1,Map-reduce top-k end-to-end time (ms),349.293,Map-reduce top-k end-to-end time (ms),349.293,Map-reduce top-k algorithmic time (ms),328.979,27262976,exact,4194304,lower-bound
gpu,q22_k131072_max,PASS,ok,half,map_reduce,max,131072,4194304,trimodal,22131239,1,Map-reduce top-k end-to-end time (ms),352.766,Map-reduce top-k end-to-end time (ms),352.766,Map-reduce top-k algorithmic time (ms),329.07,27262976,exact,4194304,lower-bound
gpu,q22_k131072_max,PASS,ok,half,map_reduce,max,131072,4194304,adversarial,22131238,1,Map-reduce top-k end-to-end time (ms),342.249,Map-reduce top-k end-to-end time (ms),342.249,Map-reduce top-k algorithmic time (ms),324.299,27262976,exact,4194304,lower-bound
gpu,q22_k131072_max,PASS,ok,half,map_reduce,max,131072,4194304,adversarial,22131239,1,Map-reduce top-k end-to-end time (ms),342.558,Map-reduce top-k end-to-end time (ms),342.558,Map-reduce top-k algorithmic time (ms),324.015,27262976,exact,4194304,lower-bound
gpu,q22_k131072_max,PASS,ok,half,map_reduce,max,131072,4194304,sorted,22131238,1,Map-reduce top-k end-to-end time (ms),319.185,Map-reduce top-k end-to-end time (ms),319.185,Map-reduce top-k algorithmic time (ms),298.757,27262976,exact,4194304,lower-bound
gpu,q22_k131072_max,PASS,ok,half,map_reduce,max,131072,4194304,sorted,22131239,1,Map-reduce top-k end-to-end time (ms),317.134,Map-reduce top-k end-to-end time (ms),317.134,Map-reduce top-k algorithmic time (ms),298.903,27262976,exact,4194304,lower-bound
gpu,q22_k131072_max,PASS,ok,half,map_reduce,max,131072,4194304,reverse,22131238,1,Map-reduce top-k end-to-end time (ms),310.88,Map-reduce top-k end-to-end time (ms),310.88,Map-reduce top-k algorithmic time (ms),294.772,27262976,exact,4194304,lower-bound
gpu,q22_k131072_max,PASS,ok,half,map_reduce,max,131072,4194304,reverse,22131239,1,Map-reduce top-k end-to-end time (ms),313.912,Map-reduce top-k end-to-end time (ms),313.912,Map-reduce top-k algorithmic time (ms),294.92,27262976,exact,4194304,lower-bound
gpu,q23_k8_max,PASS,ok,half,map_reduce,max,8,8388608,uniform,23000177,1,Map-reduce top-k end-to-end time (ms),1.804,Map-reduce top-k end-to-end time (ms),1.804,Map-reduce top-k algorithmic time (ms),0.272,18057664,exact,8388608,lower-bound
gpu,q23_k8_max,PASS,ok,half,map_reduce,max,8,8388608,uniform,23000178,1,Map-reduce top-k end-to-end time (ms),1.799,Map-reduce top-k end-to-end time (ms),1.799,Map-reduce top-k algorithmic time (ms),0.271,18057664,exact,8388608,lower-bound
gpu,q23_k8_max,PASS,ok,half,map_reduce,max,8,8388608,trimodal,23000177,1,Map-reduce top-k end-to-end time (ms),2.295,Map-reduce top-k end-to-end time (ms),2.295,Map-reduce top-k algorithmic time (ms),0.754,18057664,exact,8388608,lower-bound
gpu,q23_k8_max,PASS,ok,half,map_reduce,max,8,8388608,trimodal,23000178,1,Map-reduce top-k end-to-end time (ms),2.172,Map-reduce top-k end-to-end time (ms),2.172,Map-reduce top-k algorithmic time (ms),0.637,18057664,exact,8388608,lower-bound
gpu,q23_k8_max,PASS,ok,half,map_reduce,max,8,8388608,adversarial,23000177,1,Map-reduce top-k end-to-end time (ms),1.821,Map-reduce top-k end-to-end time (ms),1.821,Map-reduce top-k algorithmic time (ms),0.29,18057664,exact,8388608,lower-bound
gpu,q23_k8_max,PASS,ok,half,map_reduce,max,8,8388608,adversarial,23000178,1,Map-reduce top-k end-to-end time (ms),1.861,Map-reduce top-k end-to-end time (ms),1.861,Map-reduce top-k algorithmic time (ms),0.321,18057664,exact,8388608,lower-bound
gpu,q23_k8_max,PASS,ok,half,map_reduce,max,8,8388608,sorted,23000177,1,Map-reduce top-k end-to-end time (ms),2.256,Map-reduce top-k end-to-end time (ms),2.256,Map-reduce top-k algorithmic time (ms),0.717,18057664,exact,8388608,lower-bound
gpu,q23_k8_max,PASS,ok,half,map_reduce,max,8,8388608,sorted,23000178,1,Map-reduce top-k end-to-end time (ms),2.244,Map-reduce top-k end-to-end time (ms),2.244,Map-reduce top-k algorithmic time (ms),0.673,18057664,exact,8388608,lower-bound
gpu,q23_k8_max,PASS,ok,half,map_reduce,max,8,8388608,reverse,23000177,1,Map-reduce top-k end-to-end time (ms),1.658,Map-reduce top-k end-to-end time (ms),1.658,Map-reduce top-k algorithmic time (ms),0.121,18057664,exact,8388608,lower-bound
gpu,q23_k8_max,PASS,ok,half,map_reduce,max,8,8388608,reverse,23000178,1,Map-reduce top-k end-to-end time (ms),1.636,Map-reduce top-k end-to-end time (ms),1.636,Map-reduce top-k algorithmic time (ms),0.109,18057664,exact,8388608,lower-bound
gpu,q23_k131072_max,PASS,ok,half,map_reduce,max,131072,8388608,uniform,23131241,1,Map-reduce top-k end-to-end time (ms),519.954,Map-reduce top-k end-to-end time (ms),519.954,Map-reduce top-k algorithmic time (ms),500.872,52428800,exact,8388608,lower-bound
gpu,q23_k131072_max,PASS,ok,half,map_reduce,max,131072,8388608,uniform,23131242,1,Map-reduce top-k end-to-end time (ms),518.896,Map-reduce top-k end-to-end time (ms),518.896,Map-reduce top-k algorithmic time (ms),500.443,52428800,exact,8388608,lower-bound
gpu,q23_k131072_max,PASS,ok,half,map_reduce,max,131072,8388608,trimodal,23131241,1,Map-reduce top-k end-to-end time (ms),518.584,Map-reduce top-k end-to-end time (ms),518.584,Map-reduce top-k algorithmic time (ms),500.849,52428800,exact,8388608,lower-bound
gpu,q23_k131072_max,PASS,ok,half,map_reduce,max,131072,8388608,trimodal,23131242,1,Map-reduce top-k end-to-end time (ms),520.741,Map-reduce top-k end-to-end time (ms),520.741,Map-reduce top-k algorithmic time (ms),500.539,52428800,exact,8388608,lower-bound
gpu,q23_k131072_max,PASS,ok,half,map_reduce,max,131072,8388608,adversarial,23131241,1,Map-reduce top-k end-to-end time (ms),523.832,Map-reduce top-k end-to-end time (ms),523.832,Map-reduce top-k algorithmic time (ms),502.098,52428800,exact,8388608,lower-bound
gpu,q23_k131072_max,PASS,ok,half,map_reduce,max,131072,8388608,adversarial,23131242,1,Map-reduce top-k end-to-end time (ms),520.834,Map-reduce top-k end-to-end time (ms),520.834,Map-reduce top-k algorithmic time (ms),501.537,52428800,exact,8388608,lower-bound
gpu,q23_k131072_max,PASS,ok,half,map_reduce,max,131072,8388608,sorted,23131241,1,Map-reduce top-k end-to-end time (ms),494.176,Map-reduce top-k end-to-end time (ms),494.176,Map-reduce top-k algorithmic time (ms),468.761,52428800,exact,8388608,lower-bound
gpu,q23_k131072_max,PASS,ok,half,map_reduce,max,131072,8388608,sorted,23131242,1,Map-reduce top-k end-to-end time (ms),487.882,Map-reduce top-k end-to-end time (ms),487.882,Map-reduce top-k algorithmic time (ms),468.692,52428800,exact,8388608,lower-bound
gpu,q23_k131072_max,PASS,ok,half,map_reduce,max,131072,8388608,reverse,23131241,1,Map-reduce top-k end-to-end time (ms),478.98,Map-reduce top-k end-to-end time (ms),478.98,Map-reduce top-k algorithmic time (ms),461.806,52428800,exact,8388608,lower-bound
gpu,q23_k131072_max,PASS,ok,half,map_reduce,max,131072,8388608,reverse,23131242,1,Map-reduce top-k end-to-end time (ms),481.944,Map-reduce top-k end-to-end time (ms),481.944,Map-reduce top-k algorithmic time (ms),461.738,52428800,exact,8388608,lower-bound
gpu,q24_k8_max,PASS,ok,half,map_reduce,max,8,16777216,uniform,24000180,1,Map-reduce top-k end-to-end time (ms),3.106,Map-reduce top-k end-to-end time (ms),3.106,Map-reduce top-k algorithmic time (ms),0.372,34834880,exact,16777216,lower-bound
gpu,q24_k8_max,PASS,ok,half,map_reduce,max,8,16777216,uniform,24000181,1,Map-reduce top-k end-to-end time (ms),3.224,Map-reduce top-k end-to-end time (ms),3.224,Map-reduce top-k algorithmic time (ms),0.471,34834880,exact,16777216,lower-bound
gpu,q24_k8_max,PASS,ok,half,map_reduce,max,8,16777216,trimodal,24000180,1,Map-reduce top-k end-to-end time (ms),3.334,Map-reduce top-k end-to-end time (ms),3.334,Map-reduce top-k algorithmic time (ms),0.585,34834880,exact,16777216,lower-bound
gpu,q24_k8_max,PASS,ok,half,map_reduce,max,8,16777216,trimodal,24000181,1,Map-reduce top-k end-to-end time (ms),3.425,Map-reduce top-k end-to-end time (ms),3.425,Map-reduce top-k algorithmic time (ms),0.67,34834880,exact,16777216,lower-bound
gpu,q24_k8_max,PASS,ok,half,map_reduce,max,8,16777216,adversarial,24000180,1,Map-reduce top-k end-to-end time (ms),3.238,Map-reduce top-k end-to-end time (ms),3.238,Map-reduce top-k algorithmic time (ms),0.498,34834880,exact,16777216,lower-bound
gpu,q24_k8_max,PASS,ok,half,map_reduce,max,8,16777216,adversarial,24000181,1,Map-reduce top-k end-to-end time (ms),3.505,Map-reduce top-k end-to-end time (ms),3.505,Map-reduce top-k algorithmic time (ms),0.746,34834880,exact,16777216,lower-bound
gpu,q24_k8_max,PASS,ok,half,map_reduce,max,8,16777216,sorted,24000180,1,Map-reduce top-k end-to-end time (ms),4.129,Map-reduce top-k end-to-end time (ms),4.129,Map-reduce top-k algorithmic time (ms),1.371,34834880,exact,16777216,lower-bound
gpu,q24_k8_max,PASS,ok,half,map_reduce,max,8,16777216,sorted,24000181,1,Map-reduce top-k end-to-end time (ms),3.991,Map-reduce top-k end-to-end time (ms),3.991,Map-reduce top-k algorithmic time (ms),1.254,34834880,exact,16777216,lower-bound
gpu,q24_k8_max,PASS,ok,half,map_reduce,max,8,16777216,reverse,24000180,1,Map-reduce top-k end-to-end time (ms),3.34,Map-reduce top-k end-to-end time (ms),3.34,Map-reduce top-k algorithmic time (ms),0.585,34834880,exact,16777216,lower-bound
gpu,q24_k8_max,PASS,ok,half,map_reduce,max,8,16777216,reverse,24000181,1,Map-reduce top-k end-to-end time (ms),2.914,Map-reduce top-k end-to-end time (ms),2.914,Map-reduce top-k algorithmic time (ms),0.174,34834880,exact,16777216,lower-bound
gpu,q24_k131072_max,PASS,ok,half,map_reduce,max,131072,16777216,uniform,24131244,1,Map-reduce top-k end-to-end time (ms),741.673,Map-reduce top-k end-to-end time (ms),741.673,Map-reduce top-k algorithmic time (ms),717.023,102760448,exact,16777216,lower-bound
gpu,q24_k131072_max,PASS,ok,half,map_reduce,max,131072,16777216,uniform,24131245,1,Map-reduce top-k end-to-end time (ms),738.868,Map-reduce top-k end-to-end time (ms),738.868,Map-reduce top-k algorithmic time (ms),718.354,102760448,exact,16777216,lower-bound
gpu,q24_k131072_max,PASS,ok,half,map_reduce,max,131072,16777216,trimodal,24131244,1,Map-reduce top-k end-to-end time (ms),724.702,Map-reduce top-k end-to-end time (ms),724.702,Map-reduce top-k algorithmic time (ms),703.15,102760448,exact,16777216,lower-bound
gpu,q24_k131072_max,PASS,ok,half,map_reduce,max,131072,16777216,trimodal,24131245,1,Map-reduce top-k end-to-end time (ms),729.955,Map-reduce top-k end-to-end time (ms),729.955,Map-reduce top-k algorithmic time (ms),702.425,102760448,exact,16777216,lower-bound
gpu,q24_k131072_max,PASS,ok,half,map_reduce,max,131072,16777216,adversarial,24131244,1,Map-reduce top-k end-to-end time (ms),742.941,Map-reduce top-k end-to-end time (ms),742.941,Map-reduce top-k algorithmic time (ms),718.818,102760448,exact,16777216,lower-bound
gpu,q24_k131072_max,PASS,ok,half,map_reduce,max,131072,16777216,adversarial,24131245,1,Map-reduce top-k end-to-end time (ms),740.716,Map-reduce top-k end-to-end time (ms),740.716,Map-reduce top-k algorithmic time (ms),718.33,102760448,exact,16777216,lower-bound
gpu,q24_k131072_max,PASS,ok,half,map_reduce,max,131072,16777216,sorted,24131244,1,Map-reduce top-k end-to-end time (ms),691.97,Map-reduce top-k end-to-end time (ms),691.97,Map-reduce top-k algorithmic time (ms),673.982,102760448,exact,16777216,lower-bound
gpu,q24_k131072_max,PASS,ok,half,map_reduce,max,131072,16777216,sorted,24131245,1,Map-reduce top-k end-to-end time (ms),696.631,Map-reduce top-k end-to-end time (ms),696.631,Map-reduce top-k algorithmic time (ms),673.812,102760448,exact,16777216,lower-bound
gpu,q24_k131072_max,PASS,ok,half,map_reduce,max,131072,16777216,reverse,24131244,1,Map-reduce top-k end-to-end time (ms),684.506,Map-reduce top-k end-to-end time (ms),684.506,Map-reduce top-k algorithmic time (ms),662.331,102760448,exact,16777216,lower-bound
gpu,q24_k131072_max,PASS,ok,half,map_reduce,max,131072,16777216,reverse,24131245,1,Map-reduce top-k end-to-end time (ms),685.112,Map-reduce top-k end-to-end time (ms),685.112,Map-reduce top-k algorithmic time (ms),662.162,102760448,exact,16777216,lower-bound
gpu,q20_k8_max,PASS,ok,half,gt,max,8,1048576,uniform,20000168,1,Ground truth end-to-end time (ms),0.555,Ground truth end-to-end time (ms),0.555,Ground truth algorithmic time (ms),0.053,2097168,lower-bound,1048576,lower-bound
gpu,q20_k8_max,PASS,ok,half,gt,max,8,1048576,uniform,20000169,1,Ground truth end-to-end time (ms),0.545,Ground truth end-to-end time (ms),0.545,Ground truth algorithmic time (ms),0.048,2097168,lower-bound,1048576,lower-bound
gpu,q20_k8_max,PASS,ok,half,gt,max,8,1048576,trimodal,20000168,1,Ground truth end-to-end time (ms),0.559,Ground truth end-to-end time (ms),0.559,Ground truth algorithmic time (ms),0.069,2097168,lower-bound,1048576,lower-bound
gpu,q20_k8_max,PASS,ok,half,gt,max,8,1048576,trimodal,20000169,1,Ground truth end-to-end time (ms),0.559,Ground truth end-to-end time (ms),0.559,Ground truth algorithmic time (ms),0.068,2097168,lower-bound,1048576,lower-bound
gpu,q20_k8_max,PASS,ok,half,gt,max,8,1048576,adversarial,20000168,1,Ground truth end-to-end time (ms),0.54,Ground truth end-to-end time (ms),0.54,Ground truth algorithmic time (ms),0.046,2097168,lower-bound,1048576,lower-bound
gpu,q20_k8_max,PASS,ok,half,gt,max,8,1048576,adversarial,20000169,1,Ground truth end-to-end time (ms),0.537,Ground truth end-to-end time (ms),0.537,Ground truth algorithmic time (ms),0.046,2097168,lower-bound,1048576,lower-bound
gpu,q20_k8_max,PASS,ok,half,gt,max,8,1048576,sorted,20000168,1,Ground truth end-to-end time (ms),1.019,Ground truth end-to-end time (ms),1.019,Ground truth algorithmic time (ms),0.528,2097168,lower-bound,1048576,lower-bound
gpu,q20_k8_max,PASS,ok,half,gt,max,8,1048576,sorted,20000169,1,Ground truth end-to-end time (ms),1.002,Ground truth end-to-end time (ms),1.002,Ground truth algorithmic time (ms),0.512,2097168,lower-bound,1048576,lower-bound
gpu,q20_k8_max,PASS,ok,half,gt,max,8,1048576,reverse,20000168,1,Ground truth end-to-end time (ms),1.014,Ground truth end-to-end time (ms),1.014,Ground truth algorithmic time (ms),0.523,2097168,lower-bound,1048576,lower-bound
gpu,q20_k8_max,PASS,ok,half,gt,max,8,1048576,reverse,20000169,1,Ground truth end-to-end time (ms),1.008,Ground truth end-to-end time (ms),1.008,Ground truth algorithmic time (ms),0.515,2097168,lower-bound,1048576,lower-bound
gpu,q20_k131072_max,PASS,ok,half,gt,max,131072,1048576,uniform,20131232,1,Ground truth end-to-end time (ms),9.851,Ground truth end-to-end time (ms),9.851,Ground truth algorithmic time (ms),0.387,2359296,lower-bound,1048576,lower-bound
gpu,q20_k131072_max,PASS,ok,half,gt,max,131072,1048576,uniform,20131233,1,Ground truth end-to-end time (ms),9.918,Ground truth end-to-end time (ms),9.918,Ground truth algorithmic time (ms),0.395,2359296,lower-bound,1048576,lower-bound
gpu,q20_k131072_max,PASS,ok,half,gt,max,131072,1048576,trimodal,20131232,1,Ground truth end-to-end time (ms),9.85,Ground truth end-to-end time (ms),9.85,Ground truth algorithmic time (ms),0.923,2359296,lower-bound,1048576,lower-bound
gpu,q20_k131072_max,PASS,ok,half,gt,max,131072,1048576,trimodal,20131233,1,Ground truth end-to-end time (ms),9.769,Ground truth end-to-end time (ms),9.769,Ground truth algorithmic time (ms),0.86,2359296,lower-bound,1048576,lower-bound
gpu,q20_k131072_max,PASS,ok,half,gt,max,131072,1048576,adversarial,20131232,1,Ground truth end-to-end time (ms),9.933,Ground truth end-to-end time (ms),9.933,Ground truth algorithmic time (ms),0.323,2359296,lower-bound,1048576,lower-bound
gpu,q20_k131072_max,PASS,ok,half,gt,max,131072,1048576,adversarial,20131233,1,Ground truth end-to-end time (ms),9.901,Ground truth end-to-end time (ms),9.901,Ground truth algorithmic time (ms),0.343,2359296,lower-bound,1048576,lower-bound
gpu,q20_k131072_max,PASS,ok,half,gt,max,131072,1048576,sorted,20131232,1,Ground truth end-to-end time (ms),6.612,Ground truth end-to-end time (ms),6.612,Ground truth algorithmic time (ms),0.905,2359296,lower-bound,1048576,lower-bound
gpu,q20_k131072_max,PASS,ok,half,gt,max,131072,1048576,sorted,20131233,1,Ground truth end-to-end time (ms),6.598,Ground truth end-to-end time (ms),6.598,Ground truth algorithmic time (ms),0.967,2359296,lower-bound,1048576,lower-bound
gpu,q20_k131072_max,PASS,ok,half,gt,max,131072,1048576,reverse,20131232,1,Ground truth end-to-end time (ms),6.589,Ground truth end-to-end time (ms),6.589,Ground truth algorithmic time (ms),0.905,2359296,lower-bound,1048576,lower-bound
gpu,q20_k131072_max,PASS,ok,half,gt,max,131072,1048576,reverse,20131233,1,Ground truth end-to-end time (ms),6.588,Ground truth end-to-end time (ms),6.588,Ground truth algorithmic time (ms),0.842,2359296,lower-bound,1048576,lower-bound
gpu,q21_k8_max,PASS,ok,half,gt,max,8,2097152,uniform,21000171,1,Ground truth end-to-end time (ms),0.801,Ground truth end-to-end time (ms),0.801,Ground truth algorithmic time (ms),0.149,4194320,lower-bound,2097152,lower-bound
gpu,q21_k8_max,PASS,ok,half,gt,max,8,2097152,uniform,21000172,1,Ground truth end-to-end time (ms),0.803,Ground truth end-to-end time (ms),0.803,Ground truth algorithmic time (ms),0.153,4194320,lower-bound,2097152,lower-bound
gpu,q21_k8_max,PASS,ok,half,gt,max,8,2097152,trimodal,21000171,1,Ground truth end-to-end time (ms),0.772,Ground truth end-to-end time (ms),0.772,Ground truth algorithmic time (ms),0.119,4194320,lower-bound,2097152,lower-bound
gpu,q21_k8_max,PASS,ok,half,gt,max,8,2097152,trimodal,21000172,1,Ground truth end-to-end time (ms),0.768,Ground truth end-to-end time (ms),0.768,Ground truth algorithmic time (ms),0.118,4194320,lower-bound,2097152,lower-bound
gpu,q21_k8_max,PASS,ok,half,gt,max,8,2097152,adversarial,21000171,1,Ground truth end-to-end time (ms),0.949,Ground truth end-to-end time (ms),0.949,Ground truth algorithmic time (ms),0.293,4194320,lower-bound,2097152,lower-bound
gpu,q21_k8_max,PASS,ok,half,gt,max,8,2097152,adversarial,21000172,1,Ground truth end-to-end time (ms),0.878,Ground truth end-to-end time (ms),0.878,Ground truth algorithmic time (ms),0.224,4194320,lower-bound,2097152,lower-bound
gpu,q21_k8_max,PASS,ok,half,gt,max,8,2097152,sorted,21000171,1,Ground truth end-to-end time (ms),1.758,Ground truth end-to-end time (ms),1.758,Ground truth algorithmic time (ms),1.092,4194320,lower-bound,2097152,lower-bound
gpu,q21_k8_max,PASS,ok,half,gt,max,8,2097152,sorted,21000172,1,Ground truth end-to-end time (ms),1.681,Ground truth end-to-end time (ms),1.681,Ground truth algorithmic time (ms),1.02,4194320,lower-bound,2097152,lower-bound
gpu,q21_k8_max,PASS,ok,half,gt,max,8,2097152,reverse,21000171,1,Ground truth end-to-end time (ms),1.661,Ground truth end-to-end time (ms),1.661,Ground truth algorithmic time (ms),0.998,4194320,lower-bound,2097152,lower-bound
gpu,q21_k8_max,PASS,ok,half,gt,max,8,2097152,reverse,21000172,1,Ground truth end-to-end time (ms),1.654,Ground truth end-to-end time (ms),1.654,Ground truth algorithmic time (ms),0.987,4194320,lower-bound,2097152,lower-bound
gpu,q21_k131072_max,PASS,ok,half,gt,max,131072,2097152,uniform,21131235,1,Ground truth end-to-end time (ms),9.852,Ground truth end-to-end time (ms),9.852,Ground truth algorithmic time (ms),0.739,4456448,lower-bound,2097152,lower-bound
gpu,q21_k131072_max,PASS,ok,half,gt,max,131072,2097152,uniform,21131236,1,Ground truth end-to-end time (ms),9.852,Ground truth end-to-end time (ms),9.852,Ground truth algorithmic time (ms),0.733,4456448,lower-bound,2097152,lower-bound
gpu,q21_k131072_max,PASS,ok,half,gt,max,131072,2097152,trimodal,21131235,1,Ground truth end-to-end time (ms),9.821,Ground truth end-to-end time (ms),9.821,Ground truth algorithmic time (ms),0.951,4456448,lower-bound,2097152,lower-bound
gpu,q21_k131072_max,PASS,ok,half,gt,max,131072,2097152,trimodal,21131236,1,Ground truth end-to-end time (ms),9.663,Ground truth end-to-end time (ms),9.663,Ground truth algorithmic time (ms),0.724,4456448,lower-bound,2097152,lower-bound
gpu,q21_k131072_max,PASS,ok,half,gt,max,131072,2097152,adversarial,21131235,1,Ground truth end-to-end time (ms),9.853,Ground truth end-to-end time (ms),9.853,Ground truth algorithmic time (ms),0.632,4456448,lower-bound,2097152,lower-bound
gpu,q21_k131072_max,PASS,ok,half,gt,max,131072,2097152,adversarial,21131236,1,Ground truth end-to-end time (ms),9.857,Ground truth end-to-end time (ms),9.857,Ground truth algorithmic time (ms),0.589,4456448,lower-bound,2097152,lower-bound
gpu,q21_k131072_max,PASS,ok,half,gt,max,131072,2097152,sorted,21131235,1,Ground truth end-to-end time (ms),7.397,Ground truth end-to-end time (ms),7.397,Ground truth algorithmic time (ms),1.459,4456448,lower-bound,2097152,lower-bound
gpu,q21_k131072_max,PASS,ok,half,gt,max,131072,2097152,sorted,21131236,1,Ground truth end-to-end time (ms),7.313,Ground truth end-to-end time (ms),7.313,Ground truth algorithmic time (ms),1.39,4456448,lower-bound,2097152,lower-bound
gpu,q21_k131072_max,PASS,ok,half,gt,max,131072,2097152,reverse,21131235,1,Ground truth end-to-end time (ms),7.165,Ground truth end-to-end time (ms),7.165,Ground truth algorithmic time (ms),1.376,4456448,lower-bound,2097152,lower-bound
gpu,q21_k131072_max,PASS,ok,half,gt,max,131072,2097152,reverse,21131236,1,Ground truth end-to-end time (ms),7.11,Ground truth end-to-end time (ms),7.11,Ground truth algorithmic time (ms),1.322,4456448,lower-bound,2097152,lower-bound
gpu,q22_k8_max,PASS,ok,half,gt,max,8,4194304,uniform,22000174,1,Ground truth end-to-end time (ms),1.296,Ground truth end-to-end time (ms),1.296,Ground truth algorithmic time (ms),0.288,8388624,lower-bound,4194304,lower-bound
gpu,q22_k8_max,PASS,ok,half,gt,max,8,4194304,uniform,22000175,1,Ground truth end-to-end time (ms),1.279,Ground truth end-to-end time (ms),1.279,Ground truth algorithmic time (ms),0.252,8388624,lower-bound,4194304,lower-bound
gpu,q22_k8_max,PASS,ok,half,gt,max,8,4194304,trimodal,22000174,1,Ground truth end-to-end time (ms),1.5,Ground truth end-to-end time (ms),1.5,Ground truth algorithmic time (ms),0.482,8388624,lower-bound,4194304,lower-bound
gpu,q22_k8_max,PASS,ok,half,gt,max,8,4194304,trimodal,22000175,1,Ground truth end-to-end time (ms),1.224,Ground truth end-to-end time (ms),1.224,Ground truth algorithmic time (ms),0.239,8388624,lower-bound,4194304,lower-bound
gpu,q22_k8_max,PASS,ok,half,gt,max,8,4194304,adversarial,22000174,1,Ground truth end-to-end time (ms),1.128,Ground truth end-to-end time (ms),1.128,Ground truth algorithmic time (ms),0.156,8388624,lower-bound,4194304,lower-bound
gpu,q22_k8_max,PASS,ok,half,gt,max,8,4194304,adversarial,22000175,1,Ground truth end-to-end time (ms),1.373,Ground truth end-to-end time (ms),1.373,Ground truth algorithmic time (ms),0.36,8388624,lower-bound,4194304,lower-bound
gpu,q22_k8_max,PASS,ok,half,gt,max,8,4194304,sorted,22000174,1,Ground truth end-to-end time (ms),3.173,Ground truth end-to-end time (ms),3.173,Ground truth algorithmic time (ms),2.116,8388624,lower-bound,4194304,lower-bound
gpu,q22_k8_max,PASS,ok,half,gt,max,8,4194304,sorted,22000175,1,Ground truth end-to-end time (ms),3.152,Ground truth end-to-end time (ms),3.152,Ground truth algorithmic time (ms),2.108,8388624,lower-bound,4194304,lower-bound
gpu,q22_k8_max,PASS,ok,half,gt,max,8,4194304,reverse,22000174,1,Ground truth end-to-end time (ms),3.086,Ground truth end-to-end time (ms),3.086,Ground truth algorithmic time (ms),2.031,8388624,lower-bound,4194304,lower-bound
gpu,q22_k8_max,PASS,ok,half,gt,max,8,4194304,reverse,22000175,1,Ground truth end-to-end time (ms),3.091,Ground truth end-to-end time (ms),3.091,Ground truth algorithmic time (ms),2.046,8388624,lower-bound,4194304,lower-bound
gpu,q22_k131072_max,PASS,ok,half,gt,max,131072,4194304,uniform,22131238,1,Ground truth end-to-end time (ms),9.733,Ground truth end-to-end time (ms),9.733,Ground truth algorithmic time (ms),0.744,8650752,lower-bound,4194304,lower-bound
gpu,q22_k131072_max,PASS,ok,half,gt,max,131072,4194304,uniform,22131239,1,Ground truth end-to-end time (ms),9.631,Ground truth end-to-end time (ms),9.631,Ground truth algorithmic time (ms),0.623,8650752,lower-bound,4194304,lower-bound
gpu,q22_k131072_max,PASS,ok,half,gt,max,131072,4194304,trimodal,22131238,1,Ground truth end-to-end time (ms),9.623,Ground truth end-to-end time (ms),9.623,Ground truth algorithmic time (ms),0.469,8650752,lower-bound,4194304,lower-bound
gpu,q22_k131072_max,PASS,ok,half,gt,max,131072,4194304,trimodal,22131239,1,Ground truth end-to-end time (ms),9.581,Ground truth end-to-end time (ms),9.581,Ground truth algorithmic time (ms),0.304,8650752,lower-bound,4194304,lower-bound
gpu,q22_k131072_max,PASS,ok,half,gt,max,131072,4194304,adversarial,22131238,1,Ground truth end-to-end time (ms),9.514,Ground truth end-to-end time (ms),9.514,Ground truth algorithmic time (ms),0.423,8650752,lower-bound,4194304,lower-bound
gpu,q22_k131072_max,PASS,ok,half,gt,max,131072,4194304,adversarial,22131239,1,Ground truth end-to-end time (ms),9.612,Ground truth end-to-end time (ms),9.612,Ground truth algorithmic time (ms),0.436,8650752,lower-bound,4194304,lower-bound
gpu,q22_k131072_max,PASS,ok,half,gt,max,131072,4194304,sorted,22131238,1,Ground truth end-to-end time (ms),8.373,Ground truth end-to-end time (ms),8.373,Ground truth algorithmic time (ms),2.444,8650752,lower-bound,4194304,lower-bound
gpu,q22_k131072_max,PASS,ok,half,gt,max,131072,4194304,sorted,22131239,1,Ground truth end-to-end time (ms),7.939,Ground truth end-to-end time (ms),7.939,Ground truth algorithmic time (ms),2.079,8650752,lower-bound,4194304,lower-bound
gpu,q22_k131072_max,PASS,ok,half,gt,max,131072,4194304,reverse,22131238,1,Ground truth end-to-end time (ms),8.044,Ground truth end-to-end time (ms),8.044,Ground truth algorithmic time (ms),2.042,8650752,lower-bound,4194304,lower-bound
gpu,q22_k131072_max,PASS,ok,half,gt,max,131072,4194304,reverse,22131239,1,Ground truth end-to-end time (ms),8.104,Ground truth end-to-end time (ms),8.104,Ground truth algorithmic time (ms),2.148,8650752,lower-bound,4194304,lower-bound
gpu,q23_k8_max,PASS,ok,half,gt,max,8,8388608,uniform,23000177,1,Ground truth end-to-end time (ms),1.87,Ground truth end-to-end time (ms),1.87,Ground truth algorithmic time (ms),0.293,16777232,lower-bound,8388608,lower-bound
gpu,q23_k8_max,PASS,ok,half,gt,max,8,8388608,uniform,23000178,1,Ground truth end-to-end time (ms),1.87,Ground truth end-to-end time (ms),1.87,Ground truth algorithmic time (ms),0.295,16777232,lower-bound,8388608,lower-bound
gpu,q23_k8_max,PASS,ok,half,gt,max,8,8388608,trimodal,23000177,1,Ground truth end-to-end time (ms),2.289,Ground truth end-to-end time (ms),2.289,Ground truth algorithmic time (ms),0.656,16777232,lower-bound,8388608,lower-bound
gpu,q23_k8_max,PASS,ok,half,gt,max,8,8388608,trimodal,23000178,1,Ground truth end-to-end time (ms),2.02,Ground truth end-to-end time (ms),2.02,Ground truth algorithmic time (ms),0.428,16777232,lower-bound,8388608,lower-bound
gpu,q23_k8_max,PASS,ok,half,gt,max,8,8388608,adversarial,23000177,1,Ground truth end-to-end time (ms),1.83,Ground truth end-to-end time (ms),1.83,Ground truth algorithmic time (ms),0.266,16777232,lower-bound,8388608,lower-bound
gpu,q23_k8_max,PASS,ok,half,gt,max,8,8388608,adversarial,23000178,1,Ground truth end-to-end time (ms),1.836,Ground truth end-to-end time (ms),1.836,Ground truth algorithmic time (ms),0.268,16777232,lower-bound,8388608,lower-bound
gpu,q23_k8_max,PASS,ok,half,gt,max,8,8388608,sorted,23000177,1,Ground truth end-to-end time (ms),6.034,Ground truth end-to-end time (ms),6.034,Ground truth algorithmic time (ms),4.189,16777232,lower-bound,8388608,lower-bound
gpu,q23_k8_max,PASS,ok,half,gt,max,8,8388608,sorted,23000178,1,Ground truth end-to-end time (ms),5.836,Ground truth end-to-end time (ms),5.836,Ground truth algorithmic time (ms),4.057,16777232,lower-bound,8388608,lower-bound
gpu,q23_k8_max,PASS,ok,half,gt,max,8,8388608,reverse,23000177,1,Ground truth end-to-end time (ms),5.923,Ground truth end-to-end time (ms),5.923,Ground truth algorithmic time (ms),4.128,16777232,lower-bound,8388608,lower-bound
gpu,q23_k8_max,PASS,ok,half,gt,max,8,8388608,reverse,23000178,1,Ground truth end-to-end time (ms),5.881,Ground truth end-to-end time (ms),5.881,Ground truth algorithmic time (ms),4.058,16777232,lower-bound,8388608,lower-bound
gpu,q23_k131072_max,PASS,ok,half,gt,max,131072,8388608,uniform,23131241,1,Ground truth end-to-end time (ms),9.526,Ground truth end-to-end time (ms),9.526,Ground truth algorithmic time (ms),0.353,17039360,lower-bound,8388608,lower-bound
gpu,q23_k131072_max,PASS,ok,half,gt,max,131072,8388608,uniform,23131242,1,Ground truth end-to-end time (ms),10.005,Ground truth end-to-end time (ms),10.005,Ground truth algorithmic time (ms),0.669,17039360,lower-bound,8388608,lower-bound
gpu,q23_k131072_max,PASS,ok,half,gt,max,131072,8388608,trimodal,23131241,1,Ground truth end-to-end time (ms),11.07,Ground truth end-to-end time (ms),11.07,Ground truth algorithmic time (ms),1.064,17039360,lower-bound,8388608,lower-bound
gpu,q23_k131072_max,PASS,ok,half,gt,max,131072,8388608,trimodal,23131242,1,Ground truth end-to-end time (ms),10.765,Ground truth end-to-end time (ms),10.765,Ground truth algorithmic time (ms),0.906,17039360,lower-bound,8388608,lower-bound
gpu,q23_k131072_max,PASS,ok,half,gt,max,131072,8388608,adversarial,23131241,1,Ground truth end-to-end time (ms),10.149,Ground truth end-to-end time (ms),10.149,Ground truth algorithmic time (ms),0.716,17039360,lower-bound,8388608,lower-bound
gpu,q23_k131072_max,PASS,ok,half,gt,max,131072,8388608,adversarial,23131242,1,Ground truth end-to-end time (ms),10.266,Ground truth end-to-end time (ms),10.266,Ground truth algorithmic time (ms),0.783,17039360,lower-bound,8388608,lower-bound
gpu,q23_k131072_max,PASS,ok,half,gt,max,131072,8388608,sorted,23131241,1,Ground truth end-to-end time (ms),10.856,Ground truth end-to-end time (ms),10.856,Ground truth algorithmic time (ms),4.28,17039360,lower-bound,8388608,lower-bound
gpu,q23_k131072_max,PASS,ok,half,gt,max,131072,8388608,sorted,23131242,1,Ground truth end-to-end time (ms),10.605,Ground truth end-to-end time (ms),10.605,Ground truth algorithmic time (ms),4.073,17039360,lower-bound,8388608,lower-bound
gpu,q23_k131072_max,PASS,ok,half,gt,max,131072,8388608,reverse,23131241,1,Ground truth end-to-end time (ms),10.631,Ground truth end-to-end time (ms),10.631,Ground truth algorithmic time (ms),4.008,17039360,lower-bound,8388608,lower-bound
gpu,q23_k131072_max,PASS,ok,half,gt,max,131072,8388608,reverse,23131242,1,Ground truth end-to-end time (ms),10.711,Ground truth end-to-end time (ms),10.711,Ground truth algorithmic time (ms),4.057,17039360,lower-bound,8388608,lower-bound
gpu,q24_k8_max,PASS,ok,half,gt,max,8,16777216,uniform,24000180,1,Ground truth end-to-end time (ms),3.541,Ground truth end-to-end time (ms),3.541,Ground truth algorithmic time (ms),0.551,33554448,lower-bound,16777216,lower-bound
gpu,q24_k8_max,PASS,ok,half,gt,max,8,16777216,uniform,24000181,1,Ground truth end-to-end time (ms),3.493,Ground truth end-to-end time (ms),3.493,Ground truth algorithmic time (ms),0.552,33554448,lower-bound,16777216,lower-bound
gpu,q24_k8_max,PASS,ok,half,gt,max,8,16777216,trimodal,24000180,1,Ground truth end-to-end time (ms),4.407,Ground truth end-to-end time (ms),4.407,Ground truth algorithmic time (ms),1.201,33554448,lower-bound,16777216,lower-bound
gpu,q24_k8_max,PASS,ok,half,gt,max,8,16777216,trimodal,24000181,1,Ground truth end-to-end time (ms),4.28,Ground truth end-to-end time (ms),4.28,Ground truth algorithmic time (ms),1.086,33554448,lower-bound,16777216,lower-bound
gpu,q24_k8_max,PASS,ok,half,gt,max,8,16777216,adversarial,24000180,1,Ground truth end-to-end time (ms),3.694,Ground truth end-to-end time (ms),3.694,Ground truth algorithmic time (ms),0.609,33554448,lower-bound,16777216,lower-bound
gpu,q24_k8_max,PASS,ok,half,gt,max,8,16777216,adversarial,24000181,1,Ground truth end-to-end time (ms),3.835,Ground truth end-to-end time (ms),3.835,Ground truth algorithmic time (ms),0.716,33554448,lower-bound,16777216,lower-bound
gpu,q24_k8_max,PASS,ok,half,gt,max,8,16777216,sorted,24000180,1,Ground truth end-to-end time (ms),11.502,Ground truth end-to-end time (ms),11.502,Ground truth algorithmic time (ms),8.205,33554448,lower-bound,16777216,lower-bound
gpu,q24_k8_max,PASS,ok,half,gt,max,8,16777216,sorted,24000181,1,Ground truth end-to-end time (ms),11.643,Ground truth end-to-end time (ms),11.643,Ground truth algorithmic time (ms),8.345,33554448,lower-bound,16777216,lower-bound
gpu,q24_k8_max,PASS,ok,half,gt,max,8,16777216,reverse,24000180,1,Ground truth end-to-end time (ms),11.389,Ground truth end-to-end time (ms),11.389,Ground truth algorithmic time (ms),8.119,33554448,lower-bound,16777216,lower-bound
gpu,q24_k8_max,PASS,ok,half,gt,max,8,16777216,reverse,24000181,1,Ground truth end-to-end time (ms),11.65,Ground truth end-to-end time (ms),11.65,Ground truth algorithmic time (ms),8.324,33554448,lower-bound,16777216,lower-bound
gpu,q24_k131072_max,PASS,ok,half,gt,max,131072,16777216,uniform,24131244,1,Ground truth end-to-end time (ms),10.617,Ground truth end-to-end time (ms),10.617,Ground truth algorithmic time (ms),0.595,33816576,lower-bound,16777216,lower-bound
gpu,q24_k131072_max,PASS,ok,half,gt,max,131072,16777216,uniform,24131245,1,Ground truth end-to-end time (ms),10.699,Ground truth end-to-end time (ms),10.699,Ground truth algorithmic time (ms),0.667,33816576,lower-bound,16777216,lower-bound
gpu,q24_k131072_max,PASS,ok,half,gt,max,131072,16777216,trimodal,24131244,1,Ground truth end-to-end time (ms),13.378,Ground truth end-to-end time (ms),13.378,Ground truth algorithmic time (ms),2.186,33816576,lower-bound,16777216,lower-bound
gpu,q24_k131072_max,PASS,ok,half,gt,max,131072,16777216,trimodal,24131245,1,Ground truth end-to-end time (ms),12.513,Ground truth end-to-end time (ms),12.513,Ground truth algorithmic time (ms),1.313,33816576,lower-bound,16777216,lower-bound
gpu,q24_k131072_max,PASS,ok,half,gt,max,131072,16777216,adversarial,24131244,1,Ground truth end-to-end time (ms),11.268,Ground truth end-to-end time (ms),11.268,Ground truth algorithmic time (ms),1.075,33816576,lower-bound,16777216,lower-bound
gpu,q24_k131072_max,PASS,ok,half,gt,max,131072,16777216,adversarial,24131245,1,Ground truth end-to-end time (ms),11.437,Ground truth end-to-end time (ms),11.437,Ground truth algorithmic time (ms),1.067,33816576,lower-bound,16777216,lower-bound
gpu,q24_k131072_max,PASS,ok,half,gt,max,131072,16777216,sorted,24131244,1,Ground truth end-to-end time (ms),16.075,Ground truth end-to-end time (ms),16.075,Ground truth algorithmic time (ms),8.103,33816576,lower-bound,16777216,lower-bound
gpu,q24_k131072_max,PASS,ok,half,gt,max,131072,16777216,sorted,24131245,1,Ground truth end-to-end time (ms),16.068,Ground truth end-to-end time (ms),16.068,Ground truth algorithmic time (ms),8.11,33816576,lower-bound,16777216,lower-bound
gpu,q24_k131072_max,PASS,ok,half,gt,max,131072,16777216,reverse,24131244,1,Ground truth end-to-end time (ms),16.174,Ground truth end-to-end time (ms),16.174,Ground truth algorithmic time (ms),8.187,33816576,lower-bound,16777216,lower-bound
gpu,q24_k131072_max,PASS,ok,half,gt,max,131072,16777216,reverse,24131245,1,Ground truth end-to-end time (ms),16.095,Ground truth end-to-end time (ms),16.095,Ground truth algorithmic time (ms),8.113,33816576,lower-bound,16777216,lower-bound
npu,q20_k8_max,PASS,ok,half,bitonic,max,8,1048576,uniform,20000168,1,Trunc bitonic end-to-end time (ms),0.963,Trunc bitonic end-to-end time (ms),0.963,Trunc bitonic algorithmic time (ms),0.868,27262976,exact,5242880,exact
npu,q20_k8_max,PASS,ok,half,bitonic,max,8,1048576,uniform,20000169,1,Trunc bitonic end-to-end time (ms),0.965,Trunc bitonic end-to-end time (ms),0.965,Trunc bitonic algorithmic time (ms),0.873,27262976,exact,5242880,exact
npu,q20_k8_max,PASS,ok,half,bitonic,max,8,1048576,trimodal,20000168,1,Trunc bitonic end-to-end time (ms),1.014,Trunc bitonic end-to-end time (ms),1.014,Trunc bitonic algorithmic time (ms),0.911,27262976,exact,5242880,exact
npu,q20_k8_max,PASS,ok,half,bitonic,max,8,1048576,trimodal,20000169,1,Trunc bitonic end-to-end time (ms),0.991,Trunc bitonic end-to-end time (ms),0.991,Trunc bitonic algorithmic time (ms),0.895,27262976,exact,5242880,exact
npu,q20_k8_max,PASS,ok,half,bitonic,max,8,1048576,adversarial,20000168,1,Trunc bitonic end-to-end time (ms),0.987,Trunc bitonic end-to-end time (ms),0.987,Trunc bitonic algorithmic time (ms),0.897,27262976,exact,5242880,exact
npu,q20_k8_max,PASS,ok,half,bitonic,max,8,1048576,adversarial,20000169,1,Trunc bitonic end-to-end time (ms),0.972,Trunc bitonic end-to-end time (ms),0.972,Trunc bitonic algorithmic time (ms),0.882,27262976,exact,5242880,exact
npu,q20_k8_max,PASS,ok,half,bitonic,max,8,1048576,sorted,20000168,1,Trunc bitonic end-to-end time (ms),1.278,Trunc bitonic end-to-end time (ms),1.278,Trunc bitonic algorithmic time (ms),1.18,27262976,exact,5242880,exact
npu,q20_k8_max,PASS,ok,half,bitonic,max,8,1048576,sorted,20000169,1,Trunc bitonic end-to-end time (ms),1.258,Trunc bitonic end-to-end time (ms),1.258,Trunc bitonic algorithmic time (ms),1.16,27262976,exact,5242880,exact
npu,q20_k8_max,PASS,ok,half,bitonic,max,8,1048576,reverse,20000168,1,Trunc bitonic end-to-end time (ms),0.982,Trunc bitonic end-to-end time (ms),0.982,Trunc bitonic algorithmic time (ms),0.887,27262976,exact,5242880,exact
npu,q20_k8_max,PASS,ok,half,bitonic,max,8,1048576,reverse,20000169,1,Trunc bitonic end-to-end time (ms),0.987,Trunc bitonic end-to-end time (ms),0.987,Trunc bitonic algorithmic time (ms),0.889,27262976,exact,5242880,exact
npu,q20_k131072_max,PASS,ok,half,bitonic,max,131072,1048576,uniform,20131232,1,Trunc bitonic end-to-end time (ms),20.748,Trunc bitonic end-to-end time (ms),20.748,Trunc bitonic algorithmic time (ms),20.583,27262976,exact,5242880,exact
npu,q20_k131072_max,PASS,ok,half,bitonic,max,131072,1048576,uniform,20131233,1,Trunc bitonic end-to-end time (ms),20.946,Trunc bitonic end-to-end time (ms),20.946,Trunc bitonic algorithmic time (ms),20.77,27262976,exact,5242880,exact
npu,q20_k131072_max,PASS,ok,half,bitonic,max,131072,1048576,trimodal,20131232,1,Trunc bitonic end-to-end time (ms),19.771,Trunc bitonic end-to-end time (ms),19.771,Trunc bitonic algorithmic time (ms),19.616,27262976,exact,5242880,exact
npu,q20_k131072_max,PASS,ok,half,bitonic,max,131072,1048576,trimodal,20131233,1,Trunc bitonic end-to-end time (ms),19.707,Trunc bitonic end-to-end time (ms),19.707,Trunc bitonic algorithmic time (ms),19.533,27262976,exact,5242880,exact
npu,q20_k131072_max,PASS,ok,half,bitonic,max,131072,1048576,adversarial,20131232,1,Trunc bitonic end-to-end time (ms),20.886,Trunc bitonic end-to-end time (ms),20.886,Trunc bitonic algorithmic time (ms),20.712,27262976,exact,5242880,exact
npu,q20_k131072_max,PASS,ok,half,bitonic,max,131072,1048576,adversarial,20131233,1,Trunc bitonic end-to-end time (ms),20.787,Trunc bitonic end-to-end time (ms),20.787,Trunc bitonic algorithmic time (ms),20.618,27262976,exact,5242880,exact
npu,q20_k131072_max,PASS,ok,half,bitonic,max,131072,1048576,sorted,20131232,1,Trunc bitonic end-to-end time (ms),42.731,Trunc bitonic end-to-end time (ms),42.731,Trunc bitonic algorithmic time (ms),42.554,27262976,exact,5242880,exact
npu,q20_k131072_max,PASS,ok,half,bitonic,max,131072,1048576,sorted,20131233,1,Trunc bitonic end-to-end time (ms),42.561,Trunc bitonic end-to-end time (ms),42.561,Trunc bitonic algorithmic time (ms),42.387,27262976,exact,5242880,exact
npu,q20_k131072_max,PASS,ok,half,bitonic,max,131072,1048576,reverse,20131232,1,Trunc bitonic end-to-end time (ms),3.756,Trunc bitonic end-to-end time (ms),3.756,Trunc bitonic algorithmic time (ms),3.642,27262976,exact,5242880,exact
npu,q20_k131072_max,PASS,ok,half,bitonic,max,131072,1048576,reverse,20131233,1,Trunc bitonic end-to-end time (ms),3.912,Trunc bitonic end-to-end time (ms),3.912,Trunc bitonic algorithmic time (ms),3.796,27262976,exact,5242880,exact
npu,q21_k8_max,PASS,ok,half,bitonic,max,8,2097152,uniform,21000171,1,Trunc bitonic end-to-end time (ms),1.482,Trunc bitonic end-to-end time (ms),1.482,Trunc bitonic algorithmic time (ms),1.386,54525952,exact,10485760,exact
npu,q21_k8_max,PASS,ok,half,bitonic,max,8,2097152,uniform,21000172,1,Trunc bitonic end-to-end time (ms),1.457,Trunc bitonic end-to-end time (ms),1.457,Trunc bitonic algorithmic time (ms),1.359,54525952,exact,10485760,exact
npu,q21_k8_max,PASS,ok,half,bitonic,max,8,2097152,trimodal,21000171,1,Trunc bitonic end-to-end time (ms),1.47,Trunc bitonic end-to-end time (ms),1.47,Trunc bitonic algorithmic time (ms),1.365,54525952,exact,10485760,exact
npu,q21_k8_max,PASS,ok,half,bitonic,max,8,2097152,trimodal,21000172,1,Trunc bitonic end-to-end time (ms),1.47,Trunc bitonic end-to-end time (ms),1.47,Trunc bitonic algorithmic time (ms),1.365,54525952,exact,10485760,exact
npu,q21_k8_max,PASS,ok,half,bitonic,max,8,2097152,adversarial,21000171,1,Trunc bitonic end-to-end time (ms),1.472,Trunc bitonic end-to-end time (ms),1.472,Trunc bitonic algorithmic time (ms),1.373,54525952,exact,10485760,exact
npu,q21_k8_max,PASS,ok,half,bitonic,max,8,2097152,adversarial,21000172,1,Trunc bitonic end-to-end time (ms),1.482,Trunc bitonic end-to-end time (ms),1.482,Trunc bitonic algorithmic time (ms),1.378,54525952,exact,10485760,exact
npu,q21_k8_max,PASS,ok,half,bitonic,max,8,2097152,sorted,21000171,1,Trunc bitonic end-to-end time (ms),1.546,Trunc bitonic end-to-end time (ms),1.546,Trunc bitonic algorithmic time (ms),1.434,54525952,exact,10485760,exact
npu,q21_k8_max,PASS,ok,half,bitonic,max,8,2097152,sorted,21000172,1,Trunc bitonic end-to-end time (ms),1.577,Trunc bitonic end-to-end time (ms),1.577,Trunc bitonic algorithmic time (ms),1.469,54525952,exact,10485760,exact
npu,q21_k8_max,PASS,ok,half,bitonic,max,8,2097152,reverse,21000171,1,Trunc bitonic end-to-end time (ms),1.472,Trunc bitonic end-to-end time (ms),1.472,Trunc bitonic algorithmic time (ms),1.368,54525952,exact,10485760,exact
npu,q21_k8_max,PASS,ok,half,bitonic,max,8,2097152,reverse,21000172,1,Trunc bitonic end-to-end time (ms),1.472,Trunc bitonic end-to-end time (ms),1.472,Trunc bitonic algorithmic time (ms),1.369,54525952,exact,10485760,exact
npu,q21_k131072_max,PASS,ok,half,bitonic,max,131072,2097152,uniform,21131235,1,Trunc bitonic end-to-end time (ms),25.882,Trunc bitonic end-to-end time (ms),25.882,Trunc bitonic algorithmic time (ms),25.69,54525952,exact,10485760,exact
npu,q21_k131072_max,PASS,ok,half,bitonic,max,131072,2097152,uniform,21131236,1,Trunc bitonic end-to-end time (ms),25.75,Trunc bitonic end-to-end time (ms),25.75,Trunc bitonic algorithmic time (ms),25.576,54525952,exact,10485760,exact
npu,q21_k131072_max,PASS,ok,half,bitonic,max,131072,2097152,trimodal,21131235,1,Trunc bitonic end-to-end time (ms),24.865,Trunc bitonic end-to-end time (ms),24.865,Trunc bitonic algorithmic time (ms),24.677,54525952,exact,10485760,exact
npu,q21_k131072_max,PASS,ok,half,bitonic,max,131072,2097152,trimodal,21131236,1,Trunc bitonic end-to-end time (ms),24.698,Trunc bitonic end-to-end time (ms),24.698,Trunc bitonic algorithmic time (ms),24.517,54525952,exact,10485760,exact
npu,q21_k131072_max,PASS,ok,half,bitonic,max,131072,2097152,adversarial,21131235,1,Trunc bitonic end-to-end time (ms),25.903,Trunc bitonic end-to-end time (ms),25.903,Trunc bitonic algorithmic time (ms),25.724,54525952,exact,10485760,exact
npu,q21_k131072_max,PASS,ok,half,bitonic,max,131072,2097152,adversarial,21131236,1,Trunc bitonic end-to-end time (ms),26.015,Trunc bitonic end-to-end time (ms),26.015,Trunc bitonic algorithmic time (ms),25.834,54525952,exact,10485760,exact
npu,q21_k131072_max,PASS,ok,half,bitonic,max,131072,2097152,sorted,21131235,1,Trunc bitonic end-to-end time (ms),86.418,Trunc bitonic end-to-end time (ms),86.418,Trunc bitonic algorithmic time (ms),86.229,54525952,exact,10485760,exact
npu,q21_k131072_max,PASS,ok,half,bitonic,max,131072,2097152,sorted,21131236,1,Trunc bitonic end-to-end time (ms),86.588,Trunc bitonic end-to-end time (ms),86.588,Trunc bitonic algorithmic time (ms),86.397,54525952,exact,10485760,exact
npu,q21_k131072_max,PASS,ok,half,bitonic,max,131072,2097152,reverse,21131235,1,Trunc bitonic end-to-end time (ms),3.91,Trunc bitonic end-to-end time (ms),3.91,Trunc bitonic algorithmic time (ms),3.804,54525952,exact,10485760,exact
npu,q21_k131072_max,PASS,ok,half,bitonic,max,131072,2097152,reverse,21131236,1,Trunc bitonic end-to-end time (ms),3.905,Trunc bitonic end-to-end time (ms),3.905,Trunc bitonic algorithmic time (ms),3.796,54525952,exact,10485760,exact
npu,q22_k8_max,PASS,ok,half,bitonic,max,8,4194304,uniform,22000174,1,Trunc bitonic end-to-end time (ms),2.457,Trunc bitonic end-to-end time (ms),2.457,Trunc bitonic algorithmic time (ms),2.35,109051904,exact,20971520,exact
npu,q22_k8_max,PASS,ok,half,bitonic,max,8,4194304,uniform,22000175,1,Trunc bitonic end-to-end time (ms),2.461,Trunc bitonic end-to-end time (ms),2.461,Trunc bitonic algorithmic time (ms),2.36,109051904,exact,20971520,exact
npu,q22_k8_max,PASS,ok,half,bitonic,max,8,4194304,trimodal,22000174,1,Trunc bitonic end-to-end time (ms),2.411,Trunc bitonic end-to-end time (ms),2.411,Trunc bitonic algorithmic time (ms),2.312,109051904,exact,20971520,exact
npu,q22_k8_max,PASS,ok,half,bitonic,max,8,4194304,trimodal,22000175,1,Trunc bitonic end-to-end time (ms),2.476,Trunc bitonic end-to-end time (ms),2.476,Trunc bitonic algorithmic time (ms),2.37,109051904,exact,20971520,exact
npu,q22_k8_max,PASS,ok,half,bitonic,max,8,4194304,adversarial,22000174,1,Trunc bitonic end-to-end time (ms),2.458,Trunc bitonic end-to-end time (ms),2.458,Trunc bitonic algorithmic time (ms),2.354,109051904,exact,20971520,exact
npu,q22_k8_max,PASS,ok,half,bitonic,max,8,4194304,adversarial,22000175,1,Trunc bitonic end-to-end time (ms),2.418,Trunc bitonic end-to-end time (ms),2.418,Trunc bitonic algorithmic time (ms),2.315,109051904,exact,20971520,exact
npu,q22_k8_max,PASS,ok,half,bitonic,max,8,4194304,sorted,22000174,1,Trunc bitonic end-to-end time (ms),2.715,Trunc bitonic end-to-end time (ms),2.715,Trunc bitonic algorithmic time (ms),2.614,109051904,exact,20971520,exact
npu,q22_k8_max,PASS,ok,half,bitonic,max,8,4194304,sorted,22000175,1,Trunc bitonic end-to-end time (ms),2.709,Trunc bitonic end-to-end time (ms),2.709,Trunc bitonic algorithmic time (ms),2.606,109051904,exact,20971520,exact
npu,q22_k8_max,PASS,ok,half,bitonic,max,8,4194304,reverse,22000174,1,Trunc bitonic end-to-end time (ms),2.472,Trunc bitonic end-to-end time (ms),2.472,Trunc bitonic algorithmic time (ms),2.359,109051904,exact,20971520,exact
npu,q22_k8_max,PASS,ok,half,bitonic,max,8,4194304,reverse,22000175,1,Trunc bitonic end-to-end time (ms),2.437,Trunc bitonic end-to-end time (ms),2.437,Trunc bitonic algorithmic time (ms),2.332,109051904,exact,20971520,exact
npu,q22_k131072_max,PASS,ok,half,bitonic,max,131072,4194304,uniform,22131238,1,Trunc bitonic end-to-end time (ms),31.89,Trunc bitonic end-to-end time (ms),31.89,Trunc bitonic algorithmic time (ms),31.7,109051904,exact,20971520,exact
npu,q22_k131072_max,PASS,ok,half,bitonic,max,131072,4194304,uniform,22131239,1,Trunc bitonic end-to-end time (ms),31.694,Trunc bitonic end-to-end time (ms),31.694,Trunc bitonic algorithmic time (ms),31.512,109051904,exact,20971520,exact
npu,q22_k131072_max,PASS,ok,half,bitonic,max,131072,4194304,trimodal,22131238,1,Trunc bitonic end-to-end time (ms),30.799,Trunc bitonic end-to-end time (ms),30.799,Trunc bitonic algorithmic time (ms),30.612,109051904,exact,20971520,exact
npu,q22_k131072_max,PASS,ok,half,bitonic,max,131072,4194304,trimodal,22131239,1,Trunc bitonic end-to-end time (ms),30.848,Trunc bitonic end-to-end time (ms),30.848,Trunc bitonic algorithmic time (ms),30.662,109051904,exact,20971520,exact
npu,q22_k131072_max,PASS,ok,half,bitonic,max,131072,4194304,adversarial,22131238,1,Trunc bitonic end-to-end time (ms),31.898,Trunc bitonic end-to-end time (ms),31.898,Trunc bitonic algorithmic time (ms),31.721,109051904,exact,20971520,exact
npu,q22_k131072_max,PASS,ok,half,bitonic,max,131072,4194304,adversarial,22131239,1,Trunc bitonic end-to-end time (ms),31.852,Trunc bitonic end-to-end time (ms),31.852,Trunc bitonic algorithmic time (ms),31.667,109051904,exact,20971520,exact
npu,q22_k131072_max,PASS,ok,half,bitonic,max,131072,4194304,sorted,22131238,1,Trunc bitonic end-to-end time (ms),175.673,Trunc bitonic end-to-end time (ms),175.673,Trunc bitonic algorithmic time (ms),175.463,109051904,exact,20971520,exact
npu,q22_k131072_max,PASS,ok,half,bitonic,max,131072,4194304,sorted,22131239,1,Trunc bitonic end-to-end time (ms),175.324,Trunc bitonic end-to-end time (ms),175.324,Trunc bitonic algorithmic time (ms),175.12,109051904,exact,20971520,exact
npu,q22_k131072_max,PASS,ok,half,bitonic,max,131072,4194304,reverse,22131238,1,Trunc bitonic end-to-end time (ms),4.973,Trunc bitonic end-to-end time (ms),4.973,Trunc bitonic algorithmic time (ms),4.852,109051904,exact,20971520,exact
npu,q22_k131072_max,PASS,ok,half,bitonic,max,131072,4194304,reverse,22131239,1,Trunc bitonic end-to-end time (ms),4.928,Trunc bitonic end-to-end time (ms),4.928,Trunc bitonic algorithmic time (ms),4.818,109051904,exact,20971520,exact
npu,q23_k8_max,PASS,ok,half,bitonic,max,8,8388608,uniform,23000177,1,Trunc bitonic end-to-end time (ms),4.423,Trunc bitonic end-to-end time (ms),4.423,Trunc bitonic algorithmic time (ms),4.3,218103808,exact,41943040,exact
npu,q23_k8_max,PASS,ok,half,bitonic,max,8,8388608,uniform,23000178,1,Trunc bitonic end-to-end time (ms),4.431,Trunc bitonic end-to-end time (ms),4.431,Trunc bitonic algorithmic time (ms),4.309,218103808,exact,41943040,exact
npu,q23_k8_max,PASS,ok,half,bitonic,max,8,8388608,trimodal,23000177,1,Trunc bitonic end-to-end time (ms),4.48,Trunc bitonic end-to-end time (ms),4.48,Trunc bitonic algorithmic time (ms),4.352,218103808,exact,41943040,exact
npu,q23_k8_max,PASS,ok,half,bitonic,max,8,8388608,trimodal,23000178,1,Trunc bitonic end-to-end time (ms),4.485,Trunc bitonic end-to-end time (ms),4.485,Trunc bitonic algorithmic time (ms),4.354,218103808,exact,41943040,exact
npu,q23_k8_max,PASS,ok,half,bitonic,max,8,8388608,adversarial,23000177,1,Trunc bitonic end-to-end time (ms),4.466,Trunc bitonic end-to-end time (ms),4.466,Trunc bitonic algorithmic time (ms),4.346,218103808,exact,41943040,exact
npu,q23_k8_max,PASS,ok,half,bitonic,max,8,8388608,adversarial,23000178,1,Trunc bitonic end-to-end time (ms),4.456,Trunc bitonic end-to-end time (ms),4.456,Trunc bitonic algorithmic time (ms),4.334,218103808,exact,41943040,exact
npu,q23_k8_max,PASS,ok,half,bitonic,max,8,8388608,sorted,23000177,1,Trunc bitonic end-to-end time (ms),4.722,Trunc bitonic end-to-end time (ms),4.722,Trunc bitonic algorithmic time (ms),4.607,218103808,exact,41943040,exact
npu,q23_k8_max,PASS,ok,half,bitonic,max,8,8388608,sorted,23000178,1,Trunc bitonic end-to-end time (ms),4.764,Trunc bitonic end-to-end time (ms),4.764,Trunc bitonic algorithmic time (ms),4.648,218103808,exact,41943040,exact
npu,q23_k8_max,PASS,ok,half,bitonic,max,8,8388608,reverse,23000177,1,Trunc bitonic end-to-end time (ms),4.442,Trunc bitonic end-to-end time (ms),4.442,Trunc bitonic algorithmic time (ms),4.323,218103808,exact,41943040,exact
npu,q23_k8_max,PASS,ok,half,bitonic,max,8,8388608,reverse,23000178,1,Trunc bitonic end-to-end time (ms),4.407,Trunc bitonic end-to-end time (ms),4.407,Trunc bitonic algorithmic time (ms),4.286,218103808,exact,41943040,exact
npu,q23_k131072_max,PASS,ok,half,bitonic,max,131072,8388608,uniform,23131241,1,Trunc bitonic end-to-end time (ms),38.617,Trunc bitonic end-to-end time (ms),38.617,Trunc bitonic algorithmic time (ms),38.443,218103808,exact,41943040,exact
npu,q23_k131072_max,PASS,ok,half,bitonic,max,131072,8388608,uniform,23131242,1,Trunc bitonic end-to-end time (ms),38.586,Trunc bitonic end-to-end time (ms),38.586,Trunc bitonic algorithmic time (ms),38.413,218103808,exact,41943040,exact
npu,q23_k131072_max,PASS,ok,half,bitonic,max,131072,8388608,trimodal,23131241,1,Trunc bitonic end-to-end time (ms),37.434,Trunc bitonic end-to-end time (ms),37.434,Trunc bitonic algorithmic time (ms),37.266,218103808,exact,41943040,exact
npu,q23_k131072_max,PASS,ok,half,bitonic,max,131072,8388608,trimodal,23131242,1,Trunc bitonic end-to-end time (ms),37.605,Trunc bitonic end-to-end time (ms),37.605,Trunc bitonic algorithmic time (ms),37.436,218103808,exact,41943040,exact
npu,q23_k131072_max,PASS,ok,half,bitonic,max,131072,8388608,adversarial,23131241,1,Trunc bitonic end-to-end time (ms),38.553,Trunc bitonic end-to-end time (ms),38.553,Trunc bitonic algorithmic time (ms),38.387,218103808,exact,41943040,exact
npu,q23_k131072_max,PASS,ok,half,bitonic,max,131072,8388608,adversarial,23131242,1,Trunc bitonic end-to-end time (ms),38.763,Trunc bitonic end-to-end time (ms),38.763,Trunc bitonic algorithmic time (ms),38.591,218103808,exact,41943040,exact
npu,q23_k131072_max,PASS,ok,half,bitonic,max,131072,8388608,sorted,23131241,1,Trunc bitonic end-to-end time (ms),353.152,Trunc bitonic end-to-end time (ms),353.152,Trunc bitonic algorithmic time (ms),352.924,218103808,exact,41943040,exact
npu,q23_k131072_max,PASS,ok,half,bitonic,max,131072,8388608,sorted,23131242,1,Trunc bitonic end-to-end time (ms),354.472,Trunc bitonic end-to-end time (ms),354.472,Trunc bitonic algorithmic time (ms),354.256,218103808,exact,41943040,exact
npu,q23_k131072_max,PASS,ok,half,bitonic,max,131072,8388608,reverse,23131241,1,Trunc bitonic end-to-end time (ms),6.799,Trunc bitonic end-to-end time (ms),6.799,Trunc bitonic algorithmic time (ms),6.676,218103808,exact,41943040,exact
npu,q23_k131072_max,PASS,ok,half,bitonic,max,131072,8388608,reverse,23131242,1,Trunc bitonic end-to-end time (ms),6.729,Trunc bitonic end-to-end time (ms),6.729,Trunc bitonic algorithmic time (ms),6.599,218103808,exact,41943040,exact
npu,q24_k8_max,PASS,ok,half,bitonic,max,8,16777216,uniform,24000180,1,Trunc bitonic end-to-end time (ms),8.346,Trunc bitonic end-to-end time (ms),8.346,Trunc bitonic algorithmic time (ms),8.178,436207616,exact,83886080,exact
npu,q24_k8_max,PASS,ok,half,bitonic,max,8,16777216,uniform,24000181,1,Trunc bitonic end-to-end time (ms),8.393,Trunc bitonic end-to-end time (ms),8.393,Trunc bitonic algorithmic time (ms),8.227,436207616,exact,83886080,exact
npu,q24_k8_max,PASS,ok,half,bitonic,max,8,16777216,trimodal,24000180,1,Trunc bitonic end-to-end time (ms),8.354,Trunc bitonic end-to-end time (ms),8.354,Trunc bitonic algorithmic time (ms),8.181,436207616,exact,83886080,exact
npu,q24_k8_max,PASS,ok,half,bitonic,max,8,16777216,trimodal,24000181,1,Trunc bitonic end-to-end time (ms),8.306,Trunc bitonic end-to-end time (ms),8.306,Trunc bitonic algorithmic time (ms),8.135,436207616,exact,83886080,exact
npu,q24_k8_max,PASS,ok,half,bitonic,max,8,16777216,adversarial,24000180,1,Trunc bitonic end-to-end time (ms),8.446,Trunc bitonic end-to-end time (ms),8.446,Trunc bitonic algorithmic time (ms),8.27,436207616,exact,83886080,exact
npu,q24_k8_max,PASS,ok,half,bitonic,max,8,16777216,adversarial,24000181,1,Trunc bitonic end-to-end time (ms),8.409,Trunc bitonic end-to-end time (ms),8.409,Trunc bitonic algorithmic time (ms),8.24,436207616,exact,83886080,exact
npu,q24_k8_max,PASS,ok,half,bitonic,max,8,16777216,sorted,24000180,1,Trunc bitonic end-to-end time (ms),8.603,Trunc bitonic end-to-end time (ms),8.603,Trunc bitonic algorithmic time (ms),8.425,436207616,exact,83886080,exact
npu,q24_k8_max,PASS,ok,half,bitonic,max,8,16777216,sorted,24000181,1,Trunc bitonic end-to-end time (ms),8.57,Trunc bitonic end-to-end time (ms),8.57,Trunc bitonic algorithmic time (ms),8.395,436207616,exact,83886080,exact
npu,q24_k8_max,PASS,ok,half,bitonic,max,8,16777216,reverse,24000180,1,Trunc bitonic end-to-end time (ms),8.274,Trunc bitonic end-to-end time (ms),8.274,Trunc bitonic algorithmic time (ms),8.105,436207616,exact,83886080,exact
npu,q24_k8_max,PASS,ok,half,bitonic,max,8,16777216,reverse,24000181,1,Trunc bitonic end-to-end time (ms),8.398,Trunc bitonic end-to-end time (ms),8.398,Trunc bitonic algorithmic time (ms),8.228,436207616,exact,83886080,exact
npu,q24_k131072_max,PASS,ok,half,bitonic,max,131072,16777216,uniform,24131244,1,Trunc bitonic end-to-end time (ms),46.256,Trunc bitonic end-to-end time (ms),46.256,Trunc bitonic algorithmic time (ms),46.075,436207616,exact,83886080,exact
npu,q24_k131072_max,PASS,ok,half,bitonic,max,131072,16777216,uniform,24131245,1,Trunc bitonic end-to-end time (ms),46.358,Trunc bitonic end-to-end time (ms),46.358,Trunc bitonic algorithmic time (ms),46.175,436207616,exact,83886080,exact
npu,q24_k131072_max,PASS,ok,half,bitonic,max,131072,16777216,trimodal,24131244,1,Trunc bitonic end-to-end time (ms),45.816,Trunc bitonic end-to-end time (ms),45.816,Trunc bitonic algorithmic time (ms),45.639,436207616,exact,83886080,exact
npu,q24_k131072_max,PASS,ok,half,bitonic,max,131072,16777216,trimodal,24131245,1,Trunc bitonic end-to-end time (ms),45.876,Trunc bitonic end-to-end time (ms),45.876,Trunc bitonic algorithmic time (ms),45.698,436207616,exact,83886080,exact
npu,q24_k131072_max,PASS,ok,half,bitonic,max,131072,16777216,adversarial,24131244,1,Trunc bitonic end-to-end time (ms),46.36,Trunc bitonic end-to-end time (ms),46.36,Trunc bitonic algorithmic time (ms),46.179,436207616,exact,83886080,exact
npu,q24_k131072_max,PASS,ok,half,bitonic,max,131072,16777216,adversarial,24131245,1,Trunc bitonic end-to-end time (ms),46.496,Trunc bitonic end-to-end time (ms),46.496,Trunc bitonic algorithmic time (ms),46.313,436207616,exact,83886080,exact
npu,q24_k131072_max,PASS,ok,half,bitonic,max,131072,16777216,sorted,24131244,1,Trunc bitonic end-to-end time (ms),711.046,Trunc bitonic end-to-end time (ms),711.046,Trunc bitonic algorithmic time (ms),710.792,436207616,exact,83886080,exact
npu,q24_k131072_max,PASS,ok,half,bitonic,max,131072,16777216,sorted,24131245,1,Trunc bitonic end-to-end time (ms),711.327,Trunc bitonic end-to-end time (ms),711.327,Trunc bitonic algorithmic time (ms),711.07,436207616,exact,83886080,exact
npu,q24_k131072_max,PASS,ok,half,bitonic,max,131072,16777216,reverse,24131244,1,Trunc bitonic end-to-end time (ms),10.62,Trunc bitonic end-to-end time (ms),10.62,Trunc bitonic algorithmic time (ms),10.441,436207616,exact,83886080,exact
npu,q24_k131072_max,PASS,ok,half,bitonic,max,131072,16777216,reverse,24131245,1,Trunc bitonic end-to-end time (ms),10.422,Trunc bitonic end-to-end time (ms),10.422,Trunc bitonic algorithmic time (ms),10.243,436207616,exact,83886080,exact
npu,q20_k8_max,PASS,ok,half,map_reduce,max,8,1048576,uniform,20000168,1,Map-reduce top-k end-to-end time (ms),0.863,Map-reduce top-k end-to-end time (ms),0.863,Map-reduce top-k algorithmic time (ms),0.772,26771456,exact,1048576,lower-bound
npu,q20_k8_max,PASS,ok,half,map_reduce,max,8,1048576,uniform,20000169,1,Map-reduce top-k end-to-end time (ms),0.847,Map-reduce top-k end-to-end time (ms),0.847,Map-reduce top-k algorithmic time (ms),0.757,26771456,exact,1048576,lower-bound
npu,q20_k8_max,PASS,ok,half,map_reduce,max,8,1048576,trimodal,20000168,1,Map-reduce top-k end-to-end time (ms),0.926,Map-reduce top-k end-to-end time (ms),0.926,Map-reduce top-k algorithmic time (ms),0.839,26771456,exact,1048576,lower-bound
npu,q20_k8_max,PASS,ok,half,map_reduce,max,8,1048576,trimodal,20000169,1,Map-reduce top-k end-to-end time (ms),0.942,Map-reduce top-k end-to-end time (ms),0.942,Map-reduce top-k algorithmic time (ms),0.851,26771456,exact,1048576,lower-bound
npu,q20_k8_max,PASS,ok,half,map_reduce,max,8,1048576,adversarial,20000168,1,Map-reduce top-k end-to-end time (ms),0.94,Map-reduce top-k end-to-end time (ms),0.94,Map-reduce top-k algorithmic time (ms),0.847,26771456,exact,1048576,lower-bound
npu,q20_k8_max,PASS,ok,half,map_reduce,max,8,1048576,adversarial,20000169,1,Map-reduce top-k end-to-end time (ms),0.864,Map-reduce top-k end-to-end time (ms),0.864,Map-reduce top-k algorithmic time (ms),0.771,26771456,exact,1048576,lower-bound
npu,q20_k8_max,PASS,ok,half,map_reduce,max,8,1048576,sorted,20000168,1,Map-reduce top-k end-to-end time (ms),1.181,Map-reduce top-k end-to-end time (ms),1.181,Map-reduce top-k algorithmic time (ms),1.087,26771456,exact,1048576,lower-bound
npu,q20_k8_max,PASS,ok,half,map_reduce,max,8,1048576,sorted,20000169,1,Map-reduce top-k end-to-end time (ms),1.164,Map-reduce top-k end-to-end time (ms),1.164,Map-reduce top-k algorithmic time (ms),1.074,26771456,exact,1048576,lower-bound
npu,q20_k8_max,PASS,ok,half,map_reduce,max,8,1048576,reverse,20000168,1,Map-reduce top-k end-to-end time (ms),0.878,Map-reduce top-k end-to-end time (ms),0.878,Map-reduce top-k algorithmic time (ms),0.784,26771456,exact,1048576,lower-bound
npu,q20_k8_max,PASS,ok,half,map_reduce,max,8,1048576,reverse,20000169,1,Map-reduce top-k end-to-end time (ms),0.846,Map-reduce top-k end-to-end time (ms),0.846,Map-reduce top-k algorithmic time (ms),0.753,26771456,exact,1048576,lower-bound
npu,q20_k131072_max,PASS,ok,half,map_reduce,max,131072,1048576,uniform,20131232,1,Map-reduce top-k end-to-end time (ms),26.429,Map-reduce top-k end-to-end time (ms),26.429,Map-reduce top-k algorithmic time (ms),26.291,24117248,exact,1048576,lower-bound
npu,q20_k131072_max,PASS,ok,half,map_reduce,max,131072,1048576,uniform,20131233,1,Map-reduce top-k end-to-end time (ms),26.336,Map-reduce top-k end-to-end time (ms),26.336,Map-reduce top-k algorithmic time (ms),26.164,24117248,exact,1048576,lower-bound
npu,q20_k131072_max,PASS,ok,half,map_reduce,max,131072,1048576,trimodal,20131232,1,Map-reduce top-k end-to-end time (ms),24.818,Map-reduce top-k end-to-end time (ms),24.818,Map-reduce top-k algorithmic time (ms),24.661,24117248,exact,1048576,lower-bound
npu,q20_k131072_max,PASS,ok,half,map_reduce,max,131072,1048576,trimodal,20131233,1,Map-reduce top-k end-to-end time (ms),25.25,Map-reduce top-k end-to-end time (ms),25.25,Map-reduce top-k algorithmic time (ms),25.101,24117248,exact,1048576,lower-bound
npu,q20_k131072_max,PASS,ok,half,map_reduce,max,131072,1048576,adversarial,20131232,1,Map-reduce top-k end-to-end time (ms),26.63,Map-reduce top-k end-to-end time (ms),26.63,Map-reduce top-k algorithmic time (ms),26.475,24117248,exact,1048576,lower-bound
npu,q20_k131072_max,PASS,ok,half,map_reduce,max,131072,1048576,adversarial,20131233,1,Map-reduce top-k end-to-end time (ms),26.585,Map-reduce top-k end-to-end time (ms),26.585,Map-reduce top-k algorithmic time (ms),26.427,24117248,exact,1048576,lower-bound
npu,q20_k131072_max,PASS,ok,half,map_reduce,max,131072,1048576,sorted,20131232,1,Map-reduce top-k end-to-end time (ms),46.343,Map-reduce top-k end-to-end time (ms),46.343,Map-reduce top-k algorithmic time (ms),46.186,24117248,exact,1048576,lower-bound
npu,q20_k131072_max,PASS,ok,half,map_reduce,max,131072,1048576,sorted,20131233,1,Map-reduce top-k end-to-end time (ms),46.306,Map-reduce top-k end-to-end time (ms),46.306,Map-reduce top-k algorithmic time (ms),46.147,24117248,exact,1048576,lower-bound
npu,q20_k131072_max,PASS,ok,half,map_reduce,max,131072,1048576,reverse,20131232,1,Map-reduce top-k end-to-end time (ms),5.726,Map-reduce top-k end-to-end time (ms),5.726,Map-reduce top-k algorithmic time (ms),5.612,24117248,exact,1048576,lower-bound
npu,q20_k131072_max,PASS,ok,half,map_reduce,max,131072,1048576,reverse,20131233,1,Map-reduce top-k end-to-end time (ms),5.664,Map-reduce top-k end-to-end time (ms),5.664,Map-reduce top-k algorithmic time (ms),5.529,24117248,exact,1048576,lower-bound
npu,q21_k8_max,PASS,ok,half,map_reduce,max,8,2097152,uniform,21000171,1,Map-reduce top-k end-to-end time (ms),1.476,Map-reduce top-k end-to-end time (ms),1.476,Map-reduce top-k algorithmic time (ms),1.385,53542912,exact,2097152,lower-bound
npu,q21_k8_max,PASS,ok,half,map_reduce,max,8,2097152,uniform,21000172,1,Map-reduce top-k end-to-end time (ms),1.523,Map-reduce top-k end-to-end time (ms),1.523,Map-reduce top-k algorithmic time (ms),1.426,53542912,exact,2097152,lower-bound
npu,q21_k8_max,PASS,ok,half,map_reduce,max,8,2097152,trimodal,21000171,1,Map-reduce top-k end-to-end time (ms),1.462,Map-reduce top-k end-to-end time (ms),1.462,Map-reduce top-k algorithmic time (ms),1.367,53542912,exact,2097152,lower-bound
npu,q21_k8_max,PASS,ok,half,map_reduce,max,8,2097152,trimodal,21000172,1,Map-reduce top-k end-to-end time (ms),1.478,Map-reduce top-k end-to-end time (ms),1.478,Map-reduce top-k algorithmic time (ms),1.389,53542912,exact,2097152,lower-bound
npu,q21_k8_max,PASS,ok,half,map_reduce,max,8,2097152,adversarial,21000171,1,Map-reduce top-k end-to-end time (ms),1.366,Map-reduce top-k end-to-end time (ms),1.366,Map-reduce top-k algorithmic time (ms),1.275,53542912,exact,2097152,lower-bound
npu,q21_k8_max,PASS,ok,half,map_reduce,max,8,2097152,adversarial,21000172,1,Map-reduce top-k end-to-end time (ms),1.496,Map-reduce top-k end-to-end time (ms),1.496,Map-reduce top-k algorithmic time (ms),1.401,53542912,exact,2097152,lower-bound
npu,q21_k8_max,PASS,ok,half,map_reduce,max,8,2097152,sorted,21000171,1,Map-reduce top-k end-to-end time (ms),1.387,Map-reduce top-k end-to-end time (ms),1.387,Map-reduce top-k algorithmic time (ms),1.3,53542912,exact,2097152,lower-bound
npu,q21_k8_max,PASS,ok,half,map_reduce,max,8,2097152,sorted,21000172,1,Map-reduce top-k end-to-end time (ms),1.407,Map-reduce top-k end-to-end time (ms),1.407,Map-reduce top-k algorithmic time (ms),1.314,53542912,exact,2097152,lower-bound
npu,q21_k8_max,PASS,ok,half,map_reduce,max,8,2097152,reverse,21000171,1,Map-reduce top-k end-to-end time (ms),1.234,Map-reduce top-k end-to-end time (ms),1.234,Map-reduce top-k algorithmic time (ms),1.142,53542912,exact,2097152,lower-bound
npu,q21_k8_max,PASS,ok,half,map_reduce,max,8,2097152,reverse,21000172,1,Map-reduce top-k end-to-end time (ms),1.23,Map-reduce top-k end-to-end time (ms),1.23,Map-reduce top-k algorithmic time (ms),1.143,53542912,exact,2097152,lower-bound
npu,q21_k131072_max,PASS,ok,half,map_reduce,max,131072,2097152,uniform,21131235,1,Map-reduce top-k end-to-end time (ms),32.173,Map-reduce top-k end-to-end time (ms),32.173,Map-reduce top-k algorithmic time (ms),32.002,51380224,exact,2097152,lower-bound
npu,q21_k131072_max,PASS,ok,half,map_reduce,max,131072,2097152,uniform,21131236,1,Map-reduce top-k end-to-end time (ms),31.958,Map-reduce top-k end-to-end time (ms),31.958,Map-reduce top-k algorithmic time (ms),31.789,51380224,exact,2097152,lower-bound
npu,q21_k131072_max,PASS,ok,half,map_reduce,max,131072,2097152,trimodal,21131235,1,Map-reduce top-k end-to-end time (ms),30.842,Map-reduce top-k end-to-end time (ms),30.842,Map-reduce top-k algorithmic time (ms),30.673,51380224,exact,2097152,lower-bound
npu,q21_k131072_max,PASS,ok,half,map_reduce,max,131072,2097152,trimodal,21131236,1,Map-reduce top-k end-to-end time (ms),31,Map-reduce top-k end-to-end time (ms),31,Map-reduce top-k algorithmic time (ms),30.834,51380224,exact,2097152,lower-bound
npu,q21_k131072_max,PASS,ok,half,map_reduce,max,131072,2097152,adversarial,21131235,1,Map-reduce top-k end-to-end time (ms),32.427,Map-reduce top-k end-to-end time (ms),32.427,Map-reduce top-k algorithmic time (ms),32.28,51380224,exact,2097152,lower-bound
npu,q21_k131072_max,PASS,ok,half,map_reduce,max,131072,2097152,adversarial,21131236,1,Map-reduce top-k end-to-end time (ms),32.307,Map-reduce top-k end-to-end time (ms),32.307,Map-reduce top-k algorithmic time (ms),32.14,51380224,exact,2097152,lower-bound
npu,q21_k131072_max,PASS,ok,half,map_reduce,max,131072,2097152,sorted,21131235,1,Map-reduce top-k end-to-end time (ms),90.836,Map-reduce top-k end-to-end time (ms),90.836,Map-reduce top-k algorithmic time (ms),90.67,51380224,exact,2097152,lower-bound
npu,q21_k131072_max,PASS,ok,half,map_reduce,max,131072,2097152,sorted,21131236,1,Map-reduce top-k end-to-end time (ms),90.659,Map-reduce top-k end-to-end time (ms),90.659,Map-reduce top-k algorithmic time (ms),90.496,51380224,exact,2097152,lower-bound
npu,q21_k131072_max,PASS,ok,half,map_reduce,max,131072,2097152,reverse,21131235,1,Map-reduce top-k end-to-end time (ms),5.679,Map-reduce top-k end-to-end time (ms),5.679,Map-reduce top-k algorithmic time (ms),5.576,51380224,exact,2097152,lower-bound
npu,q21_k131072_max,PASS,ok,half,map_reduce,max,131072,2097152,reverse,21131236,1,Map-reduce top-k end-to-end time (ms),5.496,Map-reduce top-k end-to-end time (ms),5.496,Map-reduce top-k algorithmic time (ms),5.392,51380224,exact,2097152,lower-bound
npu,q22_k8_max,PASS,ok,half,map_reduce,max,8,4194304,uniform,22000174,1,Map-reduce top-k end-to-end time (ms),2.69,Map-reduce top-k end-to-end time (ms),2.69,Map-reduce top-k algorithmic time (ms),2.599,107061248,exact,4194304,lower-bound
npu,q22_k8_max,PASS,ok,half,map_reduce,max,8,4194304,uniform,22000175,1,Map-reduce top-k end-to-end time (ms),2.705,Map-reduce top-k end-to-end time (ms),2.705,Map-reduce top-k algorithmic time (ms),2.611,107061248,exact,4194304,lower-bound
npu,q22_k8_max,PASS,ok,half,map_reduce,max,8,4194304,trimodal,22000174,1,Map-reduce top-k end-to-end time (ms),2.672,Map-reduce top-k end-to-end time (ms),2.672,Map-reduce top-k algorithmic time (ms),2.577,107061248,exact,4194304,lower-bound
npu,q22_k8_max,PASS,ok,half,map_reduce,max,8,4194304,trimodal,22000175,1,Map-reduce top-k end-to-end time (ms),2.689,Map-reduce top-k end-to-end time (ms),2.689,Map-reduce top-k algorithmic time (ms),2.598,107061248,exact,4194304,lower-bound
npu,q22_k8_max,PASS,ok,half,map_reduce,max,8,4194304,adversarial,22000174,1,Map-reduce top-k end-to-end time (ms),2.457,Map-reduce top-k end-to-end time (ms),2.457,Map-reduce top-k algorithmic time (ms),2.36,107061248,exact,4194304,lower-bound
npu,q22_k8_max,PASS,ok,half,map_reduce,max,8,4194304,adversarial,22000175,1,Map-reduce top-k end-to-end time (ms),2.419,Map-reduce top-k end-to-end time (ms),2.419,Map-reduce top-k algorithmic time (ms),2.323,107061248,exact,4194304,lower-bound
npu,q22_k8_max,PASS,ok,half,map_reduce,max,8,4194304,sorted,22000174,1,Map-reduce top-k end-to-end time (ms),2.404,Map-reduce top-k end-to-end time (ms),2.404,Map-reduce top-k algorithmic time (ms),2.308,107061248,exact,4194304,lower-bound
npu,q22_k8_max,PASS,ok,half,map_reduce,max,8,4194304,sorted,22000175,1,Map-reduce top-k end-to-end time (ms),2.412,Map-reduce top-k end-to-end time (ms),2.412,Map-reduce top-k algorithmic time (ms),2.32,107061248,exact,4194304,lower-bound
npu,q22_k8_max,PASS,ok,half,map_reduce,max,8,4194304,reverse,22000174,1,Map-reduce top-k end-to-end time (ms),2.213,Map-reduce top-k end-to-end time (ms),2.213,Map-reduce top-k algorithmic time (ms),2.117,107061248,exact,4194304,lower-bound
npu,q22_k8_max,PASS,ok,half,map_reduce,max,8,4194304,reverse,22000175,1,Map-reduce top-k end-to-end time (ms),2.167,Map-reduce top-k end-to-end time (ms),2.167,Map-reduce top-k algorithmic time (ms),2.079,107061248,exact,4194304,lower-bound
npu,q22_k131072_max,PASS,ok,half,map_reduce,max,131072,4194304,uniform,22131238,1,Map-reduce top-k end-to-end time (ms),38.722,Map-reduce top-k end-to-end time (ms),38.722,Map-reduce top-k algorithmic time (ms),38.56,105906176,exact,4194304,lower-bound
npu,q22_k131072_max,PASS,ok,half,map_reduce,max,131072,4194304,uniform,22131239,1,Map-reduce top-k end-to-end time (ms),38.823,Map-reduce top-k end-to-end time (ms),38.823,Map-reduce top-k algorithmic time (ms),38.655,105906176,exact,4194304,lower-bound
npu,q22_k131072_max,PASS,ok,half,map_reduce,max,131072,4194304,trimodal,22131238,1,Map-reduce top-k end-to-end time (ms),37.91,Map-reduce top-k end-to-end time (ms),37.91,Map-reduce top-k algorithmic time (ms),37.748,105906176,exact,4194304,lower-bound
npu,q22_k131072_max,PASS,ok,half,map_reduce,max,131072,4194304,trimodal,22131239,1,Map-reduce top-k end-to-end time (ms),37.692,Map-reduce top-k end-to-end time (ms),37.692,Map-reduce top-k algorithmic time (ms),37.529,105906176,exact,4194304,lower-bound
npu,q22_k131072_max,PASS,ok,half,map_reduce,max,131072,4194304,adversarial,22131238,1,Map-reduce top-k end-to-end time (ms),38.927,Map-reduce top-k end-to-end time (ms),38.927,Map-reduce top-k algorithmic time (ms),38.749,105906176,exact,4194304,lower-bound
npu,q22_k131072_max,PASS,ok,half,map_reduce,max,131072,4194304,adversarial,22131239,1,Map-reduce top-k end-to-end time (ms),39.123,Map-reduce top-k end-to-end time (ms),39.123,Map-reduce top-k algorithmic time (ms),38.951,105906176,exact,4194304,lower-bound
npu,q22_k131072_max,PASS,ok,half,map_reduce,max,131072,4194304,sorted,22131238,1,Map-reduce top-k end-to-end time (ms),179.532,Map-reduce top-k end-to-end time (ms),179.532,Map-reduce top-k algorithmic time (ms),179.335,105906176,exact,4194304,lower-bound
npu,q22_k131072_max,PASS,ok,half,map_reduce,max,131072,4194304,sorted,22131239,1,Map-reduce top-k end-to-end time (ms),180.271,Map-reduce top-k end-to-end time (ms),180.271,Map-reduce top-k algorithmic time (ms),180.088,105906176,exact,4194304,lower-bound
npu,q22_k131072_max,PASS,ok,half,map_reduce,max,131072,4194304,reverse,22131238,1,Map-reduce top-k end-to-end time (ms),6.264,Map-reduce top-k end-to-end time (ms),6.264,Map-reduce top-k algorithmic time (ms),6.165,105906176,exact,4194304,lower-bound
npu,q22_k131072_max,PASS,ok,half,map_reduce,max,131072,4194304,reverse,22131239,1,Map-reduce top-k end-to-end time (ms),6.044,Map-reduce top-k end-to-end time (ms),6.044,Map-reduce top-k algorithmic time (ms),5.944,105906176,exact,4194304,lower-bound
npu,q23_k8_max,PASS,ok,half,map_reduce,max,8,8388608,uniform,23000177,1,Map-reduce top-k end-to-end time (ms),5.033,Map-reduce top-k end-to-end time (ms),5.033,Map-reduce top-k algorithmic time (ms),4.909,214097920,exact,8388608,lower-bound
npu,q23_k8_max,PASS,ok,half,map_reduce,max,8,8388608,uniform,23000178,1,Map-reduce top-k end-to-end time (ms),4.956,Map-reduce top-k end-to-end time (ms),4.956,Map-reduce top-k algorithmic time (ms),4.829,214097920,exact,8388608,lower-bound
npu,q23_k8_max,PASS,ok,half,map_reduce,max,8,8388608,trimodal,23000177,1,Map-reduce top-k end-to-end time (ms),4.949,Map-reduce top-k end-to-end time (ms),4.949,Map-reduce top-k algorithmic time (ms),4.824,214097920,exact,8388608,lower-bound
npu,q23_k8_max,PASS,ok,half,map_reduce,max,8,8388608,trimodal,23000178,1,Map-reduce top-k end-to-end time (ms),5.106,Map-reduce top-k end-to-end time (ms),5.106,Map-reduce top-k algorithmic time (ms),4.981,214097920,exact,8388608,lower-bound
npu,q23_k8_max,PASS,ok,half,map_reduce,max,8,8388608,adversarial,23000177,1,Map-reduce top-k end-to-end time (ms),5.074,Map-reduce top-k end-to-end time (ms),5.074,Map-reduce top-k algorithmic time (ms),4.953,214097920,exact,8388608,lower-bound
npu,q23_k8_max,PASS,ok,half,map_reduce,max,8,8388608,adversarial,23000178,1,Map-reduce top-k end-to-end time (ms),4.939,Map-reduce top-k end-to-end time (ms),4.939,Map-reduce top-k algorithmic time (ms),4.838,214097920,exact,8388608,lower-bound
npu,q23_k8_max,PASS,ok,half,map_reduce,max,8,8388608,sorted,23000177,1,Map-reduce top-k end-to-end time (ms),4.367,Map-reduce top-k end-to-end time (ms),4.367,Map-reduce top-k algorithmic time (ms),4.242,214097920,exact,8388608,lower-bound
npu,q23_k8_max,PASS,ok,half,map_reduce,max,8,8388608,sorted,23000178,1,Map-reduce top-k end-to-end time (ms),4.408,Map-reduce top-k end-to-end time (ms),4.408,Map-reduce top-k algorithmic time (ms),4.284,214097920,exact,8388608,lower-bound
npu,q23_k8_max,PASS,ok,half,map_reduce,max,8,8388608,reverse,23000177,1,Map-reduce top-k end-to-end time (ms),4.285,Map-reduce top-k end-to-end time (ms),4.285,Map-reduce top-k algorithmic time (ms),4.163,214097920,exact,8388608,lower-bound
npu,q23_k8_max,PASS,ok,half,map_reduce,max,8,8388608,reverse,23000178,1,Map-reduce top-k end-to-end time (ms),4.227,Map-reduce top-k end-to-end time (ms),4.227,Map-reduce top-k algorithmic time (ms),4.104,214097920,exact,8388608,lower-bound
npu,q23_k131072_max,PASS,ok,half,map_reduce,max,131072,8388608,uniform,23131241,1,Map-reduce top-k end-to-end time (ms),45.566,Map-reduce top-k end-to-end time (ms),45.566,Map-reduce top-k algorithmic time (ms),45.345,214097920,exact,8388608,lower-bound
npu,q23_k131072_max,PASS,ok,half,map_reduce,max,131072,8388608,uniform,23131242,1,Map-reduce top-k end-to-end time (ms),45.044,Map-reduce top-k end-to-end time (ms),45.044,Map-reduce top-k algorithmic time (ms),44.879,214097920,exact,8388608,lower-bound
npu,q23_k131072_max,PASS,ok,half,map_reduce,max,131072,8388608,trimodal,23131241,1,Map-reduce top-k end-to-end time (ms),44.398,Map-reduce top-k end-to-end time (ms),44.398,Map-reduce top-k algorithmic time (ms),44.217,214097920,exact,8388608,lower-bound
npu,q23_k131072_max,PASS,ok,half,map_reduce,max,131072,8388608,trimodal,23131242,1,Map-reduce top-k end-to-end time (ms),44.571,Map-reduce top-k end-to-end time (ms),44.571,Map-reduce top-k algorithmic time (ms),44.384,214097920,exact,8388608,lower-bound
npu,q23_k131072_max,PASS,ok,half,map_reduce,max,131072,8388608,adversarial,23131241,1,Map-reduce top-k end-to-end time (ms),44.964,Map-reduce top-k end-to-end time (ms),44.964,Map-reduce top-k algorithmic time (ms),44.761,214097920,exact,8388608,lower-bound
npu,q23_k131072_max,PASS,ok,half,map_reduce,max,131072,8388608,adversarial,23131242,1,Map-reduce top-k end-to-end time (ms),45.386,Map-reduce top-k end-to-end time (ms),45.386,Map-reduce top-k algorithmic time (ms),45.219,214097920,exact,8388608,lower-bound
npu,q23_k131072_max,PASS,ok,half,map_reduce,max,131072,8388608,sorted,23131241,1,Map-reduce top-k end-to-end time (ms),357.093,Map-reduce top-k end-to-end time (ms),357.093,Map-reduce top-k algorithmic time (ms),356.886,214097920,exact,8388608,lower-bound
npu,q23_k131072_max,PASS,ok,half,map_reduce,max,131072,8388608,sorted,23131242,1,Map-reduce top-k end-to-end time (ms),357.461,Map-reduce top-k end-to-end time (ms),357.461,Map-reduce top-k algorithmic time (ms),357.253,214097920,exact,8388608,lower-bound
npu,q23_k131072_max,PASS,ok,half,map_reduce,max,131072,8388608,reverse,23131241,1,Map-reduce top-k end-to-end time (ms),7.826,Map-reduce top-k end-to-end time (ms),7.826,Map-reduce top-k algorithmic time (ms),7.695,214097920,exact,8388608,lower-bound
npu,q23_k131072_max,PASS,ok,half,map_reduce,max,131072,8388608,reverse,23131242,1,Map-reduce top-k end-to-end time (ms),7.747,Map-reduce top-k end-to-end time (ms),7.747,Map-reduce top-k algorithmic time (ms),7.617,214097920,exact,8388608,lower-bound
npu,q24_k8_max,PASS,ok,half,map_reduce,max,8,16777216,uniform,24000180,1,Map-reduce top-k end-to-end time (ms),9.469,Map-reduce top-k end-to-end time (ms),9.469,Map-reduce top-k algorithmic time (ms),9.335,428171264,exact,16777216,lower-bound
npu,q24_k8_max,PASS,ok,half,map_reduce,max,8,16777216,uniform,24000181,1,Map-reduce top-k end-to-end time (ms),9.437,Map-reduce top-k end-to-end time (ms),9.437,Map-reduce top-k algorithmic time (ms),9.298,428171264,exact,16777216,lower-bound
npu,q24_k8_max,PASS,ok,half,map_reduce,max,8,16777216,trimodal,24000180,1,Map-reduce top-k end-to-end time (ms),9.044,Map-reduce top-k end-to-end time (ms),9.044,Map-reduce top-k algorithmic time (ms),8.904,428171264,exact,16777216,lower-bound
npu,q24_k8_max,PASS,ok,half,map_reduce,max,8,16777216,trimodal,24000181,1,Map-reduce top-k end-to-end time (ms),9.846,Map-reduce top-k end-to-end time (ms),9.846,Map-reduce top-k algorithmic time (ms),9.696,428171264,exact,16777216,lower-bound
npu,q24_k8_max,PASS,ok,half,map_reduce,max,8,16777216,adversarial,24000180,1,Map-reduce top-k end-to-end time (ms),9.496,Map-reduce top-k end-to-end time (ms),9.496,Map-reduce top-k algorithmic time (ms),9.356,428171264,exact,16777216,lower-bound
npu,q24_k8_max,PASS,ok,half,map_reduce,max,8,16777216,adversarial,24000181,1,Map-reduce top-k end-to-end time (ms),9.826,Map-reduce top-k end-to-end time (ms),9.826,Map-reduce top-k algorithmic time (ms),9.687,428171264,exact,16777216,lower-bound
npu,q24_k8_max,PASS,ok,half,map_reduce,max,8,16777216,sorted,24000180,1,Map-reduce top-k end-to-end time (ms),8.383,Map-reduce top-k end-to-end time (ms),8.383,Map-reduce top-k algorithmic time (ms),8.249,428171264,exact,16777216,lower-bound
npu,q24_k8_max,PASS,ok,half,map_reduce,max,8,16777216,sorted,24000181,1,Map-reduce top-k end-to-end time (ms),8.308,Map-reduce top-k end-to-end time (ms),8.308,Map-reduce top-k algorithmic time (ms),8.175,428171264,exact,16777216,lower-bound
npu,q24_k8_max,PASS,ok,half,map_reduce,max,8,16777216,reverse,24000180,1,Map-reduce top-k end-to-end time (ms),8.281,Map-reduce top-k end-to-end time (ms),8.281,Map-reduce top-k algorithmic time (ms),8.144,428171264,exact,16777216,lower-bound
npu,q24_k8_max,PASS,ok,half,map_reduce,max,8,16777216,reverse,24000181,1,Map-reduce top-k end-to-end time (ms),8.133,Map-reduce top-k end-to-end time (ms),8.133,Map-reduce top-k algorithmic time (ms),8,428171264,exact,16777216,lower-bound
npu,q24_k131072_max,PASS,ok,half,map_reduce,max,131072,16777216,uniform,24131244,1,Map-reduce top-k end-to-end time (ms),50.393,Map-reduce top-k end-to-end time (ms),50.393,Map-reduce top-k algorithmic time (ms),50.251,428171264,exact,16777216,lower-bound
npu,q24_k131072_max,PASS,ok,half,map_reduce,max,131072,16777216,uniform,24131245,1,Map-reduce top-k end-to-end time (ms),49.742,Map-reduce top-k end-to-end time (ms),49.742,Map-reduce top-k algorithmic time (ms),49.594,428171264,exact,16777216,lower-bound
npu,q24_k131072_max,PASS,ok,half,map_reduce,max,131072,16777216,trimodal,24131244,1,Map-reduce top-k end-to-end time (ms),50.478,Map-reduce top-k end-to-end time (ms),50.478,Map-reduce top-k algorithmic time (ms),50.33,428171264,exact,16777216,lower-bound
npu,q24_k131072_max,PASS,ok,half,map_reduce,max,131072,16777216,trimodal,24131245,1,Map-reduce top-k end-to-end time (ms),50.8,Map-reduce top-k end-to-end time (ms),50.8,Map-reduce top-k algorithmic time (ms),50.648,428171264,exact,16777216,lower-bound
npu,q24_k131072_max,PASS,ok,half,map_reduce,max,131072,16777216,adversarial,24131244,1,Map-reduce top-k end-to-end time (ms),50.695,Map-reduce top-k end-to-end time (ms),50.695,Map-reduce top-k algorithmic time (ms),50.551,428171264,exact,16777216,lower-bound
npu,q24_k131072_max,PASS,ok,half,map_reduce,max,131072,16777216,adversarial,24131245,1,Map-reduce top-k end-to-end time (ms),50.289,Map-reduce top-k end-to-end time (ms),50.289,Map-reduce top-k algorithmic time (ms),50.145,428171264,exact,16777216,lower-bound
npu,q24_k131072_max,PASS,ok,half,map_reduce,max,131072,16777216,sorted,24131244,1,Map-reduce top-k end-to-end time (ms),706.022,Map-reduce top-k end-to-end time (ms),706.022,Map-reduce top-k algorithmic time (ms),705.817,428171264,exact,16777216,lower-bound
npu,q24_k131072_max,PASS,ok,half,map_reduce,max,131072,16777216,sorted,24131245,1,Map-reduce top-k end-to-end time (ms),708.026,Map-reduce top-k end-to-end time (ms),708.026,Map-reduce top-k algorithmic time (ms),707.812,428171264,exact,16777216,lower-bound
npu,q24_k131072_max,PASS,ok,half,map_reduce,max,131072,16777216,reverse,24131244,1,Map-reduce top-k end-to-end time (ms),11.465,Map-reduce top-k end-to-end time (ms),11.465,Map-reduce top-k algorithmic time (ms),11.327,428171264,exact,16777216,lower-bound
npu,q24_k131072_max,PASS,ok,half,map_reduce,max,131072,16777216,reverse,24131245,1,Map-reduce top-k end-to-end time (ms),11.352,Map-reduce top-k end-to-end time (ms),11.352,Map-reduce top-k algorithmic time (ms),11.213,428171264,exact,16777216,lower-bound
npu,q20_k8_max,PASS,ok,half,gt,max,8,1048576,uniform,20000168,1,Ground truth end-to-end time (ms),0.881,Ground truth end-to-end time (ms),0.881,Ground truth algorithmic time (ms),0.881,2097168,lower-bound,1048576,lower-bound
npu,q20_k8_max,PASS,ok,half,gt,max,8,1048576,uniform,20000169,1,Ground truth end-to-end time (ms),0.881,Ground truth end-to-end time (ms),0.881,Ground truth algorithmic time (ms),0.881,2097168,lower-bound,1048576,lower-bound
npu,q20_k8_max,PASS,ok,half,gt,max,8,1048576,trimodal,20000168,1,Ground truth end-to-end time (ms),0.883,Ground truth end-to-end time (ms),0.883,Ground truth algorithmic time (ms),0.883,2097168,lower-bound,1048576,lower-bound
npu,q20_k8_max,PASS,ok,half,gt,max,8,1048576,trimodal,20000169,1,Ground truth end-to-end time (ms),0.883,Ground truth end-to-end time (ms),0.883,Ground truth algorithmic time (ms),0.883,2097168,lower-bound,1048576,lower-bound
npu,q20_k8_max,PASS,ok,half,gt,max,8,1048576,adversarial,20000168,1,Ground truth end-to-end time (ms),0.96,Ground truth end-to-end time (ms),0.96,Ground truth algorithmic time (ms),0.96,2097168,lower-bound,1048576,lower-bound
npu,q20_k8_max,PASS,ok,half,gt,max,8,1048576,adversarial,20000169,1,Ground truth end-to-end time (ms),0.963,Ground truth end-to-end time (ms),0.963,Ground truth algorithmic time (ms),0.963,2097168,lower-bound,1048576,lower-bound
npu,q20_k8_max,PASS,ok,half,gt,max,8,1048576,sorted,20000168,1,Ground truth end-to-end time (ms),1.169,Ground truth end-to-end time (ms),1.169,Ground truth algorithmic time (ms),1.169,2097168,lower-bound,1048576,lower-bound
npu,q20_k8_max,PASS,ok,half,gt,max,8,1048576,sorted,20000169,1,Ground truth end-to-end time (ms),1.167,Ground truth end-to-end time (ms),1.167,Ground truth algorithmic time (ms),1.167,2097168,lower-bound,1048576,lower-bound
npu,q20_k8_max,PASS,ok,half,gt,max,8,1048576,reverse,20000168,1,Ground truth end-to-end time (ms),0.88,Ground truth end-to-end time (ms),0.88,Ground truth algorithmic time (ms),0.88,2097168,lower-bound,1048576,lower-bound
npu,q20_k8_max,PASS,ok,half,gt,max,8,1048576,reverse,20000169,1,Ground truth end-to-end time (ms),0.879,Ground truth end-to-end time (ms),0.879,Ground truth algorithmic time (ms),0.879,2097168,lower-bound,1048576,lower-bound
npu,q20_k131072_max,PASS,ok,half,gt,max,131072,1048576,uniform,20131232,1,Ground truth end-to-end time (ms),53.431,Ground truth end-to-end time (ms),53.431,Ground truth algorithmic time (ms),53.431,2359296,lower-bound,1048576,lower-bound
npu,q20_k131072_max,PASS,ok,half,gt,max,131072,1048576,uniform,20131233,1,Ground truth end-to-end time (ms),53.193,Ground truth end-to-end time (ms),53.193,Ground truth algorithmic time (ms),53.193,2359296,lower-bound,1048576,lower-bound
npu,q20_k131072_max,PASS,ok,half,gt,max,131072,1048576,trimodal,20131232,1,Ground truth end-to-end time (ms),50.624,Ground truth end-to-end time (ms),50.624,Ground truth algorithmic time (ms),50.624,2359296,lower-bound,1048576,lower-bound
npu,q20_k131072_max,PASS,ok,half,gt,max,131072,1048576,trimodal,20131233,1,Ground truth end-to-end time (ms),50.75,Ground truth end-to-end time (ms),50.75,Ground truth algorithmic time (ms),50.75,2359296,lower-bound,1048576,lower-bound
npu,q20_k131072_max,PASS,ok,half,gt,max,131072,1048576,adversarial,20131232,1,Ground truth end-to-end time (ms),53.437,Ground truth end-to-end time (ms),53.437,Ground truth algorithmic time (ms),53.437,2359296,lower-bound,1048576,lower-bound
npu,q20_k131072_max,PASS,ok,half,gt,max,131072,1048576,adversarial,20131233,1,Ground truth end-to-end time (ms),53.32,Ground truth end-to-end time (ms),53.32,Ground truth algorithmic time (ms),53.32,2359296,lower-bound,1048576,lower-bound
npu,q20_k131072_max,PASS,ok,half,gt,max,131072,1048576,sorted,20131232,1,Ground truth end-to-end time (ms),63.855,Ground truth end-to-end time (ms),63.855,Ground truth algorithmic time (ms),63.855,2359296,lower-bound,1048576,lower-bound
npu,q20_k131072_max,PASS,ok,half,gt,max,131072,1048576,sorted,20131233,1,Ground truth end-to-end time (ms),63.79,Ground truth end-to-end time (ms),63.79,Ground truth algorithmic time (ms),63.79,2359296,lower-bound,1048576,lower-bound
npu,q20_k131072_max,PASS,ok,half,gt,max,131072,1048576,reverse,20131232,1,Ground truth end-to-end time (ms),7.37,Ground truth end-to-end time (ms),7.37,Ground truth algorithmic time (ms),7.37,2359296,lower-bound,1048576,lower-bound
npu,q20_k131072_max,PASS,ok,half,gt,max,131072,1048576,reverse,20131233,1,Ground truth end-to-end time (ms),7.364,Ground truth end-to-end time (ms),7.364,Ground truth algorithmic time (ms),7.364,2359296,lower-bound,1048576,lower-bound
npu,q21_k8_max,PASS,ok,half,gt,max,8,2097152,uniform,21000171,1,Ground truth end-to-end time (ms),1.704,Ground truth end-to-end time (ms),1.704,Ground truth algorithmic time (ms),1.704,4194320,lower-bound,2097152,lower-bound
npu,q21_k8_max,PASS,ok,half,gt,max,8,2097152,uniform,21000172,1,Ground truth end-to-end time (ms),1.705,Ground truth end-to-end time (ms),1.705,Ground truth algorithmic time (ms),1.705,4194320,lower-bound,2097152,lower-bound
npu,q21_k8_max,PASS,ok,half,gt,max,8,2097152,trimodal,21000171,1,Ground truth end-to-end time (ms),1.707,Ground truth end-to-end time (ms),1.707,Ground truth algorithmic time (ms),1.707,4194320,lower-bound,2097152,lower-bound
npu,q21_k8_max,PASS,ok,half,gt,max,8,2097152,trimodal,21000172,1,Ground truth end-to-end time (ms),1.707,Ground truth end-to-end time (ms),1.707,Ground truth algorithmic time (ms),1.707,4194320,lower-bound,2097152,lower-bound
npu,q21_k8_max,PASS,ok,half,gt,max,8,2097152,adversarial,21000171,1,Ground truth end-to-end time (ms),1.84,Ground truth end-to-end time (ms),1.84,Ground truth algorithmic time (ms),1.84,4194320,lower-bound,2097152,lower-bound
npu,q21_k8_max,PASS,ok,half,gt,max,8,2097152,adversarial,21000172,1,Ground truth end-to-end time (ms),1.832,Ground truth end-to-end time (ms),1.832,Ground truth algorithmic time (ms),1.832,4194320,lower-bound,2097152,lower-bound
npu,q21_k8_max,PASS,ok,half,gt,max,8,2097152,sorted,21000171,1,Ground truth end-to-end time (ms),2.043,Ground truth end-to-end time (ms),2.043,Ground truth algorithmic time (ms),2.043,4194320,lower-bound,2097152,lower-bound
npu,q21_k8_max,PASS,ok,half,gt,max,8,2097152,sorted,21000172,1,Ground truth end-to-end time (ms),2.04,Ground truth end-to-end time (ms),2.04,Ground truth algorithmic time (ms),2.04,4194320,lower-bound,2097152,lower-bound
npu,q21_k8_max,PASS,ok,half,gt,max,8,2097152,reverse,21000171,1,Ground truth end-to-end time (ms),1.702,Ground truth end-to-end time (ms),1.702,Ground truth algorithmic time (ms),1.702,4194320,lower-bound,2097152,lower-bound
npu,q21_k8_max,PASS,ok,half,gt,max,8,2097152,reverse,21000172,1,Ground truth end-to-end time (ms),1.703,Ground truth end-to-end time (ms),1.703,Ground truth algorithmic time (ms),1.703,4194320,lower-bound,2097152,lower-bound
npu,q21_k131072_max,PASS,ok,half,gt,max,131072,2097152,uniform,21131235,1,Ground truth end-to-end time (ms),65.203,Ground truth end-to-end time (ms),65.203,Ground truth algorithmic time (ms),65.203,4456448,lower-bound,2097152,lower-bound
npu,q21_k131072_max,PASS,ok,half,gt,max,131072,2097152,uniform,21131236,1,Ground truth end-to-end time (ms),65.264,Ground truth end-to-end time (ms),65.264,Ground truth algorithmic time (ms),65.264,4456448,lower-bound,2097152,lower-bound
npu,q21_k131072_max,PASS,ok,half,gt,max,131072,2097152,trimodal,21131235,1,Ground truth end-to-end time (ms),61.55,Ground truth end-to-end time (ms),61.55,Ground truth algorithmic time (ms),61.55,4456448,lower-bound,2097152,lower-bound
npu,q21_k131072_max,PASS,ok,half,gt,max,131072,2097152,trimodal,21131236,1,Ground truth end-to-end time (ms),61.381,Ground truth end-to-end time (ms),61.381,Ground truth algorithmic time (ms),61.381,4456448,lower-bound,2097152,lower-bound
npu,q21_k131072_max,PASS,ok,half,gt,max,131072,2097152,adversarial,21131235,1,Ground truth end-to-end time (ms),65.417,Ground truth end-to-end time (ms),65.417,Ground truth algorithmic time (ms),65.417,4456448,lower-bound,2097152,lower-bound
npu,q21_k131072_max,PASS,ok,half,gt,max,131072,2097152,adversarial,21131236,1,Ground truth end-to-end time (ms),65.304,Ground truth end-to-end time (ms),65.304,Ground truth algorithmic time (ms),65.304,4456448,lower-bound,2097152,lower-bound
npu,q21_k131072_max,PASS,ok,half,gt,max,131072,2097152,sorted,21131235,1,Ground truth end-to-end time (ms),127.806,Ground truth end-to-end time (ms),127.806,Ground truth algorithmic time (ms),127.806,4456448,lower-bound,2097152,lower-bound
npu,q21_k131072_max,PASS,ok,half,gt,max,131072,2097152,sorted,21131236,1,Ground truth end-to-end time (ms),128.155,Ground truth end-to-end time (ms),128.155,Ground truth algorithmic time (ms),128.155,4456448,lower-bound,2097152,lower-bound
npu,q21_k131072_max,PASS,ok,half,gt,max,131072,2097152,reverse,21131235,1,Ground truth end-to-end time (ms),8.234,Ground truth end-to-end time (ms),8.234,Ground truth algorithmic time (ms),8.234,4456448,lower-bound,2097152,lower-bound
npu,q21_k131072_max,PASS,ok,half,gt,max,131072,2097152,reverse,21131236,1,Ground truth end-to-end time (ms),8.211,Ground truth end-to-end time (ms),8.211,Ground truth algorithmic time (ms),8.211,4456448,lower-bound,2097152,lower-bound
npu,q22_k8_max,PASS,ok,half,gt,max,8,4194304,uniform,22000174,1,Ground truth end-to-end time (ms),3.409,Ground truth end-to-end time (ms),3.409,Ground truth algorithmic time (ms),3.409,8388624,lower-bound,4194304,lower-bound
npu,q22_k8_max,PASS,ok,half,gt,max,8,4194304,uniform,22000175,1,Ground truth end-to-end time (ms),3.388,Ground truth end-to-end time (ms),3.388,Ground truth algorithmic time (ms),3.388,8388624,lower-bound,4194304,lower-bound
npu,q22_k8_max,PASS,ok,half,gt,max,8,4194304,trimodal,22000174,1,Ground truth end-to-end time (ms),3.393,Ground truth end-to-end time (ms),3.393,Ground truth algorithmic time (ms),3.393,8388624,lower-bound,4194304,lower-bound
npu,q22_k8_max,PASS,ok,half,gt,max,8,4194304,trimodal,22000175,1,Ground truth end-to-end time (ms),3.387,Ground truth end-to-end time (ms),3.387,Ground truth algorithmic time (ms),3.387,8388624,lower-bound,4194304,lower-bound
npu,q22_k8_max,PASS,ok,half,gt,max,8,4194304,adversarial,22000174,1,Ground truth end-to-end time (ms),3.514,Ground truth end-to-end time (ms),3.514,Ground truth algorithmic time (ms),3.514,8388624,lower-bound,4194304,lower-bound
npu,q22_k8_max,PASS,ok,half,gt,max,8,4194304,adversarial,22000175,1,Ground truth end-to-end time (ms),3.517,Ground truth end-to-end time (ms),3.517,Ground truth algorithmic time (ms),3.517,8388624,lower-bound,4194304,lower-bound
npu,q22_k8_max,PASS,ok,half,gt,max,8,4194304,sorted,22000174,1,Ground truth end-to-end time (ms),3.753,Ground truth end-to-end time (ms),3.753,Ground truth algorithmic time (ms),3.753,8388624,lower-bound,4194304,lower-bound
npu,q22_k8_max,PASS,ok,half,gt,max,8,4194304,sorted,22000175,1,Ground truth end-to-end time (ms),3.778,Ground truth end-to-end time (ms),3.778,Ground truth algorithmic time (ms),3.778,8388624,lower-bound,4194304,lower-bound
npu,q22_k8_max,PASS,ok,half,gt,max,8,4194304,reverse,22000174,1,Ground truth end-to-end time (ms),3.396,Ground truth end-to-end time (ms),3.396,Ground truth algorithmic time (ms),3.396,8388624,lower-bound,4194304,lower-bound
npu,q22_k8_max,PASS,ok,half,gt,max,8,4194304,reverse,22000175,1,Ground truth end-to-end time (ms),3.387,Ground truth end-to-end time (ms),3.387,Ground truth algorithmic time (ms),3.387,8388624,lower-bound,4194304,lower-bound
npu,q22_k131072_max,PASS,ok,half,gt,max,131072,4194304,uniform,22131238,1,Ground truth end-to-end time (ms),76.425,Ground truth end-to-end time (ms),76.425,Ground truth algorithmic time (ms),76.425,8650752,lower-bound,4194304,lower-bound
npu,q22_k131072_max,PASS,ok,half,gt,max,131072,4194304,uniform,22131239,1,Ground truth end-to-end time (ms),76.404,Ground truth end-to-end time (ms),76.404,Ground truth algorithmic time (ms),76.404,8650752,lower-bound,4194304,lower-bound
npu,q22_k131072_max,PASS,ok,half,gt,max,131072,4194304,trimodal,22131238,1,Ground truth end-to-end time (ms),72.647,Ground truth end-to-end time (ms),72.647,Ground truth algorithmic time (ms),72.647,8650752,lower-bound,4194304,lower-bound
npu,q22_k131072_max,PASS,ok,half,gt,max,131072,4194304,trimodal,22131239,1,Ground truth end-to-end time (ms),72.844,Ground truth end-to-end time (ms),72.844,Ground truth algorithmic time (ms),72.844,8650752,lower-bound,4194304,lower-bound
npu,q22_k131072_max,PASS,ok,half,gt,max,131072,4194304,adversarial,22131238,1,Ground truth end-to-end time (ms),76.57,Ground truth end-to-end time (ms),76.57,Ground truth algorithmic time (ms),76.57,8650752,lower-bound,4194304,lower-bound
npu,q22_k131072_max,PASS,ok,half,gt,max,131072,4194304,adversarial,22131239,1,Ground truth end-to-end time (ms),76.613,Ground truth end-to-end time (ms),76.613,Ground truth algorithmic time (ms),76.613,8650752,lower-bound,4194304,lower-bound
npu,q22_k131072_max,PASS,ok,half,gt,max,131072,4194304,sorted,22131238,1,Ground truth end-to-end time (ms),255.765,Ground truth end-to-end time (ms),255.765,Ground truth algorithmic time (ms),255.765,8650752,lower-bound,4194304,lower-bound
npu,q22_k131072_max,PASS,ok,half,gt,max,131072,4194304,sorted,22131239,1,Ground truth end-to-end time (ms),256.134,Ground truth end-to-end time (ms),256.134,Ground truth algorithmic time (ms),256.134,8650752,lower-bound,4194304,lower-bound
npu,q22_k131072_max,PASS,ok,half,gt,max,131072,4194304,reverse,22131238,1,Ground truth end-to-end time (ms),9.835,Ground truth end-to-end time (ms),9.835,Ground truth algorithmic time (ms),9.835,8650752,lower-bound,4194304,lower-bound
npu,q22_k131072_max,PASS,ok,half,gt,max,131072,4194304,reverse,22131239,1,Ground truth end-to-end time (ms),9.815,Ground truth end-to-end time (ms),9.815,Ground truth algorithmic time (ms),9.815,8650752,lower-bound,4194304,lower-bound
npu,q23_k8_max,PASS,ok,half,gt,max,8,8388608,uniform,23000177,1,Ground truth end-to-end time (ms),6.684,Ground truth end-to-end time (ms),6.684,Ground truth algorithmic time (ms),6.684,16777232,lower-bound,8388608,lower-bound
npu,q23_k8_max,PASS,ok,half,gt,max,8,8388608,uniform,23000178,1,Ground truth end-to-end time (ms),6.687,Ground truth end-to-end time (ms),6.687,Ground truth algorithmic time (ms),6.687,16777232,lower-bound,8388608,lower-bound
npu,q23_k8_max,PASS,ok,half,gt,max,8,8388608,trimodal,23000177,1,Ground truth end-to-end time (ms),6.69,Ground truth end-to-end time (ms),6.69,Ground truth algorithmic time (ms),6.69,16777232,lower-bound,8388608,lower-bound
npu,q23_k8_max,PASS,ok,half,gt,max,8,8388608,trimodal,23000178,1,Ground truth end-to-end time (ms),6.691,Ground truth end-to-end time (ms),6.691,Ground truth algorithmic time (ms),6.691,16777232,lower-bound,8388608,lower-bound
npu,q23_k8_max,PASS,ok,half,gt,max,8,8388608,adversarial,23000177,1,Ground truth end-to-end time (ms),6.819,Ground truth end-to-end time (ms),6.819,Ground truth algorithmic time (ms),6.819,16777232,lower-bound,8388608,lower-bound
npu,q23_k8_max,PASS,ok,half,gt,max,8,8388608,adversarial,23000178,1,Ground truth end-to-end time (ms),6.816,Ground truth end-to-end time (ms),6.816,Ground truth algorithmic time (ms),6.816,16777232,lower-bound,8388608,lower-bound
npu,q23_k8_max,PASS,ok,half,gt,max,8,8388608,sorted,23000177,1,Ground truth end-to-end time (ms),7.148,Ground truth end-to-end time (ms),7.148,Ground truth algorithmic time (ms),7.148,16777232,lower-bound,8388608,lower-bound
npu,q23_k8_max,PASS,ok,half,gt,max,8,8388608,sorted,23000178,1,Ground truth end-to-end time (ms),7.119,Ground truth end-to-end time (ms),7.119,Ground truth algorithmic time (ms),7.119,16777232,lower-bound,8388608,lower-bound
npu,q23_k8_max,PASS,ok,half,gt,max,8,8388608,reverse,23000177,1,Ground truth end-to-end time (ms),6.707,Ground truth end-to-end time (ms),6.707,Ground truth algorithmic time (ms),6.707,16777232,lower-bound,8388608,lower-bound
npu,q23_k8_max,PASS,ok,half,gt,max,8,8388608,reverse,23000178,1,Ground truth end-to-end time (ms),6.711,Ground truth end-to-end time (ms),6.711,Ground truth algorithmic time (ms),6.711,16777232,lower-bound,8388608,lower-bound
npu,q23_k131072_max,PASS,ok,half,gt,max,131072,8388608,uniform,23131241,1,Ground truth end-to-end time (ms),87.495,Ground truth end-to-end time (ms),87.495,Ground truth algorithmic time (ms),87.495,17039360,lower-bound,8388608,lower-bound
npu,q23_k131072_max,PASS,ok,half,gt,max,131072,8388608,uniform,23131242,1,Ground truth end-to-end time (ms),87.662,Ground truth end-to-end time (ms),87.662,Ground truth algorithmic time (ms),87.662,17039360,lower-bound,8388608,lower-bound
npu,q23_k131072_max,PASS,ok,half,gt,max,131072,8388608,trimodal,23131241,1,Ground truth end-to-end time (ms),85.071,Ground truth end-to-end time (ms),85.071,Ground truth algorithmic time (ms),85.071,17039360,lower-bound,8388608,lower-bound
npu,q23_k131072_max,PASS,ok,half,gt,max,131072,8388608,trimodal,23131242,1,Ground truth end-to-end time (ms),84.978,Ground truth end-to-end time (ms),84.978,Ground truth algorithmic time (ms),84.978,17039360,lower-bound,8388608,lower-bound
npu,q23_k131072_max,PASS,ok,half,gt,max,131072,8388608,adversarial,23131241,1,Ground truth end-to-end time (ms),87.763,Ground truth end-to-end time (ms),87.763,Ground truth algorithmic time (ms),87.763,17039360,lower-bound,8388608,lower-bound
npu,q23_k131072_max,PASS,ok,half,gt,max,131072,8388608,adversarial,23131242,1,Ground truth end-to-end time (ms),87.992,Ground truth end-to-end time (ms),87.992,Ground truth algorithmic time (ms),87.992,17039360,lower-bound,8388608,lower-bound
npu,q23_k131072_max,PASS,ok,half,gt,max,131072,8388608,sorted,23131241,1,Ground truth end-to-end time (ms),496.591,Ground truth end-to-end time (ms),496.591,Ground truth algorithmic time (ms),496.591,17039360,lower-bound,8388608,lower-bound
npu,q23_k131072_max,PASS,ok,half,gt,max,131072,8388608,sorted,23131242,1,Ground truth end-to-end time (ms),497.951,Ground truth end-to-end time (ms),497.951,Ground truth algorithmic time (ms),497.951,17039360,lower-bound,8388608,lower-bound
npu,q23_k131072_max,PASS,ok,half,gt,max,131072,8388608,reverse,23131241,1,Ground truth end-to-end time (ms),13.05,Ground truth end-to-end time (ms),13.05,Ground truth algorithmic time (ms),13.05,17039360,lower-bound,8388608,lower-bound
npu,q23_k131072_max,PASS,ok,half,gt,max,131072,8388608,reverse,23131242,1,Ground truth end-to-end time (ms),13.1,Ground truth end-to-end time (ms),13.1,Ground truth algorithmic time (ms),13.1,17039360,lower-bound,8388608,lower-bound
npu,q24_k8_max,PASS,ok,half,gt,max,8,16777216,uniform,24000180,1,Ground truth end-to-end time (ms),13.377,Ground truth end-to-end time (ms),13.377,Ground truth algorithmic time (ms),13.377,33554448,lower-bound,16777216,lower-bound
npu,q24_k8_max,PASS,ok,half,gt,max,8,16777216,uniform,24000181,1,Ground truth end-to-end time (ms),13.35,Ground truth end-to-end time (ms),13.35,Ground truth algorithmic time (ms),13.35,33554448,lower-bound,16777216,lower-bound
npu,q24_k8_max,PASS,ok,half,gt,max,8,16777216,trimodal,24000180,1,Ground truth end-to-end time (ms),13.335,Ground truth end-to-end time (ms),13.335,Ground truth algorithmic time (ms),13.335,33554448,lower-bound,16777216,lower-bound
npu,q24_k8_max,PASS,ok,half,gt,max,8,16777216,trimodal,24000181,1,Ground truth end-to-end time (ms),13.359,Ground truth end-to-end time (ms),13.359,Ground truth algorithmic time (ms),13.359,33554448,lower-bound,16777216,lower-bound
npu,q24_k8_max,PASS,ok,half,gt,max,8,16777216,adversarial,24000180,1,Ground truth end-to-end time (ms),13.492,Ground truth end-to-end time (ms),13.492,Ground truth algorithmic time (ms),13.492,33554448,lower-bound,16777216,lower-bound
npu,q24_k8_max,PASS,ok,half,gt,max,8,16777216,adversarial,24000181,1,Ground truth end-to-end time (ms),13.491,Ground truth end-to-end time (ms),13.491,Ground truth algorithmic time (ms),13.491,33554448,lower-bound,16777216,lower-bound
npu,q24_k8_max,PASS,ok,half,gt,max,8,16777216,sorted,24000180,1,Ground truth end-to-end time (ms),13.804,Ground truth end-to-end time (ms),13.804,Ground truth algorithmic time (ms),13.804,33554448,lower-bound,16777216,lower-bound
npu,q24_k8_max,PASS,ok,half,gt,max,8,16777216,sorted,24000181,1,Ground truth end-to-end time (ms),13.805,Ground truth end-to-end time (ms),13.805,Ground truth algorithmic time (ms),13.805,33554448,lower-bound,16777216,lower-bound
npu,q24_k8_max,PASS,ok,half,gt,max,8,16777216,reverse,24000180,1,Ground truth end-to-end time (ms),13.325,Ground truth end-to-end time (ms),13.325,Ground truth algorithmic time (ms),13.325,33554448,lower-bound,16777216,lower-bound
npu,q24_k8_max,PASS,ok,half,gt,max,8,16777216,reverse,24000181,1,Ground truth end-to-end time (ms),13.327,Ground truth end-to-end time (ms),13.327,Ground truth algorithmic time (ms),13.327,33554448,lower-bound,16777216,lower-bound
npu,q24_k131072_max,PASS,ok,half,gt,max,131072,16777216,uniform,24131244,1,Ground truth end-to-end time (ms),101.154,Ground truth end-to-end time (ms),101.154,Ground truth algorithmic time (ms),101.154,33816576,lower-bound,16777216,lower-bound
npu,q24_k131072_max,PASS,ok,half,gt,max,131072,16777216,uniform,24131245,1,Ground truth end-to-end time (ms),101.135,Ground truth end-to-end time (ms),101.135,Ground truth algorithmic time (ms),101.135,33816576,lower-bound,16777216,lower-bound
npu,q24_k131072_max,PASS,ok,half,gt,max,131072,16777216,trimodal,24131244,1,Ground truth end-to-end time (ms),100.524,Ground truth end-to-end time (ms),100.524,Ground truth algorithmic time (ms),100.524,33816576,lower-bound,16777216,lower-bound
npu,q24_k131072_max,PASS,ok,half,gt,max,131072,16777216,trimodal,24131245,1,Ground truth end-to-end time (ms),100.244,Ground truth end-to-end time (ms),100.244,Ground truth algorithmic time (ms),100.244,33816576,lower-bound,16777216,lower-bound
npu,q24_k131072_max,PASS,ok,half,gt,max,131072,16777216,adversarial,24131244,1,Ground truth end-to-end time (ms),101.416,Ground truth end-to-end time (ms),101.416,Ground truth algorithmic time (ms),101.416,33816576,lower-bound,16777216,lower-bound
npu,q24_k131072_max,PASS,ok,half,gt,max,131072,16777216,adversarial,24131245,1,Ground truth end-to-end time (ms),101.325,Ground truth end-to-end time (ms),101.325,Ground truth algorithmic time (ms),101.325,33816576,lower-bound,16777216,lower-bound
npu,q24_k131072_max,PASS,ok,half,gt,max,131072,16777216,sorted,24131244,1,Ground truth end-to-end time (ms),939.813,Ground truth end-to-end time (ms),939.813,Ground truth algorithmic time (ms),939.813,33816576,lower-bound,16777216,lower-bound
npu,q24_k131072_max,PASS,ok,half,gt,max,131072,16777216,sorted,24131245,1,Ground truth end-to-end time (ms),933.252,Ground truth end-to-end time (ms),933.252,Ground truth algorithmic time (ms),933.252,33816576,lower-bound,16777216,lower-bound
npu,q24_k131072_max,PASS,ok,half,gt,max,131072,16777216,reverse,24131244,1,Ground truth end-to-end time (ms),19.581,Ground truth end-to-end time (ms),19.581,Ground truth algorithmic time (ms),19.581,33816576,lower-bound,16777216,lower-bound
npu,q24_k131072_max,PASS,ok,half,gt,max,131072,16777216,reverse,24131245,1,Ground truth end-to-end time (ms),19.589,Ground truth end-to-end time (ms),19.589,Ground truth algorithmic time (ms),19.589,33816576,lower-bound,16777216,lower-bound
