backend,case_name,status,reason,dtype,algorithm,mode,k,n,dist,seed,rep,timing_label,time_ms,timing_label_e2e,time_end_to_end_ms,timing_label_algorithmic,time_algorithmic_ms,bytes_moved,bytes_model,compare_ops,ops_model
cpu,q20_k8_max,PASS,ok,float,bitonic,max,8,1048576,uniform,20000168,1,Trunc bitonic end-to-end time (ms),0.63,Trunc bitonic end-to-end time (ms),0.63,Trunc bitonic algorithmic time (ms),0.63,29359968,exact,5767148,exact
cpu,q20_k8_max,PASS,ok,float,bitonic,max,8,1048576,uniform,20000169,1,Trunc bitonic end-to-end time (ms),0.76,Trunc bitonic end-to-end time (ms),0.76,Trunc bitonic algorithmic time (ms),0.76,29359968,exact,5767148,exact
cpu,q20_k8_max,PASS,ok,float,bitonic,max,8,1048576,trimodal,20000168,1,Trunc bitonic end-to-end time (ms),0.776,Trunc bitonic end-to-end time (ms),0.776,Trunc bitonic algorithmic time (ms),0.776,29359968,exact,5767148,exact
cpu,q20_k8_max,PASS,ok,float,bitonic,max,8,1048576,trimodal,20000169,1,Trunc bitonic end-to-end time (ms),0.736,Trunc bitonic end-to-end time (ms),0.736,Trunc bitonic algorithmic time (ms),0.736,29359968,exact,5767148,exact
cpu,q20_k8_max,PASS,ok,float,bitonic,max,8,1048576,adversarial,20000168,1,Trunc bitonic end-to-end time (ms),0.726,Trunc bitonic end-to-end time (ms),0.726,Trunc bitonic algorithmic time (ms),0.726,29359968,exact,5767148,exact
cpu,q20_k8_max,PASS,ok,float,bitonic,max,8,1048576,adversarial,20000169,1,Trunc bitonic end-to-end time (ms),0.696,Trunc bitonic end-to-end time (ms),0.696,Trunc bitonic algorithmic time (ms),0.696,29359968,exact,5767148,exact
cpu,q20_k8_max,PASS,ok,float,bitonic,max,8,1048576,sorted,20000168,1,Trunc bitonic end-to-end time (ms),0.852,Trunc bitonic end-to-end time (ms),0.852,Trunc bitonic algorithmic time (ms),0.852,29359968,exact,5767148,exact
cpu,q20_k8_max,PASS,ok,float,bitonic,max,8,1048576,sorted,20000169,1,Trunc bitonic end-to-end time (ms),0.951,Trunc bitonic end-to-end time (ms),0.951,Trunc bitonic algorithmic time (ms),0.951,29359968,exact,5767148,exact
cpu,q20_k8_max,PASS,ok,float,bitonic,max,8,1048576,reverse,20000168,1,Trunc bitonic end-to-end time (ms),0.621,Trunc bitonic end-to-end time (ms),0.621,Trunc bitonic algorithmic time (ms),0.621,29359968,exact,5767148,exact
cpu,q20_k8_max,PASS,ok,float,bitonic,max,8,1048576,reverse,20000169,1,Trunc bitonic end-to-end time (ms),0.615,Trunc bitonic end-to-end time (ms),0.615,Trunc bitonic algorithmic time (ms),0.615,29359968,exact,5767148,exact
cpu,q20_k131072_max,PASS,ok,float,bitonic,max,131072,1048576,uniform,20131232,1,Trunc bitonic end-to-end time (ms),3.238,Trunc bitonic end-to-end time (ms),3.238,Trunc bitonic algorithmic time (ms),3.238,26738688,exact,88932352,exact
cpu,q20_k131072_max,PASS,ok,float,bitonic,max,131072,1048576,uniform,20131233,1,Trunc bitonic end-to-end time (ms),3.32,Trunc bitonic end-to-end time (ms),3.32,Trunc bitonic algorithmic time (ms),3.32,26738688,exact,88932352,exact
cpu,q20_k131072_max,PASS,ok,float,bitonic,max,131072,1048576,trimodal,20131232,1,Trunc bitonic end-to-end time (ms),3.434,Trunc bitonic end-to-end time (ms),3.434,Trunc bitonic algorithmic time (ms),3.434,26738688,exact,88932352,exact
cpu,q20_k131072_max,PASS,ok,float,bitonic,max,131072,1048576,trimodal,20131233,1,Trunc bitonic end-to-end time (ms),3.272,Trunc bitonic end-to-end time (ms),3.272,Trunc bitonic algorithmic time (ms),3.272,26738688,exact,88932352,exact
cpu,q20_k131072_max,PASS,ok,float,bitonic,max,131072,1048576,adversarial,20131232,1,Trunc bitonic end-to-end time (ms),3.284,Trunc bitonic end-to-end time (ms),3.284,Trunc bitonic algorithmic time (ms),3.284,26738688,exact,88932352,exact
cpu,q20_k131072_max,PASS,ok,float,bitonic,max,131072,1048576,adversarial,20131233,1,Trunc bitonic end-to-end time (ms),3.367,Trunc bitonic end-to-end time (ms),3.367,Trunc bitonic algorithmic time (ms),3.367,26738688,exact,88932352,exact
cpu,q20_k131072_max,PASS,ok,float,bitonic,max,131072,1048576,sorted,20131232,1,Trunc bitonic end-to-end time (ms),3.26,Trunc bitonic end-to-end time (ms),3.26,Trunc bitonic algorithmic time (ms),3.26,26738688,exact,88932352,exact
cpu,q20_k131072_max,PASS,ok,float,bitonic,max,131072,1048576,sorted,20131233,1,Trunc bitonic end-to-end time (ms),3.251,Trunc bitonic end-to-end time (ms),3.251,Trunc bitonic algorithmic time (ms),3.251,26738688,exact,88932352,exact
cpu,q20_k131072_max,PASS,ok,float,bitonic,max,131072,1048576,reverse,20131232,1,Trunc bitonic end-to-end time (ms),3.27,Trunc bitonic end-to-end time (ms),3.27,Trunc bitonic algorithmic time (ms),3.27,26738688,exact,88932352,exact
cpu,q20_k131072_max,PASS,ok,float,bitonic,max,131072,1048576,reverse,20131233,1,Trunc bitonic end-to-end time (ms),3.267,Trunc bitonic end-to-end time (ms),3.267,Trunc bitonic algorithmic time (ms),3.267,26738688,exact,88932352,exact
cpu,q21_k8_max,PASS,ok,float,bitonic,max,8,2097152,uniform,21000171,1,Trunc bitonic end-to-end time (ms),1.235,Trunc bitonic end-to-end time (ms),1.235,Trunc bitonic algorithmic time (ms),1.235,58720096,exact,11534316,exact
cpu,q21_k8_max,PASS,ok,float,bitonic,max,8,2097152,uniform,21000172,1,Trunc bitonic end-to-end time (ms),1.194,Trunc bitonic end-to-end time (ms),1.194,Trunc bitonic algorithmic time (ms),1.194,58720096,exact,11534316,exact
cpu,q21_k8_max,PASS,ok,float,bitonic,max,8,2097152,trimodal,21000171,1,Trunc bitonic end-to-end time (ms),1.238,Trunc bitonic end-to-end time (ms),1.238,Trunc bitonic algorithmic time (ms),1.238,58720096,exact,11534316,exact
cpu,q21_k8_max,PASS,ok,float,bitonic,max,8,2097152,trimodal,21000172,1,Trunc bitonic end-to-end time (ms),1.285,Trunc bitonic end-to-end time (ms),1.285,Trunc bitonic algorithmic time (ms),1.285,58720096,exact,11534316,exact
cpu,q21_k8_max,PASS,ok,float,bitonic,max,8,2097152,adversarial,21000171,1,Trunc bitonic end-to-end time (ms),1.211,Trunc bitonic end-to-end time (ms),1.211,Trunc bitonic algorithmic time (ms),1.211,58720096,exact,11534316,exact
cpu,q21_k8_max,PASS,ok,float,bitonic,max,8,2097152,adversarial,21000172,1,Trunc bitonic end-to-end time (ms),1.15,Trunc bitonic end-to-end time (ms),1.15,Trunc bitonic algorithmic time (ms),1.15,58720096,exact,11534316,exact
cpu,q21_k8_max,PASS,ok,float,bitonic,max,8,2097152,sorted,21000171,1,Trunc bitonic end-to-end time (ms),1.138,Trunc bitonic end-to-end time (ms),1.138,Trunc bitonic algorithmic time (ms),1.138,58720096,exact,11534316,exact
cpu,q21_k8_max,PASS,ok,float,bitonic,max,8,2097152,sorted,21000172,1,Trunc bitonic end-to-end time (ms),1.225,Trunc bitonic end-to-end time (ms),1.225,Trunc bitonic algorithmic time (ms),1.225,58720096,exact,11534316,exact
cpu,q21_k8_max,PASS,ok,float,bitonic,max,8,2097152,reverse,21000171,1,Trunc bitonic end-to-end time (ms),1.211,Trunc bitonic end-to-end time (ms),1.211,Trunc bitonic algorithmic time (ms),1.211,58720096,exact,11534316,exact
cpu,q21_k8_max,PASS,ok,float,bitonic,max,8,2097152,reverse,21000172,1,Trunc bitonic end-to-end time (ms),1.123,Trunc bitonic end-to-end time (ms),1.123,Trunc bitonic algorithmic time (ms),1.123,58720096,exact,11534316,exact
cpu,q21_k131072_max,PASS,ok,float,bitonic,max,131072,2097152,uniform,21131235,1,Trunc bitonic end-to-end time (ms),5.169,Trunc bitonic end-to-end time (ms),5.169,Trunc bitonic algorithmic time (ms),5.169,56098816,exact,179109888,exact
cpu,q21_k131072_max,PASS,ok,float,bitonic,max,131072,2097152,uniform,21131236,1,Trunc bitonic end-to-end time (ms),5.193,Trunc bitonic end-to-end time (ms),5.193,Trunc bitonic algorithmic time (ms),5.193,56098816,exact,179109888,exact
cpu,q21_k131072_max,PASS,ok,float,bitonic,max,131072,2097152,trimodal,21131235,1,Trunc bitonic end-to-end time (ms),5.149,Trunc bitonic end-to-end time (ms),5.149,Trunc bitonic algorithmic time (ms),5.149,56098816,exact,179109888,exact
cpu,q21_k131072_max,PASS,ok,float,bitonic,max,131072,2097152,trimodal,21131236,1,Trunc bitonic end-to-end time (ms),5.165,Trunc bitonic end-to-end time (ms),5.165,Trunc bitonic algorithmic time (ms),5.165,56098816,exact,179109888,exact
cpu,q21_k131072_max,PASS,ok,float,bitonic,max,131072,2097152,adversarial,21131235,1,Trunc bitonic end-to-end time (ms),5.184,Trunc bitonic end-to-end time (ms),5.184,Trunc bitonic algorithmic time (ms),5.184,56098816,exact,179109888,exact
cpu,q21_k131072_max,PASS,ok,float,bitonic,max,131072,2097152,adversarial,21131236,1,Trunc bitonic end-to-end time (ms),5.219,Trunc bitonic end-to-end time (ms),5.219,Trunc bitonic algorithmic time (ms),5.219,56098816,exact,179109888,exact
cpu,q21_k131072_max,PASS,ok,float,bitonic,max,131072,2097152,sorted,21131235,1,Trunc bitonic end-to-end time (ms),5.421,Trunc bitonic end-to-end time (ms),5.421,Trunc bitonic algorithmic time (ms),5.421,56098816,exact,179109888,exact
cpu,q21_k131072_max,PASS,ok,float,bitonic,max,131072,2097152,sorted,21131236,1,Trunc bitonic end-to-end time (ms),5.13,Trunc bitonic end-to-end time (ms),5.13,Trunc bitonic algorithmic time (ms),5.13,56098816,exact,179109888,exact
cpu,q21_k131072_max,PASS,ok,float,bitonic,max,131072,2097152,reverse,21131235,1,Trunc bitonic end-to-end time (ms),5.243,Trunc bitonic end-to-end time (ms),5.243,Trunc bitonic algorithmic time (ms),5.243,56098816,exact,179109888,exact
cpu,q21_k131072_max,PASS,ok,float,bitonic,max,131072,2097152,reverse,21131236,1,Trunc bitonic end-to-end time (ms),5.153,Trunc bitonic end-to-end time (ms),5.153,Trunc bitonic algorithmic time (ms),5.153,56098816,exact,179109888,exact
cpu,q22_k8_max,PASS,ok,float,bitonic,max,8,4194304,uniform,22000174,1,Trunc bitonic end-to-end time (ms),2.318,Trunc bitonic end-to-end time (ms),2.318,Trunc bitonic algorithmic time (ms),2.318,117440352,exact,23068652,exact
cpu,q22_k8_max,PASS,ok,float,bitonic,max,8,4194304,uniform,22000175,1,Trunc bitonic end-to-end time (ms),2.23,Trunc bitonic end-to-end time (ms),2.23,Trunc bitonic algorithmic time (ms),2.23,117440352,exact,23068652,exact
cpu,q22_k8_max,PASS,ok,float,bitonic,max,8,4194304,trimodal,22000174,1,Trunc bitonic end-to-end time (ms),2.247,Trunc bitonic end-to-end time (ms),2.247,Trunc bitonic algorithmic time (ms),2.247,117440352,exact,23068652,exact
cpu,q22_k8_max,PASS,ok,float,bitonic,max,8,4194304,trimodal,22000175,1,Trunc bitonic end-to-end time (ms),2.244,Trunc bitonic end-to-end time (ms),2.244,Trunc bitonic algorithmic time (ms),2.244,117440352,exact,23068652,exact
cpu,q22_k8_max,PASS,ok,float,bitonic,max,8,4194304,adversarial,22000174,1,Trunc bitonic end-to-end time (ms),2.25,Trunc bitonic end-to-end time (ms),2.25,Trunc bitonic algorithmic time (ms),2.25,117440352,exact,23068652,exact
cpu,q22_k8_max,PASS,ok,float,bitonic,max,8,4194304,adversarial,22000175,1,Trunc bitonic end-to-end time (ms),2.313,Trunc bitonic end-to-end time (ms),2.313,Trunc bitonic algorithmic time (ms),2.313,117440352,exact,23068652,exact
cpu,q22_k8_max,PASS,ok,float,bitonic,max,8,4194304,sorted,22000174,1,Trunc bitonic end-to-end time (ms),2.344,Trunc bitonic end-to-end time (ms),2.344,Trunc bitonic algorithmic time (ms),2.344,117440352,exact,23068652,exact
cpu,q22_k8_max,PASS,ok,float,bitonic,max,8,4194304,sorted,22000175,1,Trunc bitonic end-to-end time (ms),2.403,Trunc bitonic end-to-end time (ms),2.403,Trunc bitonic algorithmic time (ms),2.403,117440352,exact,23068652,exact
cpu,q22_k8_max,PASS,ok,float,bitonic,max,8,4194304,reverse,22000174,1,Trunc bitonic end-to-end time (ms),2.667,Trunc bitonic end-to-end time (ms),2.667,Trunc bitonic algorithmic time (ms),2.667,117440352,exact,23068652,exact
cpu,q22_k8_max,PASS,ok,float,bitonic,max,8,4194304,reverse,22000175,1,Trunc bitonic end-to-end time (ms),2.307,Trunc bitonic end-to-end time (ms),2.307,Trunc bitonic algorithmic time (ms),2.307,117440352,exact,23068652,exact
cpu,q22_k131072_max,PASS,ok,float,bitonic,max,131072,4194304,uniform,22131238,1,Trunc bitonic end-to-end time (ms),11.054,Trunc bitonic end-to-end time (ms),11.054,Trunc bitonic algorithmic time (ms),11.054,114819072,exact,359464960,exact
cpu,q22_k131072_max,PASS,ok,float,bitonic,max,131072,4194304,uniform,22131239,1,Trunc bitonic end-to-end time (ms),11.151,Trunc bitonic end-to-end time (ms),11.151,Trunc bitonic algorithmic time (ms),11.151,114819072,exact,359464960,exact
cpu,q22_k131072_max,PASS,ok,float,bitonic,max,131072,4194304,trimodal,22131238,1,Trunc bitonic end-to-end time (ms),11.016,Trunc bitonic end-to-end time (ms),11.016,Trunc bitonic algorithmic time (ms),11.016,114819072,exact,359464960,exact
cpu,q22_k131072_max,PASS,ok,float,bitonic,max,131072,4194304,trimodal,22131239,1,Trunc bitonic end-to-end time (ms),11.021,Trunc bitonic end-to-end time (ms),11.021,Trunc bitonic algorithmic time (ms),11.021,114819072,exact,359464960,exact
cpu,q22_k131072_max,PASS,ok,float,bitonic,max,131072,4194304,adversarial,22131238,1,Trunc bitonic end-to-end time (ms),11.334,Trunc bitonic end-to-end time (ms),11.334,Trunc bitonic algorithmic time (ms),11.334,114819072,exact,359464960,exact
cpu,q22_k131072_max,PASS,ok,float,bitonic,max,131072,4194304,adversarial,22131239,1,Trunc bitonic end-to-end time (ms),11.434,Trunc bitonic end-to-end time (ms),11.434,Trunc bitonic algorithmic time (ms),11.434,114819072,exact,359464960,exact
cpu,q22_k131072_max,PASS,ok,float,bitonic,max,131072,4194304,sorted,22131238,1,Trunc bitonic end-to-end time (ms),11.063,Trunc bitonic end-to-end time (ms),11.063,Trunc bitonic algorithmic time (ms),11.063,114819072,exact,359464960,exact
cpu,q22_k131072_max,PASS,ok,float,bitonic,max,131072,4194304,sorted,22131239,1,Trunc bitonic end-to-end time (ms),11.174,Trunc bitonic end-to-end time (ms),11.174,Trunc bitonic algorithmic time (ms),11.174,114819072,exact,359464960,exact
cpu,q22_k131072_max,PASS,ok,float,bitonic,max,131072,4194304,reverse,22131238,1,Trunc bitonic end-to-end time (ms),11.065,Trunc bitonic end-to-end time (ms),11.065,Trunc bitonic algorithmic time (ms),11.065,114819072,exact,359464960,exact
cpu,q22_k131072_max,PASS,ok,float,bitonic,max,131072,4194304,reverse,22131239,1,Trunc bitonic end-to-end time (ms),11.229,Trunc bitonic end-to-end time (ms),11.229,Trunc bitonic algorithmic time (ms),11.229,114819072,exact,359464960,exact
cpu,q23_k8_max,PASS,ok,float,bitonic,max,8,8388608,uniform,23000177,1,Trunc bitonic end-to-end time (ms),4.487,Trunc bitonic end-to-end time (ms),4.487,Trunc bitonic algorithmic time (ms),4.487,234880864,exact,46137324,exact
cpu,q23_k8_max,PASS,ok,float,bitonic,max,8,8388608,uniform,23000178,1,Trunc bitonic end-to-end time (ms),4.413,Trunc bitonic end-to-end time (ms),4.413,Trunc bitonic algorithmic time (ms),4.413,234880864,exact,46137324,exact
cpu,q23_k8_max,PASS,ok,float,bitonic,max,8,8388608,trimodal,23000177,1,Trunc bitonic end-to-end time (ms),4.405,Trunc bitonic end-to-end time (ms),4.405,Trunc bitonic algorithmic time (ms),4.405,234880864,exact,46137324,exact
cpu,q23_k8_max,PASS,ok,float,bitonic,max,8,8388608,trimodal,23000178,1,Trunc bitonic end-to-end time (ms),4.578,Trunc bitonic end-to-end time (ms),4.578,Trunc bitonic algorithmic time (ms),4.578,234880864,exact,46137324,exact
cpu,q23_k8_max,PASS,ok,float,bitonic,max,8,8388608,adversarial,23000177,1,Trunc bitonic end-to-end time (ms),4.432,Trunc bitonic end-to-end time (ms),4.432,Trunc bitonic algorithmic time (ms),4.432,234880864,exact,46137324,exact
cpu,q23_k8_max,PASS,ok,float,bitonic,max,8,8388608,adversarial,23000178,1,Trunc bitonic end-to-end time (ms),4.38,Trunc bitonic end-to-end time (ms),4.38,Trunc bitonic algorithmic time (ms),4.38,234880864,exact,46137324,exact
cpu,q23_k8_max,PASS,ok,float,bitonic,max,8,8388608,sorted,23000177,1,Trunc bitonic end-to-end time (ms),4.445,Trunc bitonic end-to-end time (ms),4.445,Trunc bitonic algorithmic time (ms),4.445,234880864,exact,46137324,exact
cpu,q23_k8_max,PASS,ok,float,bitonic,max,8,8388608,sorted,23000178,1,Trunc bitonic end-to-end time (ms),4.471,Trunc bitonic end-to-end time (ms),4.471,Trunc bitonic algorithmic time (ms),4.471,234880864,exact,46137324,exact
cpu,q23_k8_max,PASS,ok,float,bitonic,max,8,8388608,reverse,23000177,1,Trunc bitonic end-to-end time (ms),4.408,Trunc bitonic end-to-end time (ms),4.408,Trunc bitonic algorithmic time (ms),4.408,234880864,exact,46137324,exact
cpu,q23_k8_max,PASS,ok,float,bitonic,max,8,8388608,reverse,23000178,1,Trunc bitonic end-to-end time (ms),4.425,Trunc bitonic end-to-end time (ms),4.425,Trunc bitonic algorithmic time (ms),4.425,234880864,exact,46137324,exact
cpu,q23_k131072_max,PASS,ok,float,bitonic,max,131072,8388608,uniform,23131241,1,Trunc bitonic end-to-end time (ms),22.391,Trunc bitonic end-to-end time (ms),22.391,Trunc bitonic algorithmic time (ms),22.391,232259584,exact,720175104,exact
cpu,q23_k131072_max,PASS,ok,float,bitonic,max,131072,8388608,uniform,23131242,1,Trunc bitonic end-to-end time (ms),21.992,Trunc bitonic end-to-end time (ms),21.992,Trunc bitonic algorithmic time (ms),21.992,232259584,exact,720175104,exact
cpu,q23_k131072_max,PASS,ok,float,bitonic,max,131072,8388608,trimodal,23131241,1,Trunc bitonic end-to-end time (ms),22.403,Trunc bitonic end-to-end time (ms),22.403,Trunc bitonic algorithmic time (ms),22.403,232259584,exact,720175104,exact
cpu,q23_k131072_max,PASS,ok,float,bitonic,max,131072,8388608,trimodal,23131242,1,Trunc bitonic end-to-end time (ms),21.997,Trunc bitonic end-to-end time (ms),21.997,Trunc bitonic algorithmic time (ms),21.997,232259584,exact,720175104,exact
cpu,q23_k131072_max,PASS,ok,float,bitonic,max,131072,8388608,adversarial,23131241,1,Trunc bitonic end-to-end time (ms),22.269,Trunc bitonic end-to-end time (ms),22.269,Trunc bitonic algorithmic time (ms),22.269,232259584,exact,720175104,exact
cpu,q23_k131072_max,PASS,ok,float,bitonic,max,131072,8388608,adversarial,23131242,1,Trunc bitonic end-to-end time (ms),22.017,Trunc bitonic end-to-end time (ms),22.017,Trunc bitonic algorithmic time (ms),22.017,232259584,exact,720175104,exact
cpu,q23_k131072_max,PASS,ok,float,bitonic,max,131072,8388608,sorted,23131241,1,Trunc bitonic end-to-end time (ms),22.203,Trunc bitonic end-to-end time (ms),22.203,Trunc bitonic algorithmic time (ms),22.203,232259584,exact,720175104,exact
cpu,q23_k131072_max,PASS,ok,float,bitonic,max,131072,8388608,sorted,23131242,1,Trunc bitonic end-to-end time (ms),21.993,Trunc bitonic end-to-end time (ms),21.993,Trunc bitonic algorithmic time (ms),21.993,232259584,exact,720175104,exact
cpu,q23_k131072_max,PASS,ok,float,bitonic,max,131072,8388608,reverse,23131241,1,Trunc bitonic end-to-end time (ms),22.193,Trunc bitonic end-to-end time (ms),22.193,Trunc bitonic algorithmic time (ms),22.193,232259584,exact,720175104,exact
cpu,q23_k131072_max,PASS,ok,float,bitonic,max,131072,8388608,reverse,23131242,1,Trunc bitonic end-to-end time (ms),22.091,Trunc bitonic end-to-end time (ms),22.091,Trunc bitonic algorithmic time (ms),22.091,232259584,exact,720175104,exact
cpu,q24_k8_max,PASS,ok,float,bitonic,max,8,16777216,uniform,24000180,1,Trunc bitonic end-to-end time (ms),9.897,Trunc bitonic end-to-end time (ms),9.897,Trunc bitonic algorithmic time (ms),9.897,469761888,exact,92274668,exact
cpu,q24_k8_max,PASS,ok,float,bitonic,max,8,16777216,uniform,24000181,1,Trunc bitonic end-to-end time (ms),10.006,Trunc bitonic end-to-end time (ms),10.006,Trunc bitonic algorithmic time (ms),10.006,469761888,exact,92274668,exact
cpu,q24_k8_max,PASS,ok,float,bitonic,max,8,16777216,trimodal,24000180,1,Trunc bitonic end-to-end time (ms),9.85,Trunc bitonic end-to-end time (ms),9.85,Trunc bitonic algorithmic time (ms),9.85,469761888,exact,92274668,exact
cpu,q24_k8_max,PASS,ok,float,bitonic,max,8,16777216,trimodal,24000181,1,Trunc bitonic end-to-end time (ms),9.88,Trunc bitonic end-to-end time (ms),9.88,Trunc bitonic algorithmic time (ms),9.88,469761888,exact,92274668,exact
cpu,q24_k8_max,PASS,ok,float,bitonic,max,8,16777216,adversarial,24000180,1,Trunc bitonic end-to-end time (ms),9.928,Trunc bitonic end-to-end time (ms),9.928,Trunc bitonic algorithmic time (ms),9.928,469761888,exact,92274668,exact
cpu,q24_k8_max,PASS,ok,float,bitonic,max,8,16777216,adversarial,24000181,1,Trunc bitonic end-to-end time (ms),9.889,Trunc bitonic end-to-end time (ms),9.889,Trunc bitonic algorithmic time (ms),9.889,469761888,exact,92274668,exact
cpu,q24_k8_max,PASS,ok,float,bitonic,max,8,16777216,sorted,24000180,1,Trunc bitonic end-to-end time (ms),9.851,Trunc bitonic end-to-end time (ms),9.851,Trunc bitonic algorithmic time (ms),9.851,469761888,exact,92274668,exact
cpu,q24_k8_max,PASS,ok,float,bitonic,max,8,16777216,sorted,24000181,1,Trunc bitonic end-to-end time (ms),9.892,Trunc bitonic end-to-end time (ms),9.892,Trunc bitonic algorithmic time (ms),9.892,469761888,exact,92274668,exact
cpu,q24_k8_max,PASS,ok,float,bitonic,max,8,16777216,reverse,24000180,1,Trunc bitonic end-to-end time (ms),9.876,Trunc bitonic end-to-end time (ms),9.876,Trunc bitonic algorithmic time (ms),9.876,469761888,exact,92274668,exact
cpu,q24_k8_max,PASS,ok,float,bitonic,max,8,16777216,reverse,24000181,1,Trunc bitonic end-to-end time (ms),9.941,Trunc bitonic end-to-end time (ms),9.941,Trunc bitonic algorithmic time (ms),9.941,469761888,exact,92274668,exact
cpu,q24_k131072_max,PASS,ok,float,bitonic,max,131072,16777216,uniform,24131244,1,Trunc bitonic end-to-end time (ms),46.926,Trunc bitonic end-to-end time (ms),46.926,Trunc bitonic algorithmic time (ms),46.926,467140608,exact,1441595392,exact
cpu,q24_k131072_max,PASS,ok,float,bitonic,max,131072,16777216,uniform,24131245,1,Trunc bitonic end-to-end time (ms),44.595,Trunc bitonic end-to-end time (ms),44.595,Trunc bitonic algorithmic time (ms),44.595,467140608,exact,1441595392,exact
cpu,q24_k131072_max,PASS,ok,float,bitonic,max,131072,16777216,trimodal,24131244,1,Trunc bitonic end-to-end time (ms),44.718,Trunc bitonic end-to-end time (ms),44.718,Trunc bitonic algorithmic time (ms),44.718,467140608,exact,1441595392,exact
cpu,q24_k131072_max,PASS,ok,float,bitonic,max,131072,16777216,trimodal,24131245,1,Trunc bitonic end-to-end time (ms),44.545,Trunc bitonic end-to-end time (ms),44.545,Trunc bitonic algorithmic time (ms),44.545,467140608,exact,1441595392,exact
cpu,q24_k131072_max,PASS,ok,float,bitonic,max,131072,16777216,adversarial,24131244,1,Trunc bitonic end-to-end time (ms),44.979,Trunc bitonic end-to-end time (ms),44.979,Trunc bitonic algorithmic time (ms),44.979,467140608,exact,1441595392,exact
cpu,q24_k131072_max,PASS,ok,float,bitonic,max,131072,16777216,adversarial,24131245,1,Trunc bitonic end-to-end time (ms),44.517,Trunc bitonic end-to-end time (ms),44.517,Trunc bitonic algorithmic time (ms),44.517,467140608,exact,1441595392,exact
cpu,q24_k131072_max,PASS,ok,float,bitonic,max,131072,16777216,sorted,24131244,1,Trunc bitonic end-to-end time (ms),44.395,Trunc bitonic end-to-end time (ms),44.395,Trunc bitonic algorithmic time (ms),44.395,467140608,exact,1441595392,exact
cpu,q24_k131072_max,PASS,ok,float,bitonic,max,131072,16777216,sorted,24131245,1,Trunc bitonic end-to-end time (ms),44.743,Trunc bitonic end-to-end time (ms),44.743,Trunc bitonic algorithmic time (ms),44.743,467140608,exact,1441595392,exact
cpu,q24_k131072_max,PASS,ok,float,bitonic,max,131072,16777216,reverse,24131244,1,Trunc bitonic end-to-end time (ms),44.834,Trunc bitonic end-to-end time (ms),44.834,Trunc bitonic algorithmic time (ms),44.834,467140608,exact,1441595392,exact
cpu,q24_k131072_max,PASS,ok,float,bitonic,max,131072,16777216,reverse,24131245,1,Trunc bitonic end-to-end time (ms),44.56,Trunc bitonic end-to-end time (ms),44.56,Trunc bitonic algorithmic time (ms),44.56,467140608,exact,1441595392,exact
cpu,q20_k8_max,PASS,ok,float,map_reduce,max,8,1048576,uniform,20000168,1,Map-reduce top-k end-to-end time (ms),0.137,Map-reduce top-k end-to-end time (ms),0.137,Map-reduce top-k algorithmic time (ms),0.137,4194368,exact,1048576,lower-bound
cpu,q20_k8_max,PASS,ok,float,map_reduce,max,8,1048576,uniform,20000169,1,Map-reduce top-k end-to-end time (ms),0.136,Map-reduce top-k end-to-end time (ms),0.136,Map-reduce top-k algorithmic time (ms),0.136,4194368,exact,1048576,lower-bound
cpu,q20_k8_max,PASS,ok,float,map_reduce,max,8,1048576,trimodal,20000168,1,Map-reduce top-k end-to-end time (ms),0.107,Map-reduce top-k end-to-end time (ms),0.107,Map-reduce top-k algorithmic time (ms),0.107,4194368,exact,1048576,lower-bound
cpu,q20_k8_max,PASS,ok,float,map_reduce,max,8,1048576,trimodal,20000169,1,Map-reduce top-k end-to-end time (ms),0.105,Map-reduce top-k end-to-end time (ms),0.105,Map-reduce top-k algorithmic time (ms),0.105,4194368,exact,1048576,lower-bound
cpu,q20_k8_max,PASS,ok,float,map_reduce,max,8,1048576,adversarial,20000168,1,Map-reduce top-k end-to-end time (ms),0.149,Map-reduce top-k end-to-end time (ms),0.149,Map-reduce top-k algorithmic time (ms),0.149,4194368,exact,1048576,lower-bound
cpu,q20_k8_max,PASS,ok,float,map_reduce,max,8,1048576,adversarial,20000169,1,Map-reduce top-k end-to-end time (ms),0.153,Map-reduce top-k end-to-end time (ms),0.153,Map-reduce top-k algorithmic time (ms),0.153,4194368,exact,1048576,lower-bound
cpu,q20_k8_max,PASS,ok,float,map_reduce,max,8,1048576,sorted,20000168,1,Map-reduce top-k end-to-end time (ms),5.669,Map-reduce top-k end-to-end time (ms),5.669,Map-reduce top-k algorithmic time (ms),5.669,4194368,exact,1048576,lower-bound
cpu,q20_k8_max,PASS,ok,float,map_reduce,max,8,1048576,sorted,20000169,1,Map-reduce top-k end-to-end time (ms),5.695,Map-reduce top-k end-to-end time (ms),5.695,Map-reduce top-k algorithmic time (ms),5.695,4194368,exact,1048576,lower-bound
cpu,q20_k8_max,PASS,ok,float,map_reduce,max,8,1048576,reverse,20000168,1,Map-reduce top-k end-to-end time (ms),0.106,Map-reduce top-k end-to-end time (ms),0.106,Map-reduce top-k algorithmic time (ms),0.106,4194368,exact,1048576,lower-bound
cpu,q20_k8_max,PASS,ok,float,map_reduce,max,8,1048576,reverse,20000169,1,Map-reduce top-k end-to-end time (ms),0.107,Map-reduce top-k end-to-end time (ms),0.107,Map-reduce top-k algorithmic time (ms),0.107,4194368,exact,1048576,lower-bound
cpu,q20_k131072_max,PASS,ok,float,map_reduce,max,131072,1048576,uniform,20131232,1,Map-reduce top-k end-to-end time (ms),38.426,Map-reduce top-k end-to-end time (ms),38.426,Map-reduce top-k algorithmic time (ms),38.426,5242880,exact,1048576,lower-bound
cpu,q20_k131072_max,PASS,ok,float,map_reduce,max,131072,1048576,uniform,20131233,1,Map-reduce top-k end-to-end time (ms),38.077,Map-reduce top-k end-to-end time (ms),38.077,Map-reduce top-k algorithmic time (ms),38.077,5242880,exact,1048576,lower-bound
cpu,q20_k131072_max,PASS,ok,float,map_reduce,max,131072,1048576,trimodal,20131232,1,Map-reduce top-k end-to-end time (ms),38.173,Map-reduce top-k end-to-end time (ms),38.173,Map-reduce top-k algorithmic time (ms),38.173,5242880,exact,1048576,lower-bound
cpu,q20_k131072_max,PASS,ok,float,map_reduce,max,131072,1048576,trimodal,20131233,1,Map-reduce top-k end-to-end time (ms),38.397,Map-reduce top-k end-to-end time (ms),38.397,Map-reduce top-k algorithmic time (ms),38.397,5242880,exact,1048576,lower-bound
cpu,q20_k131072_max,PASS,ok,float,map_reduce,max,131072,1048576,adversarial,20131232,1,Map-reduce top-k end-to-end time (ms),38.313,Map-reduce top-k end-to-end time (ms),38.313,Map-reduce top-k algorithmic time (ms),38.313,5242880,exact,1048576,lower-bound
cpu,q20_k131072_max,PASS,ok,float,map_reduce,max,131072,1048576,adversarial,20131233,1,Map-reduce top-k end-to-end time (ms),38.279,Map-reduce top-k end-to-end time (ms),38.279,Map-reduce top-k algorithmic time (ms),38.279,5242880,exact,1048576,lower-bound
cpu,q20_k131072_max,PASS,ok,float,map_reduce,max,131072,1048576,sorted,20131232,1,Map-reduce top-k end-to-end time (ms),58.113,Map-reduce top-k end-to-end time (ms),58.113,Map-reduce top-k algorithmic time (ms),58.113,5242880,exact,1048576,lower-bound
cpu,q20_k131072_max,PASS,ok,float,map_reduce,max,131072,1048576,sorted,20131233,1,Map-reduce top-k end-to-end time (ms),57.947,Map-reduce top-k end-to-end time (ms),57.947,Map-reduce top-k algorithmic time (ms),57.947,5242880,exact,1048576,lower-bound
cpu,q20_k131072_max,PASS,ok,float,map_reduce,max,131072,1048576,reverse,20131232,1,Map-reduce top-k end-to-end time (ms),5.998,Map-reduce top-k end-to-end time (ms),5.998,Map-reduce top-k algorithmic time (ms),5.998,5242880,exact,1048576,lower-bound
cpu,q20_k131072_max,PASS,ok,float,map_reduce,max,131072,1048576,reverse,20131233,1,Map-reduce top-k end-to-end time (ms),5.998,Map-reduce top-k end-to-end time (ms),5.998,Map-reduce top-k algorithmic time (ms),5.998,5242880,exact,1048576,lower-bound
cpu,q21_k8_max,PASS,ok,float,map_reduce,max,8,2097152,uniform,21000171,1,Map-reduce top-k end-to-end time (ms),0.143,Map-reduce top-k end-to-end time (ms),0.143,Map-reduce top-k algorithmic time (ms),0.143,8388736,exact,2097152,lower-bound
cpu,q21_k8_max,PASS,ok,float,map_reduce,max,8,2097152,uniform,21000172,1,Map-reduce top-k end-to-end time (ms),0.133,Map-reduce top-k end-to-end time (ms),0.133,Map-reduce top-k algorithmic time (ms),0.133,8388736,exact,2097152,lower-bound
cpu,q21_k8_max,PASS,ok,float,map_reduce,max,8,2097152,trimodal,21000171,1,Map-reduce top-k end-to-end time (ms),0.15,Map-reduce top-k end-to-end time (ms),0.15,Map-reduce top-k algorithmic time (ms),0.15,8388736,exact,2097152,lower-bound
cpu,q21_k8_max,PASS,ok,float,map_reduce,max,8,2097152,trimodal,21000172,1,Map-reduce top-k end-to-end time (ms),0.151,Map-reduce top-k end-to-end time (ms),0.151,Map-reduce top-k algorithmic time (ms),0.151,8388736,exact,2097152,lower-bound
cpu,q21_k8_max,PASS,ok,float,map_reduce,max,8,2097152,adversarial,21000171,1,Map-reduce top-k end-to-end time (ms),0.156,Map-reduce top-k end-to-end time (ms),0.156,Map-reduce top-k algorithmic time (ms),0.156,8388736,exact,2097152,lower-bound
cpu,q21_k8_max,PASS,ok,float,map_reduce,max,8,2097152,adversarial,21000172,1,Map-reduce top-k end-to-end time (ms),0.156,Map-reduce top-k end-to-end time (ms),0.156,Map-reduce top-k algorithmic time (ms),0.156,8388736,exact,2097152,lower-bound
cpu,q21_k8_max,PASS,ok,float,map_reduce,max,8,2097152,sorted,21000171,1,Map-reduce top-k end-to-end time (ms),6.965,Map-reduce top-k end-to-end time (ms),6.965,Map-reduce top-k algorithmic time (ms),6.965,8388736,exact,2097152,lower-bound
cpu,q21_k8_max,PASS,ok,float,map_reduce,max,8,2097152,sorted,21000172,1,Map-reduce top-k end-to-end time (ms),6.928,Map-reduce top-k end-to-end time (ms),6.928,Map-reduce top-k algorithmic time (ms),6.928,8388736,exact,2097152,lower-bound
cpu,q21_k8_max,PASS,ok,float,map_reduce,max,8,2097152,reverse,21000171,1,Map-reduce top-k end-to-end time (ms),0.142,Map-reduce top-k end-to-end time (ms),0.142,Map-reduce top-k algorithmic time (ms),0.142,8388736,exact,2097152,lower-bound
cpu,q21_k8_max,PASS,ok,float,map_reduce,max,8,2097152,reverse,21000172,1,Map-reduce top-k end-to-end time (ms),0.141,Map-reduce top-k end-to-end time (ms),0.141,Map-reduce top-k algorithmic time (ms),0.141,8388736,exact,2097152,lower-bound
cpu,q21_k131072_max,PASS,ok,float,map_reduce,max,131072,2097152,uniform,21131235,1,Map-reduce top-k end-to-end time (ms),50.435,Map-reduce top-k end-to-end time (ms),50.435,Map-reduce top-k algorithmic time (ms),50.435,10485760,exact,2097152,lower-bound
cpu,q21_k131072_max,PASS,ok,float,map_reduce,max,131072,2097152,uniform,21131236,1,Map-reduce top-k end-to-end time (ms),50.551,Map-reduce top-k end-to-end time (ms),50.551,Map-reduce top-k algorithmic time (ms),50.551,10485760,exact,2097152,lower-bound
cpu,q21_k131072_max,PASS,ok,float,map_reduce,max,131072,2097152,trimodal,21131235,1,Map-reduce top-k end-to-end time (ms),50.62,Map-reduce top-k end-to-end time (ms),50.62,Map-reduce top-k algorithmic time (ms),50.62,10485760,exact,2097152,lower-bound
cpu,q21_k131072_max,PASS,ok,float,map_reduce,max,131072,2097152,trimodal,21131236,1,Map-reduce top-k end-to-end time (ms),50.419,Map-reduce top-k end-to-end time (ms),50.419,Map-reduce top-k algorithmic time (ms),50.419,10485760,exact,2097152,lower-bound
cpu,q21_k131072_max,PASS,ok,float,map_reduce,max,131072,2097152,adversarial,21131235,1,Map-reduce top-k end-to-end time (ms),50.486,Map-reduce top-k end-to-end time (ms),50.486,Map-reduce top-k algorithmic time (ms),50.486,10485760,exact,2097152,lower-bound
cpu,q21_k131072_max,PASS,ok,float,map_reduce,max,131072,2097152,adversarial,21131236,1,Map-reduce top-k end-to-end time (ms),50.842,Map-reduce top-k end-to-end time (ms),50.842,Map-reduce top-k algorithmic time (ms),50.842,10485760,exact,2097152,lower-bound
cpu,q21_k131072_max,PASS,ok,float,map_reduce,max,131072,2097152,sorted,21131235,1,Map-reduce top-k end-to-end time (ms),66.082,Map-reduce top-k end-to-end time (ms),66.082,Map-reduce top-k algorithmic time (ms),66.082,10485760,exact,2097152,lower-bound
cpu,q21_k131072_max,PASS,ok,float,map_reduce,max,131072,2097152,sorted,21131236,1,Map-reduce top-k end-to-end time (ms),66.238,Map-reduce top-k end-to-end time (ms),66.238,Map-reduce top-k algorithmic time (ms),66.238,10485760,exact,2097152,lower-bound
cpu,q21_k131072_max,PASS,ok,float,map_reduce,max,131072,2097152,reverse,21131235,1,Map-reduce top-k end-to-end time (ms),6.019,Map-reduce top-k end-to-end time (ms),6.019,Map-reduce top-k algorithmic time (ms),6.019,10485760,exact,2097152,lower-bound
cpu,q21_k131072_max,PASS,ok,float,map_reduce,max,131072,2097152,reverse,21131236,1,Map-reduce top-k end-to-end time (ms),6.03,Map-reduce top-k end-to-end time (ms),6.03,Map-reduce top-k algorithmic time (ms),6.03,10485760,exact,2097152,lower-bound
cpu,q22_k8_max,PASS,ok,float,map_reduce,max,8,4194304,uniform,22000174,1,Map-reduce top-k end-to-end time (ms),0.179,Map-reduce top-k end-to-end time (ms),0.179,Map-reduce top-k algorithmic time (ms),0.179,16777472,exact,4194304,lower-bound
cpu,q22_k8_max,PASS,ok,float,map_reduce,max,8,4194304,uniform,22000175,1,Map-reduce top-k end-to-end time (ms),0.197,Map-reduce top-k end-to-end time (ms),0.197,Map-reduce top-k algorithmic time (ms),0.197,16777472,exact,4194304,lower-bound
cpu,q22_k8_max,PASS,ok,float,map_reduce,max,8,4194304,trimodal,22000174,1,Map-reduce top-k end-to-end time (ms),0.183,Map-reduce top-k end-to-end time (ms),0.183,Map-reduce top-k algorithmic time (ms),0.183,16777472,exact,4194304,lower-bound
cpu,q22_k8_max,PASS,ok,float,map_reduce,max,8,4194304,trimodal,22000175,1,Map-reduce top-k end-to-end time (ms),0.182,Map-reduce top-k end-to-end time (ms),0.182,Map-reduce top-k algorithmic time (ms),0.182,16777472,exact,4194304,lower-bound
cpu,q22_k8_max,PASS,ok,float,map_reduce,max,8,4194304,adversarial,22000174,1,Map-reduce top-k end-to-end time (ms),0.178,Map-reduce top-k end-to-end time (ms),0.178,Map-reduce top-k algorithmic time (ms),0.178,16777472,exact,4194304,lower-bound
cpu,q22_k8_max,PASS,ok,float,map_reduce,max,8,4194304,adversarial,22000175,1,Map-reduce top-k end-to-end time (ms),0.183,Map-reduce top-k end-to-end time (ms),0.183,Map-reduce top-k algorithmic time (ms),0.183,16777472,exact,4194304,lower-bound
cpu,q22_k8_max,PASS,ok,float,map_reduce,max,8,4194304,sorted,22000174,1,Map-reduce top-k end-to-end time (ms),10.082,Map-reduce top-k end-to-end time (ms),10.082,Map-reduce top-k algorithmic time (ms),10.082,16777472,exact,4194304,lower-bound
cpu,q22_k8_max,PASS,ok,float,map_reduce,max,8,4194304,sorted,22000175,1,Map-reduce top-k end-to-end time (ms),9.832,Map-reduce top-k end-to-end time (ms),9.832,Map-reduce top-k algorithmic time (ms),9.832,16777472,exact,4194304,lower-bound
cpu,q22_k8_max,PASS,ok,float,map_reduce,max,8,4194304,reverse,22000174,1,Map-reduce top-k end-to-end time (ms),0.18,Map-reduce top-k end-to-end time (ms),0.18,Map-reduce top-k algorithmic time (ms),0.18,16777472,exact,4194304,lower-bound
cpu,q22_k8_max,PASS,ok,float,map_reduce,max,8,4194304,reverse,22000175,1,Map-reduce top-k end-to-end time (ms),0.178,Map-reduce top-k end-to-end time (ms),0.178,Map-reduce top-k algorithmic time (ms),0.178,16777472,exact,4194304,lower-bound
cpu,q22_k131072_max,PASS,ok,float,map_reduce,max,131072,4194304,uniform,22131238,1,Map-reduce top-k end-to-end time (ms),61,Map-reduce top-k end-to-end time (ms),61,Map-reduce top-k algorithmic time (ms),61,20971520,exact,4194304,lower-bound
cpu,q22_k131072_max,PASS,ok,float,map_reduce,max,131072,4194304,uniform,22131239,1,Map-reduce top-k end-to-end time (ms),60.975,Map-reduce top-k end-to-end time (ms),60.975,Map-reduce top-k algorithmic time (ms),60.975,20971520,exact,4194304,lower-bound
cpu,q22_k131072_max,PASS,ok,float,map_reduce,max,131072,4194304,trimodal,22131238,1,Map-reduce top-k end-to-end time (ms),60.863,Map-reduce top-k end-to-end time (ms),60.863,Map-reduce top-k algorithmic time (ms),60.863,20971520,exact,4194304,lower-bound
cpu,q22_k131072_max,PASS,ok,float,map_reduce,max,131072,4194304,trimodal,22131239,1,Map-reduce top-k end-to-end time (ms),61.115,Map-reduce top-k end-to-end time (ms),61.115,Map-reduce top-k algorithmic time (ms),61.115,20971520,exact,4194304,lower-bound
cpu,q22_k131072_max,PASS,ok,float,map_reduce,max,131072,4194304,adversarial,22131238,1,Map-reduce top-k end-to-end time (ms),61.264,Map-reduce top-k end-to-end time (ms),61.264,Map-reduce top-k algorithmic time (ms),61.264,20971520,exact,4194304,lower-bound
cpu,q22_k131072_max,PASS,ok,float,map_reduce,max,131072,4194304,adversarial,22131239,1,Map-reduce top-k end-to-end time (ms),60.786,Map-reduce top-k end-to-end time (ms),60.786,Map-reduce top-k algorithmic time (ms),60.786,20971520,exact,4194304,lower-bound
cpu,q22_k131072_max,PASS,ok,float,map_reduce,max,131072,4194304,sorted,22131238,1,Map-reduce top-k end-to-end time (ms),85.325,Map-reduce top-k end-to-end time (ms),85.325,Map-reduce top-k algorithmic time (ms),85.325,20971520,exact,4194304,lower-bound
cpu,q22_k131072_max,PASS,ok,float,map_reduce,max,131072,4194304,sorted,22131239,1,Map-reduce top-k end-to-end time (ms),85.413,Map-reduce top-k end-to-end time (ms),85.413,Map-reduce top-k algorithmic time (ms),85.413,20971520,exact,4194304,lower-bound
cpu,q22_k131072_max,PASS,ok,float,map_reduce,max,131072,4194304,reverse,22131238,1,Map-reduce top-k end-to-end time (ms),6.225,Map-reduce top-k end-to-end time (ms),6.225,Map-reduce top-k algorithmic time (ms),6.225,20971520,exact,4194304,lower-bound
cpu,q22_k131072_max,PASS,ok,float,map_reduce,max,131072,4194304,reverse,22131239,1,Map-reduce top-k end-to-end time (ms),6.214,Map-reduce top-k end-to-end time (ms),6.214,Map-reduce top-k algorithmic time (ms),6.214,20971520,exact,4194304,lower-bound
cpu,q23_k8_max,PASS,ok,float,map_reduce,max,8,8388608,uniform,23000177,1,Map-reduce top-k end-to-end time (ms),0.476,Map-reduce top-k end-to-end time (ms),0.476,Map-reduce top-k algorithmic time (ms),0.476,33554944,exact,8388608,lower-bound
cpu,q23_k8_max,PASS,ok,float,map_reduce,max,8,8388608,uniform,23000178,1,Map-reduce top-k end-to-end time (ms),0.485,Map-reduce top-k end-to-end time (ms),0.485,Map-reduce top-k algorithmic time (ms),0.485,33554944,exact,8388608,lower-bound
cpu,q23_k8_max,PASS,ok,float,map_reduce,max,8,8388608,trimodal,23000177,1,Map-reduce top-k end-to-end time (ms),0.478,Map-reduce top-k end-to-end time (ms),0.478,Map-reduce top-k algorithmic time (ms),0.478,33554944,exact,8388608,lower-bound
cpu,q23_k8_max,PASS,ok,float,map_reduce,max,8,8388608,trimodal,23000178,1,Map-reduce top-k end-to-end time (ms),0.486,Map-reduce top-k end-to-end time (ms),0.486,Map-reduce top-k algorithmic time (ms),0.486,33554944,exact,8388608,lower-bound
cpu,q23_k8_max,PASS,ok,float,map_reduce,max,8,8388608,adversarial,23000177,1,Map-reduce top-k end-to-end time (ms),0.48,Map-reduce top-k end-to-end time (ms),0.48,Map-reduce top-k algorithmic time (ms),0.48,33554944,exact,8388608,lower-bound
cpu,q23_k8_max,PASS,ok,float,map_reduce,max,8,8388608,adversarial,23000178,1,Map-reduce top-k end-to-end time (ms),0.475,Map-reduce top-k end-to-end time (ms),0.475,Map-reduce top-k algorithmic time (ms),0.475,33554944,exact,8388608,lower-bound
cpu,q23_k8_max,PASS,ok,float,map_reduce,max,8,8388608,sorted,23000177,1,Map-reduce top-k end-to-end time (ms),15.1,Map-reduce top-k end-to-end time (ms),15.1,Map-reduce top-k algorithmic time (ms),15.1,33554944,exact,8388608,lower-bound
cpu,q23_k8_max,PASS,ok,float,map_reduce,max,8,8388608,sorted,23000178,1,Map-reduce top-k end-to-end time (ms),16.048,Map-reduce top-k end-to-end time (ms),16.048,Map-reduce top-k algorithmic time (ms),16.048,33554944,exact,8388608,lower-bound
cpu,q23_k8_max,PASS,ok,float,map_reduce,max,8,8388608,reverse,23000177,1,Map-reduce top-k end-to-end time (ms),0.477,Map-reduce top-k end-to-end time (ms),0.477,Map-reduce top-k algorithmic time (ms),0.477,33554944,exact,8388608,lower-bound
cpu,q23_k8_max,PASS,ok,float,map_reduce,max,8,8388608,reverse,23000178,1,Map-reduce top-k end-to-end time (ms),0.479,Map-reduce top-k end-to-end time (ms),0.479,Map-reduce top-k algorithmic time (ms),0.479,33554944,exact,8388608,lower-bound
cpu,q23_k131072_max,PASS,ok,float,map_reduce,max,131072,8388608,uniform,23131241,1,Map-reduce top-k end-to-end time (ms),71.291,Map-reduce top-k end-to-end time (ms),71.291,Map-reduce top-k algorithmic time (ms),71.291,41943040,exact,8388608,lower-bound
cpu,q23_k131072_max,PASS,ok,float,map_reduce,max,131072,8388608,uniform,23131242,1,Map-reduce top-k end-to-end time (ms),71.494,Map-reduce top-k end-to-end time (ms),71.494,Map-reduce top-k algorithmic time (ms),71.494,41943040,exact,8388608,lower-bound
cpu,q23_k131072_max,PASS,ok,float,map_reduce,max,131072,8388608,trimodal,23131241,1,Map-reduce top-k end-to-end time (ms),71.721,Map-reduce top-k end-to-end time (ms),71.721,Map-reduce top-k algorithmic time (ms),71.721,41943040,exact,8388608,lower-bound
cpu,q23_k131072_max,PASS,ok,float,map_reduce,max,131072,8388608,trimodal,23131242,1,Map-reduce top-k end-to-end time (ms),71.649,Map-reduce top-k end-to-end time (ms),71.649,Map-reduce top-k algorithmic time (ms),71.649,41943040,exact,8388608,lower-bound
cpu,q23_k131072_max,PASS,ok,float,map_reduce,max,131072,8388608,adversarial,23131241,1,Map-reduce top-k end-to-end time (ms),71.426,Map-reduce top-k end-to-end time (ms),71.426,Map-reduce top-k algorithmic time (ms),71.426,41943040,exact,8388608,lower-bound
cpu,q23_k131072_max,PASS,ok,float,map_reduce,max,131072,8388608,adversarial,23131242,1,Map-reduce top-k end-to-end time (ms),71.804,Map-reduce top-k end-to-end time (ms),71.804,Map-reduce top-k algorithmic time (ms),71.804,41943040,exact,8388608,lower-bound
cpu,q23_k131072_max,PASS,ok,float,map_reduce,max,131072,8388608,sorted,23131241,1,Map-reduce top-k end-to-end time (ms),127.533,Map-reduce top-k end-to-end time (ms),127.533,Map-reduce top-k algorithmic time (ms),127.533,41943040,exact,8388608,lower-bound
cpu,q23_k131072_max,PASS,ok,float,map_reduce,max,131072,8388608,sorted,23131242,1,Map-reduce top-k end-to-end time (ms),127.658,Map-reduce top-k end-to-end time (ms),127.658,Map-reduce top-k algorithmic time (ms),127.658,41943040,exact,8388608,lower-bound
cpu,q23_k131072_max,PASS,ok,float,map_reduce,max,131072,8388608,reverse,23131241,1,Map-reduce top-k end-to-end time (ms),6.662,Map-reduce top-k end-to-end time (ms),6.662,Map-reduce top-k algorithmic time (ms),6.662,41943040,exact,8388608,lower-bound
cpu,q23_k131072_max,PASS,ok,float,map_reduce,max,131072,8388608,reverse,23131242,1,Map-reduce top-k end-to-end time (ms),6.665,Map-reduce top-k end-to-end time (ms),6.665,Map-reduce top-k algorithmic time (ms),6.665,41943040,exact,8388608,lower-bound
cpu,q24_k8_max,PASS,ok,float,map_reduce,max,8,16777216,uniform,24000180,1,Map-reduce top-k end-to-end time (ms),1.334,Map-reduce top-k end-to-end time (ms),1.334,Map-reduce top-k algorithmic time (ms),1.334,67109376,exact,16777216,lower-bound
cpu,q24_k8_max,PASS,ok,float,map_reduce,max,8,16777216,uniform,24000181,1,Map-reduce top-k end-to-end time (ms),1.335,Map-reduce top-k end-to-end time (ms),1.335,Map-reduce top-k algorithmic time (ms),1.335,67109376,exact,16777216,lower-bound
cpu,q24_k8_max,PASS,ok,float,map_reduce,max,8,16777216,trimodal,24000180,1,Map-reduce top-k end-to-end time (ms),1.344,Map-reduce top-k end-to-end time (ms),1.344,Map-reduce top-k algorithmic time (ms),1.344,67109376,exact,16777216,lower-bound
cpu,q24_k8_max,PASS,ok,float,map_reduce,max,8,16777216,trimodal,24000181,1,Map-reduce top-k end-to-end time (ms),1.342,Map-reduce top-k end-to-end time (ms),1.342,Map-reduce top-k algorithmic time (ms),1.342,67109376,exact,16777216,lower-bound
cpu,q24_k8_max,PASS,ok,float,map_reduce,max,8,16777216,adversarial,24000180,1,Map-reduce top-k end-to-end time (ms),1.337,Map-reduce top-k end-to-end time (ms),1.337,Map-reduce top-k algorithmic time (ms),1.337,67109376,exact,16777216,lower-bound
cpu,q24_k8_max,PASS,ok,float,map_reduce,max,8,16777216,adversarial,24000181,1,Map-reduce top-k end-to-end time (ms),1.339,Map-reduce top-k end-to-end time (ms),1.339,Map-reduce top-k algorithmic time (ms),1.339,67109376,exact,16777216,lower-bound
cpu,q24_k8_max,PASS,ok,float,map_reduce,max,8,16777216,sorted,24000180,1,Map-reduce top-k end-to-end time (ms),42.63,Map-reduce top-k end-to-end time (ms),42.63,Map-reduce top-k algorithmic time (ms),42.63,67109376,exact,16777216,lower-bound
cpu,q24_k8_max,PASS,ok,float,map_reduce,max,8,16777216,sorted,24000181,1,Map-reduce top-k end-to-end time (ms),44.325,Map-reduce top-k end-to-end time (ms),44.325,Map-reduce top-k algorithmic time (ms),44.325,67109376,exact,16777216,lower-bound
cpu,q24_k8_max,PASS,ok,float,map_reduce,max,8,16777216,reverse,24000180,1,Map-reduce top-k end-to-end time (ms),1.341,Map-reduce top-k end-to-end time (ms),1.341,Map-reduce top-k algorithmic time (ms),1.341,67109376,exact,16777216,lower-bound
cpu,q24_k8_max,PASS,ok,float,map_reduce,max,8,16777216,reverse,24000181,1,Map-reduce top-k end-to-end time (ms),1.346,Map-reduce top-k end-to-end time (ms),1.346,Map-reduce top-k algorithmic time (ms),1.346,67109376,exact,16777216,lower-bound
cpu,q24_k131072_max,PASS,ok,float,map_reduce,max,131072,16777216,uniform,24131244,1,Map-reduce top-k end-to-end time (ms),82.038,Map-reduce top-k end-to-end time (ms),82.038,Map-reduce top-k algorithmic time (ms),82.038,75497472,exact,16777216,lower-bound
cpu,q24_k131072_max,PASS,ok,float,map_reduce,max,131072,16777216,uniform,24131245,1,Map-reduce top-k end-to-end time (ms),81.964,Map-reduce top-k end-to-end time (ms),81.964,Map-reduce top-k algorithmic time (ms),81.964,75497472,exact,16777216,lower-bound
cpu,q24_k131072_max,PASS,ok,float,map_reduce,max,131072,16777216,trimodal,24131244,1,Map-reduce top-k end-to-end time (ms),81.927,Map-reduce top-k end-to-end time (ms),81.927,Map-reduce top-k algorithmic time (ms),81.927,75497472,exact,16777216,lower-bound
cpu,q24_k131072_max,PASS,ok,float,map_reduce,max,131072,16777216,trimodal,24131245,1,Map-reduce top-k end-to-end time (ms),81.698,Map-reduce top-k end-to-end time (ms),81.698,Map-reduce top-k algorithmic time (ms),81.698,75497472,exact,16777216,lower-bound
cpu,q24_k131072_max,PASS,ok,float,map_reduce,max,131072,16777216,adversarial,24131244,1,Map-reduce top-k end-to-end time (ms),82.185,Map-reduce top-k end-to-end time (ms),82.185,Map-reduce top-k algorithmic time (ms),82.185,75497472,exact,16777216,lower-bound
cpu,q24_k131072_max,PASS,ok,float,map_reduce,max,131072,16777216,adversarial,24131245,1,Map-reduce top-k end-to-end time (ms),81.978,Map-reduce top-k end-to-end time (ms),81.978,Map-reduce top-k algorithmic time (ms),81.978,75497472,exact,16777216,lower-bound
cpu,q24_k131072_max,PASS,ok,float,map_reduce,max,131072,16777216,sorted,24131244,1,Map-reduce top-k end-to-end time (ms),194.564,Map-reduce top-k end-to-end time (ms),194.564,Map-reduce top-k algorithmic time (ms),194.564,75497472,exact,16777216,lower-bound
cpu,q24_k131072_max,PASS,ok,float,map_reduce,max,131072,16777216,sorted,24131245,1,Map-reduce top-k end-to-end time (ms),194.002,Map-reduce top-k end-to-end time (ms),194.002,Map-reduce top-k algorithmic time (ms),194.002,75497472,exact,16777216,lower-bound
cpu,q24_k131072_max,PASS,ok,float,map_reduce,max,131072,16777216,reverse,24131244,1,Map-reduce top-k end-to-end time (ms),7.919,Map-reduce top-k end-to-end time (ms),7.919,Map-reduce top-k algorithmic time (ms),7.919,75497472,exact,16777216,lower-bound
cpu,q24_k131072_max,PASS,ok,float,map_reduce,max,131072,16777216,reverse,24131245,1,Map-reduce top-k end-to-end time (ms),7.985,Map-reduce top-k end-to-end time (ms),7.985,Map-reduce top-k algorithmic time (ms),7.985,75497472,exact,16777216,lower-bound
cpu,q20_k8_max,PASS,ok,float,gt,max,8,1048576,uniform,20000168,1,Ground truth end-to-end time (ms),0.401,Ground truth end-to-end time (ms),0.401,Ground truth algorithmic time (ms),0.401,4194336,lower-bound,1048576,lower-bound
cpu,q20_k8_max,PASS,ok,float,gt,max,8,1048576,uniform,20000169,1,Ground truth end-to-end time (ms),0.398,Ground truth end-to-end time (ms),0.398,Ground truth algorithmic time (ms),0.398,4194336,lower-bound,1048576,lower-bound
cpu,q20_k8_max,PASS,ok,float,gt,max,8,1048576,trimodal,20000168,1,Ground truth end-to-end time (ms),0.398,Ground truth end-to-end time (ms),0.398,Ground truth algorithmic time (ms),0.398,4194336,lower-bound,1048576,lower-bound
cpu,q20_k8_max,PASS,ok,float,gt,max,8,1048576,trimodal,20000169,1,Ground truth end-to-end time (ms),0.396,Ground truth end-to-end time (ms),0.396,Ground truth algorithmic time (ms),0.396,4194336,lower-bound,1048576,lower-bound
cpu,q20_k8_max,PASS,ok,float,gt,max,8,1048576,adversarial,20000168,1,Ground truth end-to-end time (ms),0.48,Ground truth end-to-end time (ms),0.48,Ground truth algorithmic time (ms),0.48,4194336,lower-bound,1048576,lower-bound
cpu,q20_k8_max,PASS,ok,float,gt,max,8,1048576,adversarial,20000169,1,Ground truth end-to-end time (ms),0.485,Ground truth end-to-end time (ms),0.485,Ground truth algorithmic time (ms),0.485,4194336,lower-bound,1048576,lower-bound
cpu,q20_k8_max,PASS,ok,float,gt,max,8,1048576,sorted,20000168,1,Ground truth end-to-end time (ms),11.445,Ground truth end-to-end time (ms),11.445,Ground truth algorithmic time (ms),11.445,4194336,lower-bound,1048576,lower-bound
cpu,q20_k8_max,PASS,ok,float,gt,max,8,1048576,sorted,20000169,1,Ground truth end-to-end time (ms),11.504,Ground truth end-to-end time (ms),11.504,Ground truth algorithmic time (ms),11.504,4194336,lower-bound,1048576,lower-bound
cpu,q20_k8_max,PASS,ok,float,gt,max,8,1048576,reverse,20000168,1,Ground truth end-to-end time (ms),0.396,Ground truth end-to-end time (ms),0.396,Ground truth algorithmic time (ms),0.396,4194336,lower-bound,1048576,lower-bound
cpu,q20_k8_max,PASS,ok,float,gt,max,8,1048576,reverse,20000169,1,Ground truth end-to-end time (ms),0.394,Ground truth end-to-end time (ms),0.394,Ground truth algorithmic time (ms),0.394,4194336,lower-bound,1048576,lower-bound
cpu,q20_k131072_max,PASS,ok,float,gt,max,131072,1048576,uniform,20131232,1,Ground truth end-to-end time (ms),33.192,Ground truth end-to-end time (ms),33.192,Ground truth algorithmic time (ms),33.192,4718592,lower-bound,1048576,lower-bound
cpu,q20_k131072_max,PASS,ok,float,gt,max,131072,1048576,uniform,20131233,1,Ground truth end-to-end time (ms),32.37,Ground truth end-to-end time (ms),32.37,Ground truth algorithmic time (ms),32.37,4718592,lower-bound,1048576,lower-bound
cpu,q20_k131072_max,PASS,ok,float,gt,max,131072,1048576,trimodal,20131232,1,Ground truth end-to-end time (ms),32.885,Ground truth end-to-end time (ms),32.885,Ground truth algorithmic time (ms),32.885,4718592,lower-bound,1048576,lower-bound
cpu,q20_k131072_max,PASS,ok,float,gt,max,131072,1048576,trimodal,20131233,1,Ground truth end-to-end time (ms),33.067,Ground truth end-to-end time (ms),33.067,Ground truth algorithmic time (ms),33.067,4718592,lower-bound,1048576,lower-bound
cpu,q20_k131072_max,PASS,ok,float,gt,max,131072,1048576,adversarial,20131232,1,Ground truth end-to-end time (ms),32.933,Ground truth end-to-end time (ms),32.933,Ground truth algorithmic time (ms),32.933,4718592,lower-bound,1048576,lower-bound
cpu,q20_k131072_max,PASS,ok,float,gt,max,131072,1048576,adversarial,20131233,1,Ground truth end-to-end time (ms),32.387,Ground truth end-to-end time (ms),32.387,Ground truth algorithmic time (ms),32.387,4718592,lower-bound,1048576,lower-bound
cpu,q20_k131072_max,PASS,ok,float,gt,max,131072,1048576,sorted,20131232,1,Ground truth end-to-end time (ms),48.472,Ground truth end-to-end time (ms),48.472,Ground truth algorithmic time (ms),48.472,4718592,lower-bound,1048576,lower-bound
cpu,q20_k131072_max,PASS,ok,float,gt,max,131072,1048576,sorted,20131233,1,Ground truth end-to-end time (ms),48.48,Ground truth end-to-end time (ms),48.48,Ground truth algorithmic time (ms),48.48,4718592,lower-bound,1048576,lower-bound
cpu,q20_k131072_max,PASS,ok,float,gt,max,131072,1048576,reverse,20131232,1,Ground truth end-to-end time (ms),5.459,Ground truth end-to-end time (ms),5.459,Ground truth algorithmic time (ms),5.459,4718592,lower-bound,1048576,lower-bound
cpu,q20_k131072_max,PASS,ok,float,gt,max,131072,1048576,reverse,20131233,1,Ground truth end-to-end time (ms),5.525,Ground truth end-to-end time (ms),5.525,Ground truth algorithmic time (ms),5.525,4718592,lower-bound,1048576,lower-bound
cpu,q21_k8_max,PASS,ok,float,gt,max,8,2097152,uniform,21000171,1,Ground truth end-to-end time (ms),0.76,Ground truth end-to-end time (ms),0.76,Ground truth algorithmic time (ms),0.76,8388640,lower-bound,2097152,lower-bound
cpu,q21_k8_max,PASS,ok,float,gt,max,8,2097152,uniform,21000172,1,Ground truth end-to-end time (ms),0.741,Ground truth end-to-end time (ms),0.741,Ground truth algorithmic time (ms),0.741,8388640,lower-bound,2097152,lower-bound
cpu,q21_k8_max,PASS,ok,float,gt,max,8,2097152,trimodal,21000171,1,Ground truth end-to-end time (ms),0.736,Ground truth end-to-end time (ms),0.736,Ground truth algorithmic time (ms),0.736,8388640,lower-bound,2097152,lower-bound
cpu,q21_k8_max,PASS,ok,float,gt,max,8,2097152,trimodal,21000172,1,Ground truth end-to-end time (ms),0.737,Ground truth end-to-end time (ms),0.737,Ground truth algorithmic time (ms),0.737,8388640,lower-bound,2097152,lower-bound
cpu,q21_k8_max,PASS,ok,float,gt,max,8,2097152,adversarial,21000171,1,Ground truth end-to-end time (ms),0.821,Ground truth end-to-end time (ms),0.821,Ground truth algorithmic time (ms),0.821,8388640,lower-bound,2097152,lower-bound
cpu,q21_k8_max,PASS,ok,float,gt,max,8,2097152,adversarial,21000172,1,Ground truth end-to-end time (ms),0.82,Ground truth end-to-end time (ms),0.82,Ground truth algorithmic time (ms),0.82,8388640,lower-bound,2097152,lower-bound
cpu,q21_k8_max,PASS,ok,float,gt,max,8,2097152,sorted,21000171,1,Ground truth end-to-end time (ms),23.088,Ground truth end-to-end time (ms),23.088,Ground truth algorithmic time (ms),23.088,8388640,lower-bound,2097152,lower-bound
cpu,q21_k8_max,PASS,ok,float,gt,max,8,2097152,sorted,21000172,1,Ground truth end-to-end time (ms),23.052,Ground truth end-to-end time (ms),23.052,Ground truth algorithmic time (ms),23.052,8388640,lower-bound,2097152,lower-bound
cpu,q21_k8_max,PASS,ok,float,gt,max,8,2097152,reverse,21000171,1,Ground truth end-to-end time (ms),0.737,Ground truth end-to-end time (ms),0.737,Ground truth algorithmic time (ms),0.737,8388640,lower-bound,2097152,lower-bound
cpu,q21_k8_max,PASS,ok,float,gt,max,8,2097152,reverse,21000172,1,Ground truth end-to-end time (ms),0.737,Ground truth end-to-end time (ms),0.737,Ground truth algorithmic time (ms),0.737,8388640,lower-bound,2097152,lower-bound
cpu,q21_k131072_max,PASS,ok,float,gt,max,131072,2097152,uniform,21131235,1,Ground truth end-to-end time (ms),41.226,Ground truth end-to-end time (ms),41.226,Ground truth algorithmic time (ms),41.226,8912896,lower-bound,2097152,lower-bound
cpu,q21_k131072_max,PASS,ok,float,gt,max,131072,2097152,uniform,21131236,1,Ground truth end-to-end time (ms),42.222,Ground truth end-to-end time (ms),42.222,Ground truth algorithmic time (ms),42.222,8912896,lower-bound,2097152,lower-bound
cpu,q21_k131072_max,PASS,ok,float,gt,max,131072,2097152,trimodal,21131235,1,Ground truth end-to-end time (ms),41.997,Ground truth end-to-end time (ms),41.997,Ground truth algorithmic time (ms),41.997,8912896,lower-bound,2097152,lower-bound
cpu,q21_k131072_max,PASS,ok,float,gt,max,131072,2097152,trimodal,21131236,1,Ground truth end-to-end time (ms),42.127,Ground truth end-to-end time (ms),42.127,Ground truth algorithmic time (ms),42.127,8912896,lower-bound,2097152,lower-bound
cpu,q21_k131072_max,PASS,ok,float,gt,max,131072,2097152,adversarial,21131235,1,Ground truth end-to-end time (ms),42.793,Ground truth end-to-end time (ms),42.793,Ground truth algorithmic time (ms),42.793,8912896,lower-bound,2097152,lower-bound
cpu,q21_k131072_max,PASS,ok,float,gt,max,131072,2097152,adversarial,21131236,1,Ground truth end-to-end time (ms),42.236,Ground truth end-to-end time (ms),42.236,Ground truth algorithmic time (ms),42.236,8912896,lower-bound,2097152,lower-bound
cpu,q21_k131072_max,PASS,ok,float,gt,max,131072,2097152,sorted,21131235,1,Ground truth end-to-end time (ms),97.248,Ground truth end-to-end time (ms),97.248,Ground truth algorithmic time (ms),97.248,8912896,lower-bound,2097152,lower-bound
cpu,q21_k131072_max,PASS,ok,float,gt,max,131072,2097152,sorted,21131236,1,Ground truth end-to-end time (ms),96.575,Ground truth end-to-end time (ms),96.575,Ground truth algorithmic time (ms),96.575,8912896,lower-bound,2097152,lower-bound
cpu,q21_k131072_max,PASS,ok,float,gt,max,131072,2097152,reverse,21131235,1,Ground truth end-to-end time (ms),5.821,Ground truth end-to-end time (ms),5.821,Ground truth algorithmic time (ms),5.821,8912896,lower-bound,2097152,lower-bound
cpu,q21_k131072_max,PASS,ok,float,gt,max,131072,2097152,reverse,21131236,1,Ground truth end-to-end time (ms),5.811,Ground truth end-to-end time (ms),5.811,Ground truth algorithmic time (ms),5.811,8912896,lower-bound,2097152,lower-bound
cpu,q22_k8_max,PASS,ok,float,gt,max,8,4194304,uniform,22000174,1,Ground truth end-to-end time (ms),1.42,Ground truth end-to-end time (ms),1.42,Ground truth algorithmic time (ms),1.42,16777248,lower-bound,4194304,lower-bound
cpu,q22_k8_max,PASS,ok,float,gt,max,8,4194304,uniform,22000175,1,Ground truth end-to-end time (ms),1.426,Ground truth end-to-end time (ms),1.426,Ground truth algorithmic time (ms),1.426,16777248,lower-bound,4194304,lower-bound
cpu,q22_k8_max,PASS,ok,float,gt,max,8,4194304,trimodal,22000174,1,Ground truth end-to-end time (ms),1.429,Ground truth end-to-end time (ms),1.429,Ground truth algorithmic time (ms),1.429,16777248,lower-bound,4194304,lower-bound
cpu,q22_k8_max,PASS,ok,float,gt,max,8,4194304,trimodal,22000175,1,Ground truth end-to-end time (ms),1.462,Ground truth end-to-end time (ms),1.462,Ground truth algorithmic time (ms),1.462,16777248,lower-bound,4194304,lower-bound
cpu,q22_k8_max,PASS,ok,float,gt,max,8,4194304,adversarial,22000174,1,Ground truth end-to-end time (ms),1.507,Ground truth end-to-end time (ms),1.507,Ground truth algorithmic time (ms),1.507,16777248,lower-bound,4194304,lower-bound
cpu,q22_k8_max,PASS,ok,float,gt,max,8,4194304,adversarial,22000175,1,Ground truth end-to-end time (ms),1.548,Ground truth end-to-end time (ms),1.548,Ground truth algorithmic time (ms),1.548,16777248,lower-bound,4194304,lower-bound
cpu,q22_k8_max,PASS,ok,float,gt,max,8,4194304,sorted,22000174,1,Ground truth end-to-end time (ms),47.007,Ground truth end-to-end time (ms),47.007,Ground truth algorithmic time (ms),47.007,16777248,lower-bound,4194304,lower-bound
cpu,q22_k8_max,PASS,ok,float,gt,max,8,4194304,sorted,22000175,1,Ground truth end-to-end time (ms),47.043,Ground truth end-to-end time (ms),47.043,Ground truth algorithmic time (ms),47.043,16777248,lower-bound,4194304,lower-bound
cpu,q22_k8_max,PASS,ok,float,gt,max,8,4194304,reverse,22000174,1,Ground truth end-to-end time (ms),1.441,Ground truth end-to-end time (ms),1.441,Ground truth algorithmic time (ms),1.441,16777248,lower-bound,4194304,lower-bound
cpu,q22_k8_max,PASS,ok,float,gt,max,8,4194304,reverse,22000175,1,Ground truth end-to-end time (ms),1.414,Ground truth end-to-end time (ms),1.414,Ground truth algorithmic time (ms),1.414,16777248,lower-bound,4194304,lower-bound
cpu,q22_k131072_max,PASS,ok,float,gt,max,131072,4194304,uniform,22131238,1,Ground truth end-to-end time (ms),52.106,Ground truth end-to-end time (ms),52.106,Ground truth algorithmic time (ms),52.106,17301504,lower-bound,4194304,lower-bound
cpu,q22_k131072_max,PASS,ok,float,gt,max,131072,4194304,uniform,22131239,1,Ground truth end-to-end time (ms),52.422,Ground truth end-to-end time (ms),52.422,Ground truth algorithmic time (ms),52.422,17301504,lower-bound,4194304,lower-bound
cpu,q22_k131072_max,PASS,ok,float,gt,max,131072,4194304,trimodal,22131238,1,Ground truth end-to-end time (ms),51.623,Ground truth end-to-end time (ms),51.623,Ground truth algorithmic time (ms),51.623,17301504,lower-bound,4194304,lower-bound
cpu,q22_k131072_max,PASS,ok,float,gt,max,131072,4194304,trimodal,22131239,1,Ground truth end-to-end time (ms),51.611,Ground truth end-to-end time (ms),51.611,Ground truth algorithmic time (ms),51.611,17301504,lower-bound,4194304,lower-bound
cpu,q22_k131072_max,PASS,ok,float,gt,max,131072,4194304,adversarial,22131238,1,Ground truth end-to-end time (ms),50.948,Ground truth end-to-end time (ms),50.948,Ground truth algorithmic time (ms),50.948,17301504,lower-bound,4194304,lower-bound
cpu,q22_k131072_max,PASS,ok,float,gt,max,131072,4194304,adversarial,22131239,1,Ground truth end-to-end time (ms),50.747,Ground truth end-to-end time (ms),50.747,Ground truth algorithmic time (ms),50.747,17301504,lower-bound,4194304,lower-bound
cpu,q22_k131072_max,PASS,ok,float,gt,max,131072,4194304,sorted,22131238,1,Ground truth end-to-end time (ms),191.983,Ground truth end-to-end time (ms),191.983,Ground truth algorithmic time (ms),191.983,17301504,lower-bound,4194304,lower-bound
cpu,q22_k131072_max,PASS,ok,float,gt,max,131072,4194304,sorted,22131239,1,Ground truth end-to-end time (ms),191.772,Ground truth end-to-end time (ms),191.772,Ground truth algorithmic time (ms),191.772,17301504,lower-bound,4194304,lower-bound
cpu,q22_k131072_max,PASS,ok,float,gt,max,131072,4194304,reverse,22131238,1,Ground truth end-to-end time (ms),6.532,Ground truth end-to-end time (ms),6.532,Ground truth algorithmic time (ms),6.532,17301504,lower-bound,4194304,lower-bound
cpu,q22_k131072_max,PASS,ok,float,gt,max,131072,4194304,reverse,22131239,1,Ground truth end-to-end time (ms),6.522,Ground truth end-to-end time (ms),6.522,Ground truth algorithmic time (ms),6.522,17301504,lower-bound,4194304,lower-bound
cpu,q23_k8_max,PASS,ok,float,gt,max,8,8388608,uniform,23000177,1,Ground truth end-to-end time (ms),2.855,Ground truth end-to-end time (ms),2.855,Ground truth algorithmic time (ms),2.855,33554464,lower-bound,8388608,lower-bound
cpu,q23_k8_max,PASS,ok,float,gt,max,8,8388608,uniform,23000178,1,Ground truth end-to-end time (ms),2.872,Ground truth end-to-end time (ms),2.872,Ground truth algorithmic time (ms),2.872,33554464,lower-bound,8388608,lower-bound
cpu,q23_k8_max,PASS,ok,float,gt,max,8,8388608,trimodal,23000177,1,Ground truth end-to-end time (ms),2.868,Ground truth end-to-end time (ms),2.868,Ground truth algorithmic time (ms),2.868,33554464,lower-bound,8388608,lower-bound
cpu,q23_k8_max,PASS,ok,float,gt,max,8,8388608,trimodal,23000178,1,Ground truth end-to-end time (ms),2.864,Ground truth end-to-end time (ms),2.864,Ground truth algorithmic time (ms),2.864,33554464,lower-bound,8388608,lower-bound
cpu,q23_k8_max,PASS,ok,float,gt,max,8,8388608,adversarial,23000177,1,Ground truth end-to-end time (ms),2.94,Ground truth end-to-end time (ms),2.94,Ground truth algorithmic time (ms),2.94,33554464,lower-bound,8388608,lower-bound
cpu,q23_k8_max,PASS,ok,float,gt,max,8,8388608,adversarial,23000178,1,Ground truth end-to-end time (ms),2.952,Ground truth end-to-end time (ms),2.952,Ground truth algorithmic time (ms),2.952,33554464,lower-bound,8388608,lower-bound
cpu,q23_k8_max,PASS,ok,float,gt,max,8,8388608,sorted,23000177,1,Ground truth end-to-end time (ms),95.33,Ground truth end-to-end time (ms),95.33,Ground truth algorithmic time (ms),95.33,33554464,lower-bound,8388608,lower-bound
cpu,q23_k8_max,PASS,ok,float,gt,max,8,8388608,sorted,23000178,1,Ground truth end-to-end time (ms),95.735,Ground truth end-to-end time (ms),95.735,Ground truth algorithmic time (ms),95.735,33554464,lower-bound,8388608,lower-bound
cpu,q23_k8_max,PASS,ok,float,gt,max,8,8388608,reverse,23000177,1,Ground truth end-to-end time (ms),2.86,Ground truth end-to-end time (ms),2.86,Ground truth algorithmic time (ms),2.86,33554464,lower-bound,8388608,lower-bound
cpu,q23_k8_max,PASS,ok,float,gt,max,8,8388608,reverse,23000178,1,Ground truth end-to-end time (ms),2.857,Ground truth end-to-end time (ms),2.857,Ground truth algorithmic time (ms),2.857,33554464,lower-bound,8388608,lower-bound
cpu,q23_k131072_max,PASS,ok,float,gt,max,131072,8388608,uniform,23131241,1,Ground truth end-to-end time (ms),60.996,Ground truth end-to-end time (ms),60.996,Ground truth algorithmic time (ms),60.996,34078720,lower-bound,8388608,lower-bound
cpu,q23_k131072_max,PASS,ok,float,gt,max,131072,8388608,uniform,23131242,1,Ground truth end-to-end time (ms),61.246,Ground truth end-to-end time (ms),61.246,Ground truth algorithmic time (ms),61.246,34078720,lower-bound,8388608,lower-bound
cpu,q23_k131072_max,PASS,ok,float,gt,max,131072,8388608,trimodal,23131241,1,Ground truth end-to-end time (ms),61.316,Ground truth end-to-end time (ms),61.316,Ground truth algorithmic time (ms),61.316,34078720,lower-bound,8388608,lower-bound
cpu,q23_k131072_max,PASS,ok,float,gt,max,131072,8388608,trimodal,23131242,1,Ground truth end-to-end time (ms),61.183,Ground truth end-to-end time (ms),61.183,Ground truth algorithmic time (ms),61.183,34078720,lower-bound,8388608,lower-bound
cpu,q23_k131072_max,PASS,ok,float,gt,max,131072,8388608,adversarial,23131241,1,Ground truth end-to-end time (ms),62.821,Ground truth end-to-end time (ms),62.821,Ground truth algorithmic time (ms),62.821,34078720,lower-bound,8388608,lower-bound
cpu,q23_k131072_max,PASS,ok,float,gt,max,131072,8388608,adversarial,23131242,1,Ground truth end-to-end time (ms),61.213,Ground truth end-to-end time (ms),61.213,Ground truth algorithmic time (ms),61.213,34078720,lower-bound,8388608,lower-bound
cpu,q23_k131072_max,PASS,ok,float,gt,max,131072,8388608,sorted,23131241,1,Ground truth end-to-end time (ms),382.941,Ground truth end-to-end time (ms),382.941,Ground truth algorithmic time (ms),382.941,34078720,lower-bound,8388608,lower-bound
cpu,q23_k131072_max,PASS,ok,float,gt,max,131072,8388608,sorted,23131242,1,Ground truth end-to-end time (ms),382.884,Ground truth end-to-end time (ms),382.884,Ground truth algorithmic time (ms),382.884,34078720,lower-bound,8388608,lower-bound
cpu,q23_k131072_max,PASS,ok,float,gt,max,131072,8388608,reverse,23131241,1,Ground truth end-to-end time (ms),7.936,Ground truth end-to-end time (ms),7.936,Ground truth algorithmic time (ms),7.936,34078720,lower-bound,8388608,lower-bound
cpu,q23_k131072_max,PASS,ok,float,gt,max,131072,8388608,reverse,23131242,1,Ground truth end-to-end time (ms),7.955,Ground truth end-to-end time (ms),7.955,Ground truth algorithmic time (ms),7.955,34078720,lower-bound,8388608,lower-bound
cpu,q24_k8_max,PASS,ok,float,gt,max,8,16777216,uniform,24000180,1,Ground truth end-to-end time (ms),5.578,Ground truth end-to-end time (ms),5.578,Ground truth algorithmic time (ms),5.578,67108896,lower-bound,16777216,lower-bound
cpu,q24_k8_max,PASS,ok,float,gt,max,8,16777216,uniform,24000181,1,Ground truth end-to-end time (ms),5.589,Ground truth end-to-end time (ms),5.589,Ground truth algorithmic time (ms),5.589,67108896,lower-bound,16777216,lower-bound
cpu,q24_k8_max,PASS,ok,float,gt,max,8,16777216,trimodal,24000180,1,Ground truth end-to-end time (ms),5.58,Ground truth end-to-end time (ms),5.58,Ground truth algorithmic time (ms),5.58,67108896,lower-bound,16777216,lower-bound
cpu,q24_k8_max,PASS,ok,float,gt,max,8,16777216,trimodal,24000181,1,Ground truth end-to-end time (ms),5.577,Ground truth end-to-end time (ms),5.577,Ground truth algorithmic time (ms),5.577,67108896,lower-bound,16777216,lower-bound
cpu,q24_k8_max,PASS,ok,float,gt,max,8,16777216,adversarial,24000180,1,Ground truth end-to-end time (ms),5.66,Ground truth end-to-end time (ms),5.66,Ground truth algorithmic time (ms),5.66,67108896,lower-bound,16777216,lower-bound
cpu,q24_k8_max,PASS,ok,float,gt,max,8,16777216,adversarial,24000181,1,Ground truth end-to-end time (ms),5.66,Ground truth end-to-end time (ms),5.66,Ground truth algorithmic time (ms),5.66,67108896,lower-bound,16777216,lower-bound
cpu,q24_k8_max,PASS,ok,float,gt,max,8,16777216,sorted,24000180,1,Ground truth end-to-end time (ms),197.21,Ground truth end-to-end time (ms),197.21,Ground truth algorithmic time (ms),197.21,67108896,lower-bound,16777216,lower-bound
cpu,q24_k8_max,PASS,ok,float,gt,max,8,16777216,sorted,24000181,1,Ground truth end-to-end time (ms),197.047,Ground truth end-to-end time (ms),197.047,Ground truth algorithmic time (ms),197.047,67108896,lower-bound,16777216,lower-bound
cpu,q24_k8_max,PASS,ok,float,gt,max,8,16777216,reverse,24000180,1,Ground truth end-to-end time (ms),5.637,Ground truth end-to-end time (ms),5.637,Ground truth algorithmic time (ms),5.637,67108896,lower-bound,16777216,lower-bound
cpu,q24_k8_max,PASS,ok,float,gt,max,8,16777216,reverse,24000181,1,Ground truth end-to-end time (ms),5.577,Ground truth end-to-end time (ms),5.577,Ground truth algorithmic time (ms),5.577,67108896,lower-bound,16777216,lower-bound
cpu,q24_k131072_max,PASS,ok,float,gt,max,131072,16777216,uniform,24131244,1,Ground truth end-to-end time (ms),74.231,Ground truth end-to-end time (ms),74.231,Ground truth algorithmic time (ms),74.231,67633152,lower-bound,16777216,lower-bound
cpu,q24_k131072_max,PASS,ok,float,gt,max,131072,16777216,uniform,24131245,1,Ground truth end-to-end time (ms),74.079,Ground truth end-to-end time (ms),74.079,Ground truth algorithmic time (ms),74.079,67633152,lower-bound,16777216,lower-bound
cpu,q24_k131072_max,PASS,ok,float,gt,max,131072,16777216,trimodal,24131244,1,Ground truth end-to-end time (ms),74.345,Ground truth end-to-end time (ms),74.345,Ground truth algorithmic time (ms),74.345,67633152,lower-bound,16777216,lower-bound
cpu,q24_k131072_max,PASS,ok,float,gt,max,131072,16777216,trimodal,24131245,1,Ground truth end-to-end time (ms),74.119,Ground truth end-to-end time (ms),74.119,Ground truth algorithmic time (ms),74.119,67633152,lower-bound,16777216,lower-bound
cpu,q24_k131072_max,PASS,ok,float,gt,max,131072,16777216,adversarial,24131244,1,Ground truth end-to-end time (ms),74.17,Ground truth end-to-end time (ms),74.17,Ground truth algorithmic time (ms),74.17,67633152,lower-bound,16777216,lower-bound
cpu,q24_k131072_max,PASS,ok,float,gt,max,131072,16777216,adversarial,24131245,1,Ground truth end-to-end time (ms),74.203,Ground truth end-to-end time (ms),74.203,Ground truth algorithmic time (ms),74.203,67633152,lower-bound,16777216,lower-bound
cpu,q24_k131072_max,PASS,ok,float,gt,max,131072,16777216,sorted,24131244,1,Ground truth end-to-end time (ms),764.714,Ground truth end-to-end time (ms),764.714,Ground truth algorithmic time (ms),764.714,67633152,lower-bound,16777216,lower-bound
cpu,q24_k131072_max,PASS,ok,float,gt,max,131072,16777216,sorted,24131245,1,Ground truth end-to-end time (ms),767.149,Ground truth end-to-end time (ms),767.149,Ground truth algorithmic time (ms),767.149,67633152,lower-bound,16777216,lower-bound
cpu,q24_k131072_max,PASS,ok,float,gt,max,131072,16777216,reverse,24131244,1,Ground truth end-to-end time (ms),10.701,Ground truth end-to-end time (ms),10.701,Ground truth algorithmic time (ms),10.701,67633152,lower-bound,16777216,lower-bound
cpu,q24_k131072_max,PASS,ok,float,gt,max,131072,16777216,reverse,24131245,1,Ground truth end-to-end time (ms),10.666,Ground truth end-to-end time (ms),10.666,Ground truth algorithmic time (ms),10.666,67633152,lower-bound,16777216,lower-bound
gpu,q20_k8_max,PASS,ok,float,bitonic,max,8,1048576,uniform,20000168,1,Trunc bitonic end-to-end time (ms),0.759,Trunc bitonic end-to-end time (ms),0.759,Trunc bitonic algorithmic time (ms),0.091,29359968,exact,5767148,exact
gpu,q20_k8_max,PASS,ok,float,bitonic,max,8,1048576,uniform,20000169,1,Trunc bitonic end-to-end time (ms),0.756,Trunc bitonic end-to-end time (ms),0.756,Trunc bitonic algorithmic time (ms),0.092,29359968,exact,5767148,exact
gpu,q20_k8_max,PASS,ok,float,bitonic,max,8,1048576,trimodal,20000168,1,Trunc bitonic end-to-end time (ms),0.773,Trunc bitonic end-to-end time (ms),0.773,Trunc bitonic algorithmic time (ms),0.091,29359968,exact,5767148,exact
gpu,q20_k8_max,PASS,ok,float,bitonic,max,8,1048576,trimodal,20000169,1,Trunc bitonic end-to-end time (ms),0.855,Trunc bitonic end-to-end time (ms),0.855,Trunc bitonic algorithmic time (ms),0.091,29359968,exact,5767148,exact
gpu,q20_k8_max,PASS,ok,float,bitonic,max,8,1048576,adversarial,20000168,1,Trunc bitonic end-to-end time (ms),0.914,Trunc bitonic end-to-end time (ms),0.914,Trunc bitonic algorithmic time (ms),0.083,29359968,exact,5767148,exact
gpu,q20_k8_max,PASS,ok,float,bitonic,max,8,1048576,adversarial,20000169,1,Trunc bitonic end-to-end time (ms),1.016,Trunc bitonic end-to-end time (ms),1.016,Trunc bitonic algorithmic time (ms),0.084,29359968,exact,5767148,exact
gpu,q20_k8_max,PASS,ok,float,bitonic,max,8,1048576,sorted,20000168,1,Trunc bitonic end-to-end time (ms),0.909,Trunc bitonic end-to-end time (ms),0.909,Trunc bitonic algorithmic time (ms),0.084,29359968,exact,5767148,exact
gpu,q20_k8_max,PASS,ok,float,bitonic,max,8,1048576,sorted,20000169,1,Trunc bitonic end-to-end time (ms),0.948,Trunc bitonic end-to-end time (ms),0.948,Trunc bitonic algorithmic time (ms),0.084,29359968,exact,5767148,exact
gpu,q20_k8_max,PASS,ok,float,bitonic,max,8,1048576,reverse,20000168,1,Trunc bitonic end-to-end time (ms),0.91,Trunc bitonic end-to-end time (ms),0.91,Trunc bitonic algorithmic time (ms),0.083,29359968,exact,5767148,exact
gpu,q20_k8_max,PASS,ok,float,bitonic,max,8,1048576,reverse,20000169,1,Trunc bitonic end-to-end time (ms),0.853,Trunc bitonic end-to-end time (ms),0.853,Trunc bitonic algorithmic time (ms),0.084,29359968,exact,5767148,exact
gpu,q20_k131072_max,PASS,ok,float,bitonic,max,131072,1048576,uniform,20131232,1,Trunc bitonic end-to-end time (ms),1.329,Trunc bitonic end-to-end time (ms),1.329,Trunc bitonic algorithmic time (ms),0.401,117964800,exact,88932352,exact
gpu,q20_k131072_max,PASS,ok,float,bitonic,max,131072,1048576,uniform,20131233,1,Trunc bitonic end-to-end time (ms),1.468,Trunc bitonic end-to-end time (ms),1.468,Trunc bitonic algorithmic time (ms),0.401,117964800,exact,88932352,exact
gpu,q20_k131072_max,PASS,ok,float,bitonic,max,131072,1048576,trimodal,20131232,1,Trunc bitonic end-to-end time (ms),1.529,Trunc bitonic end-to-end time (ms),1.529,Trunc bitonic algorithmic time (ms),0.402,117964800,exact,88932352,exact
gpu,q20_k131072_max,PASS,ok,float,bitonic,max,131072,1048576,trimodal,20131233,1,Trunc bitonic end-to-end time (ms),1.543,Trunc bitonic end-to-end time (ms),1.543,Trunc bitonic algorithmic time (ms),0.401,117964800,exact,88932352,exact
gpu,q20_k131072_max,PASS,ok,float,bitonic,max,131072,1048576,adversarial,20131232,1,Trunc bitonic end-to-end time (ms),1.412,Trunc bitonic end-to-end time (ms),1.412,Trunc bitonic algorithmic time (ms),0.402,117964800,exact,88932352,exact
gpu,q20_k131072_max,PASS,ok,float,bitonic,max,131072,1048576,adversarial,20131233,1,Trunc bitonic end-to-end time (ms),1.422,Trunc bitonic end-to-end time (ms),1.422,Trunc bitonic algorithmic time (ms),0.402,117964800,exact,88932352,exact
gpu,q20_k131072_max,PASS,ok,float,bitonic,max,131072,1048576,sorted,20131232,1,Trunc bitonic end-to-end time (ms),1.324,Trunc bitonic end-to-end time (ms),1.324,Trunc bitonic algorithmic time (ms),0.399,117964800,exact,88932352,exact
gpu,q20_k131072_max,PASS,ok,float,bitonic,max,131072,1048576,sorted,20131233,1,Trunc bitonic end-to-end time (ms),1.539,Trunc bitonic end-to-end time (ms),1.539,Trunc bitonic algorithmic time (ms),0.401,117964800,exact,88932352,exact
gpu,q20_k131072_max,PASS,ok,float,bitonic,max,131072,1048576,reverse,20131232,1,Trunc bitonic end-to-end time (ms),1.361,Trunc bitonic end-to-end time (ms),1.361,Trunc bitonic algorithmic time (ms),0.4,117964800,exact,88932352,exact
gpu,q20_k131072_max,PASS,ok,float,bitonic,max,131072,1048576,reverse,20131233,1,Trunc bitonic end-to-end time (ms),1.227,Trunc bitonic end-to-end time (ms),1.227,Trunc bitonic algorithmic time (ms),0.4,117964800,exact,88932352,exact
gpu,q21_k8_max,PASS,ok,float,bitonic,max,8,2097152,uniform,21000171,1,Trunc bitonic end-to-end time (ms),1.541,Trunc bitonic end-to-end time (ms),1.541,Trunc bitonic algorithmic time (ms),0.127,58720096,exact,11534316,exact
gpu,q21_k8_max,PASS,ok,float,bitonic,max,8,2097152,uniform,21000172,1,Trunc bitonic end-to-end time (ms),1.54,Trunc bitonic end-to-end time (ms),1.54,Trunc bitonic algorithmic time (ms),0.127,58720096,exact,11534316,exact
gpu,q21_k8_max,PASS,ok,float,bitonic,max,8,2097152,trimodal,21000171,1,Trunc bitonic end-to-end time (ms),1.461,Trunc bitonic end-to-end time (ms),1.461,Trunc bitonic algorithmic time (ms),0.128,58720096,exact,11534316,exact
gpu,q21_k8_max,PASS,ok,float,bitonic,max,8,2097152,trimodal,21000172,1,Trunc bitonic end-to-end time (ms),1.689,Trunc bitonic end-to-end time (ms),1.689,Trunc bitonic algorithmic time (ms),0.127,58720096,exact,11534316,exact
gpu,q21_k8_max,PASS,ok,float,bitonic,max,8,2097152,adversarial,21000171,1,Trunc bitonic end-to-end time (ms),1.5,Trunc bitonic end-to-end time (ms),1.5,Trunc bitonic algorithmic time (ms),0.127,58720096,exact,11534316,exact
gpu,q21_k8_max,PASS,ok,float,bitonic,max,8,2097152,adversarial,21000172,1,Trunc bitonic end-to-end time (ms),1.375,Trunc bitonic end-to-end time (ms),1.375,Trunc bitonic algorithmic time (ms),0.127,58720096,exact,11534316,exact
gpu,q21_k8_max,PASS,ok,float,bitonic,max,8,2097152,sorted,21000171,1,Trunc bitonic end-to-end time (ms),1.586,Trunc bitonic end-to-end time (ms),1.586,Trunc bitonic algorithmic time (ms),0.128,58720096,exact,11534316,exact
gpu,q21_k8_max,PASS,ok,float,bitonic,max,8,2097152,sorted,21000172,1,Trunc bitonic end-to-end time (ms),1.522,Trunc bitonic end-to-end time (ms),1.522,Trunc bitonic algorithmic time (ms),0.127,58720096,exact,11534316,exact
gpu,q21_k8_max,PASS,ok,float,bitonic,max,8,2097152,reverse,21000171,1,Trunc bitonic end-to-end time (ms),1.436,Trunc bitonic end-to-end time (ms),1.436,Trunc bitonic algorithmic time (ms),0.127,58720096,exact,11534316,exact
gpu,q21_k8_max,PASS,ok,float,bitonic,max,8,2097152,reverse,21000172,1,Trunc bitonic end-to-end time (ms),1.634,Trunc bitonic end-to-end time (ms),1.634,Trunc bitonic algorithmic time (ms),0.127,58720096,exact,11534316,exact
gpu,q21_k131072_max,PASS,ok,float,bitonic,max,131072,2097152,uniform,21131235,1,Trunc bitonic end-to-end time (ms),2.267,Trunc bitonic end-to-end time (ms),2.267,Trunc bitonic algorithmic time (ms),0.762,239599616,exact,179109888,exact
gpu,q21_k131072_max,PASS,ok,float,bitonic,max,131072,2097152,uniform,21131236,1,Trunc bitonic end-to-end time (ms),1.949,Trunc bitonic end-to-end time (ms),1.949,Trunc bitonic algorithmic time (ms),0.805,239599616,exact,179109888,exact
gpu,q21_k131072_max,PASS,ok,float,bitonic,max,131072,2097152,trimodal,21131235,1,Trunc bitonic end-to-end time (ms),1.941,Trunc bitonic end-to-end time (ms),1.941,Trunc bitonic algorithmic time (ms),0.793,239599616,exact,179109888,exact
gpu,q21_k131072_max,PASS,ok,float,bitonic,max,131072,2097152,trimodal,21131236,1,Trunc bitonic end-to-end time (ms),1.9,Trunc bitonic end-to-end time (ms),1.9,Trunc bitonic algorithmic time (ms),0.777,239599616,exact,179109888,exact
gpu,q21_k131072_max,PASS,ok,float,bitonic,max,131072,2097152,adversarial,21131235,1,Trunc bitonic end-to-end time (ms),1.94,Trunc bitonic end-to-end time (ms),1.94,Trunc bitonic algorithmic time (ms),0.792,239599616,exact,179109888,exact
gpu,q21_k131072_max,PASS,ok,float,bitonic,max,131072,2097152,adversarial,21131236,1,Trunc bitonic end-to-end time (ms),1.968,Trunc bitonic end-to-end time (ms),1.968,Trunc bitonic algorithmic time (ms),0.807,239599616,exact,179109888,exact
gpu,q21_k131072_max,PASS,ok,float,bitonic,max,131072,2097152,sorted,21131235,1,Trunc bitonic end-to-end time (ms),2.18,Trunc bitonic end-to-end time (ms),2.18,Trunc bitonic algorithmic time (ms),0.764,239599616,exact,179109888,exact
gpu,q21_k131072_max,PASS,ok,float,bitonic,max,131072,2097152,sorted,21131236,1,Trunc bitonic end-to-end time (ms),1.952,Trunc bitonic end-to-end time (ms),1.952,Trunc bitonic algorithmic time (ms),0.805,239599616,exact,179109888,exact
gpu,q21_k131072_max,PASS,ok,float,bitonic,max,131072,2097152,reverse,21131235,1,Trunc bitonic end-to-end time (ms),1.956,Trunc bitonic end-to-end time (ms),1.956,Trunc bitonic algorithmic time (ms),0.807,239599616,exact,179109888,exact
gpu,q21_k131072_max,PASS,ok,float,bitonic,max,131072,2097152,reverse,21131236,1,Trunc bitonic end-to-end time (ms),2.273,Trunc bitonic end-to-end time (ms),2.273,Trunc bitonic algorithmic time (ms),0.761,239599616,exact,179109888,exact
gpu,q22_k8_max,PASS,ok,float,bitonic,max,8,4194304,uniform,22000174,1,Trunc bitonic end-to-end time (ms),1.917,Trunc bitonic end-to-end time (ms),1.917,Trunc bitonic algorithmic time (ms),0.236,117440352,exact,23068652,exact
gpu,q22_k8_max,PASS,ok,float,bitonic,max,8,4194304,uniform,22000175,1,Trunc bitonic end-to-end time (ms),2.133,Trunc bitonic end-to-end time (ms),2.133,Trunc bitonic algorithmic time (ms),0.238,117440352,exact,23068652,exact
gpu,q22_k8_max,PASS,ok,float,bitonic,max,8,4194304,trimodal,22000174,1,Trunc bitonic end-to-end time (ms),2.257,Trunc bitonic end-to-end time (ms),2.257,Trunc bitonic algorithmic time (ms),0.226,117440352,exact,23068652,exact
gpu,q22_k8_max,PASS,ok,float,bitonic,max,8,4194304,trimodal,22000175,1,Trunc bitonic end-to-end time (ms),2.781,Trunc bitonic end-to-end time (ms),2.781,Trunc bitonic algorithmic time (ms),0.215,117440352,exact,23068652,exact
gpu,q22_k8_max,PASS,ok,float,bitonic,max,8,4194304,adversarial,22000174,1,Trunc bitonic end-to-end time (ms),1.93,Trunc bitonic end-to-end time (ms),1.93,Trunc bitonic algorithmic time (ms),0.249,117440352,exact,23068652,exact
gpu,q22_k8_max,PASS,ok,float,bitonic,max,8,4194304,adversarial,22000175,1,Trunc bitonic end-to-end time (ms),2.093,Trunc bitonic end-to-end time (ms),2.093,Trunc bitonic algorithmic time (ms),0.228,117440352,exact,23068652,exact
gpu,q22_k8_max,PASS,ok,float,bitonic,max,8,4194304,sorted,22000174,1,Trunc bitonic end-to-end time (ms),2.305,Trunc bitonic end-to-end time (ms),2.305,Trunc bitonic algorithmic time (ms),0.205,117440352,exact,23068652,exact
gpu,q22_k8_max,PASS,ok,float,bitonic,max,8,4194304,sorted,22000175,1,Trunc bitonic end-to-end time (ms),2.179,Trunc bitonic end-to-end time (ms),2.179,Trunc bitonic algorithmic time (ms),0.251,117440352,exact,23068652,exact
gpu,q22_k8_max,PASS,ok,float,bitonic,max,8,4194304,reverse,22000174,1,Trunc bitonic end-to-end time (ms),2.276,Trunc bitonic end-to-end time (ms),2.276,Trunc bitonic algorithmic time (ms),0.217,117440352,exact,23068652,exact
gpu,q22_k8_max,PASS,ok,float,bitonic,max,8,4194304,reverse,22000175,1,Trunc bitonic end-to-end time (ms),1.979,Trunc bitonic end-to-end time (ms),1.979,Trunc bitonic algorithmic time (ms),0.249,117440352,exact,23068652,exact
gpu,q22_k131072_max,PASS,ok,float,bitonic,max,131072,4194304,uniform,22131238,1,Trunc bitonic end-to-end time (ms),3.503,Trunc bitonic end-to-end time (ms),3.503,Trunc bitonic algorithmic time (ms),1.554,482869248,exact,359464960,exact
gpu,q22_k131072_max,PASS,ok,float,bitonic,max,131072,4194304,uniform,22131239,1,Trunc bitonic end-to-end time (ms),3.573,Trunc bitonic end-to-end time (ms),3.573,Trunc bitonic algorithmic time (ms),1.574,482869248,exact,359464960,exact
gpu,q22_k131072_max,PASS,ok,float,bitonic,max,131072,4194304,trimodal,22131238,1,Trunc bitonic end-to-end time (ms),3.718,Trunc bitonic end-to-end time (ms),3.718,Trunc bitonic algorithmic time (ms),1.484,482869248,exact,359464960,exact
gpu,q22_k131072_max,PASS,ok,float,bitonic,max,131072,4194304,trimodal,22131239,1,Trunc bitonic end-to-end time (ms),3.564,Trunc bitonic end-to-end time (ms),3.564,Trunc bitonic algorithmic time (ms),1.573,482869248,exact,359464960,exact
gpu,q22_k131072_max,PASS,ok,float,bitonic,max,131072,4194304,adversarial,22131238,1,Trunc bitonic end-to-end time (ms),3.469,Trunc bitonic end-to-end time (ms),3.469,Trunc bitonic algorithmic time (ms),1.544,482869248,exact,359464960,exact
gpu,q22_k131072_max,PASS,ok,float,bitonic,max,131072,4194304,adversarial,22131239,1,Trunc bitonic end-to-end time (ms),3.569,Trunc bitonic end-to-end time (ms),3.569,Trunc bitonic algorithmic time (ms),1.573,482869248,exact,359464960,exact
gpu,q22_k131072_max,PASS,ok,float,bitonic,max,131072,4194304,sorted,22131238,1,Trunc bitonic end-to-end time (ms),3.791,Trunc bitonic end-to-end time (ms),3.791,Trunc bitonic algorithmic time (ms),1.506,482869248,exact,359464960,exact
gpu,q22_k131072_max,PASS,ok,float,bitonic,max,131072,4194304,sorted,22131239,1,Trunc bitonic end-to-end time (ms),3.541,Trunc bitonic end-to-end time (ms),3.541,Trunc bitonic algorithmic time (ms),1.566,482869248,exact,359464960,exact
gpu,q22_k131072_max,PASS,ok,float,bitonic,max,131072,4194304,reverse,22131238,1,Trunc bitonic end-to-end time (ms),4.414,Trunc bitonic end-to-end time (ms),4.414,Trunc bitonic algorithmic time (ms),1.486,482869248,exact,359464960,exact
gpu,q22_k131072_max,PASS,ok,float,bitonic,max,131072,4194304,reverse,22131239,1,Trunc bitonic end-to-end time (ms),3.447,Trunc bitonic end-to-end time (ms),3.447,Trunc bitonic algorithmic time (ms),1.568,482869248,exact,359464960,exact
gpu,q23_k8_max,PASS,ok,float,bitonic,max,8,8388608,uniform,23000177,1,Trunc bitonic end-to-end time (ms),5.266,Trunc bitonic end-to-end time (ms),5.266,Trunc bitonic algorithmic time (ms),0.517,234880864,exact,46137324,exact
gpu,q23_k8_max,PASS,ok,float,bitonic,max,8,8388608,uniform,23000178,1,Trunc bitonic end-to-end time (ms),4.064,Trunc bitonic end-to-end time (ms),4.064,Trunc bitonic algorithmic time (ms),0.489,234880864,exact,46137324,exact
gpu,q23_k8_max,PASS,ok,float,bitonic,max,8,8388608,trimodal,23000177,1,Trunc bitonic end-to-end time (ms),3.989,Trunc bitonic end-to-end time (ms),3.989,Trunc bitonic algorithmic time (ms),0.497,234880864,exact,46137324,exact
gpu,q23_k8_max,PASS,ok,float,bitonic,max,8,8388608,trimodal,23000178,1,Trunc bitonic end-to-end time (ms),3.911,Trunc bitonic end-to-end time (ms),3.911,Trunc bitonic algorithmic time (ms),0.507,234880864,exact,46137324,exact
gpu,q23_k8_max,PASS,ok,float,bitonic,max,8,8388608,adversarial,23000177,1,Trunc bitonic end-to-end time (ms),3.838,Trunc bitonic end-to-end time (ms),3.838,Trunc bitonic algorithmic time (ms),0.522,234880864,exact,46137324,exact
gpu,q23_k8_max,PASS,ok,float,bitonic,max,8,8388608,adversarial,23000178,1,Trunc bitonic end-to-end time (ms),3.878,Trunc bitonic end-to-end time (ms),3.878,Trunc bitonic algorithmic time (ms),0.498,234880864,exact,46137324,exact
gpu,q23_k8_max,PASS,ok,float,bitonic,max,8,8388608,sorted,23000177,1,Trunc bitonic end-to-end time (ms),4.343,Trunc bitonic end-to-end time (ms),4.343,Trunc bitonic algorithmic time (ms),0.492,234880864,exact,46137324,exact
gpu,q23_k8_max,PASS,ok,float,bitonic,max,8,8388608,sorted,23000178,1,Trunc bitonic end-to-end time (ms),3.823,Trunc bitonic end-to-end time (ms),3.823,Trunc bitonic algorithmic time (ms),0.517,234880864,exact,46137324,exact
gpu,q23_k8_max,PASS,ok,float,bitonic,max,8,8388608,reverse,23000177,1,Trunc bitonic end-to-end time (ms),3.893,Trunc bitonic end-to-end time (ms),3.893,Trunc bitonic algorithmic time (ms),0.518,234880864,exact,46137324,exact
gpu,q23_k8_max,PASS,ok,float,bitonic,max,8,8388608,reverse,23000178,1,Trunc bitonic end-to-end time (ms),3.962,Trunc bitonic end-to-end time (ms),3.962,Trunc bitonic algorithmic time (ms),0.511,234880864,exact,46137324,exact
gpu,q23_k131072_max,PASS,ok,float,bitonic,max,131072,8388608,uniform,23131241,1,Trunc bitonic end-to-end time (ms),7.115,Trunc bitonic end-to-end time (ms),7.115,Trunc bitonic algorithmic time (ms),3.516,969408512,exact,720175104,exact
gpu,q23_k131072_max,PASS,ok,float,bitonic,max,131072,8388608,uniform,23131242,1,Trunc bitonic end-to-end time (ms),7.024,Trunc bitonic end-to-end time (ms),7.024,Trunc bitonic algorithmic time (ms),3.428,969408512,exact,720175104,exact
gpu,q23_k131072_max,PASS,ok,float,bitonic,max,131072,8388608,trimodal,23131241,1,Trunc bitonic end-to-end time (ms),7.019,Trunc bitonic end-to-end time (ms),7.019,Trunc bitonic algorithmic time (ms),3.43,969408512,exact,720175104,exact
gpu,q23_k131072_max,PASS,ok,float,bitonic,max,131072,8388608,trimodal,23131242,1,Trunc bitonic end-to-end time (ms),6.999,Trunc bitonic end-to-end time (ms),6.999,Trunc bitonic algorithmic time (ms),3.424,969408512,exact,720175104,exact
gpu,q23_k131072_max,PASS,ok,float,bitonic,max,131072,8388608,adversarial,23131241,1,Trunc bitonic end-to-end time (ms),7.052,Trunc bitonic end-to-end time (ms),7.052,Trunc bitonic algorithmic time (ms),3.457,969408512,exact,720175104,exact
gpu,q23_k131072_max,PASS,ok,float,bitonic,max,131072,8388608,adversarial,23131242,1,Trunc bitonic end-to-end time (ms),7.032,Trunc bitonic end-to-end time (ms),7.032,Trunc bitonic algorithmic time (ms),3.447,969408512,exact,720175104,exact
gpu,q23_k131072_max,PASS,ok,float,bitonic,max,131072,8388608,sorted,23131241,1,Trunc bitonic end-to-end time (ms),6.989,Trunc bitonic end-to-end time (ms),6.989,Trunc bitonic algorithmic time (ms),3.359,969408512,exact,720175104,exact
gpu,q23_k131072_max,PASS,ok,float,bitonic,max,131072,8388608,sorted,23131242,1,Trunc bitonic end-to-end time (ms),6.993,Trunc bitonic end-to-end time (ms),6.993,Trunc bitonic algorithmic time (ms),3.404,969408512,exact,720175104,exact
gpu,q23_k131072_max,PASS,ok,float,bitonic,max,131072,8388608,reverse,23131241,1,Trunc bitonic end-to-end time (ms),6.942,Trunc bitonic end-to-end time (ms),6.942,Trunc bitonic algorithmic time (ms),3.392,969408512,exact,720175104,exact
gpu,q23_k131072_max,PASS,ok,float,bitonic,max,131072,8388608,reverse,23131242,1,Trunc bitonic end-to-end time (ms),6.968,Trunc bitonic end-to-end time (ms),6.968,Trunc bitonic algorithmic time (ms),3.404,969408512,exact,720175104,exact
gpu,q24_k8_max,PASS,ok,float,bitonic,max,8,16777216,uniform,24000180,1,Trunc bitonic end-to-end time (ms),7.251,Trunc bitonic end-to-end time (ms),7.251,Trunc bitonic algorithmic time (ms),1.262,469761888,exact,92274668,exact
gpu,q24_k8_max,PASS,ok,float,bitonic,max,8,16777216,uniform,24000181,1,Trunc bitonic end-to-end time (ms),7.264,Trunc bitonic end-to-end time (ms),7.264,Trunc bitonic algorithmic time (ms),1.196,469761888,exact,92274668,exact
gpu,q24_k8_max,PASS,ok,float,bitonic,max,8,16777216,trimodal,24000180,1,Trunc bitonic end-to-end time (ms),7.272,Trunc bitonic end-to-end time (ms),7.272,Trunc bitonic algorithmic time (ms),1.214,469761888,exact,92274668,exact
gpu,q24_k8_max,PASS,ok,float,bitonic,max,8,16777216,trimodal,24000181,1,Trunc bitonic end-to-end time (ms),7.24,Trunc bitonic end-to-end time (ms),7.24,Trunc bitonic algorithmic time (ms),1.229,469761888,exact,92274668,exact
gpu,q24_k8_max,PASS,ok,float,bitonic,max,8,16777216,adversarial,24000180,1,Trunc bitonic end-to-end time (ms),7.166,Trunc bitonic end-to-end time (ms),7.166,Trunc bitonic algorithmic time (ms),1.196,469761888,exact,92274668,exact
gpu,q24_k8_max,PASS,ok,float,bitonic,max,8,16777216,adversarial,24000181,1,Trunc bitonic end-to-end time (ms),7.22,Trunc bitonic end-to-end time (ms),7.22,Trunc bitonic algorithmic time (ms),1.226,469761888,exact,92274668,exact
gpu,q24_k8_max,PASS,ok,float,bitonic,max,8,16777216,sorted,24000180,1,Trunc bitonic end-to-end time (ms),7.178,Trunc bitonic end-to-end time (ms),7.178,Trunc bitonic algorithmic time (ms),1.194,469761888,exact,92274668,exact
gpu,q24_k8_max,PASS,ok,float,bitonic,max,8,16777216,sorted,24000181,1,Trunc bitonic end-to-end time (ms),7.342,Trunc bitonic end-to-end time (ms),7.342,Trunc bitonic algorithmic time (ms),1.23,469761888,exact,92274668,exact
gpu,q24_k8_max,PASS,ok,float,bitonic,max,8,16777216,reverse,24000180,1,Trunc bitonic end-to-end time (ms),7.227,Trunc bitonic end-to-end time (ms),7.227,Trunc bitonic algorithmic time (ms),1.243,469761888,exact,92274668,exact
gpu,q24_k8_max,PASS,ok,float,bitonic,max,8,16777216,reverse,24000181,1,Trunc bitonic end-to-end time (ms),7.298,Trunc bitonic end-to-end time (ms),7.298,Trunc bitonic algorithmic time (ms),1.209,469761888,exact,92274668,exact
gpu,q24_k131072_max,PASS,ok,float,bitonic,max,131072,16777216,uniform,24131244,1,Trunc bitonic end-to-end time (ms),14.46,Trunc bitonic end-to-end time (ms),14.46,Trunc bitonic algorithmic time (ms),8.123,1674051584,exact,1441595392,exact
gpu,q24_k131072_max,PASS,ok,float,bitonic,max,131072,16777216,uniform,24131245,1,Trunc bitonic end-to-end time (ms),14.431,Trunc bitonic end-to-end time (ms),14.431,Trunc bitonic algorithmic time (ms),8.042,1674051584,exact,1441595392,exact
gpu,q24_k131072_max,PASS,ok,float,bitonic,max,131072,16777216,trimodal,24131244,1,Trunc bitonic end-to-end time (ms),14.439,Trunc bitonic end-to-end time (ms),14.439,Trunc bitonic algorithmic time (ms),8.039,1674051584,exact,1441595392,exact
gpu,q24_k131072_max,PASS,ok,float,bitonic,max,131072,16777216,trimodal,24131245,1,Trunc bitonic end-to-end time (ms),14.414,Trunc bitonic end-to-end time (ms),14.414,Trunc bitonic algorithmic time (ms),8.075,1674051584,exact,1441595392,exact
gpu,q24_k131072_max,PASS,ok,float,bitonic,max,131072,16777216,adversarial,24131244,1,Trunc bitonic end-to-end time (ms),14.405,Trunc bitonic end-to-end time (ms),14.405,Trunc bitonic algorithmic time (ms),8.042,1674051584,exact,1441595392,exact
gpu,q24_k131072_max,PASS,ok,float,bitonic,max,131072,16777216,adversarial,24131245,1,Trunc bitonic end-to-end time (ms),14.534,Trunc bitonic end-to-end time (ms),14.534,Trunc bitonic algorithmic time (ms),8.083,1674051584,exact,1441595392,exact
gpu,q24_k131072_max,PASS,ok,float,bitonic,max,131072,16777216,sorted,24131244,1,Trunc bitonic end-to-end time (ms),14.314,Trunc bitonic end-to-end time (ms),14.314,Trunc bitonic algorithmic time (ms),7.933,1674051584,exact,1441595392,exact
gpu,q24_k131072_max,PASS,ok,float,bitonic,max,131072,16777216,sorted,24131245,1,Trunc bitonic end-to-end time (ms),14.403,Trunc bitonic end-to-end time (ms),14.403,Trunc bitonic algorithmic time (ms),7.964,1674051584,exact,1441595392,exact
gpu,q24_k131072_max,PASS,ok,float,bitonic,max,131072,16777216,reverse,24131244,1,Trunc bitonic end-to-end time (ms),14.371,Trunc bitonic end-to-end time (ms),14.371,Trunc bitonic algorithmic time (ms),8.014,1674051584,exact,1441595392,exact
gpu,q24_k131072_max,PASS,ok,float,bitonic,max,131072,16777216,reverse,24131245,1,Trunc bitonic end-to-end time (ms),14.264,Trunc bitonic end-to-end time (ms),14.264,Trunc bitonic algorithmic time (ms),7.919,1674051584,exact,1441595392,exact
gpu,q20_k8_max,PASS,ok,float,map_reduce,max,8,1048576,uniform,20000168,1,Map-reduce top-k end-to-end time (ms),0.777,Map-reduce top-k end-to-end time (ms),0.777,Map-reduce top-k algorithmic time (ms),0.139,6755200,exact,1048576,lower-bound
gpu,q20_k8_max,PASS,ok,float,map_reduce,max,8,1048576,uniform,20000169,1,Map-reduce top-k end-to-end time (ms),0.737,Map-reduce top-k end-to-end time (ms),0.737,Map-reduce top-k algorithmic time (ms),0.11,6755200,exact,1048576,lower-bound
gpu,q20_k8_max,PASS,ok,float,map_reduce,max,8,1048576,trimodal,20000168,1,Map-reduce top-k end-to-end time (ms),0.736,Map-reduce top-k end-to-end time (ms),0.736,Map-reduce top-k algorithmic time (ms),0.11,6755200,exact,1048576,lower-bound
gpu,q20_k8_max,PASS,ok,float,map_reduce,max,8,1048576,trimodal,20000169,1,Map-reduce top-k end-to-end time (ms),0.737,Map-reduce top-k end-to-end time (ms),0.737,Map-reduce top-k algorithmic time (ms),0.11,6755200,exact,1048576,lower-bound
gpu,q20_k8_max,PASS,ok,float,map_reduce,max,8,1048576,adversarial,20000168,1,Map-reduce top-k end-to-end time (ms),0.735,Map-reduce top-k end-to-end time (ms),0.735,Map-reduce top-k algorithmic time (ms),0.109,6755200,exact,1048576,lower-bound
gpu,q20_k8_max,PASS,ok,float,map_reduce,max,8,1048576,adversarial,20000169,1,Map-reduce top-k end-to-end time (ms),0.733,Map-reduce top-k end-to-end time (ms),0.733,Map-reduce top-k algorithmic time (ms),0.108,6755200,exact,1048576,lower-bound
gpu,q20_k8_max,PASS,ok,float,map_reduce,max,8,1048576,sorted,20000168,1,Map-reduce top-k end-to-end time (ms),0.793,Map-reduce top-k end-to-end time (ms),0.793,Map-reduce top-k algorithmic time (ms),0.163,6755200,exact,1048576,lower-bound
gpu,q20_k8_max,PASS,ok,float,map_reduce,max,8,1048576,sorted,20000169,1,Map-reduce top-k end-to-end time (ms),0.791,Map-reduce top-k end-to-end time (ms),0.791,Map-reduce top-k algorithmic time (ms),0.162,6755200,exact,1048576,lower-bound
gpu,q20_k8_max,PASS,ok,float,map_reduce,max,8,1048576,reverse,20000168,1,Map-reduce top-k end-to-end time (ms),0.683,Map-reduce top-k end-to-end time (ms),0.683,Map-reduce top-k algorithmic time (ms),0.062,6755200,exact,1048576,lower-bound
gpu,q20_k8_max,PASS,ok,float,map_reduce,max,8,1048576,reverse,20000169,1,Map-reduce top-k end-to-end time (ms),0.682,Map-reduce top-k end-to-end time (ms),0.682,Map-reduce top-k algorithmic time (ms),0.062,6755200,exact,1048576,lower-bound
gpu,q20_k131072_max,PASS,ok,float,map_reduce,max,131072,1048576,uniform,20131232,1,Map-reduce top-k end-to-end time (ms),213.704,Map-reduce top-k end-to-end time (ms),213.704,Map-reduce top-k algorithmic time (ms),199.023,14680064,exact,1048576,lower-bound
gpu,q20_k131072_max,PASS,ok,float,map_reduce,max,131072,1048576,uniform,20131233,1,Map-reduce top-k end-to-end time (ms),214.171,Map-reduce top-k end-to-end time (ms),214.171,Map-reduce top-k algorithmic time (ms),199.147,14680064,exact,1048576,lower-bound
gpu,q20_k131072_max,PASS,ok,float,map_reduce,max,131072,1048576,trimodal,20131232,1,Map-reduce top-k end-to-end time (ms),212.723,Map-reduce top-k end-to-end time (ms),212.723,Map-reduce top-k algorithmic time (ms),198.812,14680064,exact,1048576,lower-bound
gpu,q20_k131072_max,PASS,ok,float,map_reduce,max,131072,1048576,trimodal,20131233,1,Map-reduce top-k end-to-end time (ms),214.295,Map-reduce top-k end-to-end time (ms),214.295,Map-reduce top-k algorithmic time (ms),199.22,14680064,exact,1048576,lower-bound
gpu,q20_k131072_max,PASS,ok,float,map_reduce,max,131072,1048576,adversarial,20131232,1,Map-reduce top-k end-to-end time (ms),213.07,Map-reduce top-k end-to-end time (ms),213.07,Map-reduce top-k algorithmic time (ms),198.687,14680064,exact,1048576,lower-bound
gpu,q20_k131072_max,PASS,ok,float,map_reduce,max,131072,1048576,adversarial,20131233,1,Map-reduce top-k end-to-end time (ms),212.382,Map-reduce top-k end-to-end time (ms),212.382,Map-reduce top-k algorithmic time (ms),198.784,14680064,exact,1048576,lower-bound
gpu,q20_k131072_max,PASS,ok,float,map_reduce,max,131072,1048576,sorted,20131232,1,Map-reduce top-k end-to-end time (ms),193.512,Map-reduce top-k end-to-end time (ms),193.512,Map-reduce top-k algorithmic time (ms),179.278,14680064,exact,1048576,lower-bound
gpu,q20_k131072_max,PASS,ok,float,map_reduce,max,131072,1048576,sorted,20131233,1,Map-reduce top-k end-to-end time (ms),193.957,Map-reduce top-k end-to-end time (ms),193.957,Map-reduce top-k algorithmic time (ms),179.291,14680064,exact,1048576,lower-bound
gpu,q20_k131072_max,PASS,ok,float,map_reduce,max,131072,1048576,reverse,20131232,1,Map-reduce top-k end-to-end time (ms),190.917,Map-reduce top-k end-to-end time (ms),190.917,Map-reduce top-k algorithmic time (ms),177.263,14680064,exact,1048576,lower-bound
gpu,q20_k131072_max,PASS,ok,float,map_reduce,max,131072,1048576,reverse,20131233,1,Map-reduce top-k end-to-end time (ms),191.608,Map-reduce top-k end-to-end time (ms),191.608,Map-reduce top-k algorithmic time (ms),177.233,14680064,exact,1048576,lower-bound
gpu,q21_k8_max,PASS,ok,float,map_reduce,max,8,2097152,uniform,21000171,1,Map-reduce top-k end-to-end time (ms),1.088,Map-reduce top-k end-to-end time (ms),1.088,Map-reduce top-k algorithmic time (ms),0.166,10949504,exact,2097152,lower-bound
gpu,q21_k8_max,PASS,ok,float,map_reduce,max,8,2097152,uniform,21000172,1,Map-reduce top-k end-to-end time (ms),1.041,Map-reduce top-k end-to-end time (ms),1.041,Map-reduce top-k algorithmic time (ms),0.134,10949504,exact,2097152,lower-bound
gpu,q21_k8_max,PASS,ok,float,map_reduce,max,8,2097152,trimodal,21000171,1,Map-reduce top-k end-to-end time (ms),1.04,Map-reduce top-k end-to-end time (ms),1.04,Map-reduce top-k algorithmic time (ms),0.134,10949504,exact,2097152,lower-bound
gpu,q21_k8_max,PASS,ok,float,map_reduce,max,8,2097152,trimodal,21000172,1,Map-reduce top-k end-to-end time (ms),1.11,Map-reduce top-k end-to-end time (ms),1.11,Map-reduce top-k algorithmic time (ms),0.199,10949504,exact,2097152,lower-bound
gpu,q21_k8_max,PASS,ok,float,map_reduce,max,8,2097152,adversarial,21000171,1,Map-reduce top-k end-to-end time (ms),1.194,Map-reduce top-k end-to-end time (ms),1.194,Map-reduce top-k algorithmic time (ms),0.28,10949504,exact,2097152,lower-bound
gpu,q21_k8_max,PASS,ok,float,map_reduce,max,8,2097152,adversarial,21000172,1,Map-reduce top-k end-to-end time (ms),1.052,Map-reduce top-k end-to-end time (ms),1.052,Map-reduce top-k algorithmic time (ms),0.14,10949504,exact,2097152,lower-bound
gpu,q21_k8_max,PASS,ok,float,map_reduce,max,8,2097152,sorted,21000171,1,Map-reduce top-k end-to-end time (ms),1.313,Map-reduce top-k end-to-end time (ms),1.313,Map-reduce top-k algorithmic time (ms),0.393,10949504,exact,2097152,lower-bound
gpu,q21_k8_max,PASS,ok,float,map_reduce,max,8,2097152,sorted,21000172,1,Map-reduce top-k end-to-end time (ms),1.188,Map-reduce top-k end-to-end time (ms),1.188,Map-reduce top-k algorithmic time (ms),0.275,10949504,exact,2097152,lower-bound
gpu,q21_k8_max,PASS,ok,float,map_reduce,max,8,2097152,reverse,21000171,1,Map-reduce top-k end-to-end time (ms),1,Map-reduce top-k end-to-end time (ms),1,Map-reduce top-k algorithmic time (ms),0.082,10949504,exact,2097152,lower-bound
gpu,q21_k8_max,PASS,ok,float,map_reduce,max,8,2097152,reverse,21000172,1,Map-reduce top-k end-to-end time (ms),0.972,Map-reduce top-k end-to-end time (ms),0.972,Map-reduce top-k algorithmic time (ms),0.065,10949504,exact,2097152,lower-bound
gpu,q21_k131072_max,PASS,ok,float,map_reduce,max,131072,2097152,uniform,21131235,1,Map-reduce top-k end-to-end time (ms),392.305,Map-reduce top-k end-to-end time (ms),392.305,Map-reduce top-k algorithmic time (ms),376.103,27262976,exact,2097152,lower-bound
gpu,q21_k131072_max,PASS,ok,float,map_reduce,max,131072,2097152,uniform,21131236,1,Map-reduce top-k end-to-end time (ms),391.538,Map-reduce top-k end-to-end time (ms),391.538,Map-reduce top-k algorithmic time (ms),376.16,27262976,exact,2097152,lower-bound
gpu,q21_k131072_max,PASS,ok,float,map_reduce,max,131072,2097152,trimodal,21131235,1,Map-reduce top-k end-to-end time (ms),393.344,Map-reduce top-k end-to-end time (ms),393.344,Map-reduce top-k algorithmic time (ms),376.9,27262976,exact,2097152,lower-bound
gpu,q21_k131072_max,PASS,ok,float,map_reduce,max,131072,2097152,trimodal,21131236,1,Map-reduce top-k end-to-end time (ms),390.905,Map-reduce top-k end-to-end time (ms),390.905,Map-reduce top-k algorithmic time (ms),376.079,27262976,exact,2097152,lower-bound
gpu,q21_k131072_max,PASS,ok,float,map_reduce,max,131072,2097152,adversarial,21131235,1,Map-reduce top-k end-to-end time (ms),392.516,Map-reduce top-k end-to-end time (ms),392.516,Map-reduce top-k algorithmic time (ms),376.129,27262976,exact,2097152,lower-bound
gpu,q21_k131072_max,PASS,ok,float,map_reduce,max,131072,2097152,adversarial,21131236,1,Map-reduce top-k end-to-end time (ms),390.098,Map-reduce top-k end-to-end time (ms),390.098,Map-reduce top-k algorithmic time (ms),374.829,27262976,exact,2097152,lower-bound
gpu,q21_k131072_max,PASS,ok,float,map_reduce,max,131072,2097152,sorted,21131235,1,Map-reduce top-k end-to-end time (ms),358.313,Map-reduce top-k end-to-end time (ms),358.313,Map-reduce top-k algorithmic time (ms),341.606,27262976,exact,2097152,lower-bound
gpu,q21_k131072_max,PASS,ok,float,map_reduce,max,131072,2097152,sorted,21131236,1,Map-reduce top-k end-to-end time (ms),357.699,Map-reduce top-k end-to-end time (ms),357.699,Map-reduce top-k algorithmic time (ms),341.495,27262976,exact,2097152,lower-bound
gpu,q21_k131072_max,PASS,ok,float,map_reduce,max,131072,2097152,reverse,21131235,1,Map-reduce top-k end-to-end time (ms),351.925,Map-reduce top-k end-to-end time (ms),351.925,Map-reduce top-k algorithmic time (ms),336.459,27262976,exact,2097152,lower-bound
gpu,q21_k131072_max,PASS,ok,float,map_reduce,max,131072,2097152,reverse,21131236,1,Map-reduce top-k end-to-end time (ms),350.955,Map-reduce top-k end-to-end time (ms),350.955,Map-reduce top-k algorithmic time (ms),336.895,27262976,exact,2097152,lower-bound
gpu,q22_k8_max,PASS,ok,float,map_reduce,max,8,4194304,uniform,22000174,1,Map-reduce top-k end-to-end time (ms),1.757,Map-reduce top-k end-to-end time (ms),1.757,Map-reduce top-k algorithmic time (ms),0.216,19338112,exact,4194304,lower-bound
gpu,q22_k8_max,PASS,ok,float,map_reduce,max,8,4194304,uniform,22000175,1,Map-reduce top-k end-to-end time (ms),1.739,Map-reduce top-k end-to-end time (ms),1.739,Map-reduce top-k algorithmic time (ms),0.205,19338112,exact,4194304,lower-bound
gpu,q22_k8_max,PASS,ok,float,map_reduce,max,8,4194304,trimodal,22000174,1,Map-reduce top-k end-to-end time (ms),1.76,Map-reduce top-k end-to-end time (ms),1.76,Map-reduce top-k algorithmic time (ms),0.214,19338112,exact,4194304,lower-bound
gpu,q22_k8_max,PASS,ok,float,map_reduce,max,8,4194304,trimodal,22000175,1,Map-reduce top-k end-to-end time (ms),1.886,Map-reduce top-k end-to-end time (ms),1.886,Map-reduce top-k algorithmic time (ms),0.353,19338112,exact,4194304,lower-bound
gpu,q22_k8_max,PASS,ok,float,map_reduce,max,8,4194304,adversarial,22000174,1,Map-reduce top-k end-to-end time (ms),1.767,Map-reduce top-k end-to-end time (ms),1.767,Map-reduce top-k algorithmic time (ms),0.22,19338112,exact,4194304,lower-bound
gpu,q22_k8_max,PASS,ok,float,map_reduce,max,8,4194304,adversarial,22000175,1,Map-reduce top-k end-to-end time (ms),1.735,Map-reduce top-k end-to-end time (ms),1.735,Map-reduce top-k algorithmic time (ms),0.205,19338112,exact,4194304,lower-bound
gpu,q22_k8_max,PASS,ok,float,map_reduce,max,8,4194304,sorted,22000174,1,Map-reduce top-k end-to-end time (ms),2.318,Map-reduce top-k end-to-end time (ms),2.318,Map-reduce top-k algorithmic time (ms),0.773,19338112,exact,4194304,lower-bound
gpu,q22_k8_max,PASS,ok,float,map_reduce,max,8,4194304,sorted,22000175,1,Map-reduce top-k end-to-end time (ms),2.409,Map-reduce top-k end-to-end time (ms),2.409,Map-reduce top-k algorithmic time (ms),0.855,19338112,exact,4194304,lower-bound
gpu,q22_k8_max,PASS,ok,float,map_reduce,max,8,4194304,reverse,22000174,1,Map-reduce top-k end-to-end time (ms),1.642,Map-reduce top-k end-to-end time (ms),1.642,Map-reduce top-k algorithmic time (ms),0.102,19338112,exact,4194304,lower-bound
gpu,q22_k8_max,PASS,ok,float,map_reduce,max,8,4194304,reverse,22000175,1,Map-reduce top-k end-to-end time (ms),1.637,Map-reduce top-k end-to-end time (ms),1.637,Map-reduce top-k algorithmic time (ms),0.103,19338112,exact,4194304,lower-bound
gpu,q22_k131072_max,PASS,ok,float,map_reduce,max,131072,4194304,uniform,22131238,1,Map-reduce top-k end-to-end time (ms),588.947,Map-reduce top-k end-to-end time (ms),588.947,Map-reduce top-k algorithmic time (ms),572.151,52428800,exact,4194304,lower-bound
gpu,q22_k131072_max,PASS,ok,float,map_reduce,max,131072,4194304,uniform,22131239,1,Map-reduce top-k end-to-end time (ms),588.229,Map-reduce top-k end-to-end time (ms),588.229,Map-reduce top-k algorithmic time (ms),571.817,52428800,exact,4194304,lower-bound
gpu,q22_k131072_max,PASS,ok,float,map_reduce,max,131072,4194304,trimodal,22131238,1,Map-reduce top-k end-to-end time (ms),588.218,Map-reduce top-k end-to-end time (ms),588.218,Map-reduce top-k algorithmic time (ms),571.869,52428800,exact,4194304,lower-bound
gpu,q22_k131072_max,PASS,ok,float,map_reduce,max,131072,4194304,trimodal,22131239,1,Map-reduce top-k end-to-end time (ms),586.965,Map-reduce top-k end-to-end time (ms),586.965,Map-reduce top-k algorithmic time (ms),571.539,52428800,exact,4194304,lower-bound
gpu,q22_k131072_max,PASS,ok,float,map_reduce,max,131072,4194304,adversarial,22131238,1,Map-reduce top-k end-to-end time (ms),587.799,Map-reduce top-k end-to-end time (ms),587.799,Map-reduce top-k algorithmic time (ms),570.153,52428800,exact,4194304,lower-bound
gpu,q22_k131072_max,PASS,ok,float,map_reduce,max,131072,4194304,adversarial,22131239,1,Map-reduce top-k end-to-end time (ms),588.149,Map-reduce top-k end-to-end time (ms),588.149,Map-reduce top-k algorithmic time (ms),572.525,52428800,exact,4194304,lower-bound
gpu,q22_k131072_max,PASS,ok,float,map_reduce,max,131072,4194304,sorted,22131238,1,Map-reduce top-k end-to-end time (ms),548.261,Map-reduce top-k end-to-end time (ms),548.261,Map-reduce top-k algorithmic time (ms),531.343,52428800,exact,4194304,lower-bound
gpu,q22_k131072_max,PASS,ok,float,map_reduce,max,131072,4194304,sorted,22131239,1,Map-reduce top-k end-to-end time (ms),548.075,Map-reduce top-k end-to-end time (ms),548.075,Map-reduce top-k algorithmic time (ms),531.44,52428800,exact,4194304,lower-bound
gpu,q22_k131072_max,PASS,ok,float,map_reduce,max,131072,4194304,reverse,22131238,1,Map-reduce top-k end-to-end time (ms),537.048,Map-reduce top-k end-to-end time (ms),537.048,Map-reduce top-k algorithmic time (ms),521.724,52428800,exact,4194304,lower-bound
gpu,q22_k131072_max,PASS,ok,float,map_reduce,max,131072,4194304,reverse,22131239,1,Map-reduce top-k end-to-end time (ms),538.802,Map-reduce top-k end-to-end time (ms),538.802,Map-reduce top-k algorithmic time (ms),521.741,52428800,exact,4194304,lower-bound
gpu,q23_k8_max,PASS,ok,float,map_reduce,max,8,8388608,uniform,23000177,1,Map-reduce top-k end-to-end time (ms),3.025,Map-reduce top-k end-to-end time (ms),3.025,Map-reduce top-k algorithmic time (ms),0.292,36115328,exact,8388608,lower-bound
gpu,q23_k8_max,PASS,ok,float,map_reduce,max,8,8388608,uniform,23000178,1,Map-reduce top-k end-to-end time (ms),3.008,Map-reduce top-k end-to-end time (ms),3.008,Map-reduce top-k algorithmic time (ms),0.285,36115328,exact,8388608,lower-bound
gpu,q23_k8_max,PASS,ok,float,map_reduce,max,8,8388608,trimodal,23000177,1,Map-reduce top-k end-to-end time (ms),3.138,Map-reduce top-k end-to-end time (ms),3.138,Map-reduce top-k algorithmic time (ms),0.387,36115328,exact,8388608,lower-bound
gpu,q23_k8_max,PASS,ok,float,map_reduce,max,8,8388608,trimodal,23000178,1,Map-reduce top-k end-to-end time (ms),3.335,Map-reduce top-k end-to-end time (ms),3.335,Map-reduce top-k algorithmic time (ms),0.586,36115328,exact,8388608,lower-bound
gpu,q23_k8_max,PASS,ok,float,map_reduce,max,8,8388608,adversarial,23000177,1,Map-reduce top-k end-to-end time (ms),3.046,Map-reduce top-k end-to-end time (ms),3.046,Map-reduce top-k algorithmic time (ms),0.303,36115328,exact,8388608,lower-bound
gpu,q23_k8_max,PASS,ok,float,map_reduce,max,8,8388608,adversarial,23000178,1,Map-reduce top-k end-to-end time (ms),3.269,Map-reduce top-k end-to-end time (ms),3.269,Map-reduce top-k algorithmic time (ms),0.514,36115328,exact,8388608,lower-bound
gpu,q23_k8_max,PASS,ok,float,map_reduce,max,8,8388608,sorted,23000177,1,Map-reduce top-k end-to-end time (ms),3.716,Map-reduce top-k end-to-end time (ms),3.716,Map-reduce top-k algorithmic time (ms),0.978,36115328,exact,8388608,lower-bound
gpu,q23_k8_max,PASS,ok,float,map_reduce,max,8,8388608,sorted,23000178,1,Map-reduce top-k end-to-end time (ms),4.254,Map-reduce top-k end-to-end time (ms),4.254,Map-reduce top-k algorithmic time (ms),1.496,36115328,exact,8388608,lower-bound
gpu,q23_k8_max,PASS,ok,float,map_reduce,max,8,8388608,reverse,23000177,1,Map-reduce top-k end-to-end time (ms),3.11,Map-reduce top-k end-to-end time (ms),3.11,Map-reduce top-k algorithmic time (ms),0.377,36115328,exact,8388608,lower-bound
gpu,q23_k8_max,PASS,ok,float,map_reduce,max,8,8388608,reverse,23000178,1,Map-reduce top-k end-to-end time (ms),2.882,Map-reduce top-k end-to-end time (ms),2.882,Map-reduce top-k algorithmic time (ms),0.143,36115328,exact,8388608,lower-bound
gpu,q23_k131072_max,PASS,ok,float,map_reduce,max,131072,8388608,uniform,23131241,1,Map-reduce top-k end-to-end time (ms),853.338,Map-reduce top-k end-to-end time (ms),853.338,Map-reduce top-k algorithmic time (ms),836.352,102760448,exact,8388608,lower-bound
gpu,q23_k131072_max,PASS,ok,float,map_reduce,max,131072,8388608,uniform,23131242,1,Map-reduce top-k end-to-end time (ms),854.112,Map-reduce top-k end-to-end time (ms),854.112,Map-reduce top-k algorithmic time (ms),836.82,102760448,exact,8388608,lower-bound
gpu,q23_k131072_max,PASS,ok,float,map_reduce,max,131072,8388608,trimodal,23131241,1,Map-reduce top-k end-to-end time (ms),856.399,Map-reduce top-k end-to-end time (ms),856.399,Map-reduce top-k algorithmic time (ms),839.767,102760448,exact,8388608,lower-bound
gpu,q23_k131072_max,PASS,ok,float,map_reduce,max,131072,8388608,trimodal,23131242,1,Map-reduce top-k end-to-end time (ms),856.248,Map-reduce top-k end-to-end time (ms),856.248,Map-reduce top-k algorithmic time (ms),838.196,102760448,exact,8388608,lower-bound
gpu,q23_k131072_max,PASS,ok,float,map_reduce,max,131072,8388608,adversarial,23131241,1,Map-reduce top-k end-to-end time (ms),854.14,Map-reduce top-k end-to-end time (ms),854.14,Map-reduce top-k algorithmic time (ms),836.805,102760448,exact,8388608,lower-bound
gpu,q23_k131072_max,PASS,ok,float,map_reduce,max,131072,8388608,adversarial,23131242,1,Map-reduce top-k end-to-end time (ms),854.773,Map-reduce top-k end-to-end time (ms),854.773,Map-reduce top-k algorithmic time (ms),837.743,102760448,exact,8388608,lower-bound
gpu,q23_k131072_max,PASS,ok,float,map_reduce,max,131072,8388608,sorted,23131241,1,Map-reduce top-k end-to-end time (ms),809.121,Map-reduce top-k end-to-end time (ms),809.121,Map-reduce top-k algorithmic time (ms),791.692,102760448,exact,8388608,lower-bound
gpu,q23_k131072_max,PASS,ok,float,map_reduce,max,131072,8388608,sorted,23131242,1,Map-reduce top-k end-to-end time (ms),809.847,Map-reduce top-k end-to-end time (ms),809.847,Map-reduce top-k algorithmic time (ms),791.731,102760448,exact,8388608,lower-bound
gpu,q23_k131072_max,PASS,ok,float,map_reduce,max,131072,8388608,reverse,23131241,1,Map-reduce top-k end-to-end time (ms),792.879,Map-reduce top-k end-to-end time (ms),792.879,Map-reduce top-k algorithmic time (ms),774.155,102760448,exact,8388608,lower-bound
gpu,q23_k131072_max,PASS,ok,float,map_reduce,max,131072,8388608,reverse,23131242,1,Map-reduce top-k end-to-end time (ms),791.947,Map-reduce top-k end-to-end time (ms),791.947,Map-reduce top-k algorithmic time (ms),774.854,102760448,exact,8388608,lower-bound
gpu,q24_k8_max,PASS,ok,float,map_reduce,max,8,16777216,uniform,24000180,1,Map-reduce top-k end-to-end time (ms),5.74,Map-reduce top-k end-to-end time (ms),5.74,Map-reduce top-k algorithmic time (ms),0.454,69669760,exact,16777216,lower-bound
gpu,q24_k8_max,PASS,ok,float,map_reduce,max,8,16777216,uniform,24000181,1,Map-reduce top-k end-to-end time (ms),6.035,Map-reduce top-k end-to-end time (ms),6.035,Map-reduce top-k algorithmic time (ms),0.547,69669760,exact,16777216,lower-bound
gpu,q24_k8_max,PASS,ok,float,map_reduce,max,8,16777216,trimodal,24000180,1,Map-reduce top-k end-to-end time (ms),6.052,Map-reduce top-k end-to-end time (ms),6.052,Map-reduce top-k algorithmic time (ms),0.681,69669760,exact,16777216,lower-bound
gpu,q24_k8_max,PASS,ok,float,map_reduce,max,8,16777216,trimodal,24000181,1,Map-reduce top-k end-to-end time (ms),5.755,Map-reduce top-k end-to-end time (ms),5.755,Map-reduce top-k algorithmic time (ms),0.433,69669760,exact,16777216,lower-bound
gpu,q24_k8_max,PASS,ok,float,map_reduce,max,8,16777216,adversarial,24000180,1,Map-reduce top-k end-to-end time (ms),6.055,Map-reduce top-k end-to-end time (ms),6.055,Map-reduce top-k algorithmic time (ms),0.736,69669760,exact,16777216,lower-bound
gpu,q24_k8_max,PASS,ok,float,map_reduce,max,8,16777216,adversarial,24000181,1,Map-reduce top-k end-to-end time (ms),5.807,Map-reduce top-k end-to-end time (ms),5.807,Map-reduce top-k algorithmic time (ms),0.547,69669760,exact,16777216,lower-bound
gpu,q24_k8_max,PASS,ok,float,map_reduce,max,8,16777216,sorted,24000180,1,Map-reduce top-k end-to-end time (ms),7.692,Map-reduce top-k end-to-end time (ms),7.692,Map-reduce top-k algorithmic time (ms),2.353,69669760,exact,16777216,lower-bound
gpu,q24_k8_max,PASS,ok,float,map_reduce,max,8,16777216,sorted,24000181,1,Map-reduce top-k end-to-end time (ms),7.198,Map-reduce top-k end-to-end time (ms),7.198,Map-reduce top-k algorithmic time (ms),1.881,69669760,exact,16777216,lower-bound
gpu,q24_k8_max,PASS,ok,float,map_reduce,max,8,16777216,reverse,24000180,1,Map-reduce top-k end-to-end time (ms),5.639,Map-reduce top-k end-to-end time (ms),5.639,Map-reduce top-k algorithmic time (ms),0.383,69669760,exact,16777216,lower-bound
gpu,q24_k8_max,PASS,ok,float,map_reduce,max,8,16777216,reverse,24000181,1,Map-reduce top-k end-to-end time (ms),5.653,Map-reduce top-k end-to-end time (ms),5.653,Map-reduce top-k algorithmic time (ms),0.394,69669760,exact,16777216,lower-bound
gpu,q24_k131072_max,PASS,ok,float,map_reduce,max,131072,16777216,uniform,24131244,1,Map-reduce top-k end-to-end time (ms),1212.643,Map-reduce top-k end-to-end time (ms),1212.643,Map-reduce top-k algorithmic time (ms),1191.559,203423744,exact,16777216,lower-bound
gpu,q24_k131072_max,PASS,ok,float,map_reduce,max,131072,16777216,uniform,24131245,1,Map-reduce top-k end-to-end time (ms),1211.954,Map-reduce top-k end-to-end time (ms),1211.954,Map-reduce top-k algorithmic time (ms),1192.009,203423744,exact,16777216,lower-bound
gpu,q24_k131072_max,PASS,ok,float,map_reduce,max,131072,16777216,trimodal,24131244,1,Map-reduce top-k end-to-end time (ms),1215.321,Map-reduce top-k end-to-end time (ms),1215.321,Map-reduce top-k algorithmic time (ms),1193.648,203423744,exact,16777216,lower-bound
gpu,q24_k131072_max,PASS,ok,float,map_reduce,max,131072,16777216,trimodal,24131245,1,Map-reduce top-k end-to-end time (ms),1214.157,Map-reduce top-k end-to-end time (ms),1214.157,Map-reduce top-k algorithmic time (ms),1193.424,203423744,exact,16777216,lower-bound
gpu,q24_k131072_max,PASS,ok,float,map_reduce,max,131072,16777216,adversarial,24131244,1,Map-reduce top-k end-to-end time (ms),1213.976,Map-reduce top-k end-to-end time (ms),1213.976,Map-reduce top-k algorithmic time (ms),1193.735,203423744,exact,16777216,lower-bound
gpu,q24_k131072_max,PASS,ok,float,map_reduce,max,131072,16777216,adversarial,24131245,1,Map-reduce top-k end-to-end time (ms),1212.168,Map-reduce top-k end-to-end time (ms),1212.168,Map-reduce top-k algorithmic time (ms),1192.387,203423744,exact,16777216,lower-bound
gpu,q24_k131072_max,PASS,ok,float,map_reduce,max,131072,16777216,sorted,24131244,1,Map-reduce top-k end-to-end time (ms),1159.778,Map-reduce top-k end-to-end time (ms),1159.778,Map-reduce top-k algorithmic time (ms),1139.313,203423744,exact,16777216,lower-bound
gpu,q24_k131072_max,PASS,ok,float,map_reduce,max,131072,16777216,sorted,24131245,1,Map-reduce top-k end-to-end time (ms),1162.261,Map-reduce top-k end-to-end time (ms),1162.261,Map-reduce top-k algorithmic time (ms),1141.474,203423744,exact,16777216,lower-bound
gpu,q24_k131072_max,PASS,ok,float,map_reduce,max,131072,16777216,reverse,24131244,1,Map-reduce top-k end-to-end time (ms),1128.77,Map-reduce top-k end-to-end time (ms),1128.77,Map-reduce top-k algorithmic time (ms),1108.811,203423744,exact,16777216,lower-bound
gpu,q24_k131072_max,PASS,ok,float,map_reduce,max,131072,16777216,reverse,24131245,1,Map-reduce top-k end-to-end time (ms),1129.269,Map-reduce top-k end-to-end time (ms),1129.269,Map-reduce top-k algorithmic time (ms),1108.713,203423744,exact,16777216,lower-bound
gpu,q20_k8_max,PASS,ok,float,gt,max,8,1048576,uniform,20000168,1,Ground truth end-to-end time (ms),0.764,Ground truth end-to-end time (ms),0.764,Ground truth algorithmic time (ms),0.115,4194336,lower-bound,1048576,lower-bound
gpu,q20_k8_max,PASS,ok,float,gt,max,8,1048576,uniform,20000169,1,Ground truth end-to-end time (ms),0.748,Ground truth end-to-end time (ms),0.748,Ground truth algorithmic time (ms),0.11,4194336,lower-bound,1048576,lower-bound
gpu,q20_k8_max,PASS,ok,float,gt,max,8,1048576,trimodal,20000168,1,Ground truth end-to-end time (ms),0.795,Ground truth end-to-end time (ms),0.795,Ground truth algorithmic time (ms),0.149,4194336,lower-bound,1048576,lower-bound
gpu,q20_k8_max,PASS,ok,float,gt,max,8,1048576,trimodal,20000169,1,Ground truth end-to-end time (ms),0.8,Ground truth end-to-end time (ms),0.8,Ground truth algorithmic time (ms),0.15,4194336,lower-bound,1048576,lower-bound
gpu,q20_k8_max,PASS,ok,float,gt,max,8,1048576,adversarial,20000168,1,Ground truth end-to-end time (ms),0.905,Ground truth end-to-end time (ms),0.905,Ground truth algorithmic time (ms),0.249,4194336,lower-bound,1048576,lower-bound
gpu,q20_k8_max,PASS,ok,float,gt,max,8,1048576,adversarial,20000169,1,Ground truth end-to-end time (ms),0.993,Ground truth end-to-end time (ms),0.993,Ground truth algorithmic time (ms),0.33,4194336,lower-bound,1048576,lower-bound
gpu,q20_k8_max,PASS,ok,float,gt,max,8,1048576,sorted,20000168,1,Ground truth end-to-end time (ms),1.326,Ground truth end-to-end time (ms),1.326,Ground truth algorithmic time (ms),0.664,4194336,lower-bound,1048576,lower-bound
gpu,q20_k8_max,PASS,ok,float,gt,max,8,1048576,sorted,20000169,1,Ground truth end-to-end time (ms),1.203,Ground truth end-to-end time (ms),1.203,Ground truth algorithmic time (ms),0.539,4194336,lower-bound,1048576,lower-bound
gpu,q20_k8_max,PASS,ok,float,gt,max,8,1048576,reverse,20000168,1,Ground truth end-to-end time (ms),1.205,Ground truth end-to-end time (ms),1.205,Ground truth algorithmic time (ms),0.534,4194336,lower-bound,1048576,lower-bound
gpu,q20_k8_max,PASS,ok,float,gt,max,8,1048576,reverse,20000169,1,Ground truth end-to-end time (ms),1.205,Ground truth end-to-end time (ms),1.205,Ground truth algorithmic time (ms),0.53,4194336,lower-bound,1048576,lower-bound
gpu,q20_k131072_max,PASS,ok,float,gt,max,131072,1048576,uniform,20131232,1,Ground truth end-to-end time (ms),10.178,Ground truth end-to-end time (ms),10.178,Ground truth algorithmic time (ms),0.352,4718592,lower-bound,1048576,lower-bound
gpu,q20_k131072_max,PASS,ok,float,gt,max,131072,1048576,uniform,20131233,1,Ground truth end-to-end time (ms),9.869,Ground truth end-to-end time (ms),9.869,Ground truth algorithmic time (ms),0.162,4718592,lower-bound,1048576,lower-bound
gpu,q20_k131072_max,PASS,ok,float,gt,max,131072,1048576,trimodal,20131232,1,Ground truth end-to-end time (ms),10.128,Ground truth end-to-end time (ms),10.128,Ground truth algorithmic time (ms),0.317,4718592,lower-bound,1048576,lower-bound
gpu,q20_k131072_max,PASS,ok,float,gt,max,131072,1048576,trimodal,20131233,1,Ground truth end-to-end time (ms),10.251,Ground truth end-to-end time (ms),10.251,Ground truth algorithmic time (ms),0.4,4718592,lower-bound,1048576,lower-bound
gpu,q20_k131072_max,PASS,ok,float,gt,max,131072,1048576,adversarial,20131232,1,Ground truth end-to-end time (ms),10.084,Ground truth end-to-end time (ms),10.084,Ground truth algorithmic time (ms),0.268,4718592,lower-bound,1048576,lower-bound
gpu,q20_k131072_max,PASS,ok,float,gt,max,131072,1048576,adversarial,20131233,1,Ground truth end-to-end time (ms),9.911,Ground truth end-to-end time (ms),9.911,Ground truth algorithmic time (ms),0.208,4718592,lower-bound,1048576,lower-bound
gpu,q20_k131072_max,PASS,ok,float,gt,max,131072,1048576,sorted,20131232,1,Ground truth end-to-end time (ms),5.866,Ground truth end-to-end time (ms),5.866,Ground truth algorithmic time (ms),0.86,4718592,lower-bound,1048576,lower-bound
gpu,q20_k131072_max,PASS,ok,float,gt,max,131072,1048576,sorted,20131233,1,Ground truth end-to-end time (ms),5.964,Ground truth end-to-end time (ms),5.964,Ground truth algorithmic time (ms),0.968,4718592,lower-bound,1048576,lower-bound
gpu,q20_k131072_max,PASS,ok,float,gt,max,131072,1048576,reverse,20131232,1,Ground truth end-to-end time (ms),6.16,Ground truth end-to-end time (ms),6.16,Ground truth algorithmic time (ms),1.079,4718592,lower-bound,1048576,lower-bound
gpu,q20_k131072_max,PASS,ok,float,gt,max,131072,1048576,reverse,20131233,1,Ground truth end-to-end time (ms),6.158,Ground truth end-to-end time (ms),6.158,Ground truth algorithmic time (ms),1.078,4718592,lower-bound,1048576,lower-bound
gpu,q21_k8_max,PASS,ok,float,gt,max,8,2097152,uniform,21000171,1,Ground truth end-to-end time (ms),1.197,Ground truth end-to-end time (ms),1.197,Ground truth algorithmic time (ms),0.224,8388640,lower-bound,2097152,lower-bound
gpu,q21_k8_max,PASS,ok,float,gt,max,8,2097152,uniform,21000172,1,Ground truth end-to-end time (ms),1.213,Ground truth end-to-end time (ms),1.213,Ground truth algorithmic time (ms),0.228,8388640,lower-bound,2097152,lower-bound
gpu,q21_k8_max,PASS,ok,float,gt,max,8,2097152,trimodal,21000171,1,Ground truth end-to-end time (ms),1.274,Ground truth end-to-end time (ms),1.274,Ground truth algorithmic time (ms),0.299,8388640,lower-bound,2097152,lower-bound
gpu,q21_k8_max,PASS,ok,float,gt,max,8,2097152,trimodal,21000172,1,Ground truth end-to-end time (ms),1.258,Ground truth end-to-end time (ms),1.258,Ground truth algorithmic time (ms),0.291,8388640,lower-bound,2097152,lower-bound
gpu,q21_k8_max,PASS,ok,float,gt,max,8,2097152,adversarial,21000171,1,Ground truth end-to-end time (ms),1.274,Ground truth end-to-end time (ms),1.274,Ground truth algorithmic time (ms),0.285,8388640,lower-bound,2097152,lower-bound
gpu,q21_k8_max,PASS,ok,float,gt,max,8,2097152,adversarial,21000172,1,Ground truth end-to-end time (ms),1.54,Ground truth end-to-end time (ms),1.54,Ground truth algorithmic time (ms),0.518,8388640,lower-bound,2097152,lower-bound
gpu,q21_k8_max,PASS,ok,float,gt,max,8,2097152,sorted,21000171,1,Ground truth end-to-end time (ms),2.33,Ground truth end-to-end time (ms),2.33,Ground truth algorithmic time (ms),1.27,8388640,lower-bound,2097152,lower-bound
gpu,q21_k8_max,PASS,ok,float,gt,max,8,2097152,sorted,21000172,1,Ground truth end-to-end time (ms),2.106,Ground truth end-to-end time (ms),2.106,Ground truth algorithmic time (ms),1.066,8388640,lower-bound,2097152,lower-bound
gpu,q21_k8_max,PASS,ok,float,gt,max,8,2097152,reverse,21000171,1,Ground truth end-to-end time (ms),2.1,Ground truth end-to-end time (ms),2.1,Ground truth algorithmic time (ms),1.063,8388640,lower-bound,2097152,lower-bound
gpu,q21_k8_max,PASS,ok,float,gt,max,8,2097152,reverse,21000172,1,Ground truth end-to-end time (ms),2.092,Ground truth end-to-end time (ms),2.092,Ground truth algorithmic time (ms),1.056,8388640,lower-bound,2097152,lower-bound
gpu,q21_k131072_max,PASS,ok,float,gt,max,131072,2097152,uniform,21131235,1,Ground truth end-to-end time (ms),10.35,Ground truth end-to-end time (ms),10.35,Ground truth algorithmic time (ms),0.268,8912896,lower-bound,2097152,lower-bound
gpu,q21_k131072_max,PASS,ok,float,gt,max,131072,2097152,uniform,21131236,1,Ground truth end-to-end time (ms),10.576,Ground truth end-to-end time (ms),10.576,Ground truth algorithmic time (ms),0.484,8912896,lower-bound,2097152,lower-bound
gpu,q21_k131072_max,PASS,ok,float,gt,max,131072,2097152,trimodal,21131235,1,Ground truth end-to-end time (ms),10.927,Ground truth end-to-end time (ms),10.927,Ground truth algorithmic time (ms),0.726,8912896,lower-bound,2097152,lower-bound
gpu,q21_k131072_max,PASS,ok,float,gt,max,131072,2097152,trimodal,21131236,1,Ground truth end-to-end time (ms),10.855,Ground truth end-to-end time (ms),10.855,Ground truth algorithmic time (ms),0.641,8912896,lower-bound,2097152,lower-bound
gpu,q21_k131072_max,PASS,ok,float,gt,max,131072,2097152,adversarial,21131235,1,Ground truth end-to-end time (ms),10.748,Ground truth end-to-end time (ms),10.748,Ground truth algorithmic time (ms),0.615,8912896,lower-bound,2097152,lower-bound
gpu,q21_k131072_max,PASS,ok,float,gt,max,131072,2097152,adversarial,21131236,1,Ground truth end-to-end time (ms),10.714,Ground truth end-to-end time (ms),10.714,Ground truth algorithmic time (ms),0.561,8912896,lower-bound,2097152,lower-bound
gpu,q21_k131072_max,PASS,ok,float,gt,max,131072,2097152,sorted,21131235,1,Ground truth end-to-end time (ms),6.771,Ground truth end-to-end time (ms),6.771,Ground truth algorithmic time (ms),1.35,8912896,lower-bound,2097152,lower-bound
gpu,q21_k131072_max,PASS,ok,float,gt,max,131072,2097152,sorted,21131236,1,Ground truth end-to-end time (ms),6.491,Ground truth end-to-end time (ms),6.491,Ground truth algorithmic time (ms),1.083,8912896,lower-bound,2097152,lower-bound
gpu,q21_k131072_max,PASS,ok,float,gt,max,131072,2097152,reverse,21131235,1,Ground truth end-to-end time (ms),6.632,Ground truth end-to-end time (ms),6.632,Ground truth algorithmic time (ms),1.167,8912896,lower-bound,2097152,lower-bound
gpu,q21_k131072_max,PASS,ok,float,gt,max,131072,2097152,reverse,21131236,1,Ground truth end-to-end time (ms),6.51,Ground truth end-to-end time (ms),6.51,Ground truth algorithmic time (ms),1.078,8912896,lower-bound,2097152,lower-bound
gpu,q22_k8_max,PASS,ok,float,gt,max,8,4194304,uniform,22000174,1,Ground truth end-to-end time (ms),1.991,Ground truth end-to-end time (ms),1.991,Ground truth algorithmic time (ms),0.405,16777248,lower-bound,4194304,lower-bound
gpu,q22_k8_max,PASS,ok,float,gt,max,8,4194304,uniform,22000175,1,Ground truth end-to-end time (ms),2.399,Ground truth end-to-end time (ms),2.399,Ground truth algorithmic time (ms),0.749,16777248,lower-bound,4194304,lower-bound
gpu,q22_k8_max,PASS,ok,float,gt,max,8,4194304,trimodal,22000174,1,Ground truth end-to-end time (ms),2.145,Ground truth end-to-end time (ms),2.145,Ground truth algorithmic time (ms),0.537,16777248,lower-bound,4194304,lower-bound
gpu,q22_k8_max,PASS,ok,float,gt,max,8,4194304,trimodal,22000175,1,Ground truth end-to-end time (ms),2.497,Ground truth end-to-end time (ms),2.497,Ground truth algorithmic time (ms),0.849,16777248,lower-bound,4194304,lower-bound
gpu,q22_k8_max,PASS,ok,float,gt,max,8,4194304,adversarial,22000174,1,Ground truth end-to-end time (ms),1.969,Ground truth end-to-end time (ms),1.969,Ground truth algorithmic time (ms),0.381,16777248,lower-bound,4194304,lower-bound
gpu,q22_k8_max,PASS,ok,float,gt,max,8,4194304,adversarial,22000175,1,Ground truth end-to-end time (ms),1.961,Ground truth end-to-end time (ms),1.961,Ground truth algorithmic time (ms),0.384,16777248,lower-bound,4194304,lower-bound
gpu,q22_k8_max,PASS,ok,float,gt,max,8,4194304,sorted,22000174,1,Ground truth end-to-end time (ms),3.979,Ground truth end-to-end time (ms),3.979,Ground truth algorithmic time (ms),2.253,16777248,lower-bound,4194304,lower-bound
gpu,q22_k8_max,PASS,ok,float,gt,max,8,4194304,sorted,22000175,1,Ground truth end-to-end time (ms),3.801,Ground truth end-to-end time (ms),3.801,Ground truth algorithmic time (ms),2.076,16777248,lower-bound,4194304,lower-bound
gpu,q22_k8_max,PASS,ok,float,gt,max,8,4194304,reverse,22000174,1,Ground truth end-to-end time (ms),4.167,Ground truth end-to-end time (ms),4.167,Ground truth algorithmic time (ms),2.419,16777248,lower-bound,4194304,lower-bound
gpu,q22_k8_max,PASS,ok,float,gt,max,8,4194304,reverse,22000175,1,Ground truth end-to-end time (ms),4.078,Ground truth end-to-end time (ms),4.078,Ground truth algorithmic time (ms),2.328,16777248,lower-bound,4194304,lower-bound
gpu,q22_k131072_max,PASS,ok,float,gt,max,131072,4194304,uniform,22131238,1,Ground truth end-to-end time (ms),11.249,Ground truth end-to-end time (ms),11.249,Ground truth algorithmic time (ms),0.449,17301504,lower-bound,4194304,lower-bound
gpu,q22_k131072_max,PASS,ok,float,gt,max,131072,4194304,uniform,22131239,1,Ground truth end-to-end time (ms),11.719,Ground truth end-to-end time (ms),11.719,Ground truth algorithmic time (ms),0.751,17301504,lower-bound,4194304,lower-bound
gpu,q22_k131072_max,PASS,ok,float,gt,max,131072,4194304,trimodal,22131238,1,Ground truth end-to-end time (ms),11.762,Ground truth end-to-end time (ms),11.762,Ground truth algorithmic time (ms),0.857,17301504,lower-bound,4194304,lower-bound
gpu,q22_k131072_max,PASS,ok,float,gt,max,131072,4194304,trimodal,22131239,1,Ground truth end-to-end time (ms),12.106,Ground truth end-to-end time (ms),12.106,Ground truth algorithmic time (ms),1.158,17301504,lower-bound,4194304,lower-bound
gpu,q22_k131072_max,PASS,ok,float,gt,max,131072,4194304,adversarial,22131238,1,Ground truth end-to-end time (ms),11.703,Ground truth end-to-end time (ms),11.703,Ground truth algorithmic time (ms),0.777,17301504,lower-bound,4194304,lower-bound
gpu,q22_k131072_max,PASS,ok,float,gt,max,131072,4194304,adversarial,22131239,1,Ground truth end-to-end time (ms),11.817,Ground truth end-to-end time (ms),11.817,Ground truth algorithmic time (ms),0.846,17301504,lower-bound,4194304,lower-bound
gpu,q22_k131072_max,PASS,ok,float,gt,max,131072,4194304,sorted,22131238,1,Ground truth end-to-end time (ms),8.348,Ground truth end-to-end time (ms),8.348,Ground truth algorithmic time (ms),2.282,17301504,lower-bound,4194304,lower-bound
gpu,q22_k131072_max,PASS,ok,float,gt,max,131072,4194304,sorted,22131239,1,Ground truth end-to-end time (ms),8.113,Ground truth end-to-end time (ms),8.113,Ground truth algorithmic time (ms),2.069,17301504,lower-bound,4194304,lower-bound
gpu,q22_k131072_max,PASS,ok,float,gt,max,131072,4194304,reverse,22131238,1,Ground truth end-to-end time (ms),8.237,Ground truth end-to-end time (ms),8.237,Ground truth algorithmic time (ms),2.072,17301504,lower-bound,4194304,lower-bound
gpu,q22_k131072_max,PASS,ok,float,gt,max,131072,4194304,reverse,22131239,1,Ground truth end-to-end time (ms),8.648,Ground truth end-to-end time (ms),8.648,Ground truth algorithmic time (ms),2.458,17301504,lower-bound,4194304,lower-bound
gpu,q23_k8_max,PASS,ok,float,gt,max,8,8388608,uniform,23000177,1,Ground truth end-to-end time (ms),3.879,Ground truth end-to-end time (ms),3.879,Ground truth algorithmic time (ms),0.78,33554464,lower-bound,8388608,lower-bound
gpu,q23_k8_max,PASS,ok,float,gt,max,8,8388608,uniform,23000178,1,Ground truth end-to-end time (ms),3.924,Ground truth end-to-end time (ms),3.924,Ground truth algorithmic time (ms),0.88,33554464,lower-bound,8388608,lower-bound
gpu,q23_k8_max,PASS,ok,float,gt,max,8,8388608,trimodal,23000177,1,Ground truth end-to-end time (ms),4.366,Ground truth end-to-end time (ms),4.366,Ground truth algorithmic time (ms),1.184,33554464,lower-bound,8388608,lower-bound
gpu,q23_k8_max,PASS,ok,float,gt,max,8,8388608,trimodal,23000178,1,Ground truth end-to-end time (ms),4.24,Ground truth end-to-end time (ms),4.24,Ground truth algorithmic time (ms),1.034,33554464,lower-bound,8388608,lower-bound
gpu,q23_k8_max,PASS,ok,float,gt,max,8,8388608,adversarial,23000177,1,Ground truth end-to-end time (ms),4.049,Ground truth end-to-end time (ms),4.049,Ground truth algorithmic time (ms),0.881,33554464,lower-bound,8388608,lower-bound
gpu,q23_k8_max,PASS,ok,float,gt,max,8,8388608,adversarial,23000178,1,Ground truth end-to-end time (ms),4.152,Ground truth end-to-end time (ms),4.152,Ground truth algorithmic time (ms),0.943,33554464,lower-bound,8388608,lower-bound
gpu,q23_k8_max,PASS,ok,float,gt,max,8,8388608,sorted,23000177,1,Ground truth end-to-end time (ms),7.532,Ground truth end-to-end time (ms),7.532,Ground truth algorithmic time (ms),4.211,33554464,lower-bound,8388608,lower-bound
gpu,q23_k8_max,PASS,ok,float,gt,max,8,8388608,sorted,23000178,1,Ground truth end-to-end time (ms),7.423,Ground truth end-to-end time (ms),7.423,Ground truth algorithmic time (ms),4.126,33554464,lower-bound,8388608,lower-bound
gpu,q23_k8_max,PASS,ok,float,gt,max,8,8388608,reverse,23000177,1,Ground truth end-to-end time (ms),7.432,Ground truth end-to-end time (ms),7.432,Ground truth algorithmic time (ms),4.118,33554464,lower-bound,8388608,lower-bound
gpu,q23_k8_max,PASS,ok,float,gt,max,8,8388608,reverse,23000178,1,Ground truth end-to-end time (ms),7.406,Ground truth end-to-end time (ms),7.406,Ground truth algorithmic time (ms),4.117,33554464,lower-bound,8388608,lower-bound
gpu,q23_k131072_max,PASS,ok,float,gt,max,131072,8388608,uniform,23131241,1,Ground truth end-to-end time (ms),13.095,Ground truth end-to-end time (ms),13.095,Ground truth algorithmic time (ms),0.799,34078720,lower-bound,8388608,lower-bound
gpu,q23_k131072_max,PASS,ok,float,gt,max,131072,8388608,uniform,23131242,1,Ground truth end-to-end time (ms),13.825,Ground truth end-to-end time (ms),13.825,Ground truth algorithmic time (ms),1.477,34078720,lower-bound,8388608,lower-bound
gpu,q23_k131072_max,PASS,ok,float,gt,max,131072,8388608,trimodal,23131241,1,Ground truth end-to-end time (ms),14.302,Ground truth end-to-end time (ms),14.302,Ground truth algorithmic time (ms),2.013,34078720,lower-bound,8388608,lower-bound
gpu,q23_k131072_max,PASS,ok,float,gt,max,131072,8388608,trimodal,23131242,1,Ground truth end-to-end time (ms),14.452,Ground truth end-to-end time (ms),14.452,Ground truth algorithmic time (ms),2.086,34078720,lower-bound,8388608,lower-bound
gpu,q23_k131072_max,PASS,ok,float,gt,max,131072,8388608,adversarial,23131241,1,Ground truth end-to-end time (ms),13.713,Ground truth end-to-end time (ms),13.713,Ground truth algorithmic time (ms),1.371,34078720,lower-bound,8388608,lower-bound
gpu,q23_k131072_max,PASS,ok,float,gt,max,131072,8388608,adversarial,23131242,1,Ground truth end-to-end time (ms),13.717,Ground truth end-to-end time (ms),13.717,Ground truth algorithmic time (ms),1.373,34078720,lower-bound,8388608,lower-bound
gpu,q23_k131072_max,PASS,ok,float,gt,max,131072,8388608,sorted,23131241,1,Ground truth end-to-end time (ms),11.722,Ground truth end-to-end time (ms),11.722,Ground truth algorithmic time (ms),4.289,34078720,lower-bound,8388608,lower-bound
gpu,q23_k131072_max,PASS,ok,float,gt,max,131072,8388608,sorted,23131242,1,Ground truth end-to-end time (ms),11.548,Ground truth end-to-end time (ms),11.548,Ground truth algorithmic time (ms),4.126,34078720,lower-bound,8388608,lower-bound
gpu,q23_k131072_max,PASS,ok,float,gt,max,131072,8388608,reverse,23131241,1,Ground truth end-to-end time (ms),11.801,Ground truth end-to-end time (ms),11.801,Ground truth algorithmic time (ms),4.119,34078720,lower-bound,8388608,lower-bound
gpu,q23_k131072_max,PASS,ok,float,gt,max,131072,8388608,reverse,23131242,1,Ground truth end-to-end time (ms),11.745,Ground truth end-to-end time (ms),11.745,Ground truth algorithmic time (ms),4.116,34078720,lower-bound,8388608,lower-bound
gpu,q24_k8_max,PASS,ok,float,gt,max,8,16777216,uniform,24000180,1,Ground truth end-to-end time (ms),7.461,Ground truth end-to-end time (ms),7.461,Ground truth algorithmic time (ms),1.819,67108896,lower-bound,16777216,lower-bound
gpu,q24_k8_max,PASS,ok,float,gt,max,8,16777216,uniform,24000181,1,Ground truth end-to-end time (ms),7.522,Ground truth end-to-end time (ms),7.522,Ground truth algorithmic time (ms),1.938,67108896,lower-bound,16777216,lower-bound
gpu,q24_k8_max,PASS,ok,float,gt,max,8,16777216,trimodal,24000180,1,Ground truth end-to-end time (ms),7.86,Ground truth end-to-end time (ms),7.86,Ground truth algorithmic time (ms),2.134,67108896,lower-bound,16777216,lower-bound
gpu,q24_k8_max,PASS,ok,float,gt,max,8,16777216,trimodal,24000181,1,Ground truth end-to-end time (ms),7.854,Ground truth end-to-end time (ms),7.854,Ground truth algorithmic time (ms),2.183,67108896,lower-bound,16777216,lower-bound
gpu,q24_k8_max,PASS,ok,float,gt,max,8,16777216,adversarial,24000180,1,Ground truth end-to-end time (ms),7.194,Ground truth end-to-end time (ms),7.194,Ground truth algorithmic time (ms),1.566,67108896,lower-bound,16777216,lower-bound
gpu,q24_k8_max,PASS,ok,float,gt,max,8,16777216,adversarial,24000181,1,Ground truth end-to-end time (ms),7.196,Ground truth end-to-end time (ms),7.196,Ground truth algorithmic time (ms),1.566,67108896,lower-bound,16777216,lower-bound
gpu,q24_k8_max,PASS,ok,float,gt,max,8,16777216,sorted,24000180,1,Ground truth end-to-end time (ms),14.518,Ground truth end-to-end time (ms),14.518,Ground truth algorithmic time (ms),8.558,67108896,lower-bound,16777216,lower-bound
gpu,q24_k8_max,PASS,ok,float,gt,max,8,16777216,sorted,24000181,1,Ground truth end-to-end time (ms),14.596,Ground truth end-to-end time (ms),14.596,Ground truth algorithmic time (ms),8.611,67108896,lower-bound,16777216,lower-bound
gpu,q24_k8_max,PASS,ok,float,gt,max,8,16777216,reverse,24000180,1,Ground truth end-to-end time (ms),14.477,Ground truth end-to-end time (ms),14.477,Ground truth algorithmic time (ms),8.504,67108896,lower-bound,16777216,lower-bound
gpu,q24_k8_max,PASS,ok,float,gt,max,8,16777216,reverse,24000181,1,Ground truth end-to-end time (ms),14.576,Ground truth end-to-end time (ms),14.576,Ground truth algorithmic time (ms),8.604,67108896,lower-bound,16777216,lower-bound
gpu,q24_k131072_max,PASS,ok,float,gt,max,131072,16777216,uniform,24131244,1,Ground truth end-to-end time (ms),16.712,Ground truth end-to-end time (ms),16.712,Ground truth algorithmic time (ms),1.759,67633152,lower-bound,16777216,lower-bound
gpu,q24_k131072_max,PASS,ok,float,gt,max,131072,16777216,uniform,24131245,1,Ground truth end-to-end time (ms),16.722,Ground truth end-to-end time (ms),16.722,Ground truth algorithmic time (ms),1.723,67633152,lower-bound,16777216,lower-bound
gpu,q24_k131072_max,PASS,ok,float,gt,max,131072,16777216,trimodal,24131244,1,Ground truth end-to-end time (ms),17.292,Ground truth end-to-end time (ms),17.292,Ground truth algorithmic time (ms),2.322,67633152,lower-bound,16777216,lower-bound
gpu,q24_k131072_max,PASS,ok,float,gt,max,131072,16777216,trimodal,24131245,1,Ground truth end-to-end time (ms),17.284,Ground truth end-to-end time (ms),17.284,Ground truth algorithmic time (ms),2.337,67633152,lower-bound,16777216,lower-bound
gpu,q24_k131072_max,PASS,ok,float,gt,max,131072,16777216,adversarial,24131244,1,Ground truth end-to-end time (ms),16.647,Ground truth end-to-end time (ms),16.647,Ground truth algorithmic time (ms),1.72,67633152,lower-bound,16777216,lower-bound
gpu,q24_k131072_max,PASS,ok,float,gt,max,131072,16777216,adversarial,24131245,1,Ground truth end-to-end time (ms),16.753,Ground truth end-to-end time (ms),16.753,Ground truth algorithmic time (ms),1.778,67633152,lower-bound,16777216,lower-bound
gpu,q24_k131072_max,PASS,ok,float,gt,max,131072,16777216,sorted,24131244,1,Ground truth end-to-end time (ms),18.803,Ground truth end-to-end time (ms),18.803,Ground truth algorithmic time (ms),8.543,67633152,lower-bound,16777216,lower-bound
gpu,q24_k131072_max,PASS,ok,float,gt,max,131072,16777216,sorted,24131245,1,Ground truth end-to-end time (ms),18.811,Ground truth end-to-end time (ms),18.811,Ground truth algorithmic time (ms),8.538,67633152,lower-bound,16777216,lower-bound
gpu,q24_k131072_max,PASS,ok,float,gt,max,131072,16777216,reverse,24131244,1,Ground truth end-to-end time (ms),18.848,Ground truth end-to-end time (ms),18.848,Ground truth algorithmic time (ms),8.491,67633152,lower-bound,16777216,lower-bound
gpu,q24_k131072_max,PASS,ok,float,gt,max,131072,16777216,reverse,24131245,1,Ground truth end-to-end time (ms),18.841,Ground truth end-to-end time (ms),18.841,Ground truth algorithmic time (ms),8.502,67633152,lower-bound,16777216,lower-bound
npu,q20_k8_max,PASS,ok,float,bitonic,max,8,1048576,uniform,20000168,1,Trunc bitonic end-to-end time (ms),1.004,Trunc bitonic end-to-end time (ms),1.004,Trunc bitonic algorithmic time (ms),0.905,29360128,exact,5242880,exact
npu,q20_k8_max,PASS,ok,float,bitonic,max,8,1048576,uniform,20000169,1,Trunc bitonic end-to-end time (ms),0.997,Trunc bitonic end-to-end time (ms),0.997,Trunc bitonic algorithmic time (ms),0.9,29360128,exact,5242880,exact
npu,q20_k8_max,PASS,ok,float,bitonic,max,8,1048576,trimodal,20000168,1,Trunc bitonic end-to-end time (ms),1,Trunc bitonic end-to-end time (ms),1,Trunc bitonic algorithmic time (ms),0.904,29360128,exact,5242880,exact
npu,q20_k8_max,PASS,ok,float,bitonic,max,8,1048576,trimodal,20000169,1,Trunc bitonic end-to-end time (ms),0.99,Trunc bitonic end-to-end time (ms),0.99,Trunc bitonic algorithmic time (ms),0.897,29360128,exact,5242880,exact
npu,q20_k8_max,PASS,ok,float,bitonic,max,8,1048576,adversarial,20000168,1,Trunc bitonic end-to-end time (ms),1.001,Trunc bitonic end-to-end time (ms),1.001,Trunc bitonic algorithmic time (ms),0.91,29360128,exact,5242880,exact
npu,q20_k8_max,PASS,ok,float,bitonic,max,8,1048576,adversarial,20000169,1,Trunc bitonic end-to-end time (ms),1.007,Trunc bitonic end-to-end time (ms),1.007,Trunc bitonic algorithmic time (ms),0.914,29360128,exact,5242880,exact
npu,q20_k8_max,PASS,ok,float,bitonic,max,8,1048576,sorted,20000168,1,Trunc bitonic end-to-end time (ms),3.859,Trunc bitonic end-to-end time (ms),3.859,Trunc bitonic algorithmic time (ms),3.752,29360128,exact,5242880,exact
npu,q20_k8_max,PASS,ok,float,bitonic,max,8,1048576,sorted,20000169,1,Trunc bitonic end-to-end time (ms),3.842,Trunc bitonic end-to-end time (ms),3.842,Trunc bitonic algorithmic time (ms),3.74,29360128,exact,5242880,exact
npu,q20_k8_max,PASS,ok,float,bitonic,max,8,1048576,reverse,20000168,1,Trunc bitonic end-to-end time (ms),0.989,Trunc bitonic end-to-end time (ms),0.989,Trunc bitonic algorithmic time (ms),0.897,29360128,exact,5242880,exact
npu,q20_k8_max,PASS,ok,float,bitonic,max,8,1048576,reverse,20000169,1,Trunc bitonic end-to-end time (ms),1.02,Trunc bitonic end-to-end time (ms),1.02,Trunc bitonic algorithmic time (ms),0.924,29360128,exact,5242880,exact
npu,q20_k131072_max,PASS,ok,float,bitonic,max,131072,1048576,uniform,20131232,1,Trunc bitonic end-to-end time (ms),23.718,Trunc bitonic end-to-end time (ms),23.718,Trunc bitonic algorithmic time (ms),23.532,29360128,exact,5242880,exact
npu,q20_k131072_max,PASS,ok,float,bitonic,max,131072,1048576,uniform,20131233,1,Trunc bitonic end-to-end time (ms),23.848,Trunc bitonic end-to-end time (ms),23.848,Trunc bitonic algorithmic time (ms),23.682,29360128,exact,5242880,exact
npu,q20_k131072_max,PASS,ok,float,bitonic,max,131072,1048576,trimodal,20131232,1,Trunc bitonic end-to-end time (ms),23.648,Trunc bitonic end-to-end time (ms),23.648,Trunc bitonic algorithmic time (ms),23.449,29360128,exact,5242880,exact
npu,q20_k131072_max,PASS,ok,float,bitonic,max,131072,1048576,trimodal,20131233,1,Trunc bitonic end-to-end time (ms),23.87,Trunc bitonic end-to-end time (ms),23.87,Trunc bitonic algorithmic time (ms),23.697,29360128,exact,5242880,exact
npu,q20_k131072_max,PASS,ok,float,bitonic,max,131072,1048576,adversarial,20131232,1,Trunc bitonic end-to-end time (ms),23.952,Trunc bitonic end-to-end time (ms),23.952,Trunc bitonic algorithmic time (ms),23.781,29360128,exact,5242880,exact
npu,q20_k131072_max,PASS,ok,float,bitonic,max,131072,1048576,adversarial,20131233,1,Trunc bitonic end-to-end time (ms),23.529,Trunc bitonic end-to-end time (ms),23.529,Trunc bitonic algorithmic time (ms),23.358,29360128,exact,5242880,exact
npu,q20_k131072_max,PASS,ok,float,bitonic,max,131072,1048576,sorted,20131232,1,Trunc bitonic end-to-end time (ms),43.322,Trunc bitonic end-to-end time (ms),43.322,Trunc bitonic algorithmic time (ms),43.133,29360128,exact,5242880,exact
npu,q20_k131072_max,PASS,ok,float,bitonic,max,131072,1048576,sorted,20131233,1,Trunc bitonic end-to-end time (ms),43.378,Trunc bitonic end-to-end time (ms),43.378,Trunc bitonic algorithmic time (ms),43.19,29360128,exact,5242880,exact
npu,q20_k131072_max,PASS,ok,float,bitonic,max,131072,1048576,reverse,20131232,1,Trunc bitonic end-to-end time (ms),5.371,Trunc bitonic end-to-end time (ms),5.371,Trunc bitonic algorithmic time (ms),5.252,29360128,exact,5242880,exact
npu,q20_k131072_max,PASS,ok,float,bitonic,max,131072,1048576,reverse,20131233,1,Trunc bitonic end-to-end time (ms),5.39,Trunc bitonic end-to-end time (ms),5.39,Trunc bitonic algorithmic time (ms),5.264,29360128,exact,5242880,exact
npu,q21_k8_max,PASS,ok,float,bitonic,max,8,2097152,uniform,21000171,1,Trunc bitonic end-to-end time (ms),1.517,Trunc bitonic end-to-end time (ms),1.517,Trunc bitonic algorithmic time (ms),1.415,58720256,exact,10485760,exact
npu,q21_k8_max,PASS,ok,float,bitonic,max,8,2097152,uniform,21000172,1,Trunc bitonic end-to-end time (ms),1.521,Trunc bitonic end-to-end time (ms),1.521,Trunc bitonic algorithmic time (ms),1.415,58720256,exact,10485760,exact
npu,q21_k8_max,PASS,ok,float,bitonic,max,8,2097152,trimodal,21000171,1,Trunc bitonic end-to-end time (ms),1.511,Trunc bitonic end-to-end time (ms),1.511,Trunc bitonic algorithmic time (ms),1.408,58720256,exact,10485760,exact
npu,q21_k8_max,PASS,ok,float,bitonic,max,8,2097152,trimodal,21000172,1,Trunc bitonic end-to-end time (ms),1.526,Trunc bitonic end-to-end time (ms),1.526,Trunc bitonic algorithmic time (ms),1.421,58720256,exact,10485760,exact
npu,q21_k8_max,PASS,ok,float,bitonic,max,8,2097152,adversarial,21000171,1,Trunc bitonic end-to-end time (ms),1.52,Trunc bitonic end-to-end time (ms),1.52,Trunc bitonic algorithmic time (ms),1.417,58720256,exact,10485760,exact
npu,q21_k8_max,PASS,ok,float,bitonic,max,8,2097152,adversarial,21000172,1,Trunc bitonic end-to-end time (ms),1.545,Trunc bitonic end-to-end time (ms),1.545,Trunc bitonic algorithmic time (ms),1.435,58720256,exact,10485760,exact
npu,q21_k8_max,PASS,ok,float,bitonic,max,8,2097152,sorted,21000171,1,Trunc bitonic end-to-end time (ms),6.981,Trunc bitonic end-to-end time (ms),6.981,Trunc bitonic algorithmic time (ms),6.875,58720256,exact,10485760,exact
npu,q21_k8_max,PASS,ok,float,bitonic,max,8,2097152,sorted,21000172,1,Trunc bitonic end-to-end time (ms),7,Trunc bitonic end-to-end time (ms),7,Trunc bitonic algorithmic time (ms),6.895,58720256,exact,10485760,exact
npu,q21_k8_max,PASS,ok,float,bitonic,max,8,2097152,reverse,21000171,1,Trunc bitonic end-to-end time (ms),1.505,Trunc bitonic end-to-end time (ms),1.505,Trunc bitonic algorithmic time (ms),1.402,58720256,exact,10485760,exact
npu,q21_k8_max,PASS,ok,float,bitonic,max,8,2097152,reverse,21000172,1,Trunc bitonic end-to-end time (ms),1.514,Trunc bitonic end-to-end time (ms),1.514,Trunc bitonic algorithmic time (ms),1.409,58720256,exact,10485760,exact
npu,q21_k131072_max,PASS,ok,float,bitonic,max,131072,2097152,uniform,21131235,1,Trunc bitonic end-to-end time (ms),30.107,Trunc bitonic end-to-end time (ms),30.107,Trunc bitonic algorithmic time (ms),29.903,58720256,exact,10485760,exact
npu,q21_k131072_max,PASS,ok,float,bitonic,max,131072,2097152,uniform,21131236,1,Trunc bitonic end-to-end time (ms),29.999,Trunc bitonic end-to-end time (ms),29.999,Trunc bitonic algorithmic time (ms),29.824,58720256,exact,10485760,exact
npu,q21_k131072_max,PASS,ok,float,bitonic,max,131072,2097152,trimodal,21131235,1,Trunc bitonic end-to-end time (ms),29.948,Trunc bitonic end-to-end time (ms),29.948,Trunc bitonic algorithmic time (ms),29.764,58720256,exact,10485760,exact
npu,q21_k131072_max,PASS,ok,float,bitonic,max,131072,2097152,trimodal,21131236,1,Trunc bitonic end-to-end time (ms),29.707,Trunc bitonic end-to-end time (ms),29.707,Trunc bitonic algorithmic time (ms),29.508,58720256,exact,10485760,exact
npu,q21_k131072_max,PASS,ok,float,bitonic,max,131072,2097152,adversarial,21131235,1,Trunc bitonic end-to-end time (ms),29.915,Trunc bitonic end-to-end time (ms),29.915,Trunc bitonic algorithmic time (ms),29.729,58720256,exact,10485760,exact
npu,q21_k131072_max,PASS,ok,float,bitonic,max,131072,2097152,adversarial,21131236,1,Trunc bitonic end-to-end time (ms),29.801,Trunc bitonic end-to-end time (ms),29.801,Trunc bitonic algorithmic time (ms),29.641,58720256,exact,10485760,exact
npu,q21_k131072_max,PASS,ok,float,bitonic,max,131072,2097152,sorted,21131235,1,Trunc bitonic end-to-end time (ms),85.875,Trunc bitonic end-to-end time (ms),85.875,Trunc bitonic algorithmic time (ms),85.658,58720256,exact,10485760,exact
npu,q21_k131072_max,PASS,ok,float,bitonic,max,131072,2097152,sorted,21131236,1,Trunc bitonic end-to-end time (ms),86.016,Trunc bitonic end-to-end time (ms),86.016,Trunc bitonic algorithmic time (ms),85.789,58720256,exact,10485760,exact
npu,q21_k131072_max,PASS,ok,float,bitonic,max,131072,2097152,reverse,21131235,1,Trunc bitonic end-to-end time (ms),5.604,Trunc bitonic end-to-end time (ms),5.604,Trunc bitonic algorithmic time (ms),5.496,58720256,exact,10485760,exact
npu,q21_k131072_max,PASS,ok,float,bitonic,max,131072,2097152,reverse,21131236,1,Trunc bitonic end-to-end time (ms),5.571,Trunc bitonic end-to-end time (ms),5.571,Trunc bitonic algorithmic time (ms),5.457,58720256,exact,10485760,exact
npu,q22_k8_max,PASS,ok,float,bitonic,max,8,4194304,uniform,22000174,1,Trunc bitonic end-to-end time (ms),2.627,Trunc bitonic end-to-end time (ms),2.627,Trunc bitonic algorithmic time (ms),2.513,117440512,exact,20971520,exact
npu,q22_k8_max,PASS,ok,float,bitonic,max,8,4194304,uniform,22000175,1,Trunc bitonic end-to-end time (ms),2.641,Trunc bitonic end-to-end time (ms),2.641,Trunc bitonic algorithmic time (ms),2.528,117440512,exact,20971520,exact
npu,q22_k8_max,PASS,ok,float,bitonic,max,8,4194304,trimodal,22000174,1,Trunc bitonic end-to-end time (ms),2.656,Trunc bitonic end-to-end time (ms),2.656,Trunc bitonic algorithmic time (ms),2.537,117440512,exact,20971520,exact
npu,q22_k8_max,PASS,ok,float,bitonic,max,8,4194304,trimodal,22000175,1,Trunc bitonic end-to-end time (ms),2.63,Trunc bitonic end-to-end time (ms),2.63,Trunc bitonic algorithmic time (ms),2.518,117440512,exact,20971520,exact
npu,q22_k8_max,PASS,ok,float,bitonic,max,8,4194304,adversarial,22000174,1,Trunc bitonic end-to-end time (ms),2.664,Trunc bitonic end-to-end time (ms),2.664,Trunc bitonic algorithmic time (ms),2.548,117440512,exact,20971520,exact
npu,q22_k8_max,PASS,ok,float,bitonic,max,8,4194304,adversarial,22000175,1,Trunc bitonic end-to-end time (ms),2.655,Trunc bitonic end-to-end time (ms),2.655,Trunc bitonic algorithmic time (ms),2.537,117440512,exact,20971520,exact
npu,q22_k8_max,PASS,ok,float,bitonic,max,8,4194304,sorted,22000174,1,Trunc bitonic end-to-end time (ms),13.99,Trunc bitonic end-to-end time (ms),13.99,Trunc bitonic algorithmic time (ms),13.859,117440512,exact,20971520,exact
npu,q22_k8_max,PASS,ok,float,bitonic,max,8,4194304,sorted,22000175,1,Trunc bitonic end-to-end time (ms),13.967,Trunc bitonic end-to-end time (ms),13.967,Trunc bitonic algorithmic time (ms),13.85,117440512,exact,20971520,exact
npu,q22_k8_max,PASS,ok,float,bitonic,max,8,4194304,reverse,22000174,1,Trunc bitonic end-to-end time (ms),2.66,Trunc bitonic end-to-end time (ms),2.66,Trunc bitonic algorithmic time (ms),2.549,117440512,exact,20971520,exact
npu,q22_k8_max,PASS,ok,float,bitonic,max,8,4194304,reverse,22000175,1,Trunc bitonic end-to-end time (ms),2.659,Trunc bitonic end-to-end time (ms),2.659,Trunc bitonic algorithmic time (ms),2.543,117440512,exact,20971520,exact
npu,q22_k131072_max,PASS,ok,float,bitonic,max,131072,4194304,uniform,22131238,1,Trunc bitonic end-to-end time (ms),37.258,Trunc bitonic end-to-end time (ms),37.258,Trunc bitonic algorithmic time (ms),37.05,117440512,exact,20971520,exact
npu,q22_k131072_max,PASS,ok,float,bitonic,max,131072,4194304,uniform,22131239,1,Trunc bitonic end-to-end time (ms),37.389,Trunc bitonic end-to-end time (ms),37.389,Trunc bitonic algorithmic time (ms),37.187,117440512,exact,20971520,exact
npu,q22_k131072_max,PASS,ok,float,bitonic,max,131072,4194304,trimodal,22131238,1,Trunc bitonic end-to-end time (ms),37.28,Trunc bitonic end-to-end time (ms),37.28,Trunc bitonic algorithmic time (ms),37.106,117440512,exact,20971520,exact
npu,q22_k131072_max,PASS,ok,float,bitonic,max,131072,4194304,trimodal,22131239,1,Trunc bitonic end-to-end time (ms),37.166,Trunc bitonic end-to-end time (ms),37.166,Trunc bitonic algorithmic time (ms),36.98,117440512,exact,20971520,exact
npu,q22_k131072_max,PASS,ok,float,bitonic,max,131072,4194304,adversarial,22131238,1,Trunc bitonic end-to-end time (ms),37.221,Trunc bitonic end-to-end time (ms),37.221,Trunc bitonic algorithmic time (ms),37.027,117440512,exact,20971520,exact
npu,q22_k131072_max,PASS,ok,float,bitonic,max,131072,4194304,adversarial,22131239,1,Trunc bitonic end-to-end time (ms),37.533,Trunc bitonic end-to-end time (ms),37.533,Trunc bitonic algorithmic time (ms),37.339,117440512,exact,20971520,exact
npu,q22_k131072_max,PASS,ok,float,bitonic,max,131072,4194304,sorted,22131238,1,Trunc bitonic end-to-end time (ms),170.56,Trunc bitonic end-to-end time (ms),170.56,Trunc bitonic algorithmic time (ms),170.338,117440512,exact,20971520,exact
npu,q22_k131072_max,PASS,ok,float,bitonic,max,131072,4194304,sorted,22131239,1,Trunc bitonic end-to-end time (ms),170.509,Trunc bitonic end-to-end time (ms),170.509,Trunc bitonic algorithmic time (ms),170.291,117440512,exact,20971520,exact
npu,q22_k131072_max,PASS,ok,float,bitonic,max,131072,4194304,reverse,22131238,1,Trunc bitonic end-to-end time (ms),7.033,Trunc bitonic end-to-end time (ms),7.033,Trunc bitonic algorithmic time (ms),6.913,117440512,exact,20971520,exact
npu,q22_k131072_max,PASS,ok,float,bitonic,max,131072,4194304,reverse,22131239,1,Trunc bitonic end-to-end time (ms),6.949,Trunc bitonic end-to-end time (ms),6.949,Trunc bitonic algorithmic time (ms),6.826,117440512,exact,20971520,exact
npu,q23_k8_max,PASS,ok,float,bitonic,max,8,8388608,uniform,23000177,1,Trunc bitonic end-to-end time (ms),4.837,Trunc bitonic end-to-end time (ms),4.837,Trunc bitonic algorithmic time (ms),4.674,234881024,exact,41943040,exact
npu,q23_k8_max,PASS,ok,float,bitonic,max,8,8388608,uniform,23000178,1,Trunc bitonic end-to-end time (ms),4.824,Trunc bitonic end-to-end time (ms),4.824,Trunc bitonic algorithmic time (ms),4.661,234881024,exact,41943040,exact
npu,q23_k8_max,PASS,ok,float,bitonic,max,8,8388608,trimodal,23000177,1,Trunc bitonic end-to-end time (ms),4.82,Trunc bitonic end-to-end time (ms),4.82,Trunc bitonic algorithmic time (ms),4.65,234881024,exact,41943040,exact
npu,q23_k8_max,PASS,ok,float,bitonic,max,8,8388608,trimodal,23000178,1,Trunc bitonic end-to-end time (ms),4.781,Trunc bitonic end-to-end time (ms),4.781,Trunc bitonic algorithmic time (ms),4.612,234881024,exact,41943040,exact
npu,q23_k8_max,PASS,ok,float,bitonic,max,8,8388608,adversarial,23000177,1,Trunc bitonic end-to-end time (ms),4.736,Trunc bitonic end-to-end time (ms),4.736,Trunc bitonic algorithmic time (ms),4.569,234881024,exact,41943040,exact
npu,q23_k8_max,PASS,ok,float,bitonic,max,8,8388608,adversarial,23000178,1,Trunc bitonic end-to-end time (ms),4.803,Trunc bitonic end-to-end time (ms),4.803,Trunc bitonic algorithmic time (ms),4.639,234881024,exact,41943040,exact
npu,q23_k8_max,PASS,ok,float,bitonic,max,8,8388608,sorted,23000177,1,Trunc bitonic end-to-end time (ms),28.484,Trunc bitonic end-to-end time (ms),28.484,Trunc bitonic algorithmic time (ms),28.306,234881024,exact,41943040,exact
npu,q23_k8_max,PASS,ok,float,bitonic,max,8,8388608,sorted,23000178,1,Trunc bitonic end-to-end time (ms),28.576,Trunc bitonic end-to-end time (ms),28.576,Trunc bitonic algorithmic time (ms),28.391,234881024,exact,41943040,exact
npu,q23_k8_max,PASS,ok,float,bitonic,max,8,8388608,reverse,23000177,1,Trunc bitonic end-to-end time (ms),4.75,Trunc bitonic end-to-end time (ms),4.75,Trunc bitonic algorithmic time (ms),4.583,234881024,exact,41943040,exact
npu,q23_k8_max,PASS,ok,float,bitonic,max,8,8388608,reverse,23000178,1,Trunc bitonic end-to-end time (ms),4.826,Trunc bitonic end-to-end time (ms),4.826,Trunc bitonic algorithmic time (ms),4.653,234881024,exact,41943040,exact
npu,q23_k131072_max,PASS,ok,float,bitonic,max,131072,8388608,uniform,23131241,1,Trunc bitonic end-to-end time (ms),45.688,Trunc bitonic end-to-end time (ms),45.688,Trunc bitonic algorithmic time (ms),45.499,234881024,exact,41943040,exact
npu,q23_k131072_max,PASS,ok,float,bitonic,max,131072,8388608,uniform,23131242,1,Trunc bitonic end-to-end time (ms),46.6,Trunc bitonic end-to-end time (ms),46.6,Trunc bitonic algorithmic time (ms),46.389,234881024,exact,41943040,exact
npu,q23_k131072_max,PASS,ok,float,bitonic,max,131072,8388608,trimodal,23131241,1,Trunc bitonic end-to-end time (ms),47.01,Trunc bitonic end-to-end time (ms),47.01,Trunc bitonic algorithmic time (ms),46.778,234881024,exact,41943040,exact
npu,q23_k131072_max,PASS,ok,float,bitonic,max,131072,8388608,trimodal,23131242,1,Trunc bitonic end-to-end time (ms),46.137,Trunc bitonic end-to-end time (ms),46.137,Trunc bitonic algorithmic time (ms),45.922,234881024,exact,41943040,exact
npu,q23_k131072_max,PASS,ok,float,bitonic,max,131072,8388608,adversarial,23131241,1,Trunc bitonic end-to-end time (ms),46.409,Trunc bitonic end-to-end time (ms),46.409,Trunc bitonic algorithmic time (ms),46.202,234881024,exact,41943040,exact
npu,q23_k131072_max,PASS,ok,float,bitonic,max,131072,8388608,adversarial,23131242,1,Trunc bitonic end-to-end time (ms),45.992,Trunc bitonic end-to-end time (ms),45.992,Trunc bitonic algorithmic time (ms),45.77,234881024,exact,41943040,exact
npu,q23_k131072_max,PASS,ok,float,bitonic,max,131072,8388608,sorted,23131241,1,Trunc bitonic end-to-end time (ms),341.181,Trunc bitonic end-to-end time (ms),341.181,Trunc bitonic algorithmic time (ms),340.922,234881024,exact,41943040,exact
npu,q23_k131072_max,PASS,ok,float,bitonic,max,131072,8388608,sorted,23131242,1,Trunc bitonic end-to-end time (ms),340.891,Trunc bitonic end-to-end time (ms),340.891,Trunc bitonic algorithmic time (ms),340.614,234881024,exact,41943040,exact
npu,q23_k131072_max,PASS,ok,float,bitonic,max,131072,8388608,reverse,23131241,1,Trunc bitonic end-to-end time (ms),9.491,Trunc bitonic end-to-end time (ms),9.491,Trunc bitonic algorithmic time (ms),9.305,234881024,exact,41943040,exact
npu,q23_k131072_max,PASS,ok,float,bitonic,max,131072,8388608,reverse,23131242,1,Trunc bitonic end-to-end time (ms),9.254,Trunc bitonic end-to-end time (ms),9.254,Trunc bitonic algorithmic time (ms),9.078,234881024,exact,41943040,exact
npu,q24_k8_max,PASS,ok,float,bitonic,max,8,16777216,uniform,24000180,1,Trunc bitonic end-to-end time (ms),9.287,Trunc bitonic end-to-end time (ms),9.287,Trunc bitonic algorithmic time (ms),9.102,469762048,exact,83886080,exact
npu,q24_k8_max,PASS,ok,float,bitonic,max,8,16777216,uniform,24000181,1,Trunc bitonic end-to-end time (ms),9.577,Trunc bitonic end-to-end time (ms),9.577,Trunc bitonic algorithmic time (ms),9.388,469762048,exact,83886080,exact
npu,q24_k8_max,PASS,ok,float,bitonic,max,8,16777216,trimodal,24000180,1,Trunc bitonic end-to-end time (ms),9.063,Trunc bitonic end-to-end time (ms),9.063,Trunc bitonic algorithmic time (ms),8.877,469762048,exact,83886080,exact
npu,q24_k8_max,PASS,ok,float,bitonic,max,8,16777216,trimodal,24000181,1,Trunc bitonic end-to-end time (ms),8.962,Trunc bitonic end-to-end time (ms),8.962,Trunc bitonic algorithmic time (ms),8.776,469762048,exact,83886080,exact
npu,q24_k8_max,PASS,ok,float,bitonic,max,8,16777216,adversarial,24000180,1,Trunc bitonic end-to-end time (ms),9.062,Trunc bitonic end-to-end time (ms),9.062,Trunc bitonic algorithmic time (ms),8.868,469762048,exact,83886080,exact
npu,q24_k8_max,PASS,ok,float,bitonic,max,8,16777216,adversarial,24000181,1,Trunc bitonic end-to-end time (ms),9.073,Trunc bitonic end-to-end time (ms),9.073,Trunc bitonic algorithmic time (ms),8.88,469762048,exact,83886080,exact
npu,q24_k8_max,PASS,ok,float,bitonic,max,8,16777216,sorted,24000180,1,Trunc bitonic end-to-end time (ms),59.472,Trunc bitonic end-to-end time (ms),59.472,Trunc bitonic algorithmic time (ms),59.244,469762048,exact,83886080,exact
npu,q24_k8_max,PASS,ok,float,bitonic,max,8,16777216,sorted,24000181,1,Trunc bitonic end-to-end time (ms),59.204,Trunc bitonic end-to-end time (ms),59.204,Trunc bitonic algorithmic time (ms),58.998,469762048,exact,83886080,exact
npu,q24_k8_max,PASS,ok,float,bitonic,max,8,16777216,reverse,24000180,1,Trunc bitonic end-to-end time (ms),8.84,Trunc bitonic end-to-end time (ms),8.84,Trunc bitonic algorithmic time (ms),8.655,469762048,exact,83886080,exact
npu,q24_k8_max,PASS,ok,float,bitonic,max,8,16777216,reverse,24000181,1,Trunc bitonic end-to-end time (ms),8.973,Trunc bitonic end-to-end time (ms),8.973,Trunc bitonic algorithmic time (ms),8.788,469762048,exact,83886080,exact
npu,q24_k131072_max,PASS,ok,float,bitonic,max,131072,16777216,uniform,24131244,1,Trunc bitonic end-to-end time (ms),57.268,Trunc bitonic end-to-end time (ms),57.268,Trunc bitonic algorithmic time (ms),57.053,469762048,exact,83886080,exact
npu,q24_k131072_max,PASS,ok,float,bitonic,max,131072,16777216,uniform,24131245,1,Trunc bitonic end-to-end time (ms),57.306,Trunc bitonic end-to-end time (ms),57.306,Trunc bitonic algorithmic time (ms),57.091,469762048,exact,83886080,exact
npu,q24_k131072_max,PASS,ok,float,bitonic,max,131072,16777216,trimodal,24131244,1,Trunc bitonic end-to-end time (ms),57.776,Trunc bitonic end-to-end time (ms),57.776,Trunc bitonic algorithmic time (ms),57.566,469762048,exact,83886080,exact
npu,q24_k131072_max,PASS,ok,float,bitonic,max,131072,16777216,trimodal,24131245,1,Trunc bitonic end-to-end time (ms),56.952,Trunc bitonic end-to-end time (ms),56.952,Trunc bitonic algorithmic time (ms),56.743,469762048,exact,83886080,exact
npu,q24_k131072_max,PASS,ok,float,bitonic,max,131072,16777216,adversarial,24131244,1,Trunc bitonic end-to-end time (ms),57.097,Trunc bitonic end-to-end time (ms),57.097,Trunc bitonic algorithmic time (ms),56.884,469762048,exact,83886080,exact
npu,q24_k131072_max,PASS,ok,float,bitonic,max,131072,16777216,adversarial,24131245,1,Trunc bitonic end-to-end time (ms),57.708,Trunc bitonic end-to-end time (ms),57.708,Trunc bitonic algorithmic time (ms),57.493,469762048,exact,83886080,exact
npu,q24_k131072_max,PASS,ok,float,bitonic,max,131072,16777216,sorted,24131244,1,Trunc bitonic end-to-end time (ms),678.131,Trunc bitonic end-to-end time (ms),678.131,Trunc bitonic algorithmic time (ms),677.85,469762048,exact,83886080,exact
npu,q24_k131072_max,PASS,ok,float,bitonic,max,131072,16777216,sorted,24131245,1,Trunc bitonic end-to-end time (ms),678.324,Trunc bitonic end-to-end time (ms),678.324,Trunc bitonic algorithmic time (ms),678.05,469762048,exact,83886080,exact
npu,q24_k131072_max,PASS,ok,float,bitonic,max,131072,16777216,reverse,24131244,1,Trunc bitonic end-to-end time (ms),13.399,Trunc bitonic end-to-end time (ms),13.399,Trunc bitonic algorithmic time (ms),13.199,469762048,exact,83886080,exact
npu,q24_k131072_max,PASS,ok,float,bitonic,max,131072,16777216,reverse,24131245,1,Trunc bitonic end-to-end time (ms),13.48,Trunc bitonic end-to-end time (ms),13.48,Trunc bitonic algorithmic time (ms),13.282,469762048,exact,83886080,exact
npu,q20_k8_max,PASS,ok,float,map_reduce,max,8,1048576,uniform,20000168,1,Map-reduce top-k end-to-end time (ms),0.929,Map-reduce top-k end-to-end time (ms),0.929,Map-reduce top-k algorithmic time (ms),0.842,28868608,exact,1048576,lower-bound
npu,q20_k8_max,PASS,ok,float,map_reduce,max,8,1048576,uniform,20000169,1,Map-reduce top-k end-to-end time (ms),0.855,Map-reduce top-k end-to-end time (ms),0.855,Map-reduce top-k algorithmic time (ms),0.772,28868608,exact,1048576,lower-bound
npu,q20_k8_max,PASS,ok,float,map_reduce,max,8,1048576,trimodal,20000168,1,Map-reduce top-k end-to-end time (ms),0.913,Map-reduce top-k end-to-end time (ms),0.913,Map-reduce top-k algorithmic time (ms),0.828,28868608,exact,1048576,lower-bound
npu,q20_k8_max,PASS,ok,float,map_reduce,max,8,1048576,trimodal,20000169,1,Map-reduce top-k end-to-end time (ms),0.982,Map-reduce top-k end-to-end time (ms),0.982,Map-reduce top-k algorithmic time (ms),0.89,28868608,exact,1048576,lower-bound
npu,q20_k8_max,PASS,ok,float,map_reduce,max,8,1048576,adversarial,20000168,1,Map-reduce top-k end-to-end time (ms),0.956,Map-reduce top-k end-to-end time (ms),0.956,Map-reduce top-k algorithmic time (ms),0.869,28868608,exact,1048576,lower-bound
npu,q20_k8_max,PASS,ok,float,map_reduce,max,8,1048576,adversarial,20000169,1,Map-reduce top-k end-to-end time (ms),0.892,Map-reduce top-k end-to-end time (ms),0.892,Map-reduce top-k algorithmic time (ms),0.807,28868608,exact,1048576,lower-bound
npu,q20_k8_max,PASS,ok,float,map_reduce,max,8,1048576,sorted,20000168,1,Map-reduce top-k end-to-end time (ms),9.104,Map-reduce top-k end-to-end time (ms),9.104,Map-reduce top-k algorithmic time (ms),8.979,28868608,exact,1048576,lower-bound
npu,q20_k8_max,PASS,ok,float,map_reduce,max,8,1048576,sorted,20000169,1,Map-reduce top-k end-to-end time (ms),9.087,Map-reduce top-k end-to-end time (ms),9.087,Map-reduce top-k algorithmic time (ms),8.965,28868608,exact,1048576,lower-bound
npu,q20_k8_max,PASS,ok,float,map_reduce,max,8,1048576,reverse,20000168,1,Map-reduce top-k end-to-end time (ms),0.847,Map-reduce top-k end-to-end time (ms),0.847,Map-reduce top-k algorithmic time (ms),0.764,28868608,exact,1048576,lower-bound
npu,q20_k8_max,PASS,ok,float,map_reduce,max,8,1048576,reverse,20000169,1,Map-reduce top-k end-to-end time (ms),0.846,Map-reduce top-k end-to-end time (ms),0.846,Map-reduce top-k algorithmic time (ms),0.762,28868608,exact,1048576,lower-bound
npu,q20_k131072_max,PASS,ok,float,map_reduce,max,131072,1048576,uniform,20131232,1,Map-reduce top-k end-to-end time (ms),28.816,Map-reduce top-k end-to-end time (ms),28.816,Map-reduce top-k algorithmic time (ms),28.639,26214400,exact,1048576,lower-bound
npu,q20_k131072_max,PASS,ok,float,map_reduce,max,131072,1048576,uniform,20131233,1,Map-reduce top-k end-to-end time (ms),28.82,Map-reduce top-k end-to-end time (ms),28.82,Map-reduce top-k algorithmic time (ms),28.668,26214400,exact,1048576,lower-bound
npu,q20_k131072_max,PASS,ok,float,map_reduce,max,131072,1048576,trimodal,20131232,1,Map-reduce top-k end-to-end time (ms),28.808,Map-reduce top-k end-to-end time (ms),28.808,Map-reduce top-k algorithmic time (ms),28.587,26214400,exact,1048576,lower-bound
npu,q20_k131072_max,PASS,ok,float,map_reduce,max,131072,1048576,trimodal,20131233,1,Map-reduce top-k end-to-end time (ms),28.629,Map-reduce top-k end-to-end time (ms),28.629,Map-reduce top-k algorithmic time (ms),28.465,26214400,exact,1048576,lower-bound
npu,q20_k131072_max,PASS,ok,float,map_reduce,max,131072,1048576,adversarial,20131232,1,Map-reduce top-k end-to-end time (ms),28.729,Map-reduce top-k end-to-end time (ms),28.729,Map-reduce top-k algorithmic time (ms),28.551,26214400,exact,1048576,lower-bound
npu,q20_k131072_max,PASS,ok,float,map_reduce,max,131072,1048576,adversarial,20131233,1,Map-reduce top-k end-to-end time (ms),28.627,Map-reduce top-k end-to-end time (ms),28.627,Map-reduce top-k algorithmic time (ms),28.476,26214400,exact,1048576,lower-bound
npu,q20_k131072_max,PASS,ok,float,map_reduce,max,131072,1048576,sorted,20131232,1,Map-reduce top-k end-to-end time (ms),45.041,Map-reduce top-k end-to-end time (ms),45.041,Map-reduce top-k algorithmic time (ms),44.836,26214400,exact,1048576,lower-bound
npu,q20_k131072_max,PASS,ok,float,map_reduce,max,131072,1048576,sorted,20131233,1,Map-reduce top-k end-to-end time (ms),44.986,Map-reduce top-k end-to-end time (ms),44.986,Map-reduce top-k algorithmic time (ms),44.794,26214400,exact,1048576,lower-bound
npu,q20_k131072_max,PASS,ok,float,map_reduce,max,131072,1048576,reverse,20131232,1,Map-reduce top-k end-to-end time (ms),6.942,Map-reduce top-k end-to-end time (ms),6.942,Map-reduce top-k algorithmic time (ms),6.815,26214400,exact,1048576,lower-bound
npu,q20_k131072_max,PASS,ok,float,map_reduce,max,131072,1048576,reverse,20131233,1,Map-reduce top-k end-to-end time (ms),6.905,Map-reduce top-k end-to-end time (ms),6.905,Map-reduce top-k algorithmic time (ms),6.801,26214400,exact,1048576,lower-bound
npu,q21_k8_max,PASS,ok,float,map_reduce,max,8,2097152,uniform,21000171,1,Map-reduce top-k end-to-end time (ms),1.528,Map-reduce top-k end-to-end time (ms),1.528,Map-reduce top-k algorithmic time (ms),1.431,57737216,exact,2097152,lower-bound
npu,q21_k8_max,PASS,ok,float,map_reduce,max,8,2097152,uniform,21000172,1,Map-reduce top-k end-to-end time (ms),1.495,Map-reduce top-k end-to-end time (ms),1.495,Map-reduce top-k algorithmic time (ms),1.404,57737216,exact,2097152,lower-bound
npu,q21_k8_max,PASS,ok,float,map_reduce,max,8,2097152,trimodal,21000171,1,Map-reduce top-k end-to-end time (ms),1.45,Map-reduce top-k end-to-end time (ms),1.45,Map-reduce top-k algorithmic time (ms),1.362,57737216,exact,2097152,lower-bound
npu,q21_k8_max,PASS,ok,float,map_reduce,max,8,2097152,trimodal,21000172,1,Map-reduce top-k end-to-end time (ms),1.504,Map-reduce top-k end-to-end time (ms),1.504,Map-reduce top-k algorithmic time (ms),1.413,57737216,exact,2097152,lower-bound
npu,q21_k8_max,PASS,ok,float,map_reduce,max,8,2097152,adversarial,21000171,1,Map-reduce top-k end-to-end time (ms),1.493,Map-reduce top-k end-to-end time (ms),1.493,Map-reduce top-k algorithmic time (ms),1.4,57737216,exact,2097152,lower-bound
npu,q21_k8_max,PASS,ok,float,map_reduce,max,8,2097152,adversarial,21000172,1,Map-reduce top-k end-to-end time (ms),1.507,Map-reduce top-k end-to-end time (ms),1.507,Map-reduce top-k algorithmic time (ms),1.414,57737216,exact,2097152,lower-bound
npu,q21_k8_max,PASS,ok,float,map_reduce,max,8,2097152,sorted,21000171,1,Map-reduce top-k end-to-end time (ms),17.973,Map-reduce top-k end-to-end time (ms),17.973,Map-reduce top-k algorithmic time (ms),17.835,57737216,exact,2097152,lower-bound
npu,q21_k8_max,PASS,ok,float,map_reduce,max,8,2097152,sorted,21000172,1,Map-reduce top-k end-to-end time (ms),17.978,Map-reduce top-k end-to-end time (ms),17.978,Map-reduce top-k algorithmic time (ms),17.835,57737216,exact,2097152,lower-bound
npu,q21_k8_max,PASS,ok,float,map_reduce,max,8,2097152,reverse,21000171,1,Map-reduce top-k end-to-end time (ms),1.255,Map-reduce top-k end-to-end time (ms),1.255,Map-reduce top-k algorithmic time (ms),1.169,57737216,exact,2097152,lower-bound
npu,q21_k8_max,PASS,ok,float,map_reduce,max,8,2097152,reverse,21000172,1,Map-reduce top-k end-to-end time (ms),1.266,Map-reduce top-k end-to-end time (ms),1.266,Map-reduce top-k algorithmic time (ms),1.173,57737216,exact,2097152,lower-bound
npu,q21_k131072_max,PASS,ok,float,map_reduce,max,131072,2097152,uniform,21131235,1,Map-reduce top-k end-to-end time (ms),36.001,Map-reduce top-k end-to-end time (ms),36.001,Map-reduce top-k algorithmic time (ms),35.808,55574528,exact,2097152,lower-bound
npu,q21_k131072_max,PASS,ok,float,map_reduce,max,131072,2097152,uniform,21131236,1,Map-reduce top-k end-to-end time (ms),35.804,Map-reduce top-k end-to-end time (ms),35.804,Map-reduce top-k algorithmic time (ms),35.628,55574528,exact,2097152,lower-bound
npu,q21_k131072_max,PASS,ok,float,map_reduce,max,131072,2097152,trimodal,21131235,1,Map-reduce top-k end-to-end time (ms),35.685,Map-reduce top-k end-to-end time (ms),35.685,Map-reduce top-k algorithmic time (ms),35.509,55574528,exact,2097152,lower-bound
npu,q21_k131072_max,PASS,ok,float,map_reduce,max,131072,2097152,trimodal,21131236,1,Map-reduce top-k end-to-end time (ms),35.97,Map-reduce top-k end-to-end time (ms),35.97,Map-reduce top-k algorithmic time (ms),35.802,55574528,exact,2097152,lower-bound
npu,q21_k131072_max,PASS,ok,float,map_reduce,max,131072,2097152,adversarial,21131235,1,Map-reduce top-k end-to-end time (ms),35.703,Map-reduce top-k end-to-end time (ms),35.703,Map-reduce top-k algorithmic time (ms),35.543,55574528,exact,2097152,lower-bound
npu,q21_k131072_max,PASS,ok,float,map_reduce,max,131072,2097152,adversarial,21131236,1,Map-reduce top-k end-to-end time (ms),35.874,Map-reduce top-k end-to-end time (ms),35.874,Map-reduce top-k algorithmic time (ms),35.715,55574528,exact,2097152,lower-bound
npu,q21_k131072_max,PASS,ok,float,map_reduce,max,131072,2097152,sorted,21131235,1,Map-reduce top-k end-to-end time (ms),86.458,Map-reduce top-k end-to-end time (ms),86.458,Map-reduce top-k algorithmic time (ms),86.294,55574528,exact,2097152,lower-bound
npu,q21_k131072_max,PASS,ok,float,map_reduce,max,131072,2097152,sorted,21131236,1,Map-reduce top-k end-to-end time (ms),86.567,Map-reduce top-k end-to-end time (ms),86.567,Map-reduce top-k algorithmic time (ms),86.395,55574528,exact,2097152,lower-bound
npu,q21_k131072_max,PASS,ok,float,map_reduce,max,131072,2097152,reverse,21131235,1,Map-reduce top-k end-to-end time (ms),7.336,Map-reduce top-k end-to-end time (ms),7.336,Map-reduce top-k algorithmic time (ms),7.237,55574528,exact,2097152,lower-bound
npu,q21_k131072_max,PASS,ok,float,map_reduce,max,131072,2097152,reverse,21131236,1,Map-reduce top-k end-to-end time (ms),7.141,Map-reduce top-k end-to-end time (ms),7.141,Map-reduce top-k algorithmic time (ms),7.033,55574528,exact,2097152,lower-bound
npu,q22_k8_max,PASS,ok,float,map_reduce,max,8,4194304,uniform,22000174,1,Map-reduce top-k end-to-end time (ms),2.78,Map-reduce top-k end-to-end time (ms),2.78,Map-reduce top-k algorithmic time (ms),2.685,115449856,exact,4194304,lower-bound
npu,q22_k8_max,PASS,ok,float,map_reduce,max,8,4194304,uniform,22000175,1,Map-reduce top-k end-to-end time (ms),2.839,Map-reduce top-k end-to-end time (ms),2.839,Map-reduce top-k algorithmic time (ms),2.745,115449856,exact,4194304,lower-bound
npu,q22_k8_max,PASS,ok,float,map_reduce,max,8,4194304,trimodal,22000174,1,Map-reduce top-k end-to-end time (ms),2.826,Map-reduce top-k end-to-end time (ms),2.826,Map-reduce top-k algorithmic time (ms),2.73,115449856,exact,4194304,lower-bound
npu,q22_k8_max,PASS,ok,float,map_reduce,max,8,4194304,trimodal,22000175,1,Map-reduce top-k end-to-end time (ms),2.91,Map-reduce top-k end-to-end time (ms),2.91,Map-reduce top-k algorithmic time (ms),2.812,115449856,exact,4194304,lower-bound
npu,q22_k8_max,PASS,ok,float,map_reduce,max,8,4194304,adversarial,22000174,1,Map-reduce top-k end-to-end time (ms),2.521,Map-reduce top-k end-to-end time (ms),2.521,Map-reduce top-k algorithmic time (ms),2.424,115449856,exact,4194304,lower-bound
npu,q22_k8_max,PASS,ok,float,map_reduce,max,8,4194304,adversarial,22000175,1,Map-reduce top-k end-to-end time (ms),2.892,Map-reduce top-k end-to-end time (ms),2.892,Map-reduce top-k algorithmic time (ms),2.794,115449856,exact,4194304,lower-bound
npu,q22_k8_max,PASS,ok,float,map_reduce,max,8,4194304,sorted,22000174,1,Map-reduce top-k end-to-end time (ms),36.421,Map-reduce top-k end-to-end time (ms),36.421,Map-reduce top-k algorithmic time (ms),36.29,115449856,exact,4194304,lower-bound
npu,q22_k8_max,PASS,ok,float,map_reduce,max,8,4194304,sorted,22000175,1,Map-reduce top-k end-to-end time (ms),36.405,Map-reduce top-k end-to-end time (ms),36.405,Map-reduce top-k algorithmic time (ms),36.26,115449856,exact,4194304,lower-bound
npu,q22_k8_max,PASS,ok,float,map_reduce,max,8,4194304,reverse,22000174,1,Map-reduce top-k end-to-end time (ms),2.33,Map-reduce top-k end-to-end time (ms),2.33,Map-reduce top-k algorithmic time (ms),2.238,115449856,exact,4194304,lower-bound
npu,q22_k8_max,PASS,ok,float,map_reduce,max,8,4194304,reverse,22000175,1,Map-reduce top-k end-to-end time (ms),2.306,Map-reduce top-k end-to-end time (ms),2.306,Map-reduce top-k algorithmic time (ms),2.214,115449856,exact,4194304,lower-bound
npu,q22_k131072_max,PASS,ok,float,map_reduce,max,131072,4194304,uniform,22131238,1,Map-reduce top-k end-to-end time (ms),44.375,Map-reduce top-k end-to-end time (ms),44.375,Map-reduce top-k algorithmic time (ms),44.211,114294784,exact,4194304,lower-bound
npu,q22_k131072_max,PASS,ok,float,map_reduce,max,131072,4194304,uniform,22131239,1,Map-reduce top-k end-to-end time (ms),44.56,Map-reduce top-k end-to-end time (ms),44.56,Map-reduce top-k algorithmic time (ms),44.411,114294784,exact,4194304,lower-bound
npu,q22_k131072_max,PASS,ok,float,map_reduce,max,131072,4194304,trimodal,22131238,1,Map-reduce top-k end-to-end time (ms),44.183,Map-reduce top-k end-to-end time (ms),44.183,Map-reduce top-k algorithmic time (ms),44.02,114294784,exact,4194304,lower-bound
npu,q22_k131072_max,PASS,ok,float,map_reduce,max,131072,4194304,trimodal,22131239,1,Map-reduce top-k end-to-end time (ms),44.041,Map-reduce top-k end-to-end time (ms),44.041,Map-reduce top-k algorithmic time (ms),43.883,114294784,exact,4194304,lower-bound
npu,q22_k131072_max,PASS,ok,float,map_reduce,max,131072,4194304,adversarial,22131238,1,Map-reduce top-k end-to-end time (ms),44.278,Map-reduce top-k end-to-end time (ms),44.278,Map-reduce top-k algorithmic time (ms),44.117,114294784,exact,4194304,lower-bound
npu,q22_k131072_max,PASS,ok,float,map_reduce,max,131072,4194304,adversarial,22131239,1,Map-reduce top-k end-to-end time (ms),44.399,Map-reduce top-k end-to-end time (ms),44.399,Map-reduce top-k algorithmic time (ms),44.218,114294784,exact,4194304,lower-bound
npu,q22_k131072_max,PASS,ok,float,map_reduce,max,131072,4194304,sorted,22131238,1,Map-reduce top-k end-to-end time (ms),170.15,Map-reduce top-k end-to-end time (ms),170.15,Map-reduce top-k algorithmic time (ms),169.929,114294784,exact,4194304,lower-bound
npu,q22_k131072_max,PASS,ok,float,map_reduce,max,131072,4194304,sorted,22131239,1,Map-reduce top-k end-to-end time (ms),170.043,Map-reduce top-k end-to-end time (ms),170.043,Map-reduce top-k algorithmic time (ms),169.845,114294784,exact,4194304,lower-bound
npu,q22_k131072_max,PASS,ok,float,map_reduce,max,131072,4194304,reverse,22131238,1,Map-reduce top-k end-to-end time (ms),8.33,Map-reduce top-k end-to-end time (ms),8.33,Map-reduce top-k algorithmic time (ms),8.227,114294784,exact,4194304,lower-bound
npu,q22_k131072_max,PASS,ok,float,map_reduce,max,131072,4194304,reverse,22131239,1,Map-reduce top-k end-to-end time (ms),8.198,Map-reduce top-k end-to-end time (ms),8.198,Map-reduce top-k algorithmic time (ms),8.098,114294784,exact,4194304,lower-bound
npu,q23_k8_max,PASS,ok,float,map_reduce,max,8,8388608,uniform,23000177,1,Map-reduce top-k end-to-end time (ms),5.383,Map-reduce top-k end-to-end time (ms),5.383,Map-reduce top-k algorithmic time (ms),5.27,230875136,exact,8388608,lower-bound
npu,q23_k8_max,PASS,ok,float,map_reduce,max,8,8388608,uniform,23000178,1,Map-reduce top-k end-to-end time (ms),5.526,Map-reduce top-k end-to-end time (ms),5.526,Map-reduce top-k algorithmic time (ms),5.411,230875136,exact,8388608,lower-bound
npu,q23_k8_max,PASS,ok,float,map_reduce,max,8,8388608,trimodal,23000177,1,Map-reduce top-k end-to-end time (ms),5.295,Map-reduce top-k end-to-end time (ms),5.295,Map-reduce top-k algorithmic time (ms),5.189,230875136,exact,8388608,lower-bound
npu,q23_k8_max,PASS,ok,float,map_reduce,max,8,8388608,trimodal,23000178,1,Map-reduce top-k end-to-end time (ms),5.464,Map-reduce top-k end-to-end time (ms),5.464,Map-reduce top-k algorithmic time (ms),5.355,230875136,exact,8388608,lower-bound
npu,q23_k8_max,PASS,ok,float,map_reduce,max,8,8388608,adversarial,23000177,1,Map-reduce top-k end-to-end time (ms),5.185,Map-reduce top-k end-to-end time (ms),5.185,Map-reduce top-k algorithmic time (ms),5.079,230875136,exact,8388608,lower-bound
npu,q23_k8_max,PASS,ok,float,map_reduce,max,8,8388608,adversarial,23000178,1,Map-reduce top-k end-to-end time (ms),5.265,Map-reduce top-k end-to-end time (ms),5.265,Map-reduce top-k algorithmic time (ms),5.156,230875136,exact,8388608,lower-bound
npu,q23_k8_max,PASS,ok,float,map_reduce,max,8,8388608,sorted,23000177,1,Map-reduce top-k end-to-end time (ms),75.738,Map-reduce top-k end-to-end time (ms),75.738,Map-reduce top-k algorithmic time (ms),75.572,230875136,exact,8388608,lower-bound
npu,q23_k8_max,PASS,ok,float,map_reduce,max,8,8388608,sorted,23000178,1,Map-reduce top-k end-to-end time (ms),75.655,Map-reduce top-k end-to-end time (ms),75.655,Map-reduce top-k algorithmic time (ms),75.491,230875136,exact,8388608,lower-bound
npu,q23_k8_max,PASS,ok,float,map_reduce,max,8,8388608,reverse,23000177,1,Map-reduce top-k end-to-end time (ms),4.641,Map-reduce top-k end-to-end time (ms),4.641,Map-reduce top-k algorithmic time (ms),4.533,230875136,exact,8388608,lower-bound
npu,q23_k8_max,PASS,ok,float,map_reduce,max,8,8388608,reverse,23000178,1,Map-reduce top-k end-to-end time (ms),4.631,Map-reduce top-k end-to-end time (ms),4.631,Map-reduce top-k algorithmic time (ms),4.525,230875136,exact,8388608,lower-bound
npu,q23_k131072_max,PASS,ok,float,map_reduce,max,131072,8388608,uniform,23131241,1,Map-reduce top-k end-to-end time (ms),53.706,Map-reduce top-k end-to-end time (ms),53.706,Map-reduce top-k algorithmic time (ms),53.53,230875136,exact,8388608,lower-bound
npu,q23_k131072_max,PASS,ok,float,map_reduce,max,131072,8388608,uniform,23131242,1,Map-reduce top-k end-to-end time (ms),54.038,Map-reduce top-k end-to-end time (ms),54.038,Map-reduce top-k algorithmic time (ms),53.852,230875136,exact,8388608,lower-bound
npu,q23_k131072_max,PASS,ok,float,map_reduce,max,131072,8388608,trimodal,23131241,1,Map-reduce top-k end-to-end time (ms),54.27,Map-reduce top-k end-to-end time (ms),54.27,Map-reduce top-k algorithmic time (ms),54.1,230875136,exact,8388608,lower-bound
npu,q23_k131072_max,PASS,ok,float,map_reduce,max,131072,8388608,trimodal,23131242,1,Map-reduce top-k end-to-end time (ms),53.82,Map-reduce top-k end-to-end time (ms),53.82,Map-reduce top-k algorithmic time (ms),53.649,230875136,exact,8388608,lower-bound
npu,q23_k131072_max,PASS,ok,float,map_reduce,max,131072,8388608,adversarial,23131241,1,Map-reduce top-k end-to-end time (ms),53.478,Map-reduce top-k end-to-end time (ms),53.478,Map-reduce top-k algorithmic time (ms),53.298,230875136,exact,8388608,lower-bound
npu,q23_k131072_max,PASS,ok,float,map_reduce,max,131072,8388608,adversarial,23131242,1,Map-reduce top-k end-to-end time (ms),53.622,Map-reduce top-k end-to-end time (ms),53.622,Map-reduce top-k algorithmic time (ms),53.437,230875136,exact,8388608,lower-bound
npu,q23_k131072_max,PASS,ok,float,map_reduce,max,131072,8388608,sorted,23131241,1,Map-reduce top-k end-to-end time (ms),336.29,Map-reduce top-k end-to-end time (ms),336.29,Map-reduce top-k algorithmic time (ms),336.066,230875136,exact,8388608,lower-bound
npu,q23_k131072_max,PASS,ok,float,map_reduce,max,131072,8388608,sorted,23131242,1,Map-reduce top-k end-to-end time (ms),336.117,Map-reduce top-k end-to-end time (ms),336.117,Map-reduce top-k algorithmic time (ms),335.9,230875136,exact,8388608,lower-bound
npu,q23_k131072_max,PASS,ok,float,map_reduce,max,131072,8388608,reverse,23131241,1,Map-reduce top-k end-to-end time (ms),10.494,Map-reduce top-k end-to-end time (ms),10.494,Map-reduce top-k algorithmic time (ms),10.365,230875136,exact,8388608,lower-bound
npu,q23_k131072_max,PASS,ok,float,map_reduce,max,131072,8388608,reverse,23131242,1,Map-reduce top-k end-to-end time (ms),10.519,Map-reduce top-k end-to-end time (ms),10.519,Map-reduce top-k algorithmic time (ms),10.398,230875136,exact,8388608,lower-bound
npu,q24_k8_max,PASS,ok,float,map_reduce,max,8,16777216,uniform,24000180,1,Map-reduce top-k end-to-end time (ms),10.402,Map-reduce top-k end-to-end time (ms),10.402,Map-reduce top-k algorithmic time (ms),10.265,461725696,exact,16777216,lower-bound
npu,q24_k8_max,PASS,ok,float,map_reduce,max,8,16777216,uniform,24000181,1,Map-reduce top-k end-to-end time (ms),11.043,Map-reduce top-k end-to-end time (ms),11.043,Map-reduce top-k algorithmic time (ms),10.908,461725696,exact,16777216,lower-bound
npu,q24_k8_max,PASS,ok,float,map_reduce,max,8,16777216,trimodal,24000180,1,Map-reduce top-k end-to-end time (ms),9.617,Map-reduce top-k end-to-end time (ms),9.617,Map-reduce top-k algorithmic time (ms),9.478,461725696,exact,16777216,lower-bound
npu,q24_k8_max,PASS,ok,float,map_reduce,max,8,16777216,trimodal,24000181,1,Map-reduce top-k end-to-end time (ms),10.969,Map-reduce top-k end-to-end time (ms),10.969,Map-reduce top-k algorithmic time (ms),10.829,461725696,exact,16777216,lower-bound
npu,q24_k8_max,PASS,ok,float,map_reduce,max,8,16777216,adversarial,24000180,1,Map-reduce top-k end-to-end time (ms),10.436,Map-reduce top-k end-to-end time (ms),10.436,Map-reduce top-k algorithmic time (ms),10.299,461725696,exact,16777216,lower-bound
npu,q24_k8_max,PASS,ok,float,map_reduce,max,8,16777216,adversarial,24000181,1,Map-reduce top-k end-to-end time (ms),10.23,Map-reduce top-k end-to-end time (ms),10.23,Map-reduce top-k algorithmic time (ms),10.093,461725696,exact,16777216,lower-bound
npu,q24_k8_max,PASS,ok,float,map_reduce,max,8,16777216,sorted,24000180,1,Map-reduce top-k end-to-end time (ms),158.853,Map-reduce top-k end-to-end time (ms),158.853,Map-reduce top-k algorithmic time (ms),158.67,461725696,exact,16777216,lower-bound
npu,q24_k8_max,PASS,ok,float,map_reduce,max,8,16777216,sorted,24000181,1,Map-reduce top-k end-to-end time (ms),158.706,Map-reduce top-k end-to-end time (ms),158.706,Map-reduce top-k algorithmic time (ms),158.519,461725696,exact,16777216,lower-bound
npu,q24_k8_max,PASS,ok,float,map_reduce,max,8,16777216,reverse,24000180,1,Map-reduce top-k end-to-end time (ms),9.098,Map-reduce top-k end-to-end time (ms),9.098,Map-reduce top-k algorithmic time (ms),8.964,461725696,exact,16777216,lower-bound
npu,q24_k8_max,PASS,ok,float,map_reduce,max,8,16777216,reverse,24000181,1,Map-reduce top-k end-to-end time (ms),8.999,Map-reduce top-k end-to-end time (ms),8.999,Map-reduce top-k algorithmic time (ms),8.866,461725696,exact,16777216,lower-bound
npu,q24_k131072_max,PASS,ok,float,map_reduce,max,131072,16777216,uniform,24131244,1,Map-reduce top-k end-to-end time (ms),62.463,Map-reduce top-k end-to-end time (ms),62.463,Map-reduce top-k algorithmic time (ms),62.299,461725696,exact,16777216,lower-bound
npu,q24_k131072_max,PASS,ok,float,map_reduce,max,131072,16777216,uniform,24131245,1,Map-reduce top-k end-to-end time (ms),62.281,Map-reduce top-k end-to-end time (ms),62.281,Map-reduce top-k algorithmic time (ms),62.119,461725696,exact,16777216,lower-bound
npu,q24_k131072_max,PASS,ok,float,map_reduce,max,131072,16777216,trimodal,24131244,1,Map-reduce top-k end-to-end time (ms),62.713,Map-reduce top-k end-to-end time (ms),62.713,Map-reduce top-k algorithmic time (ms),62.559,461725696,exact,16777216,lower-bound
npu,q24_k131072_max,PASS,ok,float,map_reduce,max,131072,16777216,trimodal,24131245,1,Map-reduce top-k end-to-end time (ms),62.898,Map-reduce top-k end-to-end time (ms),62.898,Map-reduce top-k algorithmic time (ms),62.717,461725696,exact,16777216,lower-bound
npu,q24_k131072_max,PASS,ok,float,map_reduce,max,131072,16777216,adversarial,24131244,1,Map-reduce top-k end-to-end time (ms),62.907,Map-reduce top-k end-to-end time (ms),62.907,Map-reduce top-k algorithmic time (ms),62.73,461725696,exact,16777216,lower-bound
npu,q24_k131072_max,PASS,ok,float,map_reduce,max,131072,16777216,adversarial,24131245,1,Map-reduce top-k end-to-end time (ms),62.296,Map-reduce top-k end-to-end time (ms),62.296,Map-reduce top-k algorithmic time (ms),62.124,461725696,exact,16777216,lower-bound
npu,q24_k131072_max,PASS,ok,float,map_reduce,max,131072,16777216,sorted,24131244,1,Map-reduce top-k end-to-end time (ms),665.16,Map-reduce top-k end-to-end time (ms),665.16,Map-reduce top-k algorithmic time (ms),664.944,461725696,exact,16777216,lower-bound
npu,q24_k131072_max,PASS,ok,float,map_reduce,max,131072,16777216,sorted,24131245,1,Map-reduce top-k end-to-end time (ms),664.521,Map-reduce top-k end-to-end time (ms),664.521,Map-reduce top-k algorithmic time (ms),664.313,461725696,exact,16777216,lower-bound
npu,q24_k131072_max,PASS,ok,float,map_reduce,max,131072,16777216,reverse,24131244,1,Map-reduce top-k end-to-end time (ms),14.997,Map-reduce top-k end-to-end time (ms),14.997,Map-reduce top-k algorithmic time (ms),14.856,461725696,exact,16777216,lower-bound
npu,q24_k131072_max,PASS,ok,float,map_reduce,max,131072,16777216,reverse,24131245,1,Map-reduce top-k end-to-end time (ms),15.382,Map-reduce top-k end-to-end time (ms),15.382,Map-reduce top-k algorithmic time (ms),15.242,461725696,exact,16777216,lower-bound
npu,q20_k8_max,PASS,ok,float,gt,max,8,1048576,uniform,20000168,1,Ground truth end-to-end time (ms),0.396,Ground truth end-to-end time (ms),0.396,Ground truth algorithmic time (ms),0.396,4194336,lower-bound,1048576,lower-bound
npu,q20_k8_max,PASS,ok,float,gt,max,8,1048576,uniform,20000169,1,Ground truth end-to-end time (ms),0.399,Ground truth end-to-end time (ms),0.399,Ground truth algorithmic time (ms),0.399,4194336,lower-bound,1048576,lower-bound
npu,q20_k8_max,PASS,ok,float,gt,max,8,1048576,trimodal,20000168,1,Ground truth end-to-end time (ms),0.397,Ground truth end-to-end time (ms),0.397,Ground truth algorithmic time (ms),0.397,4194336,lower-bound,1048576,lower-bound
npu,q20_k8_max,PASS,ok,float,gt,max,8,1048576,trimodal,20000169,1,Ground truth end-to-end time (ms),0.397,Ground truth end-to-end time (ms),0.397,Ground truth algorithmic time (ms),0.397,4194336,lower-bound,1048576,lower-bound
npu,q20_k8_max,PASS,ok,float,gt,max,8,1048576,adversarial,20000168,1,Ground truth end-to-end time (ms),0.483,Ground truth end-to-end time (ms),0.483,Ground truth algorithmic time (ms),0.483,4194336,lower-bound,1048576,lower-bound
npu,q20_k8_max,PASS,ok,float,gt,max,8,1048576,adversarial,20000169,1,Ground truth end-to-end time (ms),0.479,Ground truth end-to-end time (ms),0.479,Ground truth algorithmic time (ms),0.479,4194336,lower-bound,1048576,lower-bound
npu,q20_k8_max,PASS,ok,float,gt,max,8,1048576,sorted,20000168,1,Ground truth end-to-end time (ms),11.414,Ground truth end-to-end time (ms),11.414,Ground truth algorithmic time (ms),11.414,4194336,lower-bound,1048576,lower-bound
npu,q20_k8_max,PASS,ok,float,gt,max,8,1048576,sorted,20000169,1,Ground truth end-to-end time (ms),11.43,Ground truth end-to-end time (ms),11.43,Ground truth algorithmic time (ms),11.43,4194336,lower-bound,1048576,lower-bound
npu,q20_k8_max,PASS,ok,float,gt,max,8,1048576,reverse,20000168,1,Ground truth end-to-end time (ms),0.396,Ground truth end-to-end time (ms),0.396,Ground truth algorithmic time (ms),0.396,4194336,lower-bound,1048576,lower-bound
npu,q20_k8_max,PASS,ok,float,gt,max,8,1048576,reverse,20000169,1,Ground truth end-to-end time (ms),0.395,Ground truth end-to-end time (ms),0.395,Ground truth algorithmic time (ms),0.395,4194336,lower-bound,1048576,lower-bound
npu,q20_k131072_max,PASS,ok,float,gt,max,131072,1048576,uniform,20131232,1,Ground truth end-to-end time (ms),33.084,Ground truth end-to-end time (ms),33.084,Ground truth algorithmic time (ms),33.084,4718592,lower-bound,1048576,lower-bound
npu,q20_k131072_max,PASS,ok,float,gt,max,131072,1048576,uniform,20131233,1,Ground truth end-to-end time (ms),32.868,Ground truth end-to-end time (ms),32.868,Ground truth algorithmic time (ms),32.868,4718592,lower-bound,1048576,lower-bound
npu,q20_k131072_max,PASS,ok,float,gt,max,131072,1048576,trimodal,20131232,1,Ground truth end-to-end time (ms),32.917,Ground truth end-to-end time (ms),32.917,Ground truth algorithmic time (ms),32.917,4718592,lower-bound,1048576,lower-bound
npu,q20_k131072_max,PASS,ok,float,gt,max,131072,1048576,trimodal,20131233,1,Ground truth end-to-end time (ms),32.956,Ground truth end-to-end time (ms),32.956,Ground truth algorithmic time (ms),32.956,4718592,lower-bound,1048576,lower-bound
npu,q20_k131072_max,PASS,ok,float,gt,max,131072,1048576,adversarial,20131232,1,Ground truth end-to-end time (ms),33.065,Ground truth end-to-end time (ms),33.065,Ground truth algorithmic time (ms),33.065,4718592,lower-bound,1048576,lower-bound
npu,q20_k131072_max,PASS,ok,float,gt,max,131072,1048576,adversarial,20131233,1,Ground truth end-to-end time (ms),32.853,Ground truth end-to-end time (ms),32.853,Ground truth algorithmic time (ms),32.853,4718592,lower-bound,1048576,lower-bound
npu,q20_k131072_max,PASS,ok,float,gt,max,131072,1048576,sorted,20131232,1,Ground truth end-to-end time (ms),48.483,Ground truth end-to-end time (ms),48.483,Ground truth algorithmic time (ms),48.483,4718592,lower-bound,1048576,lower-bound
npu,q20_k131072_max,PASS,ok,float,gt,max,131072,1048576,sorted,20131233,1,Ground truth end-to-end time (ms),48.447,Ground truth end-to-end time (ms),48.447,Ground truth algorithmic time (ms),48.447,4718592,lower-bound,1048576,lower-bound
npu,q20_k131072_max,PASS,ok,float,gt,max,131072,1048576,reverse,20131232,1,Ground truth end-to-end time (ms),5.446,Ground truth end-to-end time (ms),5.446,Ground truth algorithmic time (ms),5.446,4718592,lower-bound,1048576,lower-bound
npu,q20_k131072_max,PASS,ok,float,gt,max,131072,1048576,reverse,20131233,1,Ground truth end-to-end time (ms),5.455,Ground truth end-to-end time (ms),5.455,Ground truth algorithmic time (ms),5.455,4718592,lower-bound,1048576,lower-bound
npu,q21_k8_max,PASS,ok,float,gt,max,8,2097152,uniform,21000171,1,Ground truth end-to-end time (ms),0.736,Ground truth end-to-end time (ms),0.736,Ground truth algorithmic time (ms),0.736,8388640,lower-bound,2097152,lower-bound
npu,q21_k8_max,PASS,ok,float,gt,max,8,2097152,uniform,21000172,1,Ground truth end-to-end time (ms),0.746,Ground truth end-to-end time (ms),0.746,Ground truth algorithmic time (ms),0.746,8388640,lower-bound,2097152,lower-bound
npu,q21_k8_max,PASS,ok,float,gt,max,8,2097152,trimodal,21000171,1,Ground truth end-to-end time (ms),0.738,Ground truth end-to-end time (ms),0.738,Ground truth algorithmic time (ms),0.738,8388640,lower-bound,2097152,lower-bound
npu,q21_k8_max,PASS,ok,float,gt,max,8,2097152,trimodal,21000172,1,Ground truth end-to-end time (ms),0.736,Ground truth end-to-end time (ms),0.736,Ground truth algorithmic time (ms),0.736,8388640,lower-bound,2097152,lower-bound
npu,q21_k8_max,PASS,ok,float,gt,max,8,2097152,adversarial,21000171,1,Ground truth end-to-end time (ms),0.818,Ground truth end-to-end time (ms),0.818,Ground truth algorithmic time (ms),0.818,8388640,lower-bound,2097152,lower-bound
npu,q21_k8_max,PASS,ok,float,gt,max,8,2097152,adversarial,21000172,1,Ground truth end-to-end time (ms),0.82,Ground truth end-to-end time (ms),0.82,Ground truth algorithmic time (ms),0.82,8388640,lower-bound,2097152,lower-bound
npu,q21_k8_max,PASS,ok,float,gt,max,8,2097152,sorted,21000171,1,Ground truth end-to-end time (ms),22.913,Ground truth end-to-end time (ms),22.913,Ground truth algorithmic time (ms),22.913,8388640,lower-bound,2097152,lower-bound
npu,q21_k8_max,PASS,ok,float,gt,max,8,2097152,sorted,21000172,1,Ground truth end-to-end time (ms),22.908,Ground truth end-to-end time (ms),22.908,Ground truth algorithmic time (ms),22.908,8388640,lower-bound,2097152,lower-bound
npu,q21_k8_max,PASS,ok,float,gt,max,8,2097152,reverse,21000171,1,Ground truth end-to-end time (ms),0.732,Ground truth end-to-end time (ms),0.732,Ground truth algorithmic time (ms),0.732,8388640,lower-bound,2097152,lower-bound
npu,q21_k8_max,PASS,ok,float,gt,max,8,2097152,reverse,21000172,1,Ground truth end-to-end time (ms),0.734,Ground truth end-to-end time (ms),0.734,Ground truth algorithmic time (ms),0.734,8388640,lower-bound,2097152,lower-bound
npu,q21_k131072_max,PASS,ok,float,gt,max,131072,2097152,uniform,21131235,1,Ground truth end-to-end time (ms),41.949,Ground truth end-to-end time (ms),41.949,Ground truth algorithmic time (ms),41.949,8912896,lower-bound,2097152,lower-bound
npu,q21_k131072_max,PASS,ok,float,gt,max,131072,2097152,uniform,21131236,1,Ground truth end-to-end time (ms),41.956,Ground truth end-to-end time (ms),41.956,Ground truth algorithmic time (ms),41.956,8912896,lower-bound,2097152,lower-bound
npu,q21_k131072_max,PASS,ok,float,gt,max,131072,2097152,trimodal,21131235,1,Ground truth end-to-end time (ms),41.894,Ground truth end-to-end time (ms),41.894,Ground truth algorithmic time (ms),41.894,8912896,lower-bound,2097152,lower-bound
npu,q21_k131072_max,PASS,ok,float,gt,max,131072,2097152,trimodal,21131236,1,Ground truth end-to-end time (ms),41.799,Ground truth end-to-end time (ms),41.799,Ground truth algorithmic time (ms),41.799,8912896,lower-bound,2097152,lower-bound
npu,q21_k131072_max,PASS,ok,float,gt,max,131072,2097152,adversarial,21131235,1,Ground truth end-to-end time (ms),41.13,Ground truth end-to-end time (ms),41.13,Ground truth algorithmic time (ms),41.13,8912896,lower-bound,2097152,lower-bound
npu,q21_k131072_max,PASS,ok,float,gt,max,131072,2097152,adversarial,21131236,1,Ground truth end-to-end time (ms),41.954,Ground truth end-to-end time (ms),41.954,Ground truth algorithmic time (ms),41.954,8912896,lower-bound,2097152,lower-bound
npu,q21_k131072_max,PASS,ok,float,gt,max,131072,2097152,sorted,21131235,1,Ground truth end-to-end time (ms),96.398,Ground truth end-to-end time (ms),96.398,Ground truth algorithmic time (ms),96.398,8912896,lower-bound,2097152,lower-bound
npu,q21_k131072_max,PASS,ok,float,gt,max,131072,2097152,sorted,21131236,1,Ground truth end-to-end time (ms),96.532,Ground truth end-to-end time (ms),96.532,Ground truth algorithmic time (ms),96.532,8912896,lower-bound,2097152,lower-bound
npu,q21_k131072_max,PASS,ok,float,gt,max,131072,2097152,reverse,21131235,1,Ground truth end-to-end time (ms),5.827,Ground truth end-to-end time (ms),5.827,Ground truth algorithmic time (ms),5.827,8912896,lower-bound,2097152,lower-bound
npu,q21_k131072_max,PASS,ok,float,gt,max,131072,2097152,reverse,21131236,1,Ground truth end-to-end time (ms),5.85,Ground truth end-to-end time (ms),5.85,Ground truth algorithmic time (ms),5.85,8912896,lower-bound,2097152,lower-bound
npu,q22_k8_max,PASS,ok,float,gt,max,8,4194304,uniform,22000174,1,Ground truth end-to-end time (ms),1.42,Ground truth end-to-end time (ms),1.42,Ground truth algorithmic time (ms),1.42,16777248,lower-bound,4194304,lower-bound
npu,q22_k8_max,PASS,ok,float,gt,max,8,4194304,uniform,22000175,1,Ground truth end-to-end time (ms),1.43,Ground truth end-to-end time (ms),1.43,Ground truth algorithmic time (ms),1.43,16777248,lower-bound,4194304,lower-bound
npu,q22_k8_max,PASS,ok,float,gt,max,8,4194304,trimodal,22000174,1,Ground truth end-to-end time (ms),1.421,Ground truth end-to-end time (ms),1.421,Ground truth algorithmic time (ms),1.421,16777248,lower-bound,4194304,lower-bound
npu,q22_k8_max,PASS,ok,float,gt,max,8,4194304,trimodal,22000175,1,Ground truth end-to-end time (ms),1.422,Ground truth end-to-end time (ms),1.422,Ground truth algorithmic time (ms),1.422,16777248,lower-bound,4194304,lower-bound
npu,q22_k8_max,PASS,ok,float,gt,max,8,4194304,adversarial,22000174,1,Ground truth end-to-end time (ms),1.511,Ground truth end-to-end time (ms),1.511,Ground truth algorithmic time (ms),1.511,16777248,lower-bound,4194304,lower-bound
npu,q22_k8_max,PASS,ok,float,gt,max,8,4194304,adversarial,22000175,1,Ground truth end-to-end time (ms),1.515,Ground truth end-to-end time (ms),1.515,Ground truth algorithmic time (ms),1.515,16777248,lower-bound,4194304,lower-bound
npu,q22_k8_max,PASS,ok,float,gt,max,8,4194304,sorted,22000174,1,Ground truth end-to-end time (ms),46.378,Ground truth end-to-end time (ms),46.378,Ground truth algorithmic time (ms),46.378,16777248,lower-bound,4194304,lower-bound
npu,q22_k8_max,PASS,ok,float,gt,max,8,4194304,sorted,22000175,1,Ground truth end-to-end time (ms),46.314,Ground truth end-to-end time (ms),46.314,Ground truth algorithmic time (ms),46.314,16777248,lower-bound,4194304,lower-bound
npu,q22_k8_max,PASS,ok,float,gt,max,8,4194304,reverse,22000174,1,Ground truth end-to-end time (ms),1.415,Ground truth end-to-end time (ms),1.415,Ground truth algorithmic time (ms),1.415,16777248,lower-bound,4194304,lower-bound
npu,q22_k8_max,PASS,ok,float,gt,max,8,4194304,reverse,22000175,1,Ground truth end-to-end time (ms),1.419,Ground truth end-to-end time (ms),1.419,Ground truth algorithmic time (ms),1.419,16777248,lower-bound,4194304,lower-bound
npu,q22_k131072_max,PASS,ok,float,gt,max,131072,4194304,uniform,22131238,1,Ground truth end-to-end time (ms),51.889,Ground truth end-to-end time (ms),51.889,Ground truth algorithmic time (ms),51.889,17301504,lower-bound,4194304,lower-bound
npu,q22_k131072_max,PASS,ok,float,gt,max,131072,4194304,uniform,22131239,1,Ground truth end-to-end time (ms),52.018,Ground truth end-to-end time (ms),52.018,Ground truth algorithmic time (ms),52.018,17301504,lower-bound,4194304,lower-bound
npu,q22_k131072_max,PASS,ok,float,gt,max,131072,4194304,trimodal,22131238,1,Ground truth end-to-end time (ms),51.437,Ground truth end-to-end time (ms),51.437,Ground truth algorithmic time (ms),51.437,17301504,lower-bound,4194304,lower-bound
npu,q22_k131072_max,PASS,ok,float,gt,max,131072,4194304,trimodal,22131239,1,Ground truth end-to-end time (ms),52.005,Ground truth end-to-end time (ms),52.005,Ground truth algorithmic time (ms),52.005,17301504,lower-bound,4194304,lower-bound
npu,q22_k131072_max,PASS,ok,float,gt,max,131072,4194304,adversarial,22131238,1,Ground truth end-to-end time (ms),51.937,Ground truth end-to-end time (ms),51.937,Ground truth algorithmic time (ms),51.937,17301504,lower-bound,4194304,lower-bound
npu,q22_k131072_max,PASS,ok,float,gt,max,131072,4194304,adversarial,22131239,1,Ground truth end-to-end time (ms),51.728,Ground truth end-to-end time (ms),51.728,Ground truth algorithmic time (ms),51.728,17301504,lower-bound,4194304,lower-bound
npu,q22_k131072_max,PASS,ok,float,gt,max,131072,4194304,sorted,22131238,1,Ground truth end-to-end time (ms),191.902,Ground truth end-to-end time (ms),191.902,Ground truth algorithmic time (ms),191.902,17301504,lower-bound,4194304,lower-bound
npu,q22_k131072_max,PASS,ok,float,gt,max,131072,4194304,sorted,22131239,1,Ground truth end-to-end time (ms),191.815,Ground truth end-to-end time (ms),191.815,Ground truth algorithmic time (ms),191.815,17301504,lower-bound,4194304,lower-bound
npu,q22_k131072_max,PASS,ok,float,gt,max,131072,4194304,reverse,22131238,1,Ground truth end-to-end time (ms),6.53,Ground truth end-to-end time (ms),6.53,Ground truth algorithmic time (ms),6.53,17301504,lower-bound,4194304,lower-bound
npu,q22_k131072_max,PASS,ok,float,gt,max,131072,4194304,reverse,22131239,1,Ground truth end-to-end time (ms),6.514,Ground truth end-to-end time (ms),6.514,Ground truth algorithmic time (ms),6.514,17301504,lower-bound,4194304,lower-bound
npu,q23_k8_max,PASS,ok,float,gt,max,8,8388608,uniform,23000177,1,Ground truth end-to-end time (ms),2.898,Ground truth end-to-end time (ms),2.898,Ground truth algorithmic time (ms),2.898,33554464,lower-bound,8388608,lower-bound
npu,q23_k8_max,PASS,ok,float,gt,max,8,8388608,uniform,23000178,1,Ground truth end-to-end time (ms),2.895,Ground truth end-to-end time (ms),2.895,Ground truth algorithmic time (ms),2.895,33554464,lower-bound,8388608,lower-bound
npu,q23_k8_max,PASS,ok,float,gt,max,8,8388608,trimodal,23000177,1,Ground truth end-to-end time (ms),2.891,Ground truth end-to-end time (ms),2.891,Ground truth algorithmic time (ms),2.891,33554464,lower-bound,8388608,lower-bound
npu,q23_k8_max,PASS,ok,float,gt,max,8,8388608,trimodal,23000178,1,Ground truth end-to-end time (ms),2.896,Ground truth end-to-end time (ms),2.896,Ground truth algorithmic time (ms),2.896,33554464,lower-bound,8388608,lower-bound
npu,q23_k8_max,PASS,ok,float,gt,max,8,8388608,adversarial,23000177,1,Ground truth end-to-end time (ms),2.981,Ground truth end-to-end time (ms),2.981,Ground truth algorithmic time (ms),2.981,33554464,lower-bound,8388608,lower-bound
npu,q23_k8_max,PASS,ok,float,gt,max,8,8388608,adversarial,23000178,1,Ground truth end-to-end time (ms),2.964,Ground truth end-to-end time (ms),2.964,Ground truth algorithmic time (ms),2.964,33554464,lower-bound,8388608,lower-bound
npu,q23_k8_max,PASS,ok,float,gt,max,8,8388608,sorted,23000177,1,Ground truth end-to-end time (ms),95.18,Ground truth end-to-end time (ms),95.18,Ground truth algorithmic time (ms),95.18,33554464,lower-bound,8388608,lower-bound
npu,q23_k8_max,PASS,ok,float,gt,max,8,8388608,sorted,23000178,1,Ground truth end-to-end time (ms),95.375,Ground truth end-to-end time (ms),95.375,Ground truth algorithmic time (ms),95.375,33554464,lower-bound,8388608,lower-bound
npu,q23_k8_max,PASS,ok,float,gt,max,8,8388608,reverse,23000177,1,Ground truth end-to-end time (ms),2.858,Ground truth end-to-end time (ms),2.858,Ground truth algorithmic time (ms),2.858,33554464,lower-bound,8388608,lower-bound
npu,q23_k8_max,PASS,ok,float,gt,max,8,8388608,reverse,23000178,1,Ground truth end-to-end time (ms),2.886,Ground truth end-to-end time (ms),2.886,Ground truth algorithmic time (ms),2.886,33554464,lower-bound,8388608,lower-bound
npu,q23_k131072_max,PASS,ok,float,gt,max,131072,8388608,uniform,23131241,1,Ground truth end-to-end time (ms),60.982,Ground truth end-to-end time (ms),60.982,Ground truth algorithmic time (ms),60.982,34078720,lower-bound,8388608,lower-bound
npu,q23_k131072_max,PASS,ok,float,gt,max,131072,8388608,uniform,23131242,1,Ground truth end-to-end time (ms),62.468,Ground truth end-to-end time (ms),62.468,Ground truth algorithmic time (ms),62.468,34078720,lower-bound,8388608,lower-bound
npu,q23_k131072_max,PASS,ok,float,gt,max,131072,8388608,trimodal,23131241,1,Ground truth end-to-end time (ms),62.475,Ground truth end-to-end time (ms),62.475,Ground truth algorithmic time (ms),62.475,34078720,lower-bound,8388608,lower-bound
npu,q23_k131072_max,PASS,ok,float,gt,max,131072,8388608,trimodal,23131242,1,Ground truth end-to-end time (ms),62.459,Ground truth end-to-end time (ms),62.459,Ground truth algorithmic time (ms),62.459,34078720,lower-bound,8388608,lower-bound
npu,q23_k131072_max,PASS,ok,float,gt,max,131072,8388608,adversarial,23131241,1,Ground truth end-to-end time (ms),62.557,Ground truth end-to-end time (ms),62.557,Ground truth algorithmic time (ms),62.557,34078720,lower-bound,8388608,lower-bound
npu,q23_k131072_max,PASS,ok,float,gt,max,131072,8388608,adversarial,23131242,1,Ground truth end-to-end time (ms),62.427,Ground truth end-to-end time (ms),62.427,Ground truth algorithmic time (ms),62.427,34078720,lower-bound,8388608,lower-bound
npu,q23_k131072_max,PASS,ok,float,gt,max,131072,8388608,sorted,23131241,1,Ground truth end-to-end time (ms),382.813,Ground truth end-to-end time (ms),382.813,Ground truth algorithmic time (ms),382.813,34078720,lower-bound,8388608,lower-bound
npu,q23_k131072_max,PASS,ok,float,gt,max,131072,8388608,sorted,23131242,1,Ground truth end-to-end time (ms),383.021,Ground truth end-to-end time (ms),383.021,Ground truth algorithmic time (ms),383.021,34078720,lower-bound,8388608,lower-bound
npu,q23_k131072_max,PASS,ok,float,gt,max,131072,8388608,reverse,23131241,1,Ground truth end-to-end time (ms),7.991,Ground truth end-to-end time (ms),7.991,Ground truth algorithmic time (ms),7.991,34078720,lower-bound,8388608,lower-bound
npu,q23_k131072_max,PASS,ok,float,gt,max,131072,8388608,reverse,23131242,1,Ground truth end-to-end time (ms),7.997,Ground truth end-to-end time (ms),7.997,Ground truth algorithmic time (ms),7.997,34078720,lower-bound,8388608,lower-bound
npu,q24_k8_max,PASS,ok,float,gt,max,8,16777216,uniform,24000180,1,Ground truth end-to-end time (ms),5.603,Ground truth end-to-end time (ms),5.603,Ground truth algorithmic time (ms),5.603,67108896,lower-bound,16777216,lower-bound
npu,q24_k8_max,PASS,ok,float,gt,max,8,16777216,uniform,24000181,1,Ground truth end-to-end time (ms),5.592,Ground truth end-to-end time (ms),5.592,Ground truth algorithmic time (ms),5.592,67108896,lower-bound,16777216,lower-bound
npu,q24_k8_max,PASS,ok,float,gt,max,8,16777216,trimodal,24000180,1,Ground truth end-to-end time (ms),5.602,Ground truth end-to-end time (ms),5.602,Ground truth algorithmic time (ms),5.602,67108896,lower-bound,16777216,lower-bound
npu,q24_k8_max,PASS,ok,float,gt,max,8,16777216,trimodal,24000181,1,Ground truth end-to-end time (ms),5.612,Ground truth end-to-end time (ms),5.612,Ground truth algorithmic time (ms),5.612,67108896,lower-bound,16777216,lower-bound
npu,q24_k8_max,PASS,ok,float,gt,max,8,16777216,adversarial,24000180,1,Ground truth end-to-end time (ms),5.68,Ground truth end-to-end time (ms),5.68,Ground truth algorithmic time (ms),5.68,67108896,lower-bound,16777216,lower-bound
npu,q24_k8_max,PASS,ok,float,gt,max,8,16777216,adversarial,24000181,1,Ground truth end-to-end time (ms),5.668,Ground truth end-to-end time (ms),5.668,Ground truth algorithmic time (ms),5.668,67108896,lower-bound,16777216,lower-bound
npu,q24_k8_max,PASS,ok,float,gt,max,8,16777216,sorted,24000180,1,Ground truth end-to-end time (ms),197.22,Ground truth end-to-end time (ms),197.22,Ground truth algorithmic time (ms),197.22,67108896,lower-bound,16777216,lower-bound
npu,q24_k8_max,PASS,ok,float,gt,max,8,16777216,sorted,24000181,1,Ground truth end-to-end time (ms),197.153,Ground truth end-to-end time (ms),197.153,Ground truth algorithmic time (ms),197.153,67108896,lower-bound,16777216,lower-bound
npu,q24_k8_max,PASS,ok,float,gt,max,8,16777216,reverse,24000180,1,Ground truth end-to-end time (ms),5.588,Ground truth end-to-end time (ms),5.588,Ground truth algorithmic time (ms),5.588,67108896,lower-bound,16777216,lower-bound
npu,q24_k8_max,PASS,ok,float,gt,max,8,16777216,reverse,24000181,1,Ground truth end-to-end time (ms),5.618,Ground truth end-to-end time (ms),5.618,Ground truth algorithmic time (ms),5.618,67108896,lower-bound,16777216,lower-bound
npu,q24_k131072_max,PASS,ok,float,gt,max,131072,16777216,uniform,24131244,1,Ground truth end-to-end time (ms),76.149,Ground truth end-to-end time (ms),76.149,Ground truth algorithmic time (ms),76.149,67633152,lower-bound,16777216,lower-bound
npu,q24_k131072_max,PASS,ok,float,gt,max,131072,16777216,uniform,24131245,1,Ground truth end-to-end time (ms),75.8,Ground truth end-to-end time (ms),75.8,Ground truth algorithmic time (ms),75.8,67633152,lower-bound,16777216,lower-bound
npu,q24_k131072_max,PASS,ok,float,gt,max,131072,16777216,trimodal,24131244,1,Ground truth end-to-end time (ms),74.028,Ground truth end-to-end time (ms),74.028,Ground truth algorithmic time (ms),74.028,67633152,lower-bound,16777216,lower-bound
npu,q24_k131072_max,PASS,ok,float,gt,max,131072,16777216,trimodal,24131245,1,Ground truth end-to-end time (ms),73.816,Ground truth end-to-end time (ms),73.816,Ground truth algorithmic time (ms),73.816,67633152,lower-bound,16777216,lower-bound
npu,q24_k131072_max,PASS,ok,float,gt,max,131072,16777216,adversarial,24131244,1,Ground truth end-to-end time (ms),73.94,Ground truth end-to-end time (ms),73.94,Ground truth algorithmic time (ms),73.94,67633152,lower-bound,16777216,lower-bound
npu,q24_k131072_max,PASS,ok,float,gt,max,131072,16777216,adversarial,24131245,1,Ground truth end-to-end time (ms),75.863,Ground truth end-to-end time (ms),75.863,Ground truth algorithmic time (ms),75.863,67633152,lower-bound,16777216,lower-bound
npu,q24_k131072_max,PASS,ok,float,gt,max,131072,16777216,sorted,24131244,1,Ground truth end-to-end time (ms),764.692,Ground truth end-to-end time (ms),764.692,Ground truth algorithmic time (ms),764.692,67633152,lower-bound,16777216,lower-bound
npu,q24_k131072_max,PASS,ok,float,gt,max,131072,16777216,sorted,24131245,1,Ground truth end-to-end time (ms),766.886,Ground truth end-to-end time (ms),766.886,Ground truth algorithmic time (ms),766.886,67633152,lower-bound,16777216,lower-bound
npu,q24_k131072_max,PASS,ok,float,gt,max,131072,16777216,reverse,24131244,1,Ground truth end-to-end time (ms),10.728,Ground truth end-to-end time (ms),10.728,Ground truth algorithmic time (ms),10.728,67633152,lower-bound,16777216,lower-bound
npu,q24_k131072_max,PASS,ok,float,gt,max,131072,16777216,reverse,24131245,1,Ground truth end-to-end time (ms),10.703,Ground truth end-to-end time (ms),10.703,Ground truth algorithmic time (ms),10.703,67633152,lower-bound,16777216,lower-bound
