source,backend,dtype,algorithm,mode,k,n,dist,seed,rep,file_path,elapsed_seconds,energy_joules,average_watts,baseline_watts,net_energy_joules,net_average_watts,command_exit_code,inproc_counters,inproc_e2e_joules,inproc_algo_joules,inproc_e2e_seconds,inproc_algo_seconds,inproc_net_e2e_joules,inproc_net_algo_joules,inproc_loop_joules,inproc_loop_seconds
rapl,cpu,float,bitonic,max,256,65536,uniform,16000404,1,bench/results/raw/energy/measurements/20260817_174754_cpu_float_bitonic_q16_k256_max_uniform_s16000404_rep1_rapl.txt,0.033267,0.368099,11.064824,4.871461,0.206038,6.193363,0,rapl:package+core,0.231388,0.231388,0.021896,0.021896,0.124722489944,0.124722489944,0.279679,0.026382
rapl,cpu,float,bitonic,max,256,65536,uniform,16000404,2,bench/results/raw/energy/measurements/20260817_174754_cpu_float_bitonic_q16_k256_max_uniform_s16000404_rep2_rapl.txt,0.033395,0.353802,10.594444,4.871461,0.191119,5.722983,0,rapl:package+core,0.223758,0.223758,0.022058,0.022058,0.116303313262,0.116303313262,0.258821,0.026574
rapl,cpu,float,bitonic,max,256,65536,uniform,16000404,3,bench/results/raw/energy/measurements/20260817_174754_cpu_float_bitonic_q16_k256_max_uniform_s16000404_rep3_rapl.txt,0.035034,0.356747,10.182827,4.871461,0.186079,5.311366,0,rapl:package+core,0.229327,0.229327,0.022161,0.022161,0.121370552779,0.121370552779,0.282197,0.026809
rapl,cpu,float,bitonic,max,4096,65536,uniform,16004244,1,bench/results/raw/energy/measurements/20260817_174754_cpu_float_bitonic_q16_k4096_max_uniform_s16004244_rep1_rapl.txt,0.051689,0.525729,10.170974,4.871461,0.273927,5.299513,0,rapl:package+core,0.359067,0.359067,0.037318,0.037318,0.177273818402,0.177273818402,0.403605,0.042569
rapl,cpu,float,bitonic,max,4096,65536,uniform,16004244,2,bench/results/raw/energy/measurements/20260817_174754_cpu_float_bitonic_q16_k4096_max_uniform_s16004244_rep2_rapl.txt,0.052671,0.520725,9.886378,4.871461,0.26414,5.014917,0,rapl:package+core,0.396586,0.396586,0.037383,0.037383,0.214476173437,0.214476173437,0.430245,0.042294
rapl,cpu,float,bitonic,max,4096,65536,uniform,16004244,3,bench/results/raw/energy/measurements/20260817_174754_cpu_float_bitonic_q16_k4096_max_uniform_s16004244_rep3_rapl.txt,0.052647,0.537325,10.206255,4.871461,0.280859,5.334794,0,rapl:package+core,0.378458,0.378458,0.037317,0.037317,0.196669689863,0.196669689863,0.423974,0.042235
rapl,cpu,float,bitonic,max,8,65536,uniform,16000156,1,bench/results/raw/energy/measurements/20260817_174754_cpu_float_bitonic_q16_k8_max_uniform_s16000156_rep1_rapl.txt,0.019786,0.22919,11.583652,4.871461,0.132805,6.712191,0,rapl:package+core,0.092875,0.092875,0.009459,0.009459,0.046795850401,0.046795850401,0.152412,0.01429
rapl,cpu,float,bitonic,max,8,65536,uniform,16000156,2,bench/results/raw/energy/measurements/20260817_174754_cpu_float_bitonic_q16_k8_max_uniform_s16000156_rep2_rapl.txt,0.019116,0.205144,10.731442,4.871461,0.11202,5.859981,0,rapl:package+core,0.09376,0.09376,0.009212,0.009212,0.048884101268,0.048884101268,0.151573,0.013787
rapl,cpu,float,bitonic,max,8,65536,uniform,16000156,3,bench/results/raw/energy/measurements/20260817_174754_cpu_float_bitonic_q16_k8_max_uniform_s16000156_rep3_rapl.txt,0.019373,0.185965,9.598978,4.871461,0.091588,4.727517,0,rapl:package+core,0.067762,0.067762,0.009296,0.009296,0.022476898544,0.022476898544,0.125696,0.013945
rapl,cpu,float,bitonic,max,131072,131072,uniform,17131223,1,bench/results/raw/energy/measurements/20260817_174754_cpu_float_bitonic_q17_k131072_max_uniform_s17131223_rep1_rapl.txt,0.156239,1.648383,10.550424,4.871461,0.887273,5.678963,0,rapl:package+core,1.137835,1.137835,0.104259,0.104259,0.629941347601,0.629941347601,1.163362,0.106396
rapl,cpu,float,bitonic,max,131072,131072,uniform,17131223,2,bench/results/raw/energy/measurements/20260817_174754_cpu_float_bitonic_q17_k131072_max_uniform_s17131223_rep2_rapl.txt,0.157361,1.61924,10.289953,4.871461,0.852661,5.418492,0,rapl:package+core,1.094548,1.094548,0.104778,0.104778,0.584126059342,0.584126059342,1.120105,0.106971
rapl,cpu,float,bitonic,max,131072,131072,uniform,17131223,3,bench/results/raw/energy/measurements/20260817_174754_cpu_float_bitonic_q17_k131072_max_uniform_s17131223_rep3_rapl.txt,0.158466,1.64521,10.382079,4.871461,0.873247,5.510618,0,rapl:package+core,1.134616,1.134616,0.104729,0.104729,0.624432760931,0.624432760931,1.147234,0.106915
rapl,cpu,float,bitonic,max,256,131072,uniform,17000407,1,bench/results/raw/energy/measurements/20260817_174754_cpu_float_bitonic_q17_k256_max_uniform_s17000407_rep1_rapl.txt,0.045861,0.542803,11.83589,4.871461,0.319394,6.964429,0,rapl:package+core,0.334516,0.334516,0.02669,0.02669,0.20449670591,0.20449670591,0.454505,0.037624
rapl,cpu,float,bitonic,max,256,131072,uniform,17000407,2,bench/results/raw/energy/measurements/20260817_174754_cpu_float_bitonic_q17_k256_max_uniform_s17000407_rep2_rapl.txt,0.04466,0.541705,12.129574,4.871461,0.324146,7.258113,0,rapl:package+core,0.310972,0.310972,0.025485,0.025485,0.186822816415,0.186822816415,0.428307,0.03633
rapl,cpu,float,bitonic,max,256,131072,uniform,17000407,3,bench/results/raw/energy/measurements/20260817_174754_cpu_float_bitonic_q17_k256_max_uniform_s17000407_rep3_rapl.txt,0.04464,0.537143,12.032885,4.871461,0.319683,7.161424,0,rapl:package+core,0.298538,0.298538,0.025443,0.025443,0.174593417777,0.174593417777,0.429864,0.036277
rapl,cpu,float,bitonic,max,4096,131072,uniform,17004247,1,bench/results/raw/energy/measurements/20260817_174754_cpu_float_bitonic_q17_k4096_max_uniform_s17004247_rep1_rapl.txt,0.060227,0.760001,12.618859,4.871461,0.466606,7.747398,0,rapl:package+core,0.452966,0.452966,0.039131,0.039131,0.262340859609,0.262340859609,0.6452,0.049758
rapl,cpu,float,bitonic,max,4096,131072,uniform,17004247,2,bench/results/raw/energy/measurements/20260817_174754_cpu_float_bitonic_q17_k4096_max_uniform_s17004247_rep2_rapl.txt,0.05999,0.743736,12.397681,4.871461,0.451497,7.52622,0,rapl:package+core,0.489599,0.489599,0.039028,0.039028,0.299475620092,0.299475620092,0.610885,0.049562
rapl,cpu,float,bitonic,max,4096,131072,uniform,17004247,3,bench/results/raw/energy/measurements/20260817_174754_cpu_float_bitonic_q17_k4096_max_uniform_s17004247_rep3_rapl.txt,0.060205,0.745064,12.375405,4.871461,0.451777,7.503944,0,rapl:package+core,0.482687,0.482687,0.039061,0.039061,0.292402861879,0.292402861879,0.61656,0.049626
rapl,cpu,float,bitonic,max,8,131072,uniform,17000159,1,bench/results/raw/energy/measurements/20260817_174754_cpu_float_bitonic_q17_k8_max_uniform_s17000159_rep1_rapl.txt,0.02906,0.303664,10.449679,4.871461,0.162101,5.578218,0,rapl:package+core,0.102427,0.102427,0.010855,0.010855,0.049547290845,0.049547290845,0.23778,0.020857
rapl,cpu,float,bitonic,max,8,131072,uniform,17000159,2,bench/results/raw/energy/measurements/20260817_174754_cpu_float_bitonic_q17_k8_max_uniform_s17000159_rep2_rapl.txt,0.02761,0.319045,11.555488,4.871461,0.184545,6.684027,0,rapl:package+core,0.129754,0.129754,0.010864,0.010864,0.076830447696,0.076830447696,0.223103,0.020856
rapl,cpu,float,bitonic,max,8,131072,uniform,17000159,3,bench/results/raw/energy/measurements/20260817_174754_cpu_float_bitonic_q17_k8_max_uniform_s17000159_rep3_rapl.txt,0.027556,0.31224,11.331229,4.871461,0.178003,6.459768,0,rapl:package+core,0.127357,0.127357,0.010808,0.010808,0.074706249512,0.074706249512,0.229343,0.020749
rapl,cpu,float,bitonic,max,131072,262144,uniform,18131226,1,bench/results/raw/energy/measurements/20260817_174754_cpu_float_bitonic_q18_k131072_max_uniform_s18131226_rep1_rapl.txt,0.200592,2.615771,13.040284,4.871461,1.638597,8.168823,0,rapl:package+core,1.679939,1.679939,0.124316,0.124316,1.07433845432,1.07433845432,2.027056,0.145747
rapl,cpu,float,bitonic,max,131072,262144,uniform,18131226,2,bench/results/raw/energy/measurements/20260817_174754_cpu_float_bitonic_q18_k131072_max_uniform_s18131226_rep2_rapl.txt,0.200701,2.687116,13.388637,4.871461,1.709408,8.517176,0,rapl:package+core,1.78259,1.78259,0.124276,0.124276,1.17718431276,1.17718431276,2.087829,0.146001
rapl,cpu,float,bitonic,max,131072,262144,uniform,18131226,3,bench/results/raw/energy/measurements/20260817_174754_cpu_float_bitonic_q18_k131072_max_uniform_s18131226_rep3_rapl.txt,0.200356,2.628496,13.119112,4.871461,1.652468,8.247651,0,rapl:package+core,1.636755,1.636755,0.123814,0.123814,1.03359992775,1.03359992775,2.016619,0.145209
rapl,cpu,float,bitonic,max,256,262144,uniform,18000410,1,bench/results/raw/energy/measurements/20260817_174754_cpu_float_bitonic_q18_k256_max_uniform_s18000410_rep1_rapl.txt,0.060091,0.865327,14.400158,4.871461,0.572594,9.528697,0,rapl:package+core,0.384973,0.384973,0.02771,0.02771,0.24998481569,0.24998481569,0.719125,0.048951
rapl,cpu,float,bitonic,max,256,262144,uniform,18000410,2,bench/results/raw/energy/measurements/20260817_174754_cpu_float_bitonic_q18_k256_max_uniform_s18000410_rep2_rapl.txt,0.059226,0.854097,14.421088,4.871461,0.565582,9.549627,0,rapl:package+core,0.45281,0.45281,0.027375,0.027375,0.319453755125,0.319453755125,0.714425,0.048099
rapl,cpu,float,bitonic,max,256,262144,uniform,18000410,3,bench/results/raw/energy/measurements/20260817_174754_cpu_float_bitonic_q18_k256_max_uniform_s18000410_rep3_rapl.txt,0.059724,0.852296,14.270556,4.871461,0.561352,9.399095,0,rapl:package+core,0.386562,0.386562,0.027583,0.027583,0.252192491237,0.252192491237,0.711557,0.048668
rapl,cpu,float,bitonic,max,4096,262144,uniform,18004250,1,bench/results/raw/energy/measurements/20260817_174754_cpu_float_bitonic_q18_k4096_max_uniform_s18004250_rep1_rapl.txt,0.076283,1.17717,15.431573,4.871461,0.805559,10.560112,0,rapl:package+core,0.629331,0.629331,0.041756,0.041756,0.425918274484,0.425918274484,1.012429,0.062838
rapl,cpu,float,bitonic,max,4096,262144,uniform,18004250,2,bench/results/raw/energy/measurements/20260817_174754_cpu_float_bitonic_q18_k4096_max_uniform_s18004250_rep2_rapl.txt,0.076349,1.166978,15.28478,4.871461,0.795047,10.413319,0,rapl:package+core,0.615553,0.615553,0.041958,0.041958,0.411156239362,0.411156239362,1.002923,0.063173
rapl,cpu,float,bitonic,max,4096,262144,uniform,18004250,3,bench/results/raw/energy/measurements/20260817_174754_cpu_float_bitonic_q18_k4096_max_uniform_s18004250_rep3_rapl.txt,0.076515,1.188201,15.529051,4.871461,0.815463,10.65759,0,rapl:package+core,0.612883,0.612883,0.041872,0.041872,0.408905185008,0.408905185008,1.016473,0.063099
rapl,cpu,float,bitonic,max,8,262144,uniform,18000162,1,bench/results/raw/energy/measurements/20260817_174754_cpu_float_bitonic_q18_k8_max_uniform_s18000162_rep1_rapl.txt,0.043186,0.488027,11.300597,4.871461,0.277648,6.429136,0,rapl:package+core,0.128488,0.128488,0.012893,0.012893,0.065680253327,0.065680253327,0.395716,0.033517
rapl,cpu,float,bitonic,max,8,262144,uniform,18000162,2,bench/results/raw/energy/measurements/20260817_174754_cpu_float_bitonic_q18_k8_max_uniform_s18000162_rep2_rapl.txt,0.044525,0.496419,11.149123,4.871461,0.279515,6.277662,0,rapl:package+core,0.151451,0.151451,0.012869,0.012869,0.088760168391,0.088760168391,0.386302,0.033641
rapl,cpu,float,bitonic,max,8,262144,uniform,18000162,3,bench/results/raw/energy/measurements/20260817_174754_cpu_float_bitonic_q18_k8_max_uniform_s18000162_rep3_rapl.txt,0.044516,0.504566,11.334525,4.871461,0.287709,6.463064,0,rapl:package+core,0.142112,0.142112,0.013812,0.013812,0.074827380668,0.074827380668,0.391582,0.034647
rapl,cpu,float,bitonic,max,131072,524288,uniform,19131229,1,bench/results/raw/energy/measurements/20260817_174754_cpu_float_bitonic_q19_k131072_max_uniform_s19131229_rep1_rapl.txt,0.200543,3.756962,18.733954,4.871461,2.780025,13.862493,0,rapl:package+core,2.746822,2.746822,0.128438,0.128438,2.12114129208,2.12114129208,2.979079,0.137879
rapl,cpu,float,bitonic,max,131072,524288,uniform,19131229,2,bench/results/raw/energy/measurements/20260817_174754_cpu_float_bitonic_q19_k131072_max_uniform_s19131229_rep2_rapl.txt,0.199995,3.724615,18.623581,4.871461,2.750349,13.75212,0,rapl:package+core,2.733469,2.733469,0.128297,0.128297,2.10847516808,2.10847516808,2.965163,0.137662
rapl,cpu,float,bitonic,max,131072,524288,uniform,19131229,3,bench/results/raw/energy/measurements/20260817_174754_cpu_float_bitonic_q19_k131072_max_uniform_s19131229_rep3_rapl.txt,0.200808,3.753407,18.691561,4.871461,2.775181,13.8201,0,rapl:package+core,2.848744,2.848744,0.130368,0.130368,2.21366137235,2.21366137235,2.994123,0.139308
rapl,cpu,float,bitonic,max,256,524288,uniform,19000413,1,bench/results/raw/energy/measurements/20260817_174754_cpu_float_bitonic_q19_k256_max_uniform_s19000413_rep1_rapl.txt,0.098575,1.658484,16.824611,4.871461,1.17828,11.95315,0,rapl:package+core,0.682595,0.682595,0.03847,0.03847,0.49518989533,0.49518989533,1.418459,0.082237
rapl,cpu,float,bitonic,max,256,524288,uniform,19000413,2,bench/results/raw/energy/measurements/20260817_174754_cpu_float_bitonic_q19_k256_max_uniform_s19000413_rep2_rapl.txt,0.093138,1.527615,16.401717,4.871461,1.073899,11.530256,0,rapl:package+core,0.561126,0.561126,0.034572,0.034572,0.392709850308,0.392709850308,1.291437,0.076658
rapl,cpu,float,bitonic,max,256,524288,uniform,19000413,3,bench/results/raw/energy/measurements/20260817_174754_cpu_float_bitonic_q19_k256_max_uniform_s19000413_rep3_rapl.txt,0.090987,1.489333,16.368555,4.871461,1.046091,11.497094,0,rapl:package+core,0.473486,0.473486,0.032945,0.032945,0.312995717355,0.312995717355,1.289209,0.074826
rapl,cpu,float,bitonic,max,4096,524288,uniform,19004253,1,bench/results/raw/energy/measurements/20260817_174754_cpu_float_bitonic_q19_k4096_max_uniform_s19004253_rep1_rapl.txt,0.109572,2.062653,18.824565,4.871461,1.528875,13.953104,0,rapl:package+core,1.120195,1.120195,0.048099,0.048099,0.885882597361,0.885882597361,1.779831,0.090596
rapl,cpu,float,bitonic,max,4096,524288,uniform,19004253,2,bench/results/raw/energy/measurements/20260817_174754_cpu_float_bitonic_q19_k4096_max_uniform_s19004253_rep2_rapl.txt,0.101354,1.947988,19.219578,4.871461,1.454244,14.348117,0,rapl:package+core,1.09696,1.09696,0.04528,0.04528,0.87638024592,0.87638024592,1.662832,0.082203
rapl,cpu,float,bitonic,max,4096,524288,uniform,19004253,3,bench/results/raw/energy/measurements/20260817_174754_cpu_float_bitonic_q19_k4096_max_uniform_s19004253_rep3_rapl.txt,0.106446,1.972996,18.535219,4.871461,1.454449,13.663758,0,rapl:package+core,0.95138,0.95138,0.045197,0.045197,0.731204577183,0.731204577183,1.679845,0.087516
rapl,cpu,float,bitonic,max,8,524288,uniform,19000165,1,bench/results/raw/energy/measurements/20260817_174754_cpu_float_bitonic_q19_k8_max_uniform_s19000165_rep1_rapl.txt,0.076503,0.919966,12.025184,4.871461,0.547283,7.153723,0,rapl:package+core,0.352965,0.352965,0.019545,0.019545,0.257752294755,0.257752294755,0.739449,0.061405
rapl,cpu,float,bitonic,max,8,524288,uniform,19000165,2,bench/results/raw/energy/measurements/20260817_174754_cpu_float_bitonic_q19_k8_max_uniform_s19000165_rep2_rapl.txt,0.077022,0.933729,12.122913,4.871461,0.55852,7.251452,0,rapl:package+core,0.169348,0.169348,0.019741,0.019741,0.073180488399,0.073180488399,0.762106,0.062088
rapl,cpu,float,bitonic,max,8,524288,uniform,19000165,3,bench/results/raw/energy/measurements/20260817_174754_cpu_float_bitonic_q19_k8_max_uniform_s19000165_rep3_rapl.txt,0.07694,0.929533,12.081299,4.871461,0.554724,7.209838,0,rapl:package+core,0.271425,0.271425,0.020177,0.020177,0.173133531403,0.173133531403,0.746055,0.062023
rapl,cpu,float,bitonic,max,131072,1048576,uniform,20131232,1,bench/results/raw/energy/measurements/20260817_174754_cpu_float_bitonic_q20_k131072_max_uniform_s20131232_rep1_rapl.txt,0.282009,6.349602,22.51561,4.871461,4.975807,17.644149,0,rapl:package+core,3.622599,3.622599,0.163923,0.163923,2.8240544985,2.8240544985,5.378734,0.216491
rapl,cpu,float,bitonic,max,131072,1048576,uniform,20131232,2,bench/results/raw/energy/measurements/20260817_174754_cpu_float_bitonic_q20_k131072_max_uniform_s20131232_rep2_rapl.txt,0.28486,6.426532,22.560344,4.871461,5.038849,17.688883,0,rapl:package+core,3.584519,3.584519,0.162479,0.162479,2.79300888818,2.79300888818,5.446084,0.218823
rapl,cpu,float,bitonic,max,131072,1048576,uniform,20131232,3,bench/results/raw/energy/measurements/20260817_174754_cpu_float_bitonic_q20_k131072_max_uniform_s20131232_rep3_rapl.txt,0.28267,6.392812,22.615812,4.871461,5.015796,17.744351,0,rapl:package+core,3.456216,3.456216,0.160937,0.160937,2.67221768104,2.67221768104,5.458336,0.216619
rapl,cpu,float,bitonic,max,256,1048576,uniform,20000416,1,bench/results/raw/energy/measurements/20260817_174754_cpu_float_bitonic_q20_k256_max_uniform_s20000416_rep1_rapl.txt,0.146904,2.768961,18.848749,4.871461,2.053323,13.977288,0,rapl:package+core,1.348826,1.348826,0.069832,0.069832,1.00864213545,1.00864213545,2.41319,0.123513
rapl,cpu,float,bitonic,max,256,1048576,uniform,20000416,2,bench/results/raw/energy/measurements/20260817_174754_cpu_float_bitonic_q20_k256_max_uniform_s20000416_rep2_rapl.txt,0.141089,2.694486,19.097716,4.871461,2.007174,14.226255,0,rapl:package+core,1.382464,1.382464,0.065482,0.065482,1.0634709908,1.0634709908,2.352738,0.118512
rapl,cpu,float,bitonic,max,256,1048576,uniform,20000416,3,bench/results/raw/energy/measurements/20260817_174754_cpu_float_bitonic_q20_k256_max_uniform_s20000416_rep3_rapl.txt,0.149774,2.806892,18.74081,4.871461,2.077272,13.869349,0,rapl:package+core,1.37765,1.37765,0.072079,0.072079,1.02651996258,1.02651996258,2.429776,0.12597
rapl,cpu,float,bitonic,max,4096,1048576,uniform,20004256,1,bench/results/raw/energy/measurements/20260817_174754_cpu_float_bitonic_q20_k4096_max_uniform_s20004256_rep1_rapl.txt,0.1717,3.66668,21.355184,4.871461,2.830251,16.483723,0,rapl:package+core,1.702627,1.702627,0.087761,0.087761,1.27510271118,1.27510271118,3.178486,0.142825
rapl,cpu,float,bitonic,max,4096,1048576,uniform,20004256,2,bench/results/raw/energy/measurements/20260817_174754_cpu_float_bitonic_q20_k4096_max_uniform_s20004256_rep2_rapl.txt,0.163136,3.566298,21.860856,4.871461,2.771586,16.989395,0,rapl:package+core,1.784101,1.784101,0.082393,0.082393,1.38272671383,1.38272671383,3.106025,0.136505
rapl,cpu,float,bitonic,max,4096,1048576,uniform,20004256,3,bench/results/raw/energy/measurements/20260817_174754_cpu_float_bitonic_q20_k4096_max_uniform_s20004256_rep3_rapl.txt,0.173908,3.703056,21.293132,4.871461,2.855868,16.421671,0,rapl:package+core,1.618749,1.618749,0.092187,0.092187,1.16966362479,1.16966362479,3.262572,0.146876
rapl,cpu,float,bitonic,max,8,1048576,uniform,20000168,1,bench/results/raw/energy/measurements/20260817_174754_cpu_float_bitonic_q20_k8_max_uniform_s20000168_rep1_rapl.txt,0.105211,1.413013,13.430245,4.871461,0.90048,8.558784,0,rapl:package+core,0.389829,0.389829,0.032963,0.032963,0.229251031057,0.229251031057,1.169068,0.085509
rapl,cpu,float,bitonic,max,8,1048576,uniform,20000168,2,bench/results/raw/energy/measurements/20260817_174754_cpu_float_bitonic_q20_k8_max_uniform_s20000168_rep2_rapl.txt,0.114717,1.545468,13.47206,4.871461,0.986631,8.600599,0,rapl:package+core,0.59,0.59,0.039765,0.039765,0.396286353335,0.396286353335,1.285624,0.094401
rapl,cpu,float,bitonic,max,8,1048576,uniform,20000168,3,bench/results/raw/energy/measurements/20260817_174754_cpu_float_bitonic_q20_k8_max_uniform_s20000168_rep3_rapl.txt,0.115533,1.567546,13.567909,4.871461,1.00473,8.696448,0,rapl:package+core,0.66031,0.66031,0.040756,0.040756,0.461768735484,0.461768735484,1.307336,0.094865
rapl,cpu,float,bitonic,max,131072,2097152,uniform,21131235,1,bench/results/raw/energy/measurements/20260817_174754_cpu_float_bitonic_q21_k131072_max_uniform_s21131235_rep1_rapl.txt,0.362845,10.57773,29.152224,4.871461,8.810146,24.280763,0,rapl:package+core,8.176151,8.176151,0.253191,0.253191,6.94274091795,6.94274091795,9.071247,0.276548
rapl,cpu,float,bitonic,max,131072,2097152,uniform,21131235,2,bench/results/raw/energy/measurements/20260817_174754_cpu_float_bitonic_q21_k131072_max_uniform_s21131235_rep2_rapl.txt,0.368077,10.645018,28.920625,4.871461,8.851945,24.049164,0,rapl:package+core,8.163655,8.163655,0.256816,0.256816,6.91258587182,6.91258587182,9.100146,0.281264
rapl,cpu,float,bitonic,max,131072,2097152,uniform,21131235,3,bench/results/raw/energy/measurements/20260817_174754_cpu_float_bitonic_q21_k131072_max_uniform_s21131235_rep3_rapl.txt,0.374274,10.709224,28.613343,4.871461,8.885964,23.741882,0,rapl:package+core,8.177923,8.177923,0.254686,0.254686,6.93723008375,6.93723008375,9.149276,0.285723
rapl,cpu,float,bitonic,max,256,2097152,uniform,21000419,1,bench/results/raw/energy/measurements/20260817_174754_cpu_float_bitonic_q21_k256_max_uniform_s21000419_rep1_rapl.txt,0.223525,4.738494,21.198985,4.871461,3.649603,16.327524,0,rapl:package+core,1.835979,1.835979,0.11606,0.11606,1.27059723634,1.27059723634,4.138,0.187638
rapl,cpu,float,bitonic,max,256,2097152,uniform,21000419,2,bench/results/raw/energy/measurements/20260817_174754_cpu_float_bitonic_q21_k256_max_uniform_s21000419_rep2_rapl.txt,0.216244,4.593177,21.240763,4.871461,3.539755,16.369302,0,rapl:package+core,1.742754,1.742754,0.110031,0.110031,1.20674227471,1.20674227471,3.983361,0.181758
rapl,cpu,float,bitonic,max,256,2097152,uniform,21000419,3,bench/results/raw/energy/measurements/20260817_174754_cpu_float_bitonic_q21_k256_max_uniform_s21000419_rep3_rapl.txt,0.218125,4.6081,21.125996,4.871461,3.545514,16.254535,0,rapl:package+core,1.793746,1.793746,0.112935,0.112935,1.24358755197,1.24358755197,4.059635,0.183707
rapl,cpu,float,bitonic,max,4096,2097152,uniform,21004259,1,bench/results/raw/energy/measurements/20260817_174754_cpu_float_bitonic_q21_k4096_max_uniform_s21004259_rep1_rapl.txt,0.280144,6.783249,24.213398,4.871461,5.418536,19.341937,0,rapl:package+core,3.7839,3.7839,0.166563,0.166563,2.97249484146,2.97249484146,6.029321,0.240923
rapl,cpu,float,bitonic,max,4096,2097152,uniform,21004259,2,bench/results/raw/energy/measurements/20260817_174754_cpu_float_bitonic_q21_k4096_max_uniform_s21004259_rep2_rapl.txt,0.287405,6.904871,24.02486,4.871461,5.504788,19.153399,0,rapl:package+core,3.885782,3.885782,0.174341,0.174341,3.0364866178,3.0364866178,6.160143,0.247873
rapl,cpu,float,bitonic,max,4096,2097152,uniform,21004259,3,bench/results/raw/energy/measurements/20260817_174754_cpu_float_bitonic_q21_k4096_max_uniform_s21004259_rep3_rapl.txt,0.283823,6.807571,23.985268,4.871461,5.424938,19.113807,0,rapl:package+core,3.878564,3.878564,0.170287,0.170287,3.04901752069,3.04901752069,6.034966,0.243951
rapl,cpu,float,bitonic,max,8,2097152,uniform,21000171,1,bench/results/raw/energy/measurements/20260817_174754_cpu_float_bitonic_q21_k8_max_uniform_s21000171_rep1_rapl.txt,0.151244,2.2609,14.948723,4.871461,1.524122,10.077262,0,rapl:package+core,0.943677,0.943677,0.052217,0.052217,0.689303920963,0.689303920963,1.898156,0.123036
rapl,cpu,float,bitonic,max,8,2097152,uniform,21000171,2,bench/results/raw/energy/measurements/20260817_174754_cpu_float_bitonic_q21_k8_max_uniform_s21000171_rep2_rapl.txt,0.161062,2.389113,14.833455,4.871461,1.604503,9.961994,0,rapl:package+core,1.00389,1.00389,0.058244,0.058244,0.720156625516,0.720156625516,2.009876,0.130911
rapl,cpu,float,bitonic,max,8,2097152,uniform,21000171,3,bench/results/raw/energy/measurements/20260817_174754_cpu_float_bitonic_q21_k8_max_uniform_s21000171_rep3_rapl.txt,0.154558,2.27715,14.733264,4.871461,1.524225,9.861803,0,rapl:package+core,0.909791,0.909791,0.054591,0.054591,0.643853072549,0.643853072549,1.909325,0.126249
rapl,cpu,float,bitonic,max,131072,4194304,uniform,22131238,1,bench/results/raw/energy/measurements/20260817_174754_cpu_float_bitonic_q22_k131072_max_uniform_s22131238_rep1_rapl.txt,0.783092,22.101838,28.223815,4.871461,18.287037,23.352354,0,rapl:package+core,17.213463,17.213463,0.548073,0.548073,14.5435467553,14.5435467553,19.573435,0.662525
rapl,cpu,float,bitonic,max,131072,4194304,uniform,22131238,2,bench/results/raw/energy/measurements/20260817_174754_cpu_float_bitonic_q22_k131072_max_uniform_s22131238_rep2_rapl.txt,0.804643,22.427627,27.87277,4.871461,18.50784,23.001309,0,rapl:package+core,17.44319,17.44319,0.557747,0.557747,14.7261472416,14.7261472416,19.871516,0.681347
rapl,cpu,float,bitonic,max,131072,4194304,uniform,22131238,3,bench/results/raw/energy/measurements/20260817_174754_cpu_float_bitonic_q22_k131072_max_uniform_s22131238_rep3_rapl.txt,0.791909,22.241526,28.085963,4.871461,18.383772,23.214502,0,rapl:package+core,17.364574,17.364574,0.552105,0.552105,14.6750160246,14.6750160246,19.691624,0.669959
rapl,cpu,float,bitonic,max,256,4194304,uniform,22000422,1,bench/results/raw/energy/measurements/20260817_174754_cpu_float_bitonic_q22_k256_max_uniform_s22000422_rep1_rapl.txt,0.384969,8.805163,22.872409,4.871461,6.929803,18.000948,0,rapl:package+core,5.323902,5.323902,0.216329,0.216329,4.27006371333,4.27006371333,7.711881,0.32527
rapl,cpu,float,bitonic,max,256,4194304,uniform,22000422,2,bench/results/raw/energy/measurements/20260817_174754_cpu_float_bitonic_q22_k256_max_uniform_s22000422_rep2_rapl.txt,0.389161,8.86441,22.778238,4.871461,6.968626,17.906777,0,rapl:package+core,5.303727,5.303727,0.217195,0.217195,4.24567002811,4.24567002811,7.764461,0.329104
rapl,cpu,float,bitonic,max,256,4194304,uniform,22000422,3,bench/results/raw/energy/measurements/20260817_174754_cpu_float_bitonic_q22_k256_max_uniform_s22000422_rep3_rapl.txt,0.392191,8.909527,22.71732,4.871461,6.998984,17.845859,0,rapl:package+core,5.352519,5.352519,0.216277,0.216277,4.2989340293,4.2989340293,7.818764,0.331579
rapl,cpu,float,bitonic,max,4096,4194304,uniform,22004262,1,bench/results/raw/energy/measurements/20260817_174754_cpu_float_bitonic_q22_k4096_max_uniform_s22004262_rep1_rapl.txt,0.544265,13.731834,25.230061,4.871461,11.080469,20.3586,0,rapl:package+core,9.987534,9.987534,0.35854,0.35854,8.24092037306,8.24092037306,12.285314,0.474597
rapl,cpu,float,bitonic,max,4096,4194304,uniform,22004262,2,bench/results/raw/energy/measurements/20260817_174754_cpu_float_bitonic_q22_k4096_max_uniform_s22004262_rep2_rapl.txt,0.52712,13.534853,25.677004,4.871461,10.96701,20.805543,0,rapl:package+core,9.603797,9.603797,0.345823,0.345823,7.9191337426,7.9191337426,12.063143,0.457205
rapl,cpu,float,bitonic,max,4096,4194304,uniform,22004262,3,bench/results/raw/energy/measurements/20260817_174754_cpu_float_bitonic_q22_k4096_max_uniform_s22004262_rep3_rapl.txt,0.545453,14.098514,25.847334,4.871461,11.441359,20.975873,0,rapl:package+core,10.07538,10.07538,0.354816,0.354816,8.34690769382,8.34690769382,12.51893,0.473345
rapl,cpu,float,bitonic,max,8,4194304,uniform,22000174,1,bench/results/raw/energy/measurements/20260817_174754_cpu_float_bitonic_q22_k8_max_uniform_s22000174_rep1_rapl.txt,0.274456,4.692689,17.098131,4.871461,3.355686,12.22667,0,rapl:package+core,1.610861,1.610861,0.114257,0.114257,1.05426248052,1.05426248052,4.025655,0.226156
rapl,cpu,float,bitonic,max,8,4194304,uniform,22000174,2,bench/results/raw/energy/measurements/20260817_174754_cpu_float_bitonic_q22_k8_max_uniform_s22000174_rep2_rapl.txt,0.272141,4.711259,17.311832,4.871461,3.385535,12.440371,0,rapl:package+core,1.738052,1.738052,0.11578,0.11578,1.17403424542,1.17403424542,4.060428,0.224057
rapl,cpu,float,bitonic,max,8,4194304,uniform,22000174,3,bench/results/raw/energy/measurements/20260817_174754_cpu_float_bitonic_q22_k8_max_uniform_s22000174_rep3_rapl.txt,0.269283,4.654376,17.284326,4.871461,3.342574,12.412865,0,rapl:package+core,1.757034,1.757034,0.113092,0.113092,1.20611073259,1.20611073259,4.038244,0.221558
rapl,cpu,float,bitonic,max,131072,8388608,uniform,23131241,1,bench/results/raw/energy/measurements/20260817_174754_cpu_float_bitonic_q23_k131072_max_uniform_s23131241_rep1_rapl.txt,1.518109,44.524873,29.329161,4.871461,37.129463,24.4577,0,rapl:package+core,36.16558,36.16558,1.103986,1.103986,30.7875552565,30.7875552565,39.712455,1.308322
rapl,cpu,float,bitonic,max,131072,8388608,uniform,23131241,2,bench/results/raw/energy/measurements/20260817_174754_cpu_float_bitonic_q23_k131072_max_uniform_s23131241_rep2_rapl.txt,1.522208,44.570159,29.279931,4.871461,37.15478,24.40847,0,rapl:package+core,36.296586,36.296586,1.109111,1.109111,30.8935950188,30.8935950188,39.776705,1.311747
rapl,cpu,float,bitonic,max,131072,8388608,uniform,23131241,3,bench/results/raw/energy/measurements/20260817_174754_cpu_float_bitonic_q23_k131072_max_uniform_s23131241_rep3_rapl.txt,1.536753,44.752599,29.121531,4.871461,37.266367,24.25007,0,rapl:package+core,36.388926,36.388926,1.11822,1.11822,30.9415608806,30.9415608806,39.944849,1.326438
rapl,cpu,float,bitonic,max,256,8388608,uniform,23000425,1,bench/results/raw/energy/measurements/20260817_174754_cpu_float_bitonic_q23_k256_max_uniform_s23000425_rep1_rapl.txt,0.778466,18.80727,24.159406,4.871461,15.015004,19.287945,0,rapl:package+core,12.778573,12.778573,0.471531,0.471531,10.4815281232,10.4815281232,16.652062,0.667017
rapl,cpu,float,bitonic,max,256,8388608,uniform,23000425,2,bench/results/raw/energy/measurements/20260817_174754_cpu_float_bitonic_q23_k256_max_uniform_s23000425_rep2_rapl.txt,0.779849,18.751975,24.045654,4.871461,14.952972,19.174193,0,rapl:package+core,12.708629,12.708629,0.466399,0.466399,10.4365844611,10.4365844611,16.567991,0.668865
rapl,cpu,float,bitonic,max,256,8388608,uniform,23000425,3,bench/results/raw/energy/measurements/20260817_174754_cpu_float_bitonic_q23_k256_max_uniform_s23000425_rep3_rapl.txt,0.781414,18.854204,24.12833,4.871461,15.047578,19.256869,0,rapl:package+core,12.774384,12.774384,0.470214,0.470214,10.4837548373,10.4837548373,16.676643,0.669879
rapl,cpu,float,bitonic,max,4096,8388608,uniform,23004265,1,bench/results/raw/energy/measurements/20260817_174754_cpu_float_bitonic_q23_k4096_max_uniform_s23004265_rep1_rapl.txt,1.03989,27.276055,26.229749,4.871461,22.210271,21.358288,0,rapl:package+core,20.482267,20.482267,0.702669,0.702669,17.0592423706,17.0592423706,24.339318,0.904888
rapl,cpu,float,bitonic,max,4096,8388608,uniform,23004265,2,bench/results/raw/energy/measurements/20260817_174754_cpu_float_bitonic_q23_k4096_max_uniform_s23004265_rep2_rapl.txt,1.034471,27.254923,26.346718,4.871461,22.215537,21.475257,0,rapl:package+core,20.345551,20.345551,0.695358,0.695358,16.958141622,16.958141622,24.310907,0.899394
rapl,cpu,float,bitonic,max,4096,8388608,uniform,23004265,3,bench/results/raw/energy/measurements/20260817_174754_cpu_float_bitonic_q23_k4096_max_uniform_s23004265_rep3_rapl.txt,1.060123,27.682543,26.112583,4.871461,22.518196,21.241122,0,rapl:package+core,20.999874,20.999874,0.722667,0.722667,17.4794298935,17.4794298935,24.744692,0.924745
rapl,cpu,float,bitonic,max,8,8388608,uniform,23000177,1,bench/results/raw/energy/measurements/20260817_174754_cpu_float_bitonic_q23_k8_max_uniform_s23000177_rep1_rapl.txt,0.499587,9.251658,18.518628,4.871461,6.817941,13.647167,0,rapl:package+core,4.262305,4.262305,0.218167,0.218167,3.19951296801,3.19951296801,7.936174,0.412716
rapl,cpu,float,bitonic,max,8,8388608,uniform,23000177,2,bench/results/raw/energy/measurements/20260817_174754_cpu_float_bitonic_q23_k8_max_uniform_s23000177_rep2_rapl.txt,0.496192,9.20799,18.557295,4.871461,6.790808,13.685834,0,rapl:package+core,4.199613,4.199613,0.216172,0.216172,3.14653953271,3.14653953271,7.908572,0.410124
rapl,cpu,float,bitonic,max,8,8388608,uniform,23000177,3,bench/results/raw/energy/measurements/20260817_174754_cpu_float_bitonic_q23_k8_max_uniform_s23000177_rep3_rapl.txt,0.500159,9.324393,18.642874,4.871461,6.88789,13.771413,0,rapl:package+core,4.279099,4.279099,0.222324,0.222324,3.19605630464,3.19605630464,8.027051,0.414379
rapl,cpu,float,bitonic,max,131072,16777216,uniform,24131244,1,bench/results/raw/energy/measurements/20260817_174754_cpu_float_bitonic_q24_k131072_max_uniform_s24131244_rep1_rapl.txt,2.963874,88.126485,29.733545,4.871461,73.688088,24.862084,0,rapl:package+core,73.845577,73.845577,2.234963,2.234963,62.9580419091,62.9580419091,79.062593,2.592561
rapl,cpu,float,bitonic,max,131072,16777216,uniform,24131244,2,bench/results/raw/energy/measurements/20260817_174754_cpu_float_bitonic_q24_k131072_max_uniform_s24131244_rep2_rapl.txt,2.957904,87.797156,29.682216,4.871461,73.38784,24.810755,0,rapl:package+core,73.618216,73.618216,2.220864,2.220864,62.7993636377,62.7993636377,78.794098,2.587704
rapl,cpu,float,bitonic,max,131072,16777216,uniform,24131244,3,bench/results/raw/energy/measurements/20260817_174754_cpu_float_bitonic_q24_k131072_max_uniform_s24131244_rep3_rapl.txt,2.951682,87.629593,29.688023,4.871461,73.250591,24.816562,0,rapl:package+core,73.562146,73.562146,2.210574,2.210574,62.7934209714,62.7934209714,78.613549,2.579242
rapl,cpu,float,bitonic,max,256,16777216,uniform,24000428,1,bench/results/raw/energy/measurements/20260817_174754_cpu_float_bitonic_q24_k256_max_uniform_s24000428_rep1_rapl.txt,1.584996,39.409553,24.864138,4.871461,31.688308,19.992677,0,rapl:package+core,28.946322,28.946322,1.020141,1.020141,23.976744904,23.976744904,35.04105,1.367725
rapl,cpu,float,bitonic,max,256,16777216,uniform,24000428,2,bench/results/raw/energy/measurements/20260817_174754_cpu_float_bitonic_q24_k256_max_uniform_s24000428_rep2_rapl.txt,1.508137,38.539236,25.554209,4.871461,31.192408,20.682748,0,rapl:package+core,28.070357,28.070357,0.950449,0.950449,23.440281764,23.440281764,34.246047,1.300138
rapl,cpu,float,bitonic,max,256,16777216,uniform,24000428,3,bench/results/raw/energy/measurements/20260817_174754_cpu_float_bitonic_q24_k256_max_uniform_s24000428_rep3_rapl.txt,1.498067,38.203301,25.501732,4.871461,30.905527,20.630271,0,rapl:package+core,27.873467,27.873467,0.938504,0.938504,23.3015813657,23.3015813657,33.959013,1.290859
rapl,cpu,float,bitonic,max,4096,16777216,uniform,24004268,1,bench/results/raw/energy/measurements/20260817_174754_cpu_float_bitonic_q24_k4096_max_uniform_s24004268_rep1_rapl.txt,2.01236,55.046134,27.354024,4.871461,45.243003,22.482563,0,rapl:package+core,43.349875,43.349875,1.407121,1.407121,36.4951399262,36.4951399262,49.215244,1.757153
rapl,cpu,float,bitonic,max,4096,16777216,uniform,24004268,2,bench/results/raw/energy/measurements/20260817_174754_cpu_float_bitonic_q24_k4096_max_uniform_s24004268_rep2_rapl.txt,1.991461,54.71357,27.474088,4.871461,45.012246,22.602627,0,rapl:package+core,43.040465,43.040465,1.38791,1.38791,36.2793155635,36.2793155635,48.932665,1.73526
rapl,cpu,float,bitonic,max,4096,16777216,uniform,24004268,3,bench/results/raw/energy/measurements/20260817_174754_cpu_float_bitonic_q24_k4096_max_uniform_s24004268_rep3_rapl.txt,2.001106,54.657558,27.313671,4.871461,44.909247,22.44221,0,rapl:package+core,42.89138,42.89138,1.391803,1.391803,36.1112659658,36.1112659658,48.862265,1.744734
rapl,cpu,float,bitonic,max,8,16777216,uniform,24000180,1,bench/results/raw/energy/measurements/20260817_174754_cpu_float_bitonic_q24_k8_max_uniform_s24000180_rep1_rapl.txt,1.006824,19.145097,19.015341,4.871461,14.240394,14.14388,0,rapl:package+core,10.88846,10.88846,0.491222,0.491222,8.49549118466,8.49549118466,16.63299,0.841547
rapl,cpu,float,bitonic,max,8,16777216,uniform,24000180,2,bench/results/raw/energy/measurements/20260817_174754_cpu_float_bitonic_q24_k8_max_uniform_s24000180_rep2_rapl.txt,1.006766,19.114688,18.986226,4.871461,14.210266,14.114765,0,rapl:package+core,10.69613,10.69613,0.489073,0.489073,8.31362995435,8.31362995435,16.571637,0.841701
rapl,cpu,float,bitonic,max,8,16777216,uniform,24000180,3,bench/results/raw/energy/measurements/20260817_174754_cpu_float_bitonic_q24_k8_max_uniform_s24000180_rep3_rapl.txt,1.010599,19.232358,19.03065,4.871461,14.309264,14.159189,0,rapl:package+core,10.731727,10.731727,0.491704,0.491704,8.33641014046,8.33641014046,16.736103,0.846521
rapl,cpu,float,gt,max,256,65536,uniform,16000404,1,bench/results/raw/energy/measurements/20260817_174754_cpu_float_gt_q16_k256_max_uniform_s16000404_rep1_rapl.txt,0.01011,0.116419,11.515073,4.871461,0.067168,6.643612,0,rapl:package+core,0.042189,0.042189,0.004389,0.004389,0.020808157671,0.020808157671,0.053144,0.006004
rapl,cpu,float,gt,max,256,65536,uniform,16000404,2,bench/results/raw/energy/measurements/20260817_174754_cpu_float_gt_q16_k256_max_uniform_s16000404_rep2_rapl.txt,0.010252,0.101253,9.876415,4.871461,0.051311,5.004954,0,rapl:package+core,0.054669,0.054669,0.00444,0.00444,0.03303971316,0.03303971316,0.054669,0.006052
rapl,cpu,float,gt,max,256,65536,uniform,16000404,3,bench/results/raw/energy/measurements/20260817_174754_cpu_float_gt_q16_k256_max_uniform_s16000404_rep3_rapl.txt,0.010143,0.110895,10.933111,4.871461,0.061484,6.06165,0,rapl:package+core,0.043012,0.043012,0.004428,0.004428,0.021441170692,0.021441170692,0.053388,0.006007
rapl,cpu,float,gt,max,4096,65536,uniform,16004244,1,bench/results/raw/energy/measurements/20260817_174754_cpu_float_gt_q16_k4096_max_uniform_s16004244_rep1_rapl.txt,0.053212,0.453056,8.514219,4.871461,0.193837,3.642758,0,rapl:package+core,0.372021,0.372021,0.042209,0.042209,0.166401502651,0.166401502651,0.372021,0.043879
rapl,cpu,float,gt,max,4096,65536,uniform,16004244,2,bench/results/raw/energy/measurements/20260817_174754_cpu_float_gt_q16_k4096_max_uniform_s16004244_rep2_rapl.txt,0.05549,0.463019,8.344186,4.871461,0.192702,3.472725,0,rapl:package+core,0.355176,0.355176,0.043148,0.043148,0.144982200772,0.144982200772,0.364254,0.044811
rapl,cpu,float,gt,max,4096,65536,uniform,16004244,3,bench/results/raw/energy/measurements/20260817_174754_cpu_float_gt_q16_k4096_max_uniform_s16004244_rep3_rapl.txt,0.054115,0.429161,7.930494,4.871461,0.16554,3.059033,0,rapl:package+core,0.325453,0.325453,0.041971,0.041971,0.120992910369,0.120992910369,0.344251,0.043591
rapl,cpu,float,gt,max,8,65536,uniform,16000156,1,bench/results/raw/energy/measurements/20260817_174754_cpu_float_gt_q16_k8_max_uniform_s16000156_rep1_rapl.txt,0.007941,0.110422,13.906123,4.871461,0.07174,9.034662,0,rapl:package+core,0.029296,0.029296,0.00244,0.00244,0.01740963516,0.01740963516,0.045942,0.004067
rapl,cpu,float,gt,max,8,65536,uniform,16000156,2,bench/results/raw/energy/measurements/20260817_174754_cpu_float_gt_q16_k8_max_uniform_s16000156_rep2_rapl.txt,0.007612,0.077465,10.177027,4.871461,0.040385,5.305566,0,rapl:package+core,0,0,0.002377,0.002377,0,0,0.032118,0.003947
rapl,cpu,float,gt,max,8,65536,uniform,16000156,3,bench/results/raw/energy/measurements/20260817_174754_cpu_float_gt_q16_k8_max_uniform_s16000156_rep3_rapl.txt,0.007839,0.084346,10.75984,4.871461,0.046159,5.888379,0,rapl:package+core,0.011017,0.011017,0.002506,0.002506,0,0,0.04733,0.004118
rapl,cpu,float,gt,max,131072,131072,uniform,17131223,1,bench/results/raw/energy/measurements/20260817_174754_cpu_float_gt_q17_k131072_max_uniform_s17131223_rep1_rapl.txt,0.539069,3.53537,6.558289,4.871461,0.909317,1.686828,0,rapl:package+core,2.779948,2.779948,0.452293,0.452293,0.576620289927,0.576620289927,2.800881,0.456056
rapl,cpu,float,gt,max,131072,131072,uniform,17131223,2,bench/results/raw/energy/measurements/20260817_174754_cpu_float_gt_q17_k131072_max_uniform_s17131223_rep2_rapl.txt,0.540157,3.679131,6.81123,4.871461,1.047779,1.939769,0,rapl:package+core,2.868152,2.868152,0.45147,0.45147,0.66883350233,0.66883350233,2.898837,0.455041
rapl,cpu,float,gt,max,131072,131072,uniform,17131223,3,bench/results/raw/energy/measurements/20260817_174754_cpu_float_gt_q17_k131072_max_uniform_s17131223_rep3_rapl.txt,0.538919,4.013189,7.446739,4.871461,1.387866,2.575278,0,rapl:package+core,2.85163,2.85163,0.451568,0.451568,0.651834099152,0.651834099152,2.888737,0.455399
rapl,cpu,float,gt,max,256,131072,uniform,17000407,1,bench/results/raw/energy/measurements/20260817_174754_cpu_float_gt_q17_k256_max_uniform_s17000407_rep1_rapl.txt,0.012902,0.128931,9.992716,4.871461,0.066077,5.121255,0,rapl:package+core,0.063947,0.063947,0.005919,0.005919,0.035112822341,0.035112822341,0.074475,0.008054
rapl,cpu,float,gt,max,256,131072,uniform,17000407,2,bench/results/raw/energy/measurements/20260817_174754_cpu_float_gt_q17_k256_max_uniform_s17000407_rep2_rapl.txt,0.013149,0.135979,10.341564,4.871461,0.071925,5.470103,0,rapl:package+core,0.054838,0.054838,0.006152,0.006152,0.024868771928,0.024868771928,0.07716,0.008294
rapl,cpu,float,gt,max,256,131072,uniform,17000407,3,bench/results/raw/energy/measurements/20260817_174754_cpu_float_gt_q17_k256_max_uniform_s17000407_rep3_rapl.txt,0.013028,0.137856,10.581593,4.871461,0.074391,5.710132,0,rapl:package+core,0.054334,0.054334,0.005952,0.005952,0.025339064128,0.025339064128,0.07539,0.008063
rapl,cpu,float,gt,max,4096,131072,uniform,17004247,1,bench/results/raw/energy/measurements/20260817_174754_cpu_float_gt_q17_k4096_max_uniform_s17004247_rep1_rapl.txt,0.065358,0.560411,8.574523,4.871461,0.242024,3.703062,0,rapl:package+core,0.418894,0.418894,0.052453,0.052453,0.163371256167,0.163371256167,0.43821,0.054586
rapl,cpu,float,gt,max,4096,131072,uniform,17004247,2,bench/results/raw/energy/measurements/20260817_174754_cpu_float_gt_q17_k4096_max_uniform_s17004247_rep2_rapl.txt,0.065817,0.549044,8.341964,4.871461,0.228418,3.470503,0,rapl:package+core,0.433617,0.433617,0.05295,0.05295,0.17567314005,0.17567314005,0.443153,0.055069
rapl,cpu,float,gt,max,4096,131072,uniform,17004247,3,bench/results/raw/energy/measurements/20260817_174754_cpu_float_gt_q17_k4096_max_uniform_s17004247_rep3_rapl.txt,0.065097,0.542879,8.339558,4.871461,0.225762,3.468097,0,rapl:package+core,0.396799,0.396799,0.052301,0.052301,0.142016718239,0.142016718239,0.425408,0.054415
rapl,cpu,float,gt,max,8,131072,uniform,17000159,1,bench/results/raw/energy/measurements/20260817_174754_cpu_float_gt_q17_k8_max_uniform_s17000159_rep1_rapl.txt,0.009976,0.098261,9.849828,4.871461,0.049664,4.978367,0,rapl:package+core,0.032148,0.032148,0.003403,0.003403,0.015570418217,0.015570418217,0.052975,0.005482
rapl,cpu,float,gt,max,8,131072,uniform,17000159,2,bench/results/raw/energy/measurements/20260817_174754_cpu_float_gt_q17_k8_max_uniform_s17000159_rep2_rapl.txt,0.01005,0.107263,10.672873,4.871461,0.058305,5.801412,0,rapl:package+core,0.040053,0.040053,0.003474,0.003474,0.023129544486,0.023129544486,0.064236,0.005573
rapl,cpu,float,gt,max,8,131072,uniform,17000159,3,bench/results/raw/energy/measurements/20260817_174754_cpu_float_gt_q17_k8_max_uniform_s17000159_rep3_rapl.txt,0.009844,0.09872,10.028378,4.871461,0.050765,5.156917,0,rapl:package+core,0.011124,0.011124,0.003422,0.003422,0,0,0.043882,0.005481
rapl,cpu,float,gt,max,131072,262144,uniform,18131226,1,bench/results/raw/energy/measurements/20260817_174754_cpu_float_gt_q18_k131072_max_uniform_s18131226_rep1_rapl.txt,0.914577,5.850833,6.397307,4.871461,1.395504,1.525846,0,rapl:package+core,4.863121,4.863121,0.791438,0.791438,1.00766164908,1.00766164908,4.900259,0.795957
rapl,cpu,float,gt,max,131072,262144,uniform,18131226,2,bench/results/raw/energy/measurements/20260817_174754_cpu_float_gt_q18_k131072_max_uniform_s18131226_rep2_rapl.txt,0.916495,6.109791,6.666474,4.871461,1.645121,1.795013,0,rapl:package+core,4.982501,4.982501,0.793266,0.793266,1.11813661837,1.11813661837,5.008927,0.797777
rapl,cpu,float,gt,max,131072,262144,uniform,18131226,3,bench/results/raw/energy/measurements/20260817_174754_cpu_float_gt_q18_k131072_max_uniform_s18131226_rep3_rapl.txt,0.920811,6.381369,6.930158,4.871461,1.895672,2.058697,0,rapl:package+core,5.31067,5.31067,0.79742,0.79742,1.42606956938,1.42606956938,5.361311,0.802117
rapl,cpu,float,gt,max,256,262144,uniform,18000410,1,bench/results/raw/energy/measurements/20260817_174754_cpu_float_gt_q18_k256_max_uniform_s18000410_rep1_rapl.txt,0.018467,0.185904,10.066719,4.871461,0.095942,5.195258,0,rapl:package+core,0.11294,0.11294,0.008942,0.008942,0.069379395738,0.069379395738,0.11294,0.011931
rapl,cpu,float,gt,max,256,262144,uniform,18000410,2,bench/results/raw/energy/measurements/20260817_174754_cpu_float_gt_q18_k256_max_uniform_s18000410_rep2_rapl.txt,0.018087,0.173453,9.589848,4.871461,0.085342,4.718387,0,rapl:package+core,0.067181,0.067181,0.008753,0.008753,0.024541101867,0.024541101867,0.112665,0.011698
rapl,cpu,float,gt,max,256,262144,uniform,18000410,3,bench/results/raw/energy/measurements/20260817_174754_cpu_float_gt_q18_k256_max_uniform_s18000410_rep3_rapl.txt,0.017956,0.181738,10.121152,4.871461,0.094265,5.249691,0,rapl:package+core,0.088832,0.088832,0.008454,0.008454,0.047648668706,0.047648668706,0.099208,0.011358
rapl,cpu,float,gt,max,4096,262144,uniform,18004250,1,bench/results/raw/energy/measurements/20260817_174754_cpu_float_gt_q18_k4096_max_uniform_s18004250_rep1_rapl.txt,0.081,0.686381,8.47388,4.871461,0.291795,3.602419,0,rapl:package+core,0.507191,0.507191,0.064485,0.064485,0.193054837415,0.193054837415,0.545428,0.067599
rapl,cpu,float,gt,max,4096,262144,uniform,18004250,2,bench/results/raw/energy/measurements/20260817_174754_cpu_float_gt_q18_k4096_max_uniform_s18004250_rep2_rapl.txt,0.080132,0.666851,8.32193,4.871461,0.276492,3.450469,0,rapl:package+core,0.513019,0.513019,0.063826,0.063826,0.202093130214,0.202093130214,0.5219,0.066779
rapl,cpu,float,gt,max,4096,262144,uniform,18004250,3,bench/results/raw/energy/measurements/20260817_174754_cpu_float_gt_q18_k4096_max_uniform_s18004250_rep3_rapl.txt,0.079667,0.654553,8.216152,4.871461,0.26646,3.344691,0,rapl:package+core,0.508457,0.508457,0.063617,0.063617,0.198549265563,0.198549265563,0.537052,0.066498
rapl,cpu,float,gt,max,8,262144,uniform,18000162,1,bench/results/raw/energy/measurements/20260817_174754_cpu_float_gt_q18_k8_max_uniform_s18000162_rep1_rapl.txt,0.015115,0.171942,11.37557,4.871461,0.09831,6.504109,0,rapl:package+core,0.063992,0.063992,0.005832,0.005832,0.035581639448,0.035581639448,0.097331,0.008815
rapl,cpu,float,gt,max,8,262144,uniform,18000162,2,bench/results/raw/energy/measurements/20260817_174754_cpu_float_gt_q18_k8_max_uniform_s18000162_rep2_rapl.txt,0.01462,0.160483,10.977258,4.871461,0.089264,6.105797,0,rapl:package+core,0.034025,0.034025,0.005652,0.005652,0.006491502428,0.006491502428,0.082835,0.008547
rapl,cpu,float,gt,max,8,262144,uniform,18000162,3,bench/results/raw/energy/measurements/20260817_174754_cpu_float_gt_q18_k8_max_uniform_s18000162_rep3_rapl.txt,0.014535,0.163245,11.23102,4.871461,0.092437,6.359559,0,rapl:package+core,0.070126,0.070126,0.005698,0.005698,0.042368415222,0.042368415222,0.081676,0.008617
rapl,cpu,float,gt,max,131072,524288,uniform,19131229,1,bench/results/raw/energy/measurements/20260817_174754_cpu_float_gt_q19_k131072_max_uniform_s19131229_rep1_rapl.txt,1.386986,9.111453,6.569245,4.871461,2.354804,1.697784,0,rapl:package+core,7.862417,7.862417,1.21712,1.21712,1.93326438768,1.93326438768,7.908541,1.223576
rapl,cpu,float,gt,max,131072,524288,uniform,19131229,2,bench/results/raw/energy/measurements/20260817_174754_cpu_float_gt_q19_k131072_max_uniform_s19131229_rep2_rapl.txt,1.385372,9.458022,6.827062,4.871461,2.709236,1.955601,0,rapl:package+core,8.125449,8.125449,1.215239,1.215239,2.20545960582,2.20545960582,8.159841,1.221725
rapl,cpu,float,gt,max,131072,524288,uniform,19131229,3,bench/results/raw/energy/measurements/20260817_174754_cpu_float_gt_q19_k131072_max_uniform_s19131229_rep3_rapl.txt,1.39095,9.508298,6.83583,4.871461,2.732339,1.964369,0,rapl:package+core,8.156134,8.156134,1.220406,1.220406,2.21097376683,2.21097376683,8.205172,1.227278
rapl,cpu,float,gt,max,256,524288,uniform,19000413,1,bench/results/raw/energy/measurements/20260817_174754_cpu_float_gt_q19_k256_max_uniform_s19000413_rep1_rapl.txt,0.027076,0.281007,10.378542,4.871461,0.149108,5.507081,0,rapl:package+core,0.118372,0.118372,0.01395,0.01395,0.05041511905,0.05041511905,0.178168,0.018575
rapl,cpu,float,gt,max,256,524288,uniform,19000413,2,bench/results/raw/energy/measurements/20260817_174754_cpu_float_gt_q19_k256_max_uniform_s19000413_rep2_rapl.txt,0.026193,0.272584,10.406788,4.871461,0.144986,5.535327,0,rapl:package+core,0.155174,0.155174,0.013182,0.013182,0.090958401098,0.090958401098,0.177786,0.017783
rapl,cpu,float,gt,max,256,524288,uniform,19000413,3,bench/results/raw/energy/measurements/20260817_174754_cpu_float_gt_q19_k256_max_uniform_s19000413_rep3_rapl.txt,0.026227,0.268877,10.252103,4.871461,0.141116,5.380642,0,rapl:package+core,0.125482,0.125482,0.013347,0.013347,0.060462610033,0.060462610033,0.17063,0.017923
rapl,cpu,float,gt,max,4096,524288,uniform,19004253,1,bench/results/raw/energy/measurements/20260817_174754_cpu_float_gt_q19_k4096_max_uniform_s19004253_rep1_rapl.txt,0.100723,0.794911,7.89203,4.871461,0.304242,3.020569,0,rapl:package+core,0.603804,0.603804,0.078558,0.078558,0.221111766762,0.221111766762,0.65199,0.083193
rapl,cpu,float,gt,max,4096,524288,uniform,19004253,2,bench/results/raw/energy/measurements/20260817_174754_cpu_float_gt_q19_k4096_max_uniform_s19004253_rep2_rapl.txt,0.099245,0.790745,7.9676,4.871461,0.307277,3.096139,0,rapl:package+core,0.63371,0.63371,0.0787,0.0787,0.2503260193,0.2503260193,0.651394,0.08332
rapl,cpu,float,gt,max,4096,524288,uniform,19004253,3,bench/results/raw/energy/measurements/20260817_174754_cpu_float_gt_q19_k4096_max_uniform_s19004253_rep3_rapl.txt,0.100263,0.820606,8.184544,4.871461,0.332179,3.313083,0,rapl:package+core,0.618878,0.618878,0.079279,0.079279,0.232673443381,0.232673443381,0.666423,0.083978
rapl,cpu,float,gt,max,8,524288,uniform,19000165,1,bench/results/raw/energy/measurements/20260817_174754_cpu_float_gt_q19_k8_max_uniform_s19000165_rep1_rapl.txt,0.02292,0.247775,10.810478,4.871461,0.136122,5.939017,0,rapl:package+core,0.093532,0.093532,0.010071,0.010071,0.044471516269,0.044471516269,0.170814,0.014981
rapl,cpu,float,gt,max,8,524288,uniform,19000165,2,bench/results/raw/energy/measurements/20260817_174754_cpu_float_gt_q19_k8_max_uniform_s19000165_rep2_rapl.txt,0.021056,0.226109,10.73837,4.871461,0.123535,5.866909,0,rapl:package+core,0.095362,0.095362,0.009938,0.009938,0.046949420582,0.046949420582,0.160621,0.013897
rapl,cpu,float,gt,max,8,524288,uniform,19000165,3,bench/results/raw/energy/measurements/20260817_174754_cpu_float_gt_q19_k8_max_uniform_s19000165_rep3_rapl.txt,0.022701,0.240924,10.612801,4.871461,0.130336,5.74134,0,rapl:package+core,0.110713,0.110713,0.01002,0.01002,0.06190096078,0.06190096078,0.155265,0.014709
rapl,cpu,float,gt,max,131072,1048576,uniform,20131232,1,bench/results/raw/energy/measurements/20260817_174754_cpu_float_gt_q20_k131072_max_uniform_s20131232_rep1_rapl.txt,1.877849,12.727171,6.777528,4.871461,3.579305,1.906067,0,rapl:package+core,11.192353,11.192353,1.658256,1.658256,3.11422356798,3.11422356798,11.268002,1.67056
rapl,cpu,float,gt,max,131072,1048576,uniform,20131232,2,bench/results/raw/energy/measurements/20260817_174754_cpu_float_gt_q20_k131072_max_uniform_s20131232_rep2_rapl.txt,1.873963,12.962098,6.916946,4.871461,3.833162,2.045485,0,rapl:package+core,11.268218,11.268218,1.654189,1.654189,3.20990079987,3.20990079987,11.347771,1.665902
rapl,cpu,float,gt,max,131072,1048576,uniform,20131232,3,bench/results/raw/energy/measurements/20260817_174754_cpu_float_gt_q20_k131072_max_uniform_s20131232_rep3_rapl.txt,1.871906,12.894582,6.888476,4.871461,3.775664,2.017015,0,rapl:package+core,11.051063,11.051063,1.652039,1.652039,3.00321944102,3.00321944102,11.118276,1.664246
rapl,cpu,float,gt,max,256,1048576,uniform,20000416,1,bench/results/raw/energy/measurements/20260817_174754_cpu_float_gt_q20_k256_max_uniform_s20000416_rep1_rapl.txt,0.041369,0.420526,10.165137,4.871461,0.218996,5.293676,0,rapl:package+core,0.21651,0.21651,0.022293,0.022293,0.107910519927,0.107910519927,0.290085,0.02955
rapl,cpu,float,gt,max,256,1048576,uniform,20000416,2,bench/results/raw/energy/measurements/20260817_174754_cpu_float_gt_q20_k256_max_uniform_s20000416_rep2_rapl.txt,0.042643,0.403879,9.471258,4.871461,0.196147,4.599797,0,rapl:package+core,0.219303,0.219303,0.022276,0.022276,0.110786334764,0.110786334764,0.287476,0.029626
rapl,cpu,float,gt,max,256,1048576,uniform,20000416,3,bench/results/raw/energy/measurements/20260817_174754_cpu_float_gt_q20_k256_max_uniform_s20000416_rep3_rapl.txt,0.042476,0.423898,9.979609,4.871461,0.216976,5.108148,0,rapl:package+core,0.221683,0.221683,0.022266,0.022266,0.113215049374,0.113215049374,0.295074,0.029523
rapl,cpu,float,gt,max,4096,1048576,uniform,20004256,1,bench/results/raw/energy/measurements/20260817_174754_cpu_float_gt_q20_k4096_max_uniform_s20004256_rep1_rapl.txt,0.124513,0.99972,8.029047,4.871461,0.39316,3.157586,0,rapl:package+core,0.748801,0.748801,0.096739,0.096739,0.277540734321,0.277540734321,0.806218,0.104093
rapl,cpu,float,gt,max,4096,1048576,uniform,20004256,2,bench/results/raw/energy/measurements/20260817_174754_cpu_float_gt_q20_k4096_max_uniform_s20004256_rep2_rapl.txt,0.124409,0.998164,8.023264,4.871461,0.392112,3.151803,0,rapl:package+core,0.756491,0.756491,0.096929,0.096929,0.284305156731,0.284305156731,0.814472,0.104394
rapl,cpu,float,gt,max,4096,1048576,uniform,20004256,3,bench/results/raw/energy/measurements/20260817_174754_cpu_float_gt_q20_k4096_max_uniform_s20004256_rep3_rapl.txt,0.124628,1.027916,8.247901,4.871461,0.420798,3.37644,0,rapl:package+core,0.766211,0.766211,0.097171,0.097171,0.292846263169,0.292846263169,0.844682,0.104513
rapl,cpu,float,gt,max,8,1048576,uniform,20000168,1,bench/results/raw/energy/measurements/20260817_174754_cpu_float_gt_q20_k8_max_uniform_s20000168_rep1_rapl.txt,0.037148,0.395625,10.649968,4.871461,0.21466,5.778507,0,rapl:package+core,0.227619,0.227619,0.018361,0.018361,0.138174104579,0.138174104579,0.294251,0.026061
rapl,cpu,float,gt,max,8,1048576,uniform,20000168,2,bench/results/raw/energy/measurements/20260817_174754_cpu_float_gt_q20_k8_max_uniform_s20000168_rep2_rapl.txt,0.036757,0.388011,10.556045,4.871461,0.20895,5.684584,0,rapl:package+core,0.210592,0.210592,0.018438,0.018438,0.120772002082,0.120772002082,0.265276,0.025774
rapl,cpu,float,gt,max,8,1048576,uniform,20000168,3,bench/results/raw/energy/measurements/20260817_174754_cpu_float_gt_q20_k8_max_uniform_s20000168_rep3_rapl.txt,0.03508,0.390696,11.1373,4.871461,0.219805,6.265839,0,rapl:package+core,0.205768,0.205768,0.018605,0.018605,0.115134468095,0.115134468095,0.284043,0.025003
rapl,cpu,float,gt,max,131072,2097152,uniform,21131235,1,bench/results/raw/energy/measurements/20260817_174754_cpu_float_gt_q21_k131072_max_uniform_s21131235_rep1_rapl.txt,2.383106,16.838271,7.065683,4.871461,5.229064,2.194222,0,rapl:package+core,14.770368,14.770368,2.098774,2.098774,4.54627231119,4.54627231119,14.946416,2.126673
rapl,cpu,float,gt,max,131072,2097152,uniform,21131235,2,bench/results/raw/energy/measurements/20260817_174754_cpu_float_gt_q21_k131072_max_uniform_s21131235_rep2_rapl.txt,2.333337,16.382561,7.021086,4.871461,5.0158,2.149625,0,rapl:package+core,14.23422,14.23422,2.053012,2.053012,4.23305210947,4.23305210947,14.391772,2.079187
rapl,cpu,float,gt,max,131072,2097152,uniform,21131235,3,bench/results/raw/energy/measurements/20260817_174754_cpu_float_gt_q21_k131072_max_uniform_s21131235_rep3_rapl.txt,2.336144,16.653878,7.128788,4.871461,5.273441,2.257327,0,rapl:package+core,14.482162,14.482162,2.057011,2.057011,4.46151313693,4.46151313693,14.684039,2.082622
rapl,cpu,float,gt,max,256,2097152,uniform,21000419,1,bench/results/raw/energy/measurements/20260817_174754_cpu_float_gt_q21_k256_max_uniform_s21000419_rep1_rapl.txt,0.075585,0.750343,9.927125,4.871461,0.382133,5.055664,0,rapl:package+core,0.345792,0.345792,0.040224,0.040224,0.149842352736,0.149842352736,0.547762,0.056728
rapl,cpu,float,gt,max,256,2097152,uniform,21000419,2,bench/results/raw/energy/measurements/20260817_174754_cpu_float_gt_q21_k256_max_uniform_s21000419_rep2_rapl.txt,0.073818,0.730064,9.89009,4.871461,0.370464,5.018629,0,rapl:package+core,0.376828,0.376828,0.039644,0.039644,0.183703800116,0.183703800116,0.540789,0.055819
rapl,cpu,float,gt,max,256,2097152,uniform,21000419,3,bench/results/raw/energy/measurements/20260817_174754_cpu_float_gt_q21_k256_max_uniform_s21000419_rep3_rapl.txt,0.073505,0.712731,9.696402,4.871461,0.354656,4.824941,0,rapl:package+core,0.410853,0.410853,0.039841,0.039841,0.216769122299,0.216769122299,0.526004,0.055225
rapl,cpu,float,gt,max,4096,2097152,uniform,21004259,1,bench/results/raw/energy/measurements/20260817_174754_cpu_float_gt_q21_k4096_max_uniform_s21004259_rep1_rapl.txt,0.168768,1.402637,8.311016,4.871461,0.580488,3.439555,0,rapl:package+core,1.027305,1.027305,0.124269,0.124269,0.421933412991,0.421933412991,1.15027,0.141376
rapl,cpu,float,gt,max,4096,2097152,uniform,21004259,2,bench/results/raw/energy/measurements/20260817_174754_cpu_float_gt_q21_k4096_max_uniform_s21004259_rep2_rapl.txt,0.168686,1.425662,8.451577,4.871461,0.603915,3.580116,0,rapl:package+core,1.042901,1.042901,0.124619,0.124619,0.435824401641,0.435824401641,1.148546,0.141273
rapl,cpu,float,gt,max,4096,2097152,uniform,21004259,3,bench/results/raw/energy/measurements/20260817_174754_cpu_float_gt_q21_k4096_max_uniform_s21004259_rep3_rapl.txt,0.169072,1.414722,8.367576,4.871461,0.591095,3.496115,0,rapl:package+core,1.017478,1.017478,0.124725,0.124725,0.409885026775,0.409885026775,1.149431,0.14156
rapl,cpu,float,gt,max,8,2097152,uniform,21000171,1,bench/results/raw/energy/measurements/20260817_174754_cpu_float_gt_q21_k8_max_uniform_s21000171_rep1_rapl.txt,0.069046,0.720559,10.435852,4.871461,0.384202,5.564391,0,rapl:package+core,0.365672,0.365672,0.035391,0.035391,0.193266123749,0.193266123749,0.529743,0.051754
rapl,cpu,float,gt,max,8,2097152,uniform,21000171,2,bench/results/raw/energy/measurements/20260817_174754_cpu_float_gt_q21_k8_max_uniform_s21000171_rep2_rapl.txt,0.068192,0.699198,10.253408,4.871461,0.367004,5.381947,0,rapl:package+core,0.312043,0.312043,0.035263,0.035263,0.140260670757,0.140260670757,0.519168,0.051634
rapl,cpu,float,gt,max,8,2097152,uniform,21000171,3,bench/results/raw/energy/measurements/20260817_174754_cpu_float_gt_q21_k8_max_uniform_s21000171_rep3_rapl.txt,0.069283,0.704355,10.166275,4.871461,0.366843,5.294814,0,rapl:package+core,0.345105,0.345105,0.035257,0.035257,0.173351899523,0.173351899523,0.515781,0.051444
rapl,cpu,float,gt,max,131072,4194304,uniform,22131238,1,bench/results/raw/energy/measurements/20260817_174754_cpu_float_gt_q22_k131072_max_uniform_s22131238_rep1_rapl.txt,2.954281,21.021862,7.115728,4.871461,6.630197,2.244267,0,rapl:package+core,18.32661,18.32661,2.587838,2.587838,5.72005810868,5.72005810868,18.679317,2.63913
rapl,cpu,float,gt,max,131072,4194304,uniform,22131238,2,bench/results/raw/energy/measurements/20260817_174754_cpu_float_gt_q22_k131072_max_uniform_s22131238_rep2_rapl.txt,2.947098,21.038921,7.13886,4.871461,6.682247,2.267399,0,rapl:package+core,18.169358,18.169358,2.580746,2.580746,5.59735451009,5.59735451009,18.544192,2.632563
rapl,cpu,float,gt,max,131072,4194304,uniform,22131238,3,bench/results/raw/energy/measurements/20260817_174754_cpu_float_gt_q22_k131072_max_uniform_s22131238_rep3_rapl.txt,2.888727,20.918992,7.241594,4.871461,6.846669,2.370133,0,rapl:package+core,18.167947,18.167947,2.523164,2.523164,5.8764519774,5.8764519774,18.527652,2.576253
rapl,cpu,float,gt,max,256,4194304,uniform,22000422,1,bench/results/raw/energy/measurements/20260817_174754_cpu_float_gt_q22_k256_max_uniform_s22000422_rep1_rapl.txt,0.143507,1.407123,9.80524,4.871461,0.708033,4.933779,0,rapl:package+core,0.752828,0.752828,0.074512,0.074512,0.389845697968,0.389845697968,1.066443,0.111836
rapl,cpu,float,gt,max,256,4194304,uniform,22000422,2,bench/results/raw/energy/measurements/20260817_174754_cpu_float_gt_q22_k256_max_uniform_s22000422_rep2_rapl.txt,0.14378,1.43149,9.956147,4.871461,0.731074,5.084686,0,rapl:package+core,0.72591,0.72591,0.074624,0.074624,0.362382094336,0.362382094336,1.066046,0.111814
rapl,cpu,float,gt,max,256,4194304,uniform,22000422,3,bench/results/raw/energy/measurements/20260817_174754_cpu_float_gt_q22_k256_max_uniform_s22000422_rep3_rapl.txt,0.144341,1.400928,9.705652,4.871461,0.697774,4.834191,0,rapl:package+core,0.724035,0.724035,0.074659,0.074659,0.360336593201,0.360336593201,1.078786,0.112343
rapl,cpu,float,gt,max,4096,4194304,uniform,22004262,1,bench/results/raw/energy/measurements/20260817_174754_cpu_float_gt_q22_k4096_max_uniform_s22004262_rep1_rapl.txt,0.248315,2.144939,8.637989,4.871461,0.935284,3.766528,0,rapl:package+core,1.438218,1.438218,0.16998,0.16998,0.61016705922,0.61016705922,1.740526,0.206588
rapl,cpu,float,gt,max,4096,4194304,uniform,22004262,2,bench/results/raw/energy/measurements/20260817_174754_cpu_float_gt_q22_k4096_max_uniform_s22004262_rep2_rapl.txt,0.24941,2.107465,8.449813,4.871461,0.892475,3.578352,0,rapl:package+core,1.389102,1.389102,0.169749,0.169749,0.562176366711,0.562176366711,1.720416,0.207086
rapl,cpu,float,gt,max,4096,4194304,uniform,22004262,3,bench/results/raw/energy/measurements/20260817_174754_cpu_float_gt_q22_k4096_max_uniform_s22004262_rep3_rapl.txt,0.249462,2.127728,8.529271,4.871461,0.912484,3.65781,0,rapl:package+core,1.402177,1.402177,0.169898,0.169898,0.574525519022,0.574525519022,1.722766,0.207307
rapl,cpu,float,gt,max,8,4194304,uniform,22000174,1,bench/results/raw/energy/measurements/20260817_174754_cpu_float_gt_q22_k8_max_uniform_s22000174_rep1_rapl.txt,0.14196,1.66393,11.721146,4.871461,0.972379,6.849685,0,rapl:package+core,0.840788,0.840788,0.069623,0.069623,0.501622270797,0.501622270797,1.296762,0.11044
rapl,cpu,float,gt,max,8,4194304,uniform,22000174,2,bench/results/raw/energy/measurements/20260817_174754_cpu_float_gt_q22_k8_max_uniform_s22000174_rep2_rapl.txt,0.134907,1.339225,9.927006,4.871461,0.68203,5.055545,0,rapl:package+core,0.670773,0.670773,0.069296,0.069296,0.333200238544,0.333200238544,1.002832,0.104165
rapl,cpu,float,gt,max,8,4194304,uniform,22000174,3,bench/results/raw/energy/measurements/20260817_174754_cpu_float_gt_q22_k8_max_uniform_s22000174_rep3_rapl.txt,0.137297,1.342551,9.778433,4.871461,0.673713,4.906972,0,rapl:package+core,0.649807,0.649807,0.069436,0.069436,0.311552234004,0.311552234004,1.018639,0.106252
rapl,cpu,float,gt,max,131072,8388608,uniform,23131241,1,bench/results/raw/energy/measurements/20260817_174754_cpu_float_gt_q23_k131072_max_uniform_s23131241_rep1_rapl.txt,3.679864,26.159444,7.108807,4.871461,8.233129,2.237346,0,rapl:package+core,21.680371,21.680371,3.086383,3.086383,6.64517658444,6.64517658444,23.164299,3.290059
rapl,cpu,float,gt,max,131072,8388608,uniform,23131241,2,bench/results/raw/energy/measurements/20260817_174754_cpu_float_gt_q23_k131072_max_uniform_s23131241_rep2_rapl.txt,3.768499,27.025153,7.171331,4.871461,8.667058,2.29987,0,rapl:package+core,22.502604,22.502604,3.159572,3.159572,7.11087222531,7.11087222531,24.002558,3.367254
rapl,cpu,float,gt,max,131072,8388608,uniform,23131241,3,bench/results/raw/energy/measurements/20260817_174754_cpu_float_gt_q23_k131072_max_uniform_s23131241_rep3_rapl.txt,3.68962,26.466588,7.173256,4.871461,8.492749,2.301795,0,rapl:package+core,21.905716,21.905716,3.083727,3.083727,6.88346018485,6.88346018485,23.47277,3.294331
rapl,cpu,float,gt,max,256,8388608,uniform,23000425,1,bench/results/raw/energy/measurements/20260817_174754_cpu_float_gt_q23_k256_max_uniform_s23000425_rep1_rapl.txt,0.386931,3.545807,9.163916,4.871461,1.660886,4.292455,0,rapl:package+core,1.252508,1.252508,0.146922,0.146922,0.536783206958,0.536783206958,2.936188,0.323311
rapl,cpu,float,gt,max,256,8388608,uniform,23000425,2,bench/results/raw/energy/measurements/20260817_174754_cpu_float_gt_q23_k256_max_uniform_s23000425_rep2_rapl.txt,0.387228,3.553848,9.177657,4.871461,1.667481,4.306196,0,rapl:package+core,1.314385,1.314385,0.146737,0.146737,0.599561427243,0.599561427243,2.924242,0.323248
rapl,cpu,float,gt,max,256,8388608,uniform,23000425,3,bench/results/raw/energy/measurements/20260817_174754_cpu_float_gt_q23_k256_max_uniform_s23000425_rep3_rapl.txt,0.383093,3.51851,9.184489,4.871461,1.652289,4.313028,0,rapl:package+core,1.283381,1.283381,0.146166,0.146166,0.571339031474,0.571339031474,2.894809,0.319574
rapl,cpu,float,gt,max,4096,8388608,uniform,23004265,1,bench/results/raw/energy/measurements/20260817_174754_cpu_float_gt_q23_k4096_max_uniform_s23004265_rep1_rapl.txt,0.504479,4.392656,8.707309,4.871461,1.935105,3.835848,0,rapl:package+core,2.113522,2.113522,0.254386,0.254386,0.874290522054,0.874290522054,3.654199,0.428472
rapl,cpu,float,gt,max,4096,8388608,uniform,23004265,2,bench/results/raw/energy/measurements/20260817_174754_cpu_float_gt_q23_k4096_max_uniform_s23004265_rep2_rapl.txt,0.504283,4.501491,8.926518,4.871461,2.044896,4.055057,0,rapl:package+core,2.143901,2.143901,0.252453,0.252453,0.914086056167,0.914086056167,3.767383,0.427308
rapl,cpu,float,gt,max,4096,8388608,uniform,23004265,3,bench/results/raw/energy/measurements/20260817_174754_cpu_float_gt_q23_k4096_max_uniform_s23004265_rep3_rapl.txt,0.50245,4.404908,8.766854,4.871461,1.957241,3.895393,0,rapl:package+core,2.062499,2.062499,0.251747,0.251747,0.836123307633,0.836123307633,3.658182,0.426774
rapl,cpu,float,gt,max,8,8388608,uniform,23000177,1,bench/results/raw/energy/measurements/20260817_174754_cpu_float_gt_q23_k8_max_uniform_s23000177_rep1_rapl.txt,0.384721,3.623836,9.419392,4.871461,1.749684,4.547931,0,rapl:package+core,1.25869,1.25869,0.139919,0.139919,0.577080048341,0.577080048341,2.953018,0.321089
rapl,cpu,float,gt,max,8,8388608,uniform,23000177,2,bench/results/raw/energy/measurements/20260817_174754_cpu_float_gt_q23_k8_max_uniform_s23000177_rep2_rapl.txt,0.38364,3.542313,9.23344,4.871461,1.673428,4.361979,0,rapl:package+core,1.225734,1.225734,0.14027,0.14027,0.54241416553,0.54241416553,2.897387,0.320783
rapl,cpu,float,gt,max,8,8388608,uniform,23000177,3,bench/results/raw/energy/measurements/20260817_174754_cpu_float_gt_q23_k8_max_uniform_s23000177_rep3_rapl.txt,0.382253,3.51787,9.202979,4.871461,1.655737,4.331518,0,rapl:package+core,1.23268,1.23268,0.14035,0.14035,0.54897044865,0.54897044865,2.890277,0.319189
rapl,cpu,float,gt,max,131072,16777216,uniform,24131244,1,bench/results/raw/energy/measurements/20260817_174754_cpu_float_gt_q24_k131072_max_uniform_s24131244_rep1_rapl.txt,4.660987,34.044993,7.304246,4.871461,11.339177,2.432785,0,rapl:package+core,27.287032,27.287032,3.807035,3.807035,8.74120947187,8.74120947187,30.174008,4.153061
rapl,cpu,float,gt,max,131072,16777216,uniform,24131244,2,bench/results/raw/energy/measurements/20260817_174754_cpu_float_gt_q24_k131072_max_uniform_s24131244_rep2_rapl.txt,4.546065,33.404309,7.347962,4.871461,11.258333,2.476501,0,rapl:package+core,26.671836,26.671836,3.707373,3.707373,8.61151301805,8.61151301805,29.572095,4.046514
rapl,cpu,float,gt,max,131072,16777216,uniform,24131244,3,bench/results/raw/energy/measurements/20260817_174754_cpu_float_gt_q24_k131072_max_uniform_s24131244_rep3_rapl.txt,4.541384,33.332398,7.3397,4.871461,11.209222,2.468239,0,rapl:package+core,26.663323,26.663323,3.706376,3.706376,8.60785686466,8.60785686466,29.486864,4.044861
rapl,cpu,float,gt,max,256,16777216,uniform,24000428,1,bench/results/raw/energy/measurements/20260817_174754_cpu_float_gt_q24_k256_max_uniform_s24000428_rep1_rapl.txt,0.722248,6.806243,9.423688,4.871461,3.287838,4.552227,0,rapl:package+core,2.681417,2.681417,0.284658,0.284658,1.29471665466,1.29471665466,5.627181,0.603136
rapl,cpu,float,gt,max,256,16777216,uniform,24000428,2,bench/results/raw/energy/measurements/20260817_174754_cpu_float_gt_q24_k256_max_uniform_s24000428_rep2_rapl.txt,0.722041,6.974615,9.659588,4.871461,3.457222,4.788127,0,rapl:package+core,2.68494,2.68494,0.285313,0.285313,1.29504884771,1.29504884771,5.652936,0.602261
rapl,cpu,float,gt,max,256,16777216,uniform,24000428,3,bench/results/raw/energy/measurements/20260817_174754_cpu_float_gt_q24_k256_max_uniform_s24000428_rep3_rapl.txt,0.726135,6.931389,9.545596,4.871461,3.394052,4.674135,0,rapl:package+core,2.600388,2.600388,0.283462,0.283462,1.21951392202,1.21951392202,5.748116,0.60692
rapl,cpu,float,gt,max,4096,16777216,uniform,24004268,1,bench/results/raw/energy/measurements/20260817_174754_cpu_float_gt_q24_k4096_max_uniform_s24004268_rep1_rapl.txt,0.856622,8.009702,9.350334,4.871461,3.836701,4.478873,0,rapl:package+core,3.598037,3.598037,0.405448,0.405448,1.62291288047,1.62291288047,6.536481,0.724161
rapl,cpu,float,gt,max,4096,16777216,uniform,24004268,2,bench/results/raw/energy/measurements/20260817_174754_cpu_float_gt_q24_k4096_max_uniform_s24004268_rep2_rapl.txt,0.853112,7.833335,9.182074,4.871461,3.677434,4.310613,0,rapl:package+core,3.47176,3.47176,0.403932,0.403932,1.50402101535,1.50402101535,6.511093,0.720324
rapl,cpu,float,gt,max,4096,16777216,uniform,24004268,3,bench/results/raw/energy/measurements/20260817_174754_cpu_float_gt_q24_k4096_max_uniform_s24004268_rep3_rapl.txt,0.857867,7.839851,9.138777,4.871461,3.660788,4.267316,0,rapl:package+core,3.557902,3.557902,0.404164,0.404164,1.5890328364,1.5890328364,6.544904,0.725672
rapl,cpu,float,gt,max,8,16777216,uniform,24000180,1,bench/results/raw/energy/measurements/20260817_174754_cpu_float_gt_q24_k8_max_uniform_s24000180_rep1_rapl.txt,0.724816,6.874996,9.485156,4.871461,3.344082,4.613695,0,rapl:package+core,2.622465,2.622465,0.27981,0.27981,1.25938149759,1.25938149759,5.665357,0.604203
rapl,cpu,float,gt,max,8,16777216,uniform,24000180,2,bench/results/raw/energy/measurements/20260817_174754_cpu_float_gt_q24_k8_max_uniform_s24000180_rep2_rapl.txt,0.717775,6.842618,9.533101,4.871461,3.346007,4.66164,0,rapl:package+core,2.599998,2.599998,0.277468,0.277468,1.24832345925,1.24832345925,5.640394,0.599161
rapl,cpu,float,gt,max,8,16777216,uniform,24000180,3,bench/results/raw/energy/measurements/20260817_174754_cpu_float_gt_q24_k8_max_uniform_s24000180_rep3_rapl.txt,0.719246,7.237755,10.06298,4.871461,3.733978,5.191519,0,rapl:package+core,2.901046,2.901046,0.279591,0.279591,1.53902934755,1.53902934755,6.059012,0.6002
rapl,cpu,float,map_reduce,max,256,65536,uniform,16000404,1,bench/results/raw/energy/measurements/20260817_174754_cpu_float_map_reduce_q16_k256_max_uniform_s16000404_rep1_rapl.txt,0.007438,0.078564,10.562257,4.871461,0.042329,5.690796,0,rapl:package+core,0.023589,0.023589,0.002511,0.002511,0.011356761429,0.011356761429,0.034376,0.003707
rapl,cpu,float,map_reduce,max,256,65536,uniform,16000404,2,bench/results/raw/energy/measurements/20260817_174754_cpu_float_map_reduce_q16_k256_max_uniform_s16000404_rep2_rapl.txt,0.007261,0.064938,8.943643,4.871461,0.029567,4.072182,0,rapl:package+core,0.020888,0.020888,0.002534,0.002534,0.008543717826,0.008543717826,0.032256,0.00365
rapl,cpu,float,map_reduce,max,256,65536,uniform,16000404,3,bench/results/raw/energy/measurements/20260817_174754_cpu_float_map_reduce_q16_k256_max_uniform_s16000404_rep3_rapl.txt,0.007648,0.096827,12.660843,4.871461,0.059571,7.789382,0,rapl:package+core,0.011459,0.011459,0.002652,0.002652,0,0,0.049146,0.003858
rapl,cpu,float,map_reduce,max,4096,65536,uniform,16004244,1,bench/results/raw/energy/measurements/20260817_174754_cpu_float_map_reduce_q16_k4096_max_uniform_s16004244_rep1_rapl.txt,0.065597,0.578599,8.820502,4.871461,0.259045,3.949041,0,rapl:package+core,0.48345,0.48345,0.054342,0.054342,0.218725066338,0.218725066338,0.48345,0.055563
rapl,cpu,float,map_reduce,max,4096,65536,uniform,16004244,2,bench/results/raw/energy/measurements/20260817_174754_cpu_float_map_reduce_q16_k4096_max_uniform_s16004244_rep2_rapl.txt,0.065619,0.5663,8.630186,4.871461,0.246642,3.758725,0,rapl:package+core,0.475363,0.475363,0.054354,0.054354,0.210579608806,0.210579608806,0.475363,0.055577
rapl,cpu,float,map_reduce,max,4096,65536,uniform,16004244,3,bench/results/raw/energy/measurements/20260817_174754_cpu_float_map_reduce_q16_k4096_max_uniform_s16004244_rep3_rapl.txt,0.065542,0.568925,8.680377,4.871461,0.249642,3.808916,0,rapl:package+core,0.473089,0.473089,0.054339,0.054339,0.208378680721,0.208378680721,0.473089,0.055572
rapl,cpu,float,map_reduce,max,8,65536,uniform,16000156,1,bench/results/raw/energy/measurements/20260817_174754_cpu_float_map_reduce_q16_k8_max_uniform_s16000156_rep1_rapl.txt,0.005842,0.067593,11.569296,4.871461,0.039132,6.697835,0,rapl:package+core,0.021331,0.021331,0.001391,0.001391,0.014554797749,0.014554797749,0.021331,0.002594
rapl,cpu,float,map_reduce,max,8,65536,uniform,16000156,2,bench/results/raw/energy/measurements/20260817_174754_cpu_float_map_reduce_q16_k8_max_uniform_s16000156_rep2_rapl.txt,0.006018,0.064023,10.637877,4.871461,0.034705,5.766416,0,rapl:package+core,0.024443,0.024443,0.001453,0.001453,0.017364767167,0.017364767167,0.024443,0.002715
rapl,cpu,float,map_reduce,max,8,65536,uniform,16000156,3,bench/results/raw/energy/measurements/20260817_174754_cpu_float_map_reduce_q16_k8_max_uniform_s16000156_rep3_rapl.txt,0.00581,0.08369,14.40442,4.871461,0.055387,9.532959,0,rapl:package+core,0.025435,0.025435,0.001372,0.001372,0.018751355508,0.018751355508,0.036222,0.002565
rapl,cpu,float,map_reduce,max,131072,131072,uniform,17131223,1,bench/results/raw/energy/measurements/20260817_174754_cpu_float_map_reduce_q17_k131072_max_uniform_s17131223_rep1_rapl.txt,0.560631,3.850127,6.867485,4.871461,1.119034,1.996024,0,rapl:package+core,3.106757,3.106757,0.473736,0.473736,0.798970551704,0.798970551704,3.116004,0.475484
rapl,cpu,float,map_reduce,max,131072,131072,uniform,17131223,2,bench/results/raw/energy/measurements/20260817_174754_cpu_float_map_reduce_q17_k131072_max_uniform_s17131223_rep2_rapl.txt,0.559562,3.968804,7.092692,4.871461,1.242917,2.221231,0,rapl:package+core,3.160344,3.160344,0.472683,0.472683,0.857687200137,0.857687200137,3.168156,0.47441
rapl,cpu,float,map_reduce,max,131072,131072,uniform,17131223,3,bench/results/raw/energy/measurements/20260817_174754_cpu_float_map_reduce_q17_k131072_max_uniform_s17131223_rep3_rapl.txt,0.559431,3.782306,6.760992,4.871461,1.057062,1.889531,0,rapl:package+core,3.007871,3.007871,0.473013,0.473013,0.703606618007,0.703606618007,3.01553,0.474568
rapl,cpu,float,map_reduce,max,256,131072,uniform,17000407,1,bench/results/raw/energy/measurements/20260817_174754_cpu_float_map_reduce_q17_k256_max_uniform_s17000407_rep1_rapl.txt,0.008021,0.087169,10.867763,4.871461,0.048096,5.996302,0,rapl:package+core,0.022536,0.022536,0.002715,0.002715,0.009309983385,0.009309983385,0.034666,0.003906
rapl,cpu,float,map_reduce,max,256,131072,uniform,17000407,2,bench/results/raw/energy/measurements/20260817_174754_cpu_float_map_reduce_q17_k256_max_uniform_s17000407_rep2_rapl.txt,0.008029,0.076854,9.572355,4.871461,0.037742,4.700894,0,rapl:package+core,0.021559,0.021559,0.002827,0.002827,0.007787379753,0.007787379753,0.032255,0.004033
rapl,cpu,float,map_reduce,max,256,131072,uniform,17000407,3,bench/results/raw/energy/measurements/20260817_174754_cpu_float_map_reduce_q17_k256_max_uniform_s17000407_rep3_rapl.txt,0.008028,0.08868,11.046624,4.871461,0.049573,6.175163,0,rapl:package+core,0.023223,0.023223,0.002724,0.002724,0.009953140236,0.009953140236,0.037489,0.003918
rapl,cpu,float,map_reduce,max,4096,131072,uniform,17004247,1,bench/results/raw/energy/measurements/20260817_174754_cpu_float_map_reduce_q17_k4096_max_uniform_s17004247_rep1_rapl.txt,0.07658,0.661603,8.639365,4.871461,0.288546,3.767904,0,rapl:package+core,0.538181,0.538181,0.064061,0.064061,0.226110336879,0.226110336879,0.548251,0.06529
rapl,cpu,float,map_reduce,max,4096,131072,uniform,17004247,2,bench/results/raw/energy/measurements/20260817_174754_cpu_float_map_reduce_q17_k4096_max_uniform_s17004247_rep2_rapl.txt,0.077005,0.665447,8.641618,4.871461,0.290321,3.770157,0,rapl:package+core,0.536807,0.536807,0.064182,0.064182,0.224146890098,0.224146890098,0.546297,0.065408
rapl,cpu,float,map_reduce,max,4096,131072,uniform,17004247,3,bench/results/raw/energy/measurements/20260817_174754_cpu_float_map_reduce_q17_k4096_max_uniform_s17004247_rep3_rapl.txt,0.076711,0.671001,8.747136,4.871461,0.297307,3.875675,0,rapl:package+core,0.542193,0.542193,0.064104,0.064104,0.229912864056,0.229912864056,0.557939,0.06534
rapl,cpu,float,map_reduce,max,8,131072,uniform,17000159,1,bench/results/raw/energy/measurements/20260817_174754_cpu_float_map_reduce_q17_k8_max_uniform_s17000159_rep1_rapl.txt,0.006471,0.081646,12.616444,4.871461,0.050121,7.744983,0,rapl:package+core,0.010787,0.010787,0.001607,0.001607,0.002958562173,0.002958562173,0.021254,0.00281
rapl,cpu,float,map_reduce,max,8,131072,uniform,17000159,2,bench/results/raw/energy/measurements/20260817_174754_cpu_float_map_reduce_q17_k8_max_uniform_s17000159_rep2_rapl.txt,0.006366,0.070355,11.051656,4.871461,0.039343,6.180195,0,rapl:package+core,0.011367,0.011367,0.001569,0.001569,0.003723677691,0.003723677691,0.022368,0.002775
rapl,cpu,float,map_reduce,max,8,131072,uniform,17000159,3,bench/results/raw/energy/measurements/20260817_174754_cpu_float_map_reduce_q17_k8_max_uniform_s17000159_rep3_rapl.txt,0.006416,0.082195,12.810301,4.871461,0.050938,7.93884,0,rapl:package+core,0.010986,0.010986,0.001563,0.001563,0.003371906457,0.003371906457,0.022246,0.002758
rapl,cpu,float,map_reduce,max,131072,262144,uniform,18131226,1,bench/results/raw/energy/measurements/20260817_174754_cpu_float_map_reduce_q18_k131072_max_uniform_s18131226_rep1_rapl.txt,1.090889,7.818168,7.166783,4.871461,2.503943,2.295322,0,rapl:package+core,6.727253,6.727253,0.955577,0.955577,2.072196912,2.072196912,6.733966,0.957272
rapl,cpu,float,map_reduce,max,131072,262144,uniform,18131226,2,bench/results/raw/energy/measurements/20260817_174754_cpu_float_map_reduce_q18_k131072_max_uniform_s18131226_rep2_rapl.txt,1.091691,8.078028,7.399557,4.871461,2.759899,2.528096,0,rapl:package+core,6.849026,6.849026,0.956238,0.956238,2.19074987628,2.19074987628,6.857067,0.957769
rapl,cpu,float,map_reduce,max,131072,262144,uniform,18131226,3,bench/results/raw/energy/measurements/20260817_174754_cpu_float_map_reduce_q18_k131072_max_uniform_s18131226_rep3_rapl.txt,1.091898,7.977599,7.306178,4.871461,2.658462,2.434717,0,rapl:package+core,6.810165,6.810165,0.9555,0.9555,2.1554840145,2.1554840145,6.810165,0.957094
rapl,cpu,float,map_reduce,max,256,262144,uniform,18000410,1,bench/results/raw/energy/measurements/20260817_174754_cpu_float_map_reduce_q18_k256_max_uniform_s18000410_rep1_rapl.txt,0.009219,0.097545,10.581218,4.871461,0.052636,5.709757,0,rapl:package+core,0.011077,0.011077,0.003265,0.003265,0,0,0.035201,0.004462
rapl,cpu,float,map_reduce,max,256,262144,uniform,18000410,2,bench/results/raw/energy/measurements/20260817_174754_cpu_float_map_reduce_q18_k256_max_uniform_s18000410_rep2_rapl.txt,0.009297,0.096232,10.351249,4.871461,0.050944,5.479788,0,rapl:package+core,0.033217,0.033217,0.003645,0.003645,0.015460524655,0.015460524655,0.044981,0.004728
rapl,cpu,float,map_reduce,max,256,262144,uniform,18000410,3,bench/results/raw/energy/measurements/20260817_174754_cpu_float_map_reduce_q18_k256_max_uniform_s18000410_rep3_rapl.txt,0.009247,0.08755,9.468358,4.871461,0.042506,4.596897,0,rapl:package+core,0.032682,0.032682,0.003294,0.003294,0.016635407466,0.016635407466,0.044111,0.004495
rapl,cpu,float,map_reduce,max,4096,262144,uniform,18004250,1,bench/results/raw/energy/measurements/20260817_174754_cpu_float_map_reduce_q18_k4096_max_uniform_s18004250_rep1_rapl.txt,0.090516,0.822849,9.090686,4.871461,0.381906,4.219225,0,rapl:package+core,0.67889,0.67889,0.076022,0.076022,0.308551791858,0.308551791858,0.689265,0.07728
rapl,cpu,float,map_reduce,max,4096,262144,uniform,18004250,2,bench/results/raw/energy/measurements/20260817_174754_cpu_float_map_reduce_q18_k4096_max_uniform_s18004250_rep2_rapl.txt,0.090407,0.858689,9.498023,4.871461,0.418274,4.626562,0,rapl:package+core,0.669398,0.669398,0.076039,0.076039,0.298976977021,0.298976977021,0.691904,0.077277
rapl,cpu,float,map_reduce,max,4096,262144,uniform,18004250,3,bench/results/raw/energy/measurements/20260817_174754_cpu_float_map_reduce_q18_k4096_max_uniform_s18004250_rep3_rapl.txt,0.090228,0.770987,8.544913,4.871461,0.331447,3.673452,0,rapl:package+core,0.634122,0.634122,0.075852,0.075852,0.264611940228,0.264611940228,0.634122,0.077064
rapl,cpu,float,map_reduce,max,8,262144,uniform,18000162,1,bench/results/raw/energy/measurements/20260817_174754_cpu_float_map_reduce_q18_k8_max_uniform_s18000162_rep1_rapl.txt,0.00766,0.086253,11.260662,4.871461,0.048939,6.389201,0,rapl:package+core,0.010756,0.010756,0.002087,0.002087,0.000589260893,0.000589260893,0.032804,0.0033
rapl,cpu,float,map_reduce,max,8,262144,uniform,18000162,2,bench/results/raw/energy/measurements/20260817_174754_cpu_float_map_reduce_q18_k8_max_uniform_s18000162_rep2_rapl.txt,0.007661,0.095896,12.516866,4.871461,0.058574,7.645405,0,rapl:package+core,0.017287,0.017287,0.00205,0.00205,0.00730050495,0.00730050495,0.039335,0.00325
rapl,cpu,float,map_reduce,max,8,262144,uniform,18000162,3,bench/results/raw/energy/measurements/20260817_174754_cpu_float_map_reduce_q18_k8_max_uniform_s18000162_rep3_rapl.txt,0.007647,0.078365,10.248079,4.871461,0.041114,5.376618,0,rapl:package+core,0.011626,0.011626,0.002024,0.002024,0.001766162936,0.001766162936,0.022872,0.003224
rapl,cpu,float,map_reduce,max,131072,524288,uniform,19131229,1,bench/results/raw/energy/measurements/20260817_174754_cpu_float_map_reduce_q19_k131072_max_uniform_s19131229_rep1_rapl.txt,1.620375,12.345873,7.619145,4.871461,4.452279,2.747684,0,rapl:package+core,10.910279,10.910279,1.43505,1.43505,3.91948889195,3.91948889195,10.924133,1.43695
rapl,cpu,float,map_reduce,max,131072,524288,uniform,19131229,2,bench/results/raw/energy/measurements/20260817_174754_cpu_float_map_reduce_q19_k131072_max_uniform_s19131229_rep2_rapl.txt,1.620657,12.367952,7.631442,4.871461,4.472984,2.759981,0,rapl:package+core,10.796011,10.796011,1.435538,1.435538,3.80284361898,3.80284361898,10.809789,1.437325
rapl,cpu,float,map_reduce,max,131072,524288,uniform,19131229,3,bench/results/raw/energy/measurements/20260817_174754_cpu_float_map_reduce_q19_k131072_max_uniform_s19131229_rep3_rapl.txt,1.622517,12.163052,7.496408,4.871461,4.259022,2.624947,0,rapl:package+core,10.587831,10.587831,1.436854,1.436854,3.58825277631,3.58825277631,10.611771,1.438596
rapl,cpu,float,map_reduce,max,256,524288,uniform,19000413,1,bench/results/raw/energy/measurements/20260817_174754_cpu_float_map_reduce_q19_k256_max_uniform_s19000413_rep1_rapl.txt,0.010019,0.109949,10.974502,4.871461,0.061144,6.103041,0,rapl:package+core,0.047238,0.047238,0.004017,0.004017,0.027669341163,0.027669341163,0.047238,0.004884
rapl,cpu,float,map_reduce,max,256,524288,uniform,19000413,2,bench/results/raw/energy/measurements/20260817_174754_cpu_float_map_reduce_q19_k256_max_uniform_s19000413_rep2_rapl.txt,0.010686,0.128488,12.023778,4.871461,0.076431,7.152317,0,rapl:package+core,0.044187,0.044187,0.004089,0.004089,0.024267595971,0.024267595971,0.055097,0.005279
rapl,cpu,float,map_reduce,max,256,524288,uniform,19000413,3,bench/results/raw/energy/measurements/20260817_174754_cpu_float_map_reduce_q19_k256_max_uniform_s19000413_rep3_rapl.txt,0.01158,0.300277,25.92961,4.871461,0.243863,21.058149,0,rapl:package+core,0.118891,0.118891,0.004308,0.004308,0.097904746012,0.097904746012,0.149086,0.005545
rapl,cpu,float,map_reduce,max,4096,524288,uniform,19004253,1,bench/results/raw/energy/measurements/20260817_174754_cpu_float_map_reduce_q19_k4096_max_uniform_s19004253_rep1_rapl.txt,0.106284,0.893188,8.403813,4.871461,0.375431,3.532352,0,rapl:package+core,0.726402,0.726402,0.089891,0.089891,0.288501499249,0.288501499249,0.745765,0.091153
rapl,cpu,float,map_reduce,max,4096,524288,uniform,19004253,2,bench/results/raw/energy/measurements/20260817_174754_cpu_float_map_reduce_q19_k4096_max_uniform_s19004253_rep2_rapl.txt,0.107799,0.895339,8.30563,4.871461,0.3702,3.434169,0,rapl:package+core,0.749534,0.749534,0.091521,0.091521,0.303693017819,0.303693017819,0.758994,0.092768
rapl,cpu,float,map_reduce,max,4096,524288,uniform,19004253,3,bench/results/raw/energy/measurements/20260817_174754_cpu_float_map_reduce_q19_k4096_max_uniform_s19004253_rep3_rapl.txt,0.1065,0.914962,8.591219,4.871461,0.396153,3.719758,0,rapl:package+core,0.7564,0.7564,0.090147,0.090147,0.317252405233,0.317252405233,0.768042,0.091377
rapl,cpu,float,map_reduce,max,8,524288,uniform,19000165,1,bench/results/raw/energy/measurements/20260817_174754_cpu_float_map_reduce_q19_k8_max_uniform_s19000165_rep1_rapl.txt,0.009179,0.120813,13.161726,4.871461,0.076097,8.290265,0,rapl:package+core,0.036894,0.036894,0.002896,0.002896,0.022786248944,0.022786248944,0.052869,0.004088
rapl,cpu,float,map_reduce,max,8,524288,uniform,19000165,2,bench/results/raw/energy/measurements/20260817_174754_cpu_float_map_reduce_q19_k8_max_uniform_s19000165_rep2_rapl.txt,0.008646,0.090221,10.435273,4.871461,0.048103,5.563812,0,rapl:package+core,0.035506,0.035506,0.002675,0.002675,0.022474841825,0.022474841825,0.035506,0.003775
rapl,cpu,float,map_reduce,max,8,524288,uniform,19000165,3,bench/results/raw/energy/measurements/20260817_174754_cpu_float_map_reduce_q19_k8_max_uniform_s19000165_rep3_rapl.txt,0.008854,0.100641,11.366227,4.871461,0.057507,6.494766,0,rapl:package+core,0.032759,0.032759,0.002774,0.002774,0.019245567186,0.019245567186,0.056088,0.003955
rapl,cpu,float,map_reduce,max,131072,1048576,uniform,20131232,1,bench/results/raw/energy/measurements/20260817_174754_cpu_float_map_reduce_q20_k131072_max_uniform_s20131232_rep1_rapl.txt,2.153489,16.114858,7.483138,4.871461,5.624219,2.611677,0,rapl:package+core,14.381428,14.381428,1.918732,1.918732,5.03439989255,5.03439989255,14.381428,1.920692
rapl,cpu,float,map_reduce,max,131072,1048576,uniform,20131232,2,bench/results/raw/energy/measurements/20260817_174754_cpu_float_map_reduce_q20_k131072_max_uniform_s20131232_rep2_rapl.txt,2.153133,16.527847,7.676184,4.871461,6.038943,2.804723,0,rapl:package+core,14.583779,14.583779,1.918792,1.918792,5.23645860489,5.23645860489,14.583779,1.920515
rapl,cpu,float,map_reduce,max,131072,1048576,uniform,20131232,3,bench/results/raw/energy/measurements/20260817_174754_cpu_float_map_reduce_q20_k131072_max_uniform_s20131232_rep3_rapl.txt,2.155323,16.132314,7.48487,4.871461,5.632741,2.613409,0,rapl:package+core,14.057394,14.057394,1.920102,1.920102,4.70369199098,4.70369199098,14.065633,1.921911
rapl,cpu,float,map_reduce,max,256,1048576,uniform,20000416,1,bench/results/raw/energy/measurements/20260817_174754_cpu_float_map_reduce_q20_k256_max_uniform_s20000416_rep1_rapl.txt,0.013975,0.152046,10.879931,4.871461,0.083968,6.00847,0,rapl:package+core,0.04881,0.04881,0.005517,0.005517,0.021934149663,0.021934149663,0.072064,0.006725
rapl,cpu,float,map_reduce,max,256,1048576,uniform,20000416,2,bench/results/raw/energy/measurements/20260817_174754_cpu_float_map_reduce_q20_k256_max_uniform_s20000416_rep2_rapl.txt,0.014534,0.156242,10.750458,4.871461,0.085443,5.878997,0,rapl:package+core,0.04971,0.04971,0.005903,0.005903,0.020953765717,0.020953765717,0.086925,0.0071
rapl,cpu,float,map_reduce,max,256,1048576,uniform,20000416,3,bench/results/raw/energy/measurements/20260817_174754_cpu_float_map_reduce_q20_k256_max_uniform_s20000416_rep3_rapl.txt,0.014227,0.161338,11.340528,4.871461,0.092033,6.469067,0,rapl:package+core,0.069455,0.069455,0.005709,0.005709,0.041643829151,0.041643829151,0.081524,0.006919
rapl,cpu,float,map_reduce,max,4096,1048576,uniform,20004256,1,bench/results/raw/energy/measurements/20260817_174754_cpu_float_map_reduce_q20_k4096_max_uniform_s20004256_rep1_rapl.txt,0.12351,1.043693,8.450295,4.871461,0.442021,3.578834,0,rapl:package+core,0.854174,0.854174,0.103719,0.103719,0.348910936541,0.348910936541,0.863527,0.104982
rapl,cpu,float,map_reduce,max,4096,1048576,uniform,20004256,2,bench/results/raw/energy/measurements/20260817_174754_cpu_float_map_reduce_q20_k4096_max_uniform_s20004256_rep2_rapl.txt,0.123777,1.016457,8.211976,4.871461,0.41348,3.340515,0,rapl:package+core,0.831637,0.831637,0.104018,0.104018,0.324917369702,0.324917369702,0.840868,0.105272
rapl,cpu,float,map_reduce,max,4096,1048576,uniform,20004256,3,bench/results/raw/energy/measurements/20260817_174754_cpu_float_map_reduce_q20_k4096_max_uniform_s20004256_rep3_rapl.txt,0.125767,1.012932,8.054067,4.871461,0.400265,3.182606,0,rapl:package+core,0.848467,0.848467,0.106419,0.106419,0.330050991841,0.330050991841,0.848467,0.107658
rapl,cpu,float,map_reduce,max,8,1048576,uniform,20000168,1,bench/results/raw/energy/measurements/20260817_174754_cpu_float_map_reduce_q20_k8_max_uniform_s20000168_rep1_rapl.txt,0.012186,0.154472,12.676381,4.871461,0.095109,7.80492,0,rapl:package+core,0.02481,0.02481,0.004145,0.004145,0.004617794155,0.004617794155,0.048979,0.00534
rapl,cpu,float,map_reduce,max,8,1048576,uniform,20000168,2,bench/results/raw/energy/measurements/20260817_174754_cpu_float_map_reduce_q20_k8_max_uniform_s20000168_rep2_rapl.txt,0.012222,0.145653,11.916998,4.871461,0.086113,7.045537,0,rapl:package+core,0.050779,0.050779,0.004137,0.004137,0.030625765843,0.030625765843,0.063824,0.005355
rapl,cpu,float,map_reduce,max,8,1048576,uniform,20000168,3,bench/results/raw/energy/measurements/20260817_174754_cpu_float_map_reduce_q20_k8_max_uniform_s20000168_rep3_rapl.txt,0.012179,0.165457,13.585814,4.871461,0.106129,8.714353,0,rapl:package+core,0.046919,0.046919,0.004142,0.004142,0.026741408538,0.026741408538,0.077114,0.005337
rapl,cpu,float,map_reduce,max,131072,2097152,uniform,21131235,1,bench/results/raw/energy/measurements/20260817_174754_cpu_float_map_reduce_q21_k131072_max_uniform_s21131235_rep1_rapl.txt,2.823527,26.497684,9.384605,4.871461,12.742983,4.513144,0,rapl:package+core,23.719019,23.719019,2.524867,2.524867,11.4192278793,11.4192278793,23.736505,2.527041
rapl,cpu,float,map_reduce,max,131072,2097152,uniform,21131235,2,bench/results/raw/energy/measurements/20260817_174754_cpu_float_map_reduce_q21_k131072_max_uniform_s21131235_rep2_rapl.txt,2.813889,26.489063,9.413686,4.871461,12.781315,4.542225,0,rapl:package+core,23.599122,23.599122,2.513436,2.513436,11.35501655,11.35501655,23.640043,2.515527
rapl,cpu,float,map_reduce,max,131072,2097152,uniform,21131235,3,bench/results/raw/energy/measurements/20260817_174754_cpu_float_map_reduce_q21_k131072_max_uniform_s21131235_rep3_rapl.txt,2.820519,26.647365,9.447681,4.871461,12.907316,4.57622,0,rapl:package+core,23.800908,23.800908,2.521485,2.521485,11.5175921604,11.5175921604,23.800908,2.523583
rapl,cpu,float,map_reduce,max,256,2097152,uniform,21000419,1,bench/results/raw/energy/measurements/20260817_174754_cpu_float_map_reduce_q21_k256_max_uniform_s21000419_rep1_rapl.txt,0.021454,0.253237,11.803798,4.871461,0.148725,6.932337,0,rapl:package+core,0.126091,0.126091,0.0088,0.0088,0.0832221432,0.0832221432,0.145866,0.010047
rapl,cpu,float,map_reduce,max,256,2097152,uniform,21000419,2,bench/results/raw/energy/measurements/20260817_174754_cpu_float_map_reduce_q21_k256_max_uniform_s21000419_rep2_rapl.txt,0.021099,0.251726,11.930522,4.871461,0.148941,7.059061,0,rapl:package+core,0.115366,0.115366,0.008486,0.008486,0.074026781954,0.074026781954,0.1307,0.009723
rapl,cpu,float,map_reduce,max,256,2097152,uniform,21000419,3,bench/results/raw/energy/measurements/20260817_174754_cpu_float_map_reduce_q21_k256_max_uniform_s21000419_rep3_rapl.txt,0.021124,0.24573,11.632671,4.871461,0.142825,6.76121,0,rapl:package+core,0.103098,0.103098,0.008607,0.008607,0.061169335173,0.061169335173,0.11796,0.009825
rapl,cpu,float,map_reduce,max,4096,2097152,uniform,21004259,1,bench/results/raw/energy/measurements/20260817_174754_cpu_float_map_reduce_q21_k4096_max_uniform_s21004259_rep1_rapl.txt,0.144161,1.546475,10.727399,4.871461,0.844199,5.855938,0,rapl:package+core,1.279841,1.279841,0.119744,0.119744,0.696512774016,0.696512774016,1.279841,0.120989
rapl,cpu,float,map_reduce,max,4096,2097152,uniform,21004259,2,bench/results/raw/energy/measurements/20260817_174754_cpu_float_map_reduce_q21_k4096_max_uniform_s21004259_rep2_rapl.txt,0.144303,1.506255,10.438117,4.871461,0.803287,5.566656,0,rapl:package+core,1.245693,1.245693,0.119864,0.119864,0.661780198696,0.661780198696,1.257137,0.121108
rapl,cpu,float,map_reduce,max,4096,2097152,uniform,21004259,3,bench/results/raw/energy/measurements/20260817_174754_cpu_float_map_reduce_q21_k4096_max_uniform_s21004259_rep3_rapl.txt,0.144466,1.512724,10.471165,4.871461,0.808965,5.599704,0,rapl:package+core,1.251873,1.251873,0.120149,0.120149,0.666571832311,0.666571832311,1.251873,0.121394
rapl,cpu,float,map_reduce,max,8,2097152,uniform,21000171,1,bench/results/raw/energy/measurements/20260817_174754_cpu_float_map_reduce_q21_k8_max_uniform_s21000171_rep1_rapl.txt,0.017502,0.214375,12.248385,4.871461,0.129113,7.376924,0,rapl:package+core,0.106409,0.106409,0.005557,0.005557,0.079338291223,0.079338291223,0.106409,0.006768
rapl,cpu,float,map_reduce,max,8,2097152,uniform,21000171,2,bench/results/raw/energy/measurements/20260817_174754_cpu_float_map_reduce_q21_k8_max_uniform_s21000171_rep2_rapl.txt,0.01735,0.212025,12.220658,4.871461,0.127507,7.349197,0,rapl:package+core,0.088451,0.088451,0.005404,0.005404,0.062125624756,0.062125624756,0.103098,0.006645
rapl,cpu,float,map_reduce,max,8,2097152,uniform,21000171,3,bench/results/raw/energy/measurements/20260817_174754_cpu_float_map_reduce_q21_k8_max_uniform_s21000171_rep3_rapl.txt,0.017129,0.206197,12.037593,4.871461,0.122752,7.166132,0,rapl:package+core,0.080791,0.080791,0.005375,0.005375,0.054606897125,0.054606897125,0.096644,0.006618
rapl,cpu,float,map_reduce,max,131072,4194304,uniform,22131238,1,bench/results/raw/energy/measurements/20260817_174754_cpu_float_map_reduce_q22_k131072_max_uniform_s22131238_rep1_rapl.txt,3.408256,40.597998,11.911664,4.871461,23.994813,7.040203,0,rapl:package+core,36.502446,36.502446,3.050929,3.050929,21.6399643627,21.6399643627,36.502446,3.052906
rapl,cpu,float,map_reduce,max,131072,4194304,uniform,22131238,2,bench/results/raw/energy/measurements/20260817_174754_cpu_float_map_reduce_q22_k131072_max_uniform_s22131238_rep2_rapl.txt,3.412344,40.631093,11.90709,4.871461,24.00799,7.035629,0,rapl:package+core,36.409004,36.409004,3.053898,3.053898,21.532058995,21.532058995,36.425743,3.056046
rapl,cpu,float,map_reduce,max,131072,4194304,uniform,22131238,3,bench/results/raw/energy/measurements/20260817_174754_cpu_float_map_reduce_q22_k131072_max_uniform_s22131238_rep3_rapl.txt,3.40719,40.455367,11.87353,4.871461,23.857376,7.002069,0,rapl:package+core,36.265809,36.265809,3.049488,3.049488,21.410347138,21.410347138,36.289474,3.051428
rapl,cpu,float,map_reduce,max,256,4194304,uniform,22000422,1,bench/results/raw/energy/measurements/20260817_174754_cpu_float_map_reduce_q22_k256_max_uniform_s22000422_rep1_rapl.txt,0.031803,0.433449,13.629028,4.871461,0.27852,8.757567,0,rapl:package+core,0.19962,0.19962,0.011769,0.011769,0.142287775491,0.142287775491,0.218495,0.013015
rapl,cpu,float,map_reduce,max,256,4194304,uniform,22000422,2,bench/results/raw/energy/measurements/20260817_174754_cpu_float_map_reduce_q22_k256_max_uniform_s22000422_rep2_rapl.txt,0.031759,0.423394,13.331455,4.871461,0.268681,8.459994,0,rapl:package+core,0.189123,0.189123,0.01161,0.01161,0.13256533779,0.13256533779,0.209752,0.012858
rapl,cpu,float,map_reduce,max,256,4194304,uniform,22000422,3,bench/results/raw/energy/measurements/20260817_174754_cpu_float_map_reduce_q22_k256_max_uniform_s22000422_rep3_rapl.txt,0.033795,0.457953,13.550862,4.871461,0.293321,8.679401,0,rapl:package+core,0.213841,0.213841,0.012419,0.012419,0.153342325841,0.153342325841,0.213841,0.01366
rapl,cpu,float,map_reduce,max,4096,4194304,uniform,22004262,1,bench/results/raw/energy/measurements/20260817_174754_cpu_float_map_reduce_q22_k4096_max_uniform_s22004262_rep1_rapl.txt,0.164508,2.311923,14.053571,4.871461,1.510529,9.18211,0,rapl:package+core,1.935035,1.935035,0.131848,0.131848,1.29274261007,1.29274261007,1.935035,0.133104
rapl,cpu,float,map_reduce,max,4096,4194304,uniform,22004262,2,bench/results/raw/energy/measurements/20260817_174754_cpu_float_map_reduce_q22_k4096_max_uniform_s22004262_rep2_rapl.txt,0.164473,2.333558,14.188087,4.871461,1.532334,9.316626,0,rapl:package+core,1.919075,1.919075,0.131986,0.131986,1.27611034845,1.27611034845,1.937812,0.13323
rapl,cpu,float,map_reduce,max,4096,4194304,uniform,22004262,3,bench/results/raw/energy/measurements/20260817_174754_cpu_float_map_reduce_q22_k4096_max_uniform_s22004262_rep3_rapl.txt,0.164842,2.305315,13.984987,4.871461,1.502293,9.113526,0,rapl:package+core,1.881067,1.881067,0.132237,0.132237,1.23687961174,1.23687961174,1.919227,0.133488
rapl,cpu,float,map_reduce,max,8,4194304,uniform,22000174,1,bench/results/raw/energy/measurements/20260817_174754_cpu_float_map_reduce_q22_k8_max_uniform_s22000174_rep1_rapl.txt,0.027207,0.368725,13.552392,4.871461,0.236185,8.680931,0,rapl:package+core,0.112756,0.112756,0.007371,0.007371,0.076848460969,0.076848460969,0.132073,0.008631
rapl,cpu,float,map_reduce,max,8,4194304,uniform,22000174,2,bench/results/raw/energy/measurements/20260817_174754_cpu_float_map_reduce_q22_k8_max_uniform_s22000174_rep2_rapl.txt,0.02707,0.376948,13.925157,4.871461,0.24508,9.053696,0,rapl:package+core,0.076611,0.076611,0.007606,0.007606,0.039558667634,0.039558667634,0.141244,0.00883
rapl,cpu,float,map_reduce,max,8,4194304,uniform,22000174,3,bench/results/raw/energy/measurements/20260817_174754_cpu_float_map_reduce_q22_k8_max_uniform_s22000174_rep3_rapl.txt,0.026456,0.329924,12.470838,4.871461,0.201046,7.599377,0,rapl:package+core,0.112985,0.112985,0.007225,0.007225,0.077788694275,0.077788694275,0.135246,0.008464
rapl,cpu,float,map_reduce,max,131072,8388608,uniform,23131241,1,bench/results/raw/energy/measurements/20260817_174754_cpu_float_map_reduce_q23_k131072_max_uniform_s23131241_rep1_rapl.txt,3.993237,62.988106,15.773698,4.871461,43.53521,10.902237,0,rapl:package+core,56.718503,56.718503,3.567615,3.567615,39.3390056645,39.3390056645,56.725186,3.569574
rapl,cpu,float,map_reduce,max,131072,8388608,uniform,23131241,2,bench/results/raw/energy/measurements/20260817_174754_cpu_float_map_reduce_q23_k131072_max_uniform_s23131241_rep2_rapl.txt,3.989135,63.013785,15.796353,4.871461,43.580869,10.924892,0,rapl:package+core,56.621325,56.621325,3.56618,3.56618,39.248818211,39.248818211,56.64621,3.568149
rapl,cpu,float,map_reduce,max,131072,8388608,uniform,23131241,3,bench/results/raw/energy/measurements/20260817_174754_cpu_float_map_reduce_q23_k131072_max_uniform_s23131241_rep3_rapl.txt,3.984604,62.725196,15.74189,4.871461,43.314354,10.870429,0,rapl:package+core,56.418514,56.418514,3.558884,3.558884,39.0815493905,39.0815493905,56.434368,3.56063
rapl,cpu,float,map_reduce,max,256,8388608,uniform,23000425,1,bench/results/raw/energy/measurements/20260817_174754_cpu_float_map_reduce_q23_k256_max_uniform_s23000425_rep1_rapl.txt,0.062112,0.972148,15.651629,4.871461,0.669574,10.780168,0,rapl:package+core,0.513676,0.513676,0.026713,0.026713,0.383544662307,0.383544662307,0.571641,0.027885
rapl,cpu,float,map_reduce,max,256,8388608,uniform,23000425,2,bench/results/raw/energy/measurements/20260817_174754_cpu_float_map_reduce_q23_k256_max_uniform_s23000425_rep2_rapl.txt,0.063585,0.978755,15.392965,4.871461,0.669005,10.521504,0,rapl:package+core,0.545717,0.545717,0.027662,0.027662,0.410962645818,0.410962645818,0.596481,0.028907
rapl,cpu,float,map_reduce,max,256,8388608,uniform,23000425,3,bench/results/raw/energy/measurements/20260817_174754_cpu_float_map_reduce_q23_k256_max_uniform_s23000425_rep3_rapl.txt,0.063088,0.997141,15.805453,4.871461,0.689808,10.933992,0,rapl:package+core,0.54346,0.54346,0.027437,0.027437,0.409801724543,0.409801724543,0.592834,0.028678
rapl,cpu,float,map_reduce,max,4096,8388608,uniform,23004265,1,bench/results/raw/energy/measurements/20260817_174754_cpu_float_map_reduce_q23_k4096_max_uniform_s23004265_rep1_rapl.txt,0.196642,3.790866,19.278039,4.871461,2.832934,14.406578,0,rapl:package+core,3.07473,3.07473,0.148492,0.148492,2.35135701319,2.35135701319,3.137899,0.149745
rapl,cpu,float,map_reduce,max,4096,8388608,uniform,23004265,2,bench/results/raw/energy/measurements/20260817_174754_cpu_float_map_reduce_q23_k4096_max_uniform_s23004265_rep2_rapl.txt,0.196297,3.791568,19.315426,4.871461,2.835313,14.443965,0,rapl:package+core,3.150624,3.150624,0.148483,0.148483,2.42729485634,2.42729485634,3.150624,0.149727
rapl,cpu,float,map_reduce,max,4096,8388608,uniform,23004265,3,bench/results/raw/energy/measurements/20260817_174754_cpu_float_map_reduce_q23_k4096_max_uniform_s23004265_rep3_rapl.txt,0.196944,3.792727,19.257919,4.871461,2.833323,14.386458,0,rapl:package+core,3.072855,3.072855,0.14887,0.14887,2.34764060093,2.34764060093,3.168782,0.150123
rapl,cpu,float,map_reduce,max,8,8388608,uniform,23000177,1,bench/results/raw/energy/measurements/20260817_174754_cpu_float_map_reduce_q23_k8_max_uniform_s23000177_rep1_rapl.txt,0.058838,0.897186,15.248316,4.871461,0.610557,10.376855,0,rapl:package+core,0.445183,0.445183,0.023075,0.023075,0.332774037425,0.332774037425,0.491445,0.024319
rapl,cpu,float,map_reduce,max,8,8388608,uniform,23000177,2,bench/results/raw/energy/measurements/20260817_174754_cpu_float_map_reduce_q23_k8_max_uniform_s23000177_rep2_rapl.txt,0.058015,0.850923,14.667326,4.871461,0.568306,9.795865,0,rapl:package+core,0.464927,0.464927,0.023047,0.023047,0.352654438333,0.352654438333,0.464927,0.024302
rapl,cpu,float,map_reduce,max,8,8388608,uniform,23000177,3,bench/results/raw/energy/measurements/20260817_174754_cpu_float_map_reduce_q23_k8_max_uniform_s23000177_rep3_rapl.txt,0.05763,0.847017,14.697425,4.871461,0.566273,9.825964,0,rapl:package+core,0.423883,0.423883,0.022846,0.022846,0.312589601994,0.312589601994,0.448998,0.024084
rapl,cpu,float,map_reduce,max,131072,16777216,uniform,24131244,1,bench/results/raw/energy/measurements/20260817_174754_cpu_float_map_reduce_q24_k131072_max_uniform_s24131244_rep1_rapl.txt,4.601565,78.148439,16.983014,4.871461,55.732096,12.111553,0,rapl:package+core,70.266769,70.266769,4.098788,4.098788,50.2996831107,50.2996831107,70.306316,4.100761
rapl,cpu,float,map_reduce,max,131072,16777216,uniform,24131244,2,bench/results/raw/energy/measurements/20260817_174754_cpu_float_map_reduce_q24_k131072_max_uniform_s24131244_rep2_rapl.txt,4.600544,78.561977,17.076672,4.871461,56.150608,12.205211,0,rapl:package+core,70.590085,70.590085,4.097262,4.097262,50.6304329602,50.6304329602,70.616038,4.099613
rapl,cpu,float,map_reduce,max,131072,16777216,uniform,24131244,3,bench/results/raw/energy/measurements/20260817_174754_cpu_float_map_reduce_q24_k131072_max_uniform_s24131244_rep3_rapl.txt,4.599671,78.515074,17.069714,4.871461,56.107954,12.198253,0,rapl:package+core,70.499177,70.499177,4.096803,4.096803,50.5417609608,50.5417609608,70.521163,4.098886
rapl,cpu,float,map_reduce,max,256,16777216,uniform,24000428,1,bench/results/raw/energy/measurements/20260817_174754_cpu_float_map_reduce_q24_k256_max_uniform_s24000428_rep1_rapl.txt,0.138641,2.263555,16.32675,4.871461,1.588171,11.455289,0,rapl:package+core,1.438525,1.438525,0.070296,0.070296,1.09608077754,1.09608077754,1.490966,0.071567
rapl,cpu,float,map_reduce,max,256,16777216,uniform,24000428,2,bench/results/raw/energy/measurements/20260817_174754_cpu_float_map_reduce_q24_k256_max_uniform_s24000428_rep2_rapl.txt,0.140274,2.298511,16.385833,4.871461,1.61517,11.514372,0,rapl:package+core,1.489944,1.489944,0.072341,0.072341,1.1375376398,1.1375376398,1.562968,0.073631
rapl,cpu,float,map_reduce,max,256,16777216,uniform,24000428,3,bench/results/raw/energy/measurements/20260817_174754_cpu_float_map_reduce_q24_k256_max_uniform_s24000428_rep3_rapl.txt,0.138494,2.272068,16.405589,4.871461,1.597402,11.534128,0,rapl:package+core,1.512602,1.512602,0.070611,0.070611,1.16862326733,1.16862326733,1.512602,0.071881
rapl,cpu,float,map_reduce,max,4096,16777216,uniform,24004268,1,bench/results/raw/energy/measurements/20260817_174754_cpu_float_map_reduce_q24_k4096_max_uniform_s24004268_rep1_rapl.txt,0.27725,5.236012,18.885555,4.871461,3.885402,14.014094,0,rapl:package+core,4.110948,4.110948,0.197047,0.197047,3.15104122433,3.15104122433,4.207592,0.19833
rapl,cpu,float,map_reduce,max,4096,16777216,uniform,24004268,2,bench/results/raw/energy/measurements/20260817_174754_cpu_float_map_reduce_q24_k4096_max_uniform_s24004268_rep2_rapl.txt,0.276871,5.239811,18.925101,4.871461,3.891045,14.05364,0,rapl:package+core,4.178128,4.178128,0.197263,0.197263,3.21716898876,3.21716898876,4.210124,0.198549
rapl,cpu,float,map_reduce,max,4096,16777216,uniform,24004268,3,bench/results/raw/energy/measurements/20260817_174754_cpu_float_map_reduce_q24_k4096_max_uniform_s24004268_rep3_rapl.txt,0.277266,5.23058,18.864875,4.871461,3.879892,13.993414,0,rapl:package+core,4.153425,4.153425,0.197067,0.197067,3.19342079511,3.19342079511,4.218272,0.198349
rapl,cpu,float,map_reduce,max,8,16777216,uniform,24000180,1,bench/results/raw/energy/measurements/20260817_174754_cpu_float_map_reduce_q24_k8_max_uniform_s24000180_rep1_rapl.txt,0.134232,2.129926,15.867521,4.871461,1.476021,10.99606,0,rapl:package+core,1.350439,1.350439,0.066148,0.066148,1.02820159777,1.02820159777,1.375859,0.067451
rapl,cpu,float,map_reduce,max,8,16777216,uniform,24000180,2,bench/results/raw/energy/measurements/20260817_174754_cpu_float_map_reduce_q24_k8_max_uniform_s24000180_rep2_rapl.txt,0.133523,2.084594,15.612192,4.871461,1.43414,10.740731,0,rapl:package+core,1.287607,1.287607,0.065539,0.065539,0.968336317521,0.968336317521,1.312661,0.066842
rapl,cpu,float,map_reduce,max,8,16777216,uniform,24000180,3,bench/results/raw/energy/measurements/20260817_174754_cpu_float_map_reduce_q24_k8_max_uniform_s24000180_rep3_rapl.txt,0.133082,2.049882,15.403132,4.871461,1.401577,10.531671,0,rapl:package+core,1.276561,1.276561,0.065737,0.065737,0.956325768243,0.956325768243,1.325539,0.067002
gpu,gpu,float,bitonic,max,256,65536,uniform,16000404,1,bench/results/raw/energy/measurements/20260817_174754_gpu_float_bitonic_q16_k256_max_uniform_s16000404_rep1_gpu.txt,0.426576,8.471965,19.860381,14.716208,2.194382,5.144173,0,"rapl:package+core,nvml:board-integrated",0.364237,0.093749,0.016422,0.004386,0.122567432224,0.029203711712,0.390412,0.018171
gpu,gpu,float,bitonic,max,256,65536,uniform,16000404,2,bench/results/raw/energy/measurements/20260817_174754_gpu_float_bitonic_q16_k256_max_uniform_s16000404_rep2_gpu.txt,0.367664,7.302552,19.86202,14.716208,1.89193,5.145812,0,"rapl:package+core,nvml:board-integrated",0.342101,0.051282,0.016689,0.004375,0.096502204688,0,0.398629,0.018413
gpu,gpu,float,bitonic,max,256,65536,uniform,16000404,3,bench/results/raw/energy/measurements/20260817_174754_gpu_float_bitonic_q16_k256_max_uniform_s16000404_rep3_gpu.txt,0.436481,8.57335,19.641989,14.716208,2.150009,4.925781,0,"rapl:package+core,nvml:board-integrated",0.381863,0.141232,0.016571,0.004478,0.138000717232,0.075332820576,0.392055,0.018308
gpu,gpu,float,bitonic,max,4096,65536,uniform,16004244,1,bench/results/raw/energy/measurements/20260817_174754_gpu_float_bitonic_q16_k4096_max_uniform_s16004244_rep1_gpu.txt,0.43136,8.261837,19.152986,14.716208,1.913849,4.436778,0,"rapl:package+core,nvml:board-integrated",0.372218,0.127752,0.016289,0.00465,0.132505687888,0.0593216328,0.382731,0.018042
gpu,gpu,float,bitonic,max,4096,65536,uniform,16004244,2,bench/results/raw/energy/measurements/20260817_174754_gpu_float_bitonic_q16_k4096_max_uniform_s16004244_rep2_gpu.txt,0.386255,7.373615,19.09004,14.716208,1.689412,4.373832,0,"rapl:package+core,nvml:board-integrated",0.340258,0.099873,0.01617,0.004606,0.10229691664,0.032090145952,0.350648,0.017923
gpu,gpu,float,bitonic,max,4096,65536,uniform,16004244,3,bench/results/raw/energy/measurements/20260817_174754_gpu_float_bitonic_q16_k4096_max_uniform_s16004244_rep3_gpu.txt,0.371643,7.096198,19.09411,14.716208,1.627018,4.377902,0,"rapl:package+core,nvml:board-integrated",0.340354,0.100351,0.016282,0.004703,0.100744701344,0.031140673776,0.350684,0.018029
gpu,gpu,float,bitonic,max,8,65536,uniform,16000156,1,bench/results/raw/energy/measurements/20260817_174754_gpu_float_bitonic_q16_k8_max_uniform_s16000156_rep1_gpu.txt,0.368325,8.467696,22.989755,14.716208,3.047352,8.273547,0,"rapl:package+core,nvml:board-integrated",0.452764,0.118245,0.01752,0.004332,0.19493603584,0.054494386944,0.475728,0.019224
gpu,gpu,float,bitonic,max,8,65536,uniform,16000156,2,bench/results/raw/energy/measurements/20260817_174754_gpu_float_bitonic_q16_k8_max_uniform_s16000156_rep2_gpu.txt,0.430083,9.180558,21.346,14.716208,2.851363,6.629792,0,"rapl:package+core,nvml:board-integrated",0.427973,0.071793,0.016977,0.003975,0.178135936784,0.0132960732,0.438211,0.018703
gpu,gpu,float,bitonic,max,8,65536,uniform,16000156,3,bench/results/raw/energy/measurements/20260817_174754_gpu_float_bitonic_q16_k8_max_uniform_s16000156_rep3_gpu.txt,0.432773,8.631353,19.944303,14.716208,2.262578,5.228095,0,"rapl:package+core,nvml:board-integrated",0.3822,0.058802,0.016935,0.00399,0.13298101752,8.433008e-05,0.402693,0.018639
gpu,gpu,float,bitonic,max,131072,131072,uniform,17131223,1,bench/results/raw/energy/measurements/20260817_174754_gpu_float_bitonic_q17_k131072_max_uniform_s17131223_rep1_gpu.txt,0.420734,8.156944,19.387405,14.716208,1.965332,4.671197,0,"rapl:package+core,nvml:board-integrated",0.483062,0.126562,0.021644,0.006387,0.164544394048,0.032569579504,0.507519,0.024036
gpu,gpu,float,bitonic,max,131072,131072,uniform,17131223,2,bench/results/raw/energy/measurements/20260817_174754_gpu_float_bitonic_q17_k131072_max_uniform_s17131223_rep2_gpu.txt,0.418157,8.11243,19.400447,14.716208,1.958747,4.684239,0,"rapl:package+core,nvml:board-integrated",0.515772,0.114063,0.022312,0.006518,0.187423967104,0.018142756256,0.547922,0.024759
gpu,gpu,float,bitonic,max,131072,131072,uniform,17131223,3,bench/results/raw/energy/measurements/20260817_174754_gpu_float_bitonic_q17_k131072_max_uniform_s17131223_rep3_gpu.txt,0.419263,8.2093,19.580318,14.716208,2.039341,4.86411,0,"rapl:package+core,nvml:board-integrated",0.473021,0.140781,0.021837,0.0065,0.151663165904,0.045125648,0.519743,0.024168
gpu,gpu,float,bitonic,max,256,131072,uniform,17000407,1,bench/results/raw/energy/measurements/20260817_174754_gpu_float_bitonic_q17_k256_max_uniform_s17000407_rep1_gpu.txt,0.434305,8.443603,19.441646,14.716208,2.052281,4.725438,0,"rapl:package+core,nvml:board-integrated",0.371703,0.134028,0.017703,0.005018,0.111181969776,0.060182068256,0.405924,0.019937
gpu,gpu,float,bitonic,max,256,131072,uniform,17000407,2,bench/results/raw/energy/measurements/20260817_174754_gpu_float_bitonic_q17_k256_max_uniform_s17000407_rep2_gpu.txt,0.432384,8.084141,18.696649,14.716208,1.721081,3.980441,0,"rapl:package+core,nvml:board-integrated",0.422158,0.125291,0.017833,0.005027,0.159723862736,0.051312622384,0.422158,0.020048
gpu,gpu,float,bitonic,max,256,131072,uniform,17000407,3,bench/results/raw/energy/measurements/20260817_174754_gpu_float_bitonic_q17_k256_max_uniform_s17000407_rep3_gpu.txt,0.437285,8.236182,18.834797,14.716208,1.800999,4.118589,0,"rapl:package+core,nvml:board-integrated",0.339451,0.101214,0.017826,0.005007,0.077119876192,0.027529946544,0.422868,0.020067
gpu,gpu,float,bitonic,max,4096,131072,uniform,17004247,1,bench/results/raw/energy/measurements/20260817_174754_gpu_float_bitonic_q17_k4096_max_uniform_s17004247_rep1_gpu.txt,0.363513,6.850585,18.845515,14.716208,1.501056,4.129307,0,"rapl:package+core,nvml:board-integrated",0.403127,0.123665,0.017882,0.00555,0.139971768544,0.0419900456,0.427699,0.02011
gpu,gpu,float,bitonic,max,4096,131072,uniform,17004247,2,bench/results/raw/energy/measurements/20260817_174754_gpu_float_bitonic_q17_k4096_max_uniform_s17004247_rep2_gpu.txt,0.425065,8.13856,19.146643,14.716208,1.883221,4.430435,0,"rapl:package+core,nvml:board-integrated",0.400105,0.199851,0.017898,0.005576,0.136714309216,0.117793424192,0.424579,0.02014
gpu,gpu,float,bitonic,max,4096,131072,uniform,17004247,3,bench/results/raw/energy/measurements/20260817_174754_gpu_float_bitonic_q17_k4096_max_uniform_s17004247_rep3_gpu.txt,0.434292,8.495463,19.561625,14.716208,2.104327,4.845417,0,"rapl:package+core,nvml:board-integrated",0.387335,0.125233,0.017672,0.005553,0.127270172224,0.043513896976,0.422247,0.019933
gpu,gpu,float,bitonic,max,8,131072,uniform,17000159,1,bench/results/raw/energy/measurements/20260817_174754_gpu_float_bitonic_q17_k8_max_uniform_s17000159_rep1_gpu.txt,0.434073,8.338252,19.209331,14.716208,1.950343,4.493123,0,"rapl:package+core,nvml:board-integrated",0.346683,0.106917,0.017963,0.004377,0.082335755696,0.042504157584,0.431462,0.020175
gpu,gpu,float,bitonic,max,8,131072,uniform,17000159,2,bench/results/raw/energy/measurements/20260817_174754_gpu_float_bitonic_q17_k8_max_uniform_s17000159_rep2_gpu.txt,0.436597,8.219327,18.825874,14.716208,1.794269,4.109666,0,"rapl:package+core,nvml:board-integrated",0.344701,0.080994,0.017653,0.004349,0.084915780176,0.016993211408,0.390297,0.01988
gpu,gpu,float,bitonic,max,8,131072,uniform,17000159,3,bench/results/raw/energy/measurements/20260817_174754_gpu_float_bitonic_q17_k8_max_uniform_s17000159_rep3_gpu.txt,0.437637,8.268528,18.893592,14.716208,1.828176,4.177384,0,"rapl:package+core,nvml:board-integrated",0.341743,0.125576,0.017623,0.004335,0.082399266416,0.06178123832,0.411779,0.01983
gpu,gpu,float,bitonic,max,131072,262144,uniform,18131226,1,bench/results/raw/energy/measurements/20260817_174754_gpu_float_bitonic_q18_k131072_max_uniform_s18131226_rep1_gpu.txt,0.424746,8.335475,19.624598,14.716208,2.08482,4.90839,0,"rapl:package+core,nvml:board-integrated",0.591221,0.203375,0.026758,0.009763,0.197444706336,0.059700661296,0.648684,0.030049
gpu,gpu,float,bitonic,max,131072,262144,uniform,18131226,2,bench/results/raw/energy/measurements/20260817_174754_gpu_float_bitonic_q18_k131072_max_uniform_s18131226_rep2_gpu.txt,0.432858,8.552674,19.758615,14.716208,2.182646,5.042407,0,"rapl:package+core,nvml:board-integrated",0.578225,0.195933,0.027889,0.009431,0.167804675088,0.057144442352,0.691073,0.031136
gpu,gpu,float,bitonic,max,131072,262144,uniform,18131226,3,bench/results/raw/energy/measurements/20260817_174754_gpu_float_bitonic_q18_k131072_max_uniform_s18131226_rep3_gpu.txt,0.419168,8.369963,19.968038,14.716208,2.201399,5.25183,0,"rapl:package+core,nvml:board-integrated",0.568518,0.226996,0.026543,0.009702,0.177905691056,0.084219349984,0.657347,0.029863
gpu,gpu,float,bitonic,max,256,262144,uniform,18000410,1,bench/results/raw/energy/measurements/20260817_174754_gpu_float_bitonic_q18_k256_max_uniform_s18000410_rep1_gpu.txt,0.442109,8.268899,18.703309,14.716208,1.762733,3.987101,0,"rapl:package+core,nvml:board-integrated",0.409503,0.163547,0.019728,0.006222,0.119181648576,0.071982753824,0.477798,0.022733
gpu,gpu,float,bitonic,max,256,262144,uniform,18000410,2,bench/results/raw/energy/measurements/20260817_174754_gpu_float_bitonic_q18_k256_max_uniform_s18000410_rep2_gpu.txt,0.431231,8.235778,19.098319,14.716208,1.8897,4.382111,0,"rapl:package+core,nvml:board-integrated",0.430197,0.138872,0.019558,0.006157,0.142377403936,0.048264307344,0.465901,0.022583
gpu,gpu,float,bitonic,max,256,262144,uniform,18000410,3,bench/results/raw/energy/measurements/20260817_174754_gpu_float_bitonic_q18_k256_max_uniform_s18000410_rep3_gpu.txt,0.433033,8.353252,19.290084,14.716208,1.980641,4.573876,0,"rapl:package+core,nvml:board-integrated",0.456838,0.189421,0.019587,0.00617,0.168591633904,0.09862199664,0.481982,0.022615
gpu,gpu,float,bitonic,max,4096,262144,uniform,18004250,1,bench/results/raw/energy/measurements/20260817_174754_gpu_float_bitonic_q18_k4096_max_uniform_s18004250_rep1_gpu.txt,0.434689,8.267141,19.018517,14.716208,1.870167,4.302309,0,"rapl:package+core,nvml:board-integrated",0.434495,0.177511,0.020934,0.007633,0.126425901728,0.065182184336,0.495851,0.024
gpu,gpu,float,bitonic,max,4096,262144,uniform,18004250,2,bench/results/raw/energy/measurements/20260817_174754_gpu_float_bitonic_q18_k4096_max_uniform_s18004250_rep2_gpu.txt,0.4389,8.521979,19.416655,14.716208,2.063029,4.700447,0,"rapl:package+core,nvml:board-integrated",0.461359,0.165999,0.020757,0.007766,0.155894670544,0.051712928672,0.497782,0.023831
gpu,gpu,float,bitonic,max,4096,262144,uniform,18004250,3,bench/results/raw/energy/measurements/20260817_174754_gpu_float_bitonic_q18_k4096_max_uniform_s18004250_rep3_gpu.txt,0.440764,8.541694,19.379303,14.716208,2.055323,4.663095,0,"rapl:package+core,nvml:board-integrated",0.45229,0.11325,0.020986,0.007698,0.143455658912,0,0.498721,0.024075
gpu,gpu,float,bitonic,max,8,262144,uniform,18000162,1,bench/results/raw/energy/measurements/20260817_174754_gpu_float_bitonic_q18_k8_max_uniform_s18000162_rep1_gpu.txt,0.432705,8.355077,19.308958,14.716208,1.987305,4.59275,0,"rapl:package+core,nvml:board-integrated",0.373938,0.140521,0.018526,0.00478,0.101305530592,0.07017752576,0.445827,0.021349
gpu,gpu,float,bitonic,max,8,262144,uniform,18000162,2,bench/results/raw/energy/measurements/20260817_174754_gpu_float_bitonic_q18_k8_max_uniform_s18000162_rep2_gpu.txt,0.429924,8.242939,19.173015,14.716208,1.916088,4.456807,0,"rapl:package+core,nvml:board-integrated",0.350786,0.117473,0.018981,0.004865,0.071457655952,0.04587864808,0.444536,0.022004
gpu,gpu,float,bitonic,max,8,262144,uniform,18000162,3,bench/results/raw/energy/measurements/20260817_174754_gpu_float_bitonic_q18_k8_max_uniform_s18000162_rep3_gpu.txt,0.433802,8.254728,19.028776,14.716208,1.870802,4.312568,0,"rapl:package+core,nvml:board-integrated",0.397026,0.128728,0.018848,0.004751,0.119654911616,0.058811295792,0.454356,0.021849
gpu,gpu,float,bitonic,max,131072,524288,uniform,19131229,1,bench/results/raw/energy/measurements/20260817_174754_gpu_float_bitonic_q19_k131072_max_uniform_s19131229_rep1_gpu.txt,0.466889,9.647081,20.662465,14.716208,2.776243,5.946257,0,"rapl:package+core,nvml:board-integrated",0.97384,0.415937,0.04131,0.016178,0.36591344752,0.177858186976,1.066946,0.045566
gpu,gpu,float,bitonic,max,131072,524288,uniform,19131229,2,bench/results/raw/energy/measurements/20260817_174754_gpu_float_bitonic_q19_k131072_max_uniform_s19131229_rep2_gpu.txt,0.471144,9.851555,20.909861,14.716208,2.918102,6.193653,0,"rapl:package+core,nvml:board-integrated",1.029413,0.484424,0.045589,0.020103,0.358515793488,0.188584070576,1.169097,0.050639
gpu,gpu,float,bitonic,max,131072,524288,uniform,19131229,3,bench/results/raw/energy/measurements/20260817_174754_gpu_float_bitonic_q19_k131072_max_uniform_s19131229_rep3_gpu.txt,0.451826,9.601125,21.249614,14.716208,2.951962,6.533406,0,"rapl:package+core,nvml:board-integrated",0.869189,0.410799,0.038215,0.016143,0.30680911128,0.173235254256,1.001793,0.043087
gpu,gpu,float,bitonic,max,256,524288,uniform,19000413,1,bench/results/raw/energy/measurements/20260817_174754_gpu_float_bitonic_q19_k256_max_uniform_s19000413_rep1_gpu.txt,0.411983,8.152307,19.787945,14.716208,2.089472,5.071737,0,"rapl:package+core,nvml:board-integrated",0.798558,0.249953,0.032997,0.01033,0.312967284624,0.09793457136,0.84244,0.03766
gpu,gpu,float,bitonic,max,256,524288,uniform,19000413,2,bench/results/raw/energy/measurements/20260817_174754_gpu_float_bitonic_q19_k256_max_uniform_s19000413_rep2_gpu.txt,0.421916,8.443226,20.011617,14.716208,2.234219,5.295409,0,"rapl:package+core,nvml:board-integrated",0.685245,0.286003,0.030093,0.010319,0.242390152656,0.134146449648,0.79216,0.034785
gpu,gpu,float,bitonic,max,256,524288,uniform,19000413,3,bench/results/raw/energy/measurements/20260817_174754_gpu_float_bitonic_q19_k256_max_uniform_s19000413_rep3_gpu.txt,0.417926,8.305932,19.874177,14.716208,2.155649,5.157969,0,"rapl:package+core,nvml:board-integrated",0.700436,0.228713,0.030287,0.01027,0.254726208304,0.07757754384,0.799913,0.034955
gpu,gpu,float,bitonic,max,4096,524288,uniform,19004253,1,bench/results/raw/energy/measurements/20260817_174754_gpu_float_bitonic_q19_k4096_max_uniform_s19004253_rep1_gpu.txt,0.411723,8.462195,20.553144,14.716208,2.403199,5.836936,0,"rapl:package+core,nvml:board-integrated",0.762424,0.195408,0.034643,0.012857,0.252610406256,0.006201713744,0.8938,0.039326
gpu,gpu,float,bitonic,max,4096,524288,uniform,19004253,2,bench/results/raw/energy/measurements/20260817_174754_gpu_float_bitonic_q19_k4096_max_uniform_s19004253_rep2_gpu.txt,0.445751,8.947234,20.072281,14.716208,2.387473,5.356073,0,"rapl:package+core,nvml:board-integrated",0.686635,0.314037,0.031715,0.012856,0.21991046328,0.124845429952,0.770304,0.036315
gpu,gpu,float,bitonic,max,4096,524288,uniform,19004253,3,bench/results/raw/energy/measurements/20260817_174754_gpu_float_bitonic_q19_k4096_max_uniform_s19004253_rep3_gpu.txt,0.414472,8.496772,20.500227,14.716208,2.397315,5.784019,0,"rapl:package+core,nvml:board-integrated",0.810525,0.35659,0.035577,0.012952,0.286966467984,0.165985673984,0.915801,0.040335
gpu,gpu,float,bitonic,max,8,524288,uniform,19000165,1,bench/results/raw/energy/measurements/20260817_174754_gpu_float_bitonic_q19_k8_max_uniform_s19000165_rep1_gpu.txt,0.413905,8.273836,19.989715,14.716208,2.182729,5.273507,0,"rapl:package+core,nvml:board-integrated",0.795518,0.129691,0.034594,0.011166,0.286425500448,0,0.894215,0.039353
gpu,gpu,float,bitonic,max,8,524288,uniform,19000165,2,bench/results/raw/energy/measurements/20260817_174754_gpu_float_bitonic_q19_k8_max_uniform_s19000165_rep2_gpu.txt,0.404698,7.947886,19.639072,14.716208,1.992271,4.922864,0,"rapl:package+core,nvml:board-integrated",0.677084,0.226679,0.0316,0.011635,0.2120518272,0.05545591992,0.799094,0.036157
gpu,gpu,float,bitonic,max,8,524288,uniform,19000165,3,bench/results/raw/energy/measurements/20260817_174754_gpu_float_bitonic_q19_k8_max_uniform_s19000165_rep3_gpu.txt,0.414449,8.142205,19.645845,14.716208,2.043084,4.929637,0,"rapl:package+core,nvml:board-integrated",0.75082,0.196258,0.031712,0.009961,0.284139611904,0.049669852112,0.834964,0.036391
gpu,gpu,float,bitonic,max,131072,1048576,uniform,20131232,1,bench/results/raw/energy/measurements/20260817_174754_gpu_float_bitonic_q20_k131072_max_uniform_s20131232_rep1_gpu.txt,0.544973,11.913891,21.861438,14.716208,3.893957,7.14523,0,"rapl:package+core,nvml:board-integrated",1.696384,0.96743,0.070413,0.035173,0.660171646096,0.449816816016,1.871099,0.078662
gpu,gpu,float,bitonic,max,131072,1048576,uniform,20131232,2,bench/results/raw/energy/measurements/20260817_174754_gpu_float_bitonic_q20_k131072_max_uniform_s20131232_rep2_gpu.txt,0.541129,12.162063,22.475335,14.716208,4.198691,7.759127,0,"rapl:package+core,nvml:board-integrated",1.560206,0.864213,0.067246,0.031667,0.570599876832,0.398194841264,1.899307,0.075269
gpu,gpu,float,bitonic,max,131072,1048576,uniform,20131232,3,bench/results/raw/energy/measurements/20260817_174754_gpu_float_bitonic_q20_k131072_max_uniform_s20131232_rep3_gpu.txt,0.539222,11.956645,22.173902,14.716208,4.021349,7.457694,0,"rapl:package+core,nvml:board-integrated",1.659044,0.73663,0.071186,0.035123,0.611456017312,0.219752626416,1.797346,0.079407
gpu,gpu,float,bitonic,max,256,1048576,uniform,20000416,1,bench/results/raw/energy/measurements/20260817_174754_gpu_float_bitonic_q20_k256_max_uniform_s20000416_rep1_gpu.txt,0.421698,8.72654,20.693797,14.716208,2.520739,5.977589,0,"rapl:package+core,nvml:board-integrated",1.27393,0.516639,0.053594,0.021923,0.485229548448,0.194015572016,1.400558,0.061614
gpu,gpu,float,bitonic,max,256,1048576,uniform,20000416,2,bench/results/raw/energy/measurements/20260817_174754_gpu_float_bitonic_q20_k256_max_uniform_s20000416_rep2_gpu.txt,0.436257,9.012688,20.65912,14.716208,2.592638,5.942912,0,"rapl:package+core,nvml:board-integrated",1.36214,0.697227,0.055387,0.023055,0.547053387504,0.35794482456,1.485228,0.063368
gpu,gpu,float,bitonic,max,256,1048576,uniform,20000416,3,bench/results/raw/energy/measurements/20260817_174754_gpu_float_bitonic_q20_k256_max_uniform_s20000416_rep3_gpu.txt,0.416421,8.747449,21.006266,14.716208,2.619312,6.290058,0,"rapl:package+core,nvml:board-integrated",1.088072,0.357945,0.048906,0.016439,0.368361131552,0.116025256688,1.334682,0.056127
gpu,gpu,float,bitonic,max,4096,1048576,uniform,20004256,1,bench/results/raw/energy/measurements/20260817_174754_gpu_float_bitonic_q20_k4096_max_uniform_s20004256_rep1_gpu.txt,0.432958,8.967692,20.71262,14.716208,2.596194,5.996412,0,"rapl:package+core,nvml:board-integrated",1.445346,0.738867,0.063006,0.031934,0.518136598752,0.268919613728,1.638205,0.070925
gpu,gpu,float,bitonic,max,4096,1048576,uniform,20004256,2,bench/results/raw/energy/measurements/20260817_174754_gpu_float_bitonic_q20_k4096_max_uniform_s20004256_rep2_gpu.txt,0.466823,10.001402,21.424406,14.716208,3.13154,6.708198,0,"rapl:package+core,nvml:board-integrated",1.333337,0.628722,0.058833,0.027343,0.467538334736,0.226336724656,1.611911,0.066949
gpu,gpu,float,bitonic,max,4096,1048576,uniform,20004256,3,bench/results/raw/energy/measurements/20260817_174754_gpu_float_bitonic_q20_k4096_max_uniform_s20004256_rep3_gpu.txt,0.425956,9.152795,21.487628,14.716208,2.88433,6.77142,0,"rapl:package+core,nvml:board-integrated",1.304014,0.592476,0.052621,0.021138,0.529632418832,0.281404795296,1.461714,0.06061
gpu,gpu,float,bitonic,max,8,1048576,uniform,20000168,1,bench/results/raw/energy/measurements/20260817_174754_gpu_float_bitonic_q20_k8_max_uniform_s20000168_rep1_gpu.txt,0.419447,8.903745,21.227356,14.716208,2.73108,6.511148,0,"rapl:package+core,nvml:board-integrated",1.008756,0.250065,0.043623,0.011781,0.366790858416,0.076693353552,1.244746,0.051594
gpu,gpu,float,bitonic,max,8,1048576,uniform,20000168,2,bench/results/raw/energy/measurements/20260817_174754_gpu_float_bitonic_q20_k8_max_uniform_s20000168_rep2_gpu.txt,0.417654,8.609896,20.614898,14.716208,2.463612,5.89869,0,"rapl:package+core,nvml:board-integrated",1.004839,0.330547,0.043695,0.011566,0.36181429144,0.160339338272,1.218423,0.051696
gpu,gpu,float,bitonic,max,8,1048576,uniform,20000168,3,bench/results/raw/energy/measurements/20260817_174754_gpu_float_bitonic_q20_k8_max_uniform_s20000168_rep3_gpu.txt,0.41742,8.583073,20.562192,14.716208,2.440232,5.845984,0,"rapl:package+core,nvml:board-integrated",1.028873,0.287737,0.043206,0.011603,0.393044517152,0.116984838576,1.20489,0.051082
gpu,gpu,float,bitonic,max,131072,2097152,uniform,21131235,1,bench/results/raw/energy/measurements/20260817_174754_gpu_float_bitonic_q21_k131072_max_uniform_s21131235_rep1_gpu.txt,0.534111,14.015013,26.239875,14.716208,6.15492,11.523667,0,"rapl:package+core,nvml:board-integrated",2.864507,1.249756,0.098571,0.043833,1.41391566123,0.604700454736,3.315086,0.116721
gpu,gpu,float,bitonic,max,131072,2097152,uniform,21131235,2,bench/results/raw/energy/measurements/20260817_174754_gpu_float_bitonic_q21_k131072_max_uniform_s21131235_rep2_gpu.txt,0.536152,14.69896,27.415652,14.716208,6.808834,12.699444,0,"rapl:package+core,nvml:board-integrated",2.924163,1.210314,0.09716,0.042251,1.49433623072,0.588539495792,3.390338,0.116123
gpu,gpu,float,bitonic,max,131072,2097152,uniform,21131235,3,bench/results/raw/energy/measurements/20260817_174754_gpu_float_bitonic_q21_k131072_max_uniform_s21131235_rep3_gpu.txt,0.535176,15.392685,28.761936,14.716208,7.51693,14.045728,0,"rapl:package+core,nvml:board-integrated",2.892613,1.365879,0.099273,0.043733,1.43169088322,0.722295075536,3.610498,0.118114
gpu,gpu,float,bitonic,max,256,2097152,uniform,21000419,1,bench/results/raw/energy/measurements/20260817_174754_gpu_float_bitonic_q21_k256_max_uniform_s21000419_rep1_gpu.txt,0.482853,10.234825,21.196548,14.716208,3.129054,6.48034,0,"rapl:package+core,nvml:board-integrated",2.037614,0.793762,0.084667,0.031733,0.791636817264,0.326772571536,2.366692,0.10301
gpu,gpu,float,bitonic,max,256,2097152,uniform,21000419,2,bench/results/raw/energy/measurements/20260817_174754_gpu_float_bitonic_q21_k256_max_uniform_s21000419_rep2_gpu.txt,0.547663,11.948125,21.816575,14.716208,3.888606,7.100367,0,"rapl:package+core,nvml:board-integrated",2.236279,1.038326,0.095265,0.042225,0.83433944488,0.4169341172,2.660293,0.113395
gpu,gpu,float,bitonic,max,256,2097152,uniform,21000419,3,bench/results/raw/energy/measurements/20260817_174754_gpu_float_bitonic_q21_k256_max_uniform_s21000419_rep3_gpu.txt,0.480876,11.028856,22.93494,14.716208,3.952189,8.218732,0,"rapl:package+core,nvml:board-integrated",1.795129,0.479255,0.069472,0.017721,0.772764597824,0.218469078032,2.277484,0.088239
gpu,gpu,float,bitonic,max,4096,2097152,uniform,21004259,1,bench/results/raw/energy/measurements/20260817_174754_gpu_float_bitonic_q21_k4096_max_uniform_s21004259_rep1_gpu.txt,0.473392,11.253526,23.772121,14.716208,4.286994,9.055913,0,"rapl:package+core,nvml:board-integrated",2.01177,0.664386,0.075925,0.026682,0.8944419076,0.271728138144,2.47014,0.094617
gpu,gpu,float,bitonic,max,4096,2097152,uniform,21004259,2,bench/results/raw/energy/measurements/20260817_174754_gpu_float_bitonic_q21_k4096_max_uniform_s21004259_rep2_gpu.txt,0.481941,12.021226,24.94337,14.716208,4.928886,10.227162,0,"rapl:package+core,nvml:board-integrated",1.942175,0.752015,0.076627,0.026407,0.814516129584,0.363404095344,2.635548,0.095904
gpu,gpu,float,bitonic,max,4096,2097152,uniform,21004259,3,bench/results/raw/energy/measurements/20260817_174754_gpu_float_bitonic_q21_k4096_max_uniform_s21004259_rep3_gpu.txt,0.48163,12.356344,25.655257,14.716208,5.268575,10.939049,0,"rapl:package+core,nvml:board-integrated",2.136053,0.767308,0.07819,0.026843,0.98539269648,0.372280828656,2.745059,0.097247
gpu,gpu,float,bitonic,max,8,2097152,uniform,21000171,1,bench/results/raw/energy/measurements/20260817_174754_gpu_float_bitonic_q21_k8_max_uniform_s21000171_rep1_gpu.txt,0.491747,10.890108,22.145737,14.716208,3.653451,7.429529,0,"rapl:package+core,nvml:board-integrated",2.069271,0.882689,0.085038,0.032631,0.817834104096,0.402484416752,2.546336,0.102934
gpu,gpu,float,bitonic,max,8,2097152,uniform,21000171,2,bench/results/raw/energy/measurements/20260817_174754_gpu_float_bitonic_q21_k8_max_uniform_s21000171_rep2_gpu.txt,0.487739,10.453786,21.433142,14.716208,3.276113,6.716934,0,"rapl:package+core,nvml:board-integrated",1.753051,0.393919,0.072296,0.020645,0.689128026432,0.09010288584,2.235147,0.090505
gpu,gpu,float,bitonic,max,8,2097152,uniform,21000171,3,bench/results/raw/energy/measurements/20260817_174754_gpu_float_bitonic_q21_k8_max_uniform_s21000171_rep3_gpu.txt,0.479691,10.18621,21.234928,14.716208,3.126973,6.51872,0,"rapl:package+core,nvml:board-integrated",1.777913,0.640674,0.076571,0.024664,0.651078237232,0.277713445888,2.236878,0.094839
gpu,gpu,float,bitonic,max,131072,4194304,uniform,22131238,1,bench/results/raw/energy/measurements/20260817_174754_gpu_float_bitonic_q22_k131072_max_uniform_s22131238_rep1_gpu.txt,0.849934,21.269039,25.024339,14.716208,8.761232,10.308131,0,"rapl:package+core,nvml:board-integrated",4.713502,2.154578,0.185942,0.082171,1.97714085206,0.945332472432,9.281622,0.370711
gpu,gpu,float,bitonic,max,131072,4194304,uniform,22131238,2,bench/results/raw/energy/measurements/20260817_174754_gpu_float_bitonic_q22_k131072_max_uniform_s22131238_rep2_gpu.txt,0.965225,27.789814,28.791029,14.716208,13.585366,14.074821,0,"rapl:package+core,nvml:board-integrated",5.690886,2.625243,0.187139,0.080421,2.93690955109,1.44175083643,13.241527,0.444482
gpu,gpu,float,bitonic,max,131072,4194304,uniform,22131238,3,bench/results/raw/energy/measurements/20260817_174754_gpu_float_bitonic_q22_k131072_max_uniform_s22131238_rep3_gpu.txt,0.871341,27.782503,31.884757,14.716208,14.959665,17.168549,0,"rapl:package+core,nvml:board-integrated",5.850745,3.032649,0.186345,0.090785,3.10845322024,1.69663805672,10.871033,0.351821
gpu,gpu,float,bitonic,max,256,4194304,uniform,22000422,1,bench/results/raw/energy/measurements/20260817_174754_gpu_float_bitonic_q22_k256_max_uniform_s22000422_rep1_gpu.txt,0.54316,12.901928,23.75347,14.716208,4.908676,9.037262,0,"rapl:package+core,nvml:board-integrated",3.092609,0.682504,0.113029,0.027557,1.42925072597,0.276969456144,4.020836,0.153698
gpu,gpu,float,bitonic,max,256,4194304,uniform,22000422,2,bench/results/raw/energy/measurements/20260817_174754_gpu_float_bitonic_q22_k256_max_uniform_s22000422_rep2_gpu.txt,0.537673,13.65961,25.405028,14.716208,5.747095,10.68882,0,"rapl:package+core,nvml:board-integrated",2.957648,0.858102,0.112969,0.027299,1.29517269845,0.456364237808,4.255304,0.153402
gpu,gpu,float,bitonic,max,256,4194304,uniform,22000422,3,bench/results/raw/energy/measurements/20260817_174754_gpu_float_bitonic_q22_k256_max_uniform_s22000422_rep3_gpu.txt,0.538796,14.648586,27.18762,14.716208,6.719549,12.471412,0,"rapl:package+core,nvml:board-integrated",3.342199,0.829339,0.115264,0.027286,1.64595000109,0.427792548512,4.655169,0.156443
gpu,gpu,float,bitonic,max,4096,4194304,uniform,22004262,1,bench/results/raw/energy/measurements/20260817_174754_gpu_float_bitonic_q22_k4096_max_uniform_s22004262_rep1_gpu.txt,0.688772,18.881216,27.41287,14.716208,8.745105,12.696662,0,"rapl:package+core,nvml:board-integrated",3.87845,1.36583,0.137054,0.044559,1.86153482877,0.710090487728,6.772873,0.237441
gpu,gpu,float,bitonic,max,4096,4194304,uniform,22004262,2,bench/results/raw/energy/measurements/20260817_174754_gpu_float_bitonic_q22_k4096_max_uniform_s22004262_rep2_gpu.txt,0.684176,19.052655,27.847584,14.716208,8.984175,13.131376,0,"rapl:package+core,nvml:board-integrated",3.765897,1.213757,0.136934,0.045348,1.75074777373,0.546406399616,6.617759,0.231996
gpu,gpu,float,bitonic,max,4096,4194304,uniform,22004262,3,bench/results/raw/energy/measurements/20260817_174754_gpu_float_bitonic_q22_k4096_max_uniform_s22004262_rep3_gpu.txt,0.690329,18.840651,27.292285,14.716208,8.681629,12.576077,0,"rapl:package+core,nvml:board-integrated",4.155597,1.494569,0.141944,0.046994,2.06671957165,0.802995521248,6.919935,0.240105
gpu,gpu,float,bitonic,max,8,4194304,uniform,22000174,1,bench/results/raw/energy/measurements/20260817_174754_gpu_float_bitonic_q22_k8_max_uniform_s22000174_rep1_gpu.txt,0.688881,19.468279,28.260741,14.716208,9.330567,13.544533,0,"rapl:package+core,nvml:board-integrated",3.178526,0.463278,0.107399,0.01403,1.59801997701,0.25680960176,7.8803,0.262771
gpu,gpu,float,bitonic,max,8,4194304,uniform,22000174,2,bench/results/raw/energy/measurements/20260817_174754_gpu_float_bitonic_q22_k8_max_uniform_s22000174_rep2_gpu.txt,0.7306,16.503886,22.5895,14.716208,5.752226,7.873292,0,"rapl:package+core,nvml:board-integrated",2.962439,0.827804,0.128921,0.033987,1.06521074843,0.327644238704,7.194585,0.308208
gpu,gpu,float,bitonic,max,8,4194304,uniform,22000174,3,bench/results/raw/energy/measurements/20260817_174754_gpu_float_bitonic_q22_k8_max_uniform_s22000174_rep3_gpu.txt,0.546525,12.324976,22.551531,14.716208,4.2822,7.835323,0,"rapl:package+core,nvml:board-integrated",2.744107,0.334797,0.104024,0.014388,1.21326817901,0.123060199296,3.76324,0.146404
gpu,gpu,float,bitonic,max,131072,8388608,uniform,23131241,1,bench/results/raw/energy/measurements/20260817_174754_gpu_float_bitonic_q23_k131072_max_uniform_s23131241_rep1_gpu.txt,1.091149,36.62139,33.562224,14.716208,20.563813,18.846016,0,"rapl:package+core,nvml:board-integrated",11.853129,6.364572,0.355186,0.173221,6.62613794531,3.81541573403,18.786468,0.554863
gpu,gpu,float,bitonic,max,131072,8388608,uniform,23131241,2,bench/results/raw/energy/measurements/20260817_174754_gpu_float_bitonic_q23_k131072_max_uniform_s23131241_rep2_gpu.txt,1.052382,41.517463,39.450935,14.716208,26.030387,24.734727,0,"rapl:package+core,nvml:board-integrated",14.669121,7.471902,0.35626,0.176401,9.42632473792,4.87594819259,22.615533,0.55305
gpu,gpu,float,bitonic,max,131072,8388608,uniform,23131241,3,bench/results/raw/energy/measurements/20260817_174754_gpu_float_bitonic_q23_k131072_max_uniform_s23131241_rep3_gpu.txt,1.057002,41.212819,38.990283,14.716208,25.657753,24.274075,0,"rapl:package+core,nvml:board-integrated",14.493447,7.068741,0.356977,0.177026,9.24009921678,4.46358956259,21.130217,0.524011
gpu,gpu,float,bitonic,max,256,8388608,uniform,23000425,1,bench/results/raw/energy/measurements/20260817_174754_gpu_float_bitonic_q23_k256_max_uniform_s23000425_rep1_gpu.txt,0.882133,23.925408,27.122231,14.716208,10.943759,12.406023,0,"rapl:package+core,nvml:board-integrated",6.500024,1.720786,0.224915,0.053511,3.19012807768,0.933306993712,12.020788,0.418927
gpu,gpu,float,bitonic,max,256,8388608,uniform,23000425,2,bench/results/raw/energy/measurements/20260817_174754_gpu_float_bitonic_q23_k256_max_uniform_s23000425_rep2_gpu.txt,0.969705,29.16052,30.071534,14.716208,14.890138,15.355326,0,"rapl:package+core,nvml:board-integrated",8.14205,2.257534,0.24974,0.070167,4.46682421408,1.22494183326,14.225494,0.449329
gpu,gpu,float,bitonic,max,256,8388608,uniform,23000425,3,bench/results/raw/energy/measurements/20260817_174754_gpu_float_bitonic_q23_k256_max_uniform_s23000425_rep3_gpu.txt,0.909605,27.352027,30.07024,14.716208,13.966097,15.354032,0,"rapl:package+core,nvml:board-integrated",7.879294,1.871801,0.231029,0.052948,4.47942318197,1.09260721882,13.991884,0.42609
gpu,gpu,float,bitonic,max,4096,8388608,uniform,23004265,1,bench/results/raw/energy/measurements/20260817_174754_gpu_float_bitonic_q23_k4096_max_uniform_s23004265_rep1_gpu.txt,0.936525,30.25719,32.307932,14.716208,16.475091,17.591724,0,"rapl:package+core,nvml:board-integrated",9.183931,2.99996,0.263179,0.088292,5.31093409477,1.70063656326,15.765082,0.455804
gpu,gpu,float,bitonic,max,4096,8388608,uniform,23004265,2,bench/results/raw/energy/measurements/20260817_174754_gpu_float_bitonic_q23_k4096_max_uniform_s23004265_rep2_gpu.txt,0.918859,31.875998,34.69083,14.716208,18.35387,19.974622,0,"rapl:package+core,nvml:board-integrated",9.718821,3.512072,0.260736,0.088726,5.88177579091,2.20636172899,16.074568,0.431617
gpu,gpu,float,bitonic,max,4096,8388608,uniform,23004265,3,bench/results/raw/energy/measurements/20260817_174754_gpu_float_bitonic_q23_k4096_max_uniform_s23004265_rep3_gpu.txt,0.908176,30.471423,33.552326,14.716208,17.106514,18.836118,0,"rapl:package+core,nvml:board-integrated",9.620889,3.636674,0.26913,0.095527,5.66031594096,2.23087879838,16.39415,0.462724
gpu,gpu,float,bitonic,max,8,8388608,uniform,23000177,1,bench/results/raw/energy/measurements/20260817_174754_gpu_float_bitonic_q23_k8_max_uniform_s23000177_rep1_gpu.txt,0.929675,33.055165,35.555601,14.716208,19.373869,20.839393,0,"rapl:package+core,nvml:board-integrated",8.204828,1.181067,0.217743,0.028852,5.00047672146,0.756474966784,14.392279,0.387068
gpu,gpu,float,bitonic,max,8,8388608,uniform,23000177,2,bench/results/raw/energy/measurements/20260817_174754_gpu_float_bitonic_q23_k8_max_uniform_s23000177_rep2_gpu.txt,0.843781,23.617632,27.990239,14.716208,11.200375,13.274031,0,"rapl:package+core,nvml:board-integrated",6.148688,0.925324,0.19848,0.029664,3.22781503616,0.488782405888,11.777644,0.381853
gpu,gpu,float,bitonic,max,8,8388608,uniform,23000177,3,bench/results/raw/energy/measurements/20260817_174754_gpu_float_bitonic_q23_k8_max_uniform_s23000177_rep3_gpu.txt,0.838875,22.361326,26.656332,14.716208,10.01627,11.940124,0,"rapl:package+core,nvml:board-integrated",5.797027,0.73716,0.193579,0.027157,2.94827817157,0.337511939344,11.213182,0.37795
gpu,gpu,float,bitonic,max,131072,16777216,uniform,24131244,1,bench/results/raw/energy/measurements/20260817_174754_gpu_float_bitonic_q24_k131072_max_uniform_s24131244_rep1_gpu.txt,1.681554,64.282972,38.228316,14.716208,39.536876,23.512108,0,"rapl:package+core,nvml:board-integrated",28.324184,15.811536,0.742262,0.418577,17.4009020175,9.65166980398,40.12499,1.063615
gpu,gpu,float,bitonic,max,131072,16777216,uniform,24131244,2,bench/results/raw/energy/measurements/20260817_174754_gpu_float_bitonic_q24_k131072_max_uniform_s24131244_rep2_gpu.txt,1.672713,67.328525,40.251091,14.716208,42.712532,25.534883,0,"rapl:package+core,nvml:board-integrated",29.447524,16.887609,0.74239,0.41467,18.5223583429,10.7852390286,42.716077,1.067596
gpu,gpu,float,bitonic,max,131072,16777216,uniform,24131244,3,bench/results/raw/energy/measurements/20260817_174754_gpu_float_bitonic_q24_k131072_max_uniform_s24131244_rep3_gpu.txt,1.668524,71.102015,42.61372,14.716208,46.547669,27.897512,0,"rapl:package+core,nvml:board-integrated",31.271398,17.809862,0.737877,0.418374,20.4126465896,11.6529831942,44.832884,1.054209
gpu,gpu,float,bitonic,max,256,16777216,uniform,24000428,1,bench/results/raw/energy/measurements/20260817_174754_gpu_float_bitonic_q24_k256_max_uniform_s24000428_rep1_gpu.txt,1.276844,44.072021,34.516377,14.716208,25.281722,19.800169,0,"rapl:package+core,nvml:board-integrated",14.623903,3.864353,0.411398,0.107389,8.56968446122,2.28399413909,26.363454,0.743832
gpu,gpu,float,bitonic,max,256,16777216,uniform,24000428,2,bench/results/raw/energy/measurements/20260817_174754_gpu_float_bitonic_q24_k256_max_uniform_s24000428_rep2_gpu.txt,1.215353,44.31484,36.462518,14.716208,26.429449,21.74631,0,"rapl:package+core,nvml:board-integrated",16.278326,4.426038,0.414493,0.108862,10.1785607975,2.8240021647,28.23435,0.73509
gpu,gpu,float,bitonic,max,256,16777216,uniform,24000428,3,bench/results/raw/energy/measurements/20260817_174754_gpu_float_bitonic_q24_k256_max_uniform_s24000428_rep3_gpu.txt,1.27073,44.107346,34.710242,14.716208,25.407019,19.994034,0,"rapl:package+core,nvml:board-integrated",15.359043,4.041029,0.421026,0.10854,9.16313681059,2.44373178368,27.324339,0.760242
gpu,gpu,float,bitonic,max,4096,16777216,uniform,24004268,1,bench/results/raw/energy/measurements/20260817_174754_gpu_float_bitonic_q24_k4096_max_uniform_s24004268_rep1_gpu.txt,1.31955,47.275423,35.826934,14.716208,27.856654,21.110726,0,"rapl:package+core,nvml:board-integrated",18.563598,6.743896,0.501638,0.179946,11.1813888513,4.09577323523,29.343056,0.803687
gpu,gpu,float,bitonic,max,4096,16777216,uniform,24004268,2,bench/results/raw/energy/measurements/20260817_174754_gpu_float_bitonic_q24_k4096_max_uniform_s24004268_rep2_gpu.txt,1.340009,49.742414,37.120956,14.716208,30.022563,22.404748,0,"rapl:package+core,nvml:board-integrated",18.384752,7.091402,0.493289,0.182189,11.1254084719,4.41027078069,30.70154,0.820777
gpu,gpu,float,bitonic,max,4096,16777216,uniform,24004268,3,bench/results/raw/energy/measurements/20260817_174754_gpu_float_bitonic_q24_k4096_max_uniform_s24004268_rep3_gpu.txt,1.359441,48.79057,35.89017,14.716208,28.784753,21.173962,0,"rapl:package+core,nvml:board-integrated",17.751378,6.765368,0.485887,0.182842,10.6009638435,4.07462709686,29.000208,0.801009
gpu,gpu,float,bitonic,max,8,16777216,uniform,24000180,1,bench/results/raw/energy/measurements/20260817_174754_gpu_float_bitonic_q24_k8_max_uniform_s24000180_rep1_gpu.txt,1.234687,45.15272,36.57018,14.716208,26.982812,21.853972,0,"rapl:package+core,nvml:board-integrated",15.387485,3.473399,0.397447,0.088226,9.53857227902,2.17504683299,27.512055,0.718993
gpu,gpu,float,bitonic,max,8,16777216,uniform,24000180,2,bench/results/raw/energy/measurements/20260817_174754_gpu_float_bitonic_q24_k8_max_uniform_s24000180_rep2_gpu.txt,1.242171,38.364328,30.884894,14.716208,20.084277,16.168686,0,"rapl:package+core,nvml:board-integrated",12.453787,1.983906,0.375944,0.07024,6.92131689965,0.95023955008,22.615091,0.696427
gpu,gpu,float,bitonic,max,8,16777216,uniform,24000180,3,bench/results/raw/energy/measurements/20260817_174754_gpu_float_bitonic_q24_k8_max_uniform_s24000180_rep3_gpu.txt,1.163491,35.130255,30.193828,14.716208,18.008076,15.47762,0,"rapl:package+core,nvml:board-integrated",11.96754,2.363503,0.368142,0.065538,6.54988575446,1.3990321601,21.253859,0.663339
gpu,gpu,float,gt,max,256,65536,uniform,16000404,1,bench/results/raw/energy/measurements/20260817_174754_gpu_float_gt_q16_k256_max_uniform_s16000404_rep1_gpu.txt,0.429559,8.774413,20.426561,14.716208,2.452934,5.710353,0,"rapl:package+core,nvml:board-integrated",0.207687,0.041746,0.013266,0.003267,0.012461784672,0,0.319005,0.015007
gpu,gpu,float,gt,max,256,65536,uniform,16000404,2,bench/results/raw/energy/measurements/20260817_174754_gpu_float_gt_q16_k256_max_uniform_s16000404_rep2_gpu.txt,0.43271,8.744205,20.208018,14.716208,2.37636,5.49181,0,"rapl:package+core,nvml:board-integrated",0.347566,0.139136,0.013371,0.003296,0.150795582832,0.090631378432,0.347566,0.015091
gpu,gpu,float,gt,max,256,65536,uniform,16000404,3,bench/results/raw/energy/measurements/20260817_174754_gpu_float_gt_q16_k256_max_uniform_s16000404_rep3_gpu.txt,0.378582,7.346524,19.405394,14.716208,1.775239,4.689186,0,"rapl:package+core,nvml:board-integrated",0.308793,0,0.013367,0.003307,0.112081447664,0,0.339386,0.015107
gpu,gpu,float,gt,max,4096,65536,uniform,16004244,1,bench/results/raw/energy/measurements/20260817_174754_gpu_float_gt_q16_k4096_max_uniform_s16004244_rep1_gpu.txt,0.43205,8.451468,19.561309,14.716208,2.093327,4.845101,0,"rapl:package+core,nvml:board-integrated",0.472547,0.055516,0.023495,0.003275,0.12678969304,0.0073204188,0.528472,0.025196
gpu,gpu,float,gt,max,4096,65536,uniform,16004244,2,bench/results/raw/energy/measurements/20260817_174754_gpu_float_gt_q16_k4096_max_uniform_s16004244_rep2_gpu.txt,0.437156,8.427668,19.278391,14.716208,1.994387,4.562183,0,"rapl:package+core,nvml:board-integrated",0.517582,0.108976,0.023543,0.003305,0.171118315056,0.06033893256,0.548007,0.025238
gpu,gpu,float,gt,max,4096,65536,uniform,16004244,3,bench/results/raw/energy/measurements/20260817_174754_gpu_float_gt_q16_k4096_max_uniform_s16004244_rep3_gpu.txt,0.43791,8.546383,19.516286,14.716208,2.102004,4.800078,0,"rapl:package+core,nvml:board-integrated",0.483855,0.062367,0.023558,0.003302,0.137170571936,0.013774081184,0.529699,0.025291
gpu,gpu,float,gt,max,8,65536,uniform,16000156,1,bench/results/raw/energy/measurements/20260817_174754_gpu_float_gt_q16_k8_max_uniform_s16000156_rep1_gpu.txt,0.386811,12.334612,31.887935,14.716208,6.642217,17.171727,0,"rapl:package+core,nvml:board-integrated",0.493148,0,0.013254,0.003369,0.298099379168,0,0.523542,0.014945
gpu,gpu,float,gt,max,8,65536,uniform,16000156,2,bench/results/raw/energy/measurements/20260817_174754_gpu_float_gt_q16_k8_max_uniform_s16000156_rep2_gpu.txt,0.371331,9.327485,25.119076,14.716208,3.862905,10.402868,0,"rapl:package+core,nvml:board-integrated",0.362663,0.117668,0.012798,0.003249,0.174324970016,0.069855040208,0.42694,0.0145
gpu,gpu,float,gt,max,8,65536,uniform,16000156,3,bench/results/raw/energy/measurements/20260817_174754_gpu_float_gt_q16_k8_max_uniform_s16000156_rep3_gpu.txt,0.391175,8.452214,21.607258,14.716208,2.695605,6.89105,0,"rapl:package+core,nvml:board-integrated",0.36473,0.136163,0.013348,0.003265,0.168298055616,0.08811458088,0.393458,0.015043
gpu,gpu,float,gt,max,131072,131072,uniform,17131223,1,bench/results/raw/energy/measurements/20260817_174754_gpu_float_gt_q17_k131072_max_uniform_s17131223_rep1_gpu.txt,0.924059,19.104332,20.67436,14.716208,5.505685,5.958152,0,"rapl:package+core,nvml:board-integrated",10.509224,0.536904,0.49132,0.022941,3.27885668544,0.199299472272,10.585319,0.494134
gpu,gpu,float,gt,max,131072,131072,uniform,17131223,2,bench/results/raw/energy/measurements/20260817_174754_gpu_float_gt_q17_k131072_max_uniform_s17131223_rep2_gpu.txt,0.953395,18.97145,19.898832,14.716208,4.941088,5.182624,0,"rapl:package+core,nvml:board-integrated",10.091573,0.527167,0.491739,0.025821,2.85503959429,0.147179793232,10.138075,0.494269
gpu,gpu,float,gt,max,131072,131072,uniform,17131223,3,bench/results/raw/energy/measurements/20260817_174754_gpu_float_gt_q17_k131072_max_uniform_s17131223_rep3_gpu.txt,0.96883,19.515589,20.143459,14.716208,5.258084,5.427251,0,"rapl:package+core,nvml:board-integrated",10.297596,0.540526,0.497462,0.029477,2.9768417359,0.106736336784,10.364458,0.500523
gpu,gpu,float,gt,max,256,131072,uniform,17000407,1,bench/results/raw/energy/measurements/20260817_174754_gpu_float_gt_q17_k256_max_uniform_s17000407_rep1_gpu.txt,0.429006,8.263655,19.262314,14.716208,1.950308,4.546106,0,"rapl:package+core,nvml:board-integrated",0.305094,0.071252,0.014138,0.003651,0.097036251296,0.017523124592,0.336526,0.016429
gpu,gpu,float,gt,max,256,131072,uniform,17000407,2,bench/results/raw/energy/measurements/20260817_174754_gpu_float_gt_q17_k256_max_uniform_s17000407_rep2_gpu.txt,0.433016,8.316132,19.205156,14.716208,1.943785,4.488948,0,"rapl:package+core,nvml:board-integrated",0.332097,0.099842,0.014461,0.003649,0.119285916112,0.046142557008,0.3696,0.016662
gpu,gpu,float,gt,max,256,131072,uniform,17000407,3,bench/results/raw/energy/measurements/20260817_174754_gpu_float_gt_q17_k256_max_uniform_s17000407_rep3_gpu.txt,0.430325,8.296747,19.280198,14.716208,1.963998,4.56399,0,"rapl:package+core,nvml:board-integrated",0.216285,0.121303,0.014115,0.003627,0.00856572408,0.067927313584,0.347155,0.016344
gpu,gpu,float,gt,max,4096,131072,uniform,17004247,1,bench/results/raw/energy/measurements/20260817_174754_gpu_float_gt_q17_k4096_max_uniform_s17004247_rep1_gpu.txt,0.439874,8.539042,19.412465,14.716208,2.065762,4.696257,0,"rapl:package+core,nvml:board-integrated",0.553359,0.030698,0.02433,0.003679,0.19531365936,0,0.563551,0.026557
gpu,gpu,float,gt,max,4096,131072,uniform,17004247,2,bench/results/raw/energy/measurements/20260817_174754_gpu_float_gt_q17_k4096_max_uniform_s17004247_rep2_gpu.txt,0.439154,8.921022,20.314091,14.716208,2.458335,5.597883,0,"rapl:package+core,nvml:board-integrated",0.541748,0.085209,0.024471,0.003697,0.181627674032,0.030803179024,0.577802,0.02665
gpu,gpu,float,gt,max,4096,131072,uniform,17004247,3,bench/results/raw/energy/measurements/20260817_174754_gpu_float_gt_q17_k4096_max_uniform_s17004247_rep3_gpu.txt,0.426399,8.354167,19.592349,14.716208,2.079184,4.876141,0,"rapl:package+core,nvml:board-integrated",0.515483,0.083943,0.024695,0.003659,0.15206624344,0.030096394928,0.586764,0.026943
gpu,gpu,float,gt,max,8,131072,uniform,17000159,1,bench/results/raw/energy/measurements/20260817_174754_gpu_float_gt_q17_k8_max_uniform_s17000159_rep1_gpu.txt,0.371218,7.223438,19.45875,14.716208,1.760517,4.742542,0,"rapl:package+core,nvml:board-integrated",0.253055,0.041989,0.013648,0.003647,0.052208193216,0,0.324798,0.015862
gpu,gpu,float,gt,max,8,131072,uniform,17000159,2,bench/results/raw/energy/measurements/20260817_174754_gpu_float_gt_q17_k8_max_uniform_s17000159_rep2_gpu.txt,0.379811,7.411278,19.513078,14.716208,1.821903,4.79687,0,"rapl:package+core,nvml:board-integrated",0.2432,0.052655,0.013638,0.003635,0.042500355296,0,0.315382,0.015851
gpu,gpu,float,gt,max,8,131072,uniform,17000159,3,bench/results/raw/energy/measurements/20260817_174754_gpu_float_gt_q17_k8_max_uniform_s17000159_rep3_gpu.txt,0.431427,8.386872,19.43984,14.716208,2.037902,4.723632,0,"rapl:package+core,nvml:board-integrated",0.23122,0.082383,0.013632,0.003626,0.030608652544,0.029022029792,0.313009,0.015886
gpu,gpu,float,gt,max,131072,262144,uniform,18131226,1,bench/results/raw/energy/measurements/20260817_174754_gpu_float_gt_q18_k131072_max_uniform_s18131226_rep1_gpu.txt,0.970258,19.863001,20.471886,14.716208,5.58449,5.755678,0,"rapl:package+core,nvml:board-integrated",10.664433,0.56948,0.494274,0.026088,3.39059400701,0.185563565696,10.722571,0.498225
gpu,gpu,float,gt,max,131072,262144,uniform,18131226,2,bench/results/raw/energy/measurements/20260817_174754_gpu_float_gt_q18_k131072_max_uniform_s18131226_rep2_gpu.txt,0.974764,18.97158,19.462744,14.716208,4.626752,4.746536,0,"rapl:package+core,nvml:board-integrated",9.986807,0.697061,0.496006,0.029939,2.68747953475,0.256472448688,10.037804,0.499712
gpu,gpu,float,gt,max,131072,262144,uniform,18131226,3,bench/results/raw/energy/measurements/20260817_174754_gpu_float_gt_q18_k131072_max_uniform_s18131226_rep3_gpu.txt,0.956618,18.614053,19.458197,14.716208,4.53627,4.741989,0,"rapl:package+core,nvml:board-integrated",9.883164,0.638784,0.492835,0.027247,2.63050163032,0.237811480624,9.937756,0.496251
gpu,gpu,float,gt,max,256,262144,uniform,18000410,1,bench/results/raw/energy/measurements/20260817_174754_gpu_float_gt_q18_k256_max_uniform_s18000410_rep1_gpu.txt,0.436822,8.499576,19.457747,14.716208,2.07121,4.741539,0,"rapl:package+core,nvml:board-integrated",0.411468,0.12653,0.017699,0.006319,0.151005834608,0.033538281648,0.43692,0.020849
gpu,gpu,float,gt,max,256,262144,uniform,18000410,2,bench/results/raw/energy/measurements/20260817_174754_gpu_float_gt_q18_k256_max_uniform_s18000410_rep2_gpu.txt,0.430806,8.393194,19.48254,14.716208,2.053364,4.766332,0,"rapl:package+core,nvml:board-integrated",0.379928,0.107896,0.017694,0.006312,0.119539415648,0.015007295104,0.445293,0.020763
gpu,gpu,float,gt,max,256,262144,uniform,18000410,3,bench/results/raw/energy/measurements/20260817_174754_gpu_float_gt_q18_k256_max_uniform_s18000410_rep3_gpu.txt,0.432001,8.51366,19.707506,14.716208,2.156245,4.991298,0,"rapl:package+core,nvml:board-integrated",0.42897,0.249617,0.017501,0.006268,0.171421643792,0.157375808256,0.439193,0.020541
gpu,gpu,float,gt,max,4096,262144,uniform,18004250,1,bench/results/raw/energy/measurements/20260817_174754_gpu_float_gt_q18_k4096_max_uniform_s18004250_rep1_gpu.txt,0.411223,8.052481,19.581778,14.716208,2.000835,4.86557,0,"rapl:package+core,nvml:board-integrated",0.726598,0.220141,0.030719,0.006568,0.274530806448,0.123484945856,0.726598,0.033787
gpu,gpu,float,gt,max,4096,262144,uniform,18004250,2,bench/results/raw/energy/measurements/20260817_174754_gpu_float_gt_q18_k4096_max_uniform_s18004250_rep2_gpu.txt,0.438485,8.684116,19.804813,14.716208,2.231278,5.088605,0,"rapl:package+core,nvml:board-integrated",0.610517,0.187811,0.028004,0.006475,0.198404311168,0.0925235532,0.66213,0.03104
gpu,gpu,float,gt,max,4096,262144,uniform,18004250,3,bench/results/raw/energy/measurements/20260817_174754_gpu_float_gt_q18_k4096_max_uniform_s18004250_rep3_gpu.txt,0.41454,8.224631,19.840376,14.716208,2.124173,5.124168,0,"rapl:package+core,nvml:board-integrated",0.687008,0.214288,0.031018,0.00657,0.230540660256,0.11760251344,0.746911,0.034128
gpu,gpu,float,gt,max,8,262144,uniform,18000162,1,bench/results/raw/energy/measurements/20260817_174754_gpu_float_gt_q18_k8_max_uniform_s18000162_rep1_gpu.txt,0.43503,8.37641,19.254799,14.716208,1.974422,4.538591,0,"rapl:package+core,nvml:board-integrated",0.374666,0.165185,0.017296,0.006304,0.120134466432,0.072414024768,0.422522,0.020324
gpu,gpu,float,gt,max,8,262144,uniform,18000162,2,bench/results/raw/energy/measurements/20260817_174754_gpu_float_gt_q18_k8_max_uniform_s18000162_rep2_gpu.txt,0.431301,8.269956,19.174446,14.716208,1.922842,4.458238,0,"rapl:package+core,nvml:board-integrated",0.364202,0.104169,0.017177,0.006213,0.111421695184,0.012737199696,0.437922,0.020213
gpu,gpu,float,gt,max,8,262144,uniform,18000162,3,bench/results/raw/energy/measurements/20260817_174754_gpu_float_gt_q18_k8_max_uniform_s18000162_rep3_gpu.txt,0.433445,8.570561,19.773113,14.716208,2.191891,5.056905,0,"rapl:package+core,nvml:board-integrated",0.381165,0.177327,0.016895,0.006276,0.13253466584,0.084968078592,0.428652,0.019868
gpu,gpu,float,gt,max,131072,524288,uniform,19131229,1,bench/results/raw/energy/measurements/20260817_174754_gpu_float_gt_q19_k131072_max_uniform_s19131229_rep1_gpu.txt,0.973275,20.429921,20.990904,14.716208,6.107004,6.274696,0,"rapl:package+core,nvml:board-integrated",10.733309,0.579957,0.495349,0.026037,3.44365008341,0.196791092304,10.906828,0.501101
gpu,gpu,float,gt,max,131072,524288,uniform,19131229,2,bench/results/raw/energy/measurements/20260817_174754_gpu_float_gt_q19_k131072_max_uniform_s19131229_rep2_gpu.txt,0.964216,19.101411,19.810313,14.716208,4.911815,5.094105,0,"rapl:package+core,nvml:board-integrated",9.985833,0.340696,0.487655,0.012872,2.80940058776,0.151268970624,10.079059,0.493599
gpu,gpu,float,gt,max,131072,524288,uniform,19131229,3,bench/results/raw/energy/measurements/20260817_174754_gpu_float_gt_q19_k131072_max_uniform_s19131229_rep3_gpu.txt,0.960973,19.103325,19.879143,14.716208,4.961442,5.162935,0,"rapl:package+core,nvml:board-integrated",10.121116,0.383584,0.493491,0.023134,2.85879979787,0.043139244128,10.283682,0.499255
gpu,gpu,float,gt,max,256,524288,uniform,19000413,1,bench/results/raw/energy/measurements/20260817_174754_gpu_float_gt_q19_k256_max_uniform_s19000413_rep1_gpu.txt,0.427834,8.676649,20.280431,14.716208,2.380561,5.564223,0,"rapl:package+core,nvml:board-integrated",0.695792,0.227562,0.027639,0.009949,0.289050727088,0.081150446608,0.744389,0.03225
gpu,gpu,float,gt,max,256,524288,uniform,19000413,2,bench/results/raw/energy/measurements/20260817_174754_gpu_float_gt_q19_k256_max_uniform_s19000413_rep2_gpu.txt,0.444938,8.958095,20.133336,14.716208,2.410288,5.417128,0,"rapl:package+core,nvml:board-integrated",0.486054,0.207103,0.027441,0.00993,0.082226536272,0.06097105456,0.711463,0.032161
gpu,gpu,float,gt,max,256,524288,uniform,19000413,3,bench/results/raw/energy/measurements/20260817_174754_gpu_float_gt_q19_k256_max_uniform_s19000413_rep3_gpu.txt,0.432764,8.650983,19.990056,14.716208,2.282333,5.273848,0,"rapl:package+core,nvml:board-integrated",0.634768,0.243339,0.02757,0.009761,0.22904214544,0.099694093712,0.696706,0.032181
gpu,gpu,float,gt,max,4096,524288,uniform,19004253,1,bench/results/raw/energy/measurements/20260817_174754_gpu_float_gt_q19_k4096_max_uniform_s19004253_rep1_gpu.txt,0.411734,8.469367,20.570016,14.716208,2.41021,5.853808,0,"rapl:package+core,nvml:board-integrated",0.946938,0.1962,0.040663,0.010119,0.348532834096,0.047286691248,1.00821,0.045322
gpu,gpu,float,gt,max,4096,524288,uniform,19004253,2,bench/results/raw/energy/measurements/20260817_174754_gpu_float_gt_q19_k4096_max_uniform_s19004253_rep2_gpu.txt,0.432251,8.717016,20.166539,14.716208,2.355913,5.450331,0,"rapl:package+core,nvml:board-integrated",0.953009,0.20609,0.039615,0.010032,0.37002642008,0.058457001344,0.98673,0.044328
gpu,gpu,float,gt,max,4096,524288,uniform,19004253,3,bench/results/raw/energy/measurements/20260817_174754_gpu_float_gt_q19_k4096_max_uniform_s19004253_rep3_gpu.txt,0.412098,8.478202,20.573283,14.716208,2.413687,5.857075,0,"rapl:package+core,nvml:board-integrated",0.962606,0.279582,0.039811,0.010096,0.376739043312,0.131007164032,1.034554,0.044535
gpu,gpu,float,gt,max,8,524288,uniform,19000165,1,bench/results/raw/energy/measurements/20260817_174754_gpu_float_gt_q19_k8_max_uniform_s19000165_rep1_gpu.txt,0.414045,7.826972,18.903692,14.716208,1.733805,4.187484,0,"rapl:package+core,nvml:board-integrated",0.749889,0.302018,0.030757,0.010159,0.297262590544,0.152516042928,0.761134,0.035394
gpu,gpu,float,gt,max,8,524288,uniform,19000165,2,bench/results/raw/energy/measurements/20260817_174754_gpu_float_gt_q19_k8_max_uniform_s19000165_rep2_gpu.txt,0.43428,8.468458,19.499977,14.716208,2.077497,4.783769,0,"rapl:package+core,nvml:board-integrated",0.622264,0.098644,0.026612,0.009986,0.230636272704,0,0.697034,0.031303
gpu,gpu,float,gt,max,8,524288,uniform,19000165,3,bench/results/raw/energy/measurements/20260817_174754_gpu_float_gt_q19_k8_max_uniform_s19000165_rep3_gpu.txt,0.413869,8.195372,19.801867,14.716208,2.104795,5.085659,0,"rapl:package+core,nvml:board-integrated",0.629761,0.191962,0.027178,0.010054,0.229803898976,0.044005244768,0.748679,0.031822
gpu,gpu,float,gt,max,131072,1048576,uniform,20131232,1,bench/results/raw/energy/measurements/20260817_174754_gpu_float_gt_q20_k131072_max_uniform_s20131232_rep1_gpu.txt,0.950842,19.940864,20.971798,14.716208,5.948077,6.25559,0,"rapl:package+core,nvml:board-integrated",10.849147,0.364814,0.500072,0.014632,3.48998343302,0.149486444544,11.086122,0.510486
gpu,gpu,float,gt,max,131072,1048576,uniform,20131232,2,bench/results/raw/energy/measurements/20260817_174754_gpu_float_gt_q20_k131072_max_uniform_s20131232_rep2_gpu.txt,1.01882,20.332922,19.957329,14.716208,5.339757,5.241121,0,"rapl:package+core,nvml:board-integrated",10.608037,0.509361,0.506808,0.021472,3.14974505594,0.193374581824,10.82686,0.517716
gpu,gpu,float,gt,max,131072,1048576,uniform,20131232,3,bench/results/raw/energy/measurements/20260817_174754_gpu_float_gt_q20_k131072_max_uniform_s20131232_rep3_gpu.txt,0.978909,19.19168,19.605168,14.716208,4.785848,4.88896,0,"rapl:package+core,nvml:board-integrated",10.114364,0.309106,0.502392,0.019259,2.72105883046,0.025686550128,10.370197,0.512933
gpu,gpu,float,gt,max,256,1048576,uniform,20000416,1,bench/results/raw/energy/measurements/20260817_174754_gpu_float_gt_q20_k256_max_uniform_s20000416_rep1_gpu.txt,0.422889,8.683932,20.534791,14.716208,2.460613,5.818583,0,"rapl:package+core,nvml:board-integrated",1.136713,0.523542,0.051707,0.02166,0.375782032944,0.20478893472,1.381551,0.05951
gpu,gpu,float,gt,max,256,1048576,uniform,20000416,2,bench/results/raw/energy/measurements/20260817_174754_gpu_float_gt_q20_k256_max_uniform_s20000416_rep2_gpu.txt,0.416642,8.549199,20.519307,14.716208,2.417813,5.803099,0,"rapl:package+core,nvml:board-integrated",1.094385,0.474417,0.047508,0.018815,0.395247390336,0.19753154648,1.259322,0.055273
gpu,gpu,float,gt,max,256,1048576,uniform,20000416,3,bench/results/raw/energy/measurements/20260817_174754_gpu_float_gt_q20_k256_max_uniform_s20000416_rep3_gpu.txt,0.422247,8.593176,20.351046,14.716208,2.379296,5.634838,0,"rapl:package+core,nvml:board-integrated",0.994312,0.401252,0.04523,0.015366,0.32869791216,0.175122747872,1.214369,0.052996
gpu,gpu,float,gt,max,4096,1048576,uniform,20004256,1,bench/results/raw/energy/measurements/20260817_174754_gpu_float_gt_q20_k4096_max_uniform_s20004256_rep1_gpu.txt,0.438232,9.02669,20.597974,14.716208,2.577578,5.881766,0,"rapl:package+core,nvml:board-integrated",1.302965,0.445798,0.057378,0.019893,0.458578417376,0.153048474256,1.524903,0.065274
gpu,gpu,float,gt,max,4096,1048576,uniform,20004256,2,bench/results/raw/energy/measurements/20260817_174754_gpu_float_gt_q20_k4096_max_uniform_s20004256_rep2_gpu.txt,0.485934,9.952082,20.480325,14.716208,2.800979,5.764117,0,"rapl:package+core,nvml:board-integrated",1.327564,0.516047,0.057868,0.021566,0.475966475456,0.198677258272,1.472708,0.065435
gpu,gpu,float,gt,max,4096,1048576,uniform,20004256,3,bench/results/raw/energy/measurements/20260817_174754_gpu_float_gt_q20_k4096_max_uniform_s20004256_rep3_gpu.txt,0.435685,8.95444,20.552547,14.716208,2.542806,5.836339,0,"rapl:package+core,nvml:board-integrated",1.376363,0.540764,0.058661,0.019366,0.513095522512,0.255769915872,1.519766,0.065618
gpu,gpu,float,gt,max,8,1048576,uniform,20000168,1,bench/results/raw/energy/measurements/20260817_174754_gpu_float_gt_q20_k8_max_uniform_s20000168_rep1_gpu.txt,0.416427,7.867444,18.892747,14.716208,1.739222,4.176539,0,"rapl:package+core,nvml:board-integrated",1.043659,0.50377,0.049153,0.021495,0.320313228176,0.18744510904,1.229864,0.056981
gpu,gpu,float,gt,max,8,1048576,uniform,20000168,2,bench/results/raw/energy/measurements/20260817_174754_gpu_float_gt_q20_k8_max_uniform_s20000168_rep2_gpu.txt,0.426488,8.450748,19.814753,14.716208,2.174466,5.098545,0,"rapl:package+core,nvml:board-integrated",1.02509,0.506972,0.048066,0.019007,0.317740746272,0.227261034544,1.232548,0.05587
gpu,gpu,float,gt,max,8,1048576,uniform,20000168,3,bench/results/raw/energy/measurements/20260817_174754_gpu_float_gt_q20_k8_max_uniform_s20000168_rep3_gpu.txt,0.427123,8.665902,20.288994,14.716208,2.380267,5.572786,0,"rapl:package+core,nvml:board-integrated",1.04267,0.443313,0.046576,0.017166,0.357247896192,0.190694573472,1.250406,0.054457
gpu,gpu,float,gt,max,131072,2097152,uniform,21131235,1,bench/results/raw/energy/measurements/20260817_174754_gpu_float_gt_q21_k131072_max_uniform_s21131235_rep1_gpu.txt,1.035672,24.192027,23.358774,14.716208,8.950863,8.642566,0,"rapl:package+core,nvml:board-integrated",12.902321,0.625679,0.528865,0.025691,5.11943365608,0.247604900272,13.41831,0.550843
gpu,gpu,float,gt,max,131072,2097152,uniform,21131235,2,bench/results/raw/energy/measurements/20260817_174754_gpu_float_gt_q21_k131072_max_uniform_s21131235_rep2_gpu.txt,1.022603,21.656259,21.177576,14.716208,6.607416,6.461368,0,"rapl:package+core,nvml:board-integrated",11.693255,0.685605,0.529539,0.031309,3.90044893189,0.224855243728,12.133398,0.552691
gpu,gpu,float,gt,max,131072,2097152,uniform,21131235,3,bench/results/raw/energy/measurements/20260817_174754_gpu_float_gt_q21_k131072_max_uniform_s21131235_rep3_gpu.txt,1.017995,20.865,20.496179,14.716208,5.883979,5.779971,0,"rapl:package+core,nvml:board-integrated",11.09869,0.644183,0.526896,0.024516,3.34477886963,0.283400444672,11.598019,0.549315
gpu,gpu,float,gt,max,256,2097152,uniform,21000419,1,bench/results/raw/energy/measurements/20260817_174754_gpu_float_gt_q21_k256_max_uniform_s21000419_rep1_gpu.txt,0.485146,11.507484,23.71964,14.716208,4.367977,9.003432,0,"rapl:package+core,nvml:board-integrated",1.635117,0.571993,0.059644,0.017119,0.757383490048,0.320066235248,2.057298,0.077408
gpu,gpu,float,gt,max,256,2097152,uniform,21000419,2,bench/results/raw/energy/measurements/20260817_174754_gpu_float_gt_q21_k256_max_uniform_s21000419_rep2_gpu.txt,0.479613,11.042003,23.022742,14.716208,3.98392,8.306534,0,"rapl:package+core,nvml:board-integrated",2.060298,0.605445,0.07261,0.025649,0.99175413712,0.227988981008,2.339304,0.091193
gpu,gpu,float,gt,max,256,2097152,uniform,21000419,3,bench/results/raw/energy/measurements/20260817_174754_gpu_float_gt_q21_k256_max_uniform_s21000419_rep3_gpu.txt,0.462667,10.414891,22.51058,14.716208,3.606195,7.794372,0,"rapl:package+core,nvml:board-integrated",1.922076,0.787662,0.075996,0.029326,0.803703056832,0.356094484192,2.347438,0.094266
gpu,gpu,float,gt,max,4096,2097152,uniform,21004259,1,bench/results/raw/energy/measurements/20260817_174754_gpu_float_gt_q21_k4096_max_uniform_s21004259_rep1_gpu.txt,0.473123,10.483018,22.157052,14.716208,3.520437,7.440844,0,"rapl:package+core,nvml:board-integrated",2.245006,0.808165,0.087308,0.029153,0.960163311936,0.379143388176,2.630906,0.106334
gpu,gpu,float,gt,max,4096,2097152,uniform,21004259,2,bench/results/raw/energy/measurements/20260817_174754_gpu_float_gt_q21_k4096_max_uniform_s21004259_rep2_gpu.txt,0.473562,10.616674,22.418786,14.716208,3.647644,7.702578,0,"rapl:package+core,nvml:board-integrated",1.939825,0.498834,0.074897,0.017076,0.837625169424,0.247540032192,2.316713,0.092921
gpu,gpu,float,gt,max,4096,2097152,uniform,21004259,3,bench/results/raw/energy/measurements/20260817_174754_gpu_float_gt_q21_k4096_max_uniform_s21004259_rep3_gpu.txt,0.472493,10.990397,23.260436,14.716208,4.03709,8.544228,0,"rapl:package+core,nvml:board-integrated",1.998386,0.368013,0.075796,0.017249,0.882956298432,0.114173128208,2.578206,0.096396
gpu,gpu,float,gt,max,8,2097152,uniform,21000171,1,bench/results/raw/energy/measurements/20260817_174754_gpu_float_gt_q21_k8_max_uniform_s21000171_rep1_gpu.txt,0.480028,9.357367,19.493372,14.716208,2.293173,4.777164,0,"rapl:package+core,nvml:board-integrated",1.509304,0.513275,0.068975,0.021315,0.4942535532,0.19959902648,1.902394,0.087601
gpu,gpu,float,gt,max,8,2097152,uniform,21000171,2,bench/results/raw/energy/measurements/20260817_174754_gpu_float_gt_q21_k8_max_uniform_s21000171_rep2_gpu.txt,0.439946,9.217132,20.950589,14.716208,2.742792,6.234381,0,"rapl:package+core,nvml:board-integrated",1.376126,0.398728,0.061171,0.016912,0.475920840432,0.149847490304,1.81838,0.077569
gpu,gpu,float,gt,max,8,2097152,uniform,21000171,3,bench/results/raw/energy/measurements/20260817_174754_gpu_float_gt_q21_k8_max_uniform_s21000171_rep3_gpu.txt,0.466834,10.971988,23.502995,14.716208,4.101967,8.786787,0,"rapl:package+core,nvml:board-integrated",1.702283,0.538417,0.063407,0.016979,0.769172399344,0.288550504368,2.139693,0.081777
gpu,gpu,float,gt,max,131072,4194304,uniform,22131238,1,bench/results/raw/energy/measurements/20260817_174754_gpu_float_gt_q22_k131072_max_uniform_s22131238_rep1_gpu.txt,1.16429,27.068181,23.24866,14.716208,9.934248,8.532452,0,"rapl:package+core,nvml:board-integrated",14.247519,1.297309,0.595913,0.055238,5.4779393421,0.484415102496,15.612518,0.645188
gpu,gpu,float,gt,max,131072,4194304,uniform,22131238,2,bench/results/raw/energy/measurements/20260817_174754_gpu_float_gt_q22_k131072_max_uniform_s22131238_rep2_gpu.txt,1.153811,23.885332,20.701252,14.716208,6.90561,5.985044,0,"rapl:package+core,nvml:board-integrated",12.383663,1.082029,0.582769,0.04426,3.80751318005,0.43068963392,13.416291,0.631175
gpu,gpu,float,gt,max,131072,4194304,uniform,22131238,3,bench/results/raw/energy/measurements/20260817_174754_gpu_float_gt_q22_k131072_max_uniform_s22131238_rep3_gpu.txt,1.16456,24.045969,20.648114,14.716208,6.908061,5.931906,0,"rapl:package+core,nvml:board-integrated",12.717219,1.334136,0.592314,0.056835,4.00060297469,0.49774031832,13.665378,0.639293
gpu,gpu,float,gt,max,256,4194304,uniform,22000422,1,bench/results/raw/energy/measurements/20260817_174754_gpu_float_gt_q22_k256_max_uniform_s22000422_rep1_gpu.txt,0.541433,13.339086,24.636651,14.716208,5.371251,9.920443,0,"rapl:package+core,nvml:board-integrated",3.23874,1.092499,0.119731,0.039545,1.47675369995,0.51054655464,4.24372,0.156684
gpu,gpu,float,gt,max,256,4194304,uniform,22000422,2,bench/results/raw/energy/measurements/20260817_174754_gpu_float_gt_q22_k256_max_uniform_s22000422_rep2_gpu.txt,0.547285,13.505493,24.677265,14.716208,5.451535,9.961057,0,"rapl:package+core,nvml:board-integrated",2.779662,0.742327,0.099873,0.024453,1.30991015842,0.382471565776,3.892772,0.136387
gpu,gpu,float,gt,max,256,4194304,uniform,22000422,3,bench/results/raw/energy/measurements/20260817_174754_gpu_float_gt_q22_k256_max_uniform_s22000422_rep3_gpu.txt,0.538606,13.657747,25.357564,14.716208,5.731503,10.641356,0,"rapl:package+core,nvml:board-integrated",2.785391,0.640696,0.103144,0.024393,1.26750244205,0.281723538256,4.078031,0.143996
gpu,gpu,float,gt,max,4096,4194304,uniform,22004262,1,bench/results/raw/energy/measurements/20260817_174754_gpu_float_gt_q22_k4096_max_uniform_s22004262_rep1_gpu.txt,0.545606,13.905095,25.485591,14.716208,5.875842,10.769383,0,"rapl:package+core,nvml:board-integrated",3.150907,0.670449,0.114849,0.024567,1.46076522741,0.308915918064,4.316648,0.152086
gpu,gpu,float,gt,max,4096,4194304,uniform,22004262,2,bench/results/raw/energy/measurements/20260817_174754_gpu_float_gt_q22_k4096_max_uniform_s22004262_rep2_gpu.txt,0.538844,13.654341,25.340047,14.716208,5.724596,10.623839,0,"rapl:package+core,nvml:board-integrated",3.379641,0.782254,0.115582,0.024567,1.67871224694,0.420720918064,4.338779,0.154231
gpu,gpu,float,gt,max,4096,4194304,uniform,22004262,3,bench/results/raw/energy/measurements/20260817_174754_gpu_float_gt_q22_k4096_max_uniform_s22004262_rep3_gpu.txt,0.54902,13.663188,24.886501,14.716208,5.583695,10.170293,0,"rapl:package+core,nvml:board-integrated",3.09132,0.840767,0.115301,0.024847,1.39452650139,0.475113379824,4.246978,0.153642
gpu,gpu,float,gt,max,8,4194304,uniform,22000174,1,bench/results/raw/energy/measurements/20260817_174754_gpu_float_gt_q22_k8_max_uniform_s22000174_rep1_gpu.txt,0.575281,12.030073,20.911634,14.716208,3.564113,6.195426,0,"rapl:package+core,nvml:board-integrated",2.716381,0.891329,0.118825,0.040124,0.9677275844,0.300855870208,3.699825,0.161734
gpu,gpu,float,gt,max,8,4194304,uniform,22000174,2,bench/results/raw/energy/measurements/20260817_174754_gpu_float_gt_q22_k8_max_uniform_s22000174_rep2_gpu.txt,0.538824,12.614273,23.410745,14.716208,4.684826,8.694537,0,"rapl:package+core,nvml:board-integrated",2.742294,0.627504,0.10498,0.024429,1.19738648416,0.268001754768,3.833286,0.145492
gpu,gpu,float,gt,max,8,4194304,uniform,22000174,3,bench/results/raw/energy/measurements/20260817_174754_gpu_float_gt_q22_k8_max_uniform_s22000174_rep3_gpu.txt,0.54719,13.842755,25.297897,14.716208,5.790194,10.581689,0,"rapl:package+core,nvml:board-integrated",3.054168,0.719833,0.104114,0.02442,1.52200472029,0.36046320064,4.224304,0.144832
gpu,gpu,float,gt,max,131072,8388608,uniform,23131241,1,bench/results/raw/energy/measurements/20260817_174754_gpu_float_gt_q23_k131072_max_uniform_s23131241_rep1_gpu.txt,1.417274,34.40522,24.275635,14.716208,13.548325,9.559427,0,"rapl:package+core,nvml:board-integrated",17.579442,2.120213,0.698001,0.082652,7.30751409979,0.903888976384,21.834972,0.867407
gpu,gpu,float,gt,max,131072,8388608,uniform,23131241,2,bench/results/raw/energy/measurements/20260817_174754_gpu_float_gt_q23_k131072_max_uniform_s23131241_rep2_gpu.txt,1.40715,30.623683,21.76292,14.716208,9.915778,7.046712,0,"rapl:package+core,nvml:board-integrated",15.650989,1.519701,0.690907,0.074421,5.48345787934,0.424506084432,19.309093,0.868824
gpu,gpu,float,gt,max,131072,8388608,uniform,23131241,3,bench/results/raw/energy/measurements/20260817_174754_gpu_float_gt_q23_k131072_max_uniform_s23131241_rep3_gpu.txt,1.41447,31.172202,22.03808,14.716208,10.356568,7.321872,0,"rapl:package+core,nvml:board-integrated",15.359269,1.809762,0.681749,0.068578,5.32650891221,0.800553887776,19.416493,0.859861
gpu,gpu,float,gt,max,256,8388608,uniform,23000425,1,bench/results/raw/energy/measurements/20260817_174754_gpu_float_gt_q23_k256_max_uniform_s23000425_rep1_gpu.txt,0.863512,22.860245,26.473583,14.716208,10.15263,11.757375,0,"rapl:package+core,nvml:board-integrated",5.7306,1.389312,0.198369,0.040986,2.81136053525,0.786153498912,11.265363,0.388254
gpu,gpu,float,gt,max,256,8388608,uniform,23000425,2,bench/results/raw/energy/measurements/20260817_174754_gpu_float_gt_q23_k256_max_uniform_s23000425_rep2_gpu.txt,0.852931,21.644952,25.377135,14.716208,9.093038,10.660927,0,"rapl:package+core,nvml:board-integrated",6.495198,1.906378,0.23234,0.071935,3.07603423328,0.84776757752,11.482204,0.412353
gpu,gpu,float,gt,max,256,8388608,uniform,23000425,3,bench/results/raw/energy/measurements/20260817_174754_gpu_float_gt_q23_k256_max_uniform_s23000425_rep3_gpu.txt,0.86215,20.91628,24.260606,14.716208,8.228702,9.544398,0,"rapl:package+core,nvml:board-integrated",6.217218,1.951915,0.230775,0.066884,2.8210850988,0.967636144128,11.11207,0.422535
gpu,gpu,float,gt,max,4096,8388608,uniform,23004265,1,bench/results/raw/energy/measurements/20260817_174754_gpu_float_gt_q23_k4096_max_uniform_s23004265_rep1_gpu.txt,0.844796,21.343054,25.26416,14.716208,8.910864,10.547952,0,"rapl:package+core,nvml:board-integrated",5.734526,1.127929,0.207323,0.041079,2.68351760882,0.523401891568,10.794404,0.39304
gpu,gpu,float,gt,max,4096,8388608,uniform,23004265,2,bench/results/raw/energy/measurements/20260817_174754_gpu_float_gt_q23_k4096_max_uniform_s23004265_rep2_gpu.txt,0.814671,21.149248,25.960483,14.716208,9.160383,11.244275,0,"rapl:package+core,nvml:board-integrated",5.932892,1.179962,0.212118,0.041346,2.81131939146,0.571505664032,11.12628,0.395773
gpu,gpu,float,gt,max,4096,8388608,uniform,23004265,3,bench/results/raw/energy/measurements/20260817_174754_gpu_float_gt_q23_k4096_max_uniform_s23004265_rep3_gpu.txt,0.812807,21.289729,26.192836,14.716208,9.328287,11.476628,0,"rapl:package+core,nvml:board-integrated",6.139172,1.36505,0.211553,0.041308,3.02591404898,0.757152879936,11.297859,0.397275
gpu,gpu,float,gt,max,8,8388608,uniform,23000177,1,bench/results/raw/energy/measurements/20260817_174754_gpu_float_gt_q23_k8_max_uniform_s23000177_rep1_gpu.txt,0.842453,18.624051,22.106919,14.716208,6.22633,7.390711,0,"rapl:package+core,nvml:board-integrated",5.092181,1.294199,0.21308,0.054021,1.95645139936,0.499214727632,9.387816,0.395983
gpu,gpu,float,gt,max,8,8388608,uniform,23000177,2,bench/results/raw/energy/measurements/20260817_174754_gpu_float_gt_q23_k8_max_uniform_s23000177_rep2_gpu.txt,0.806103,21.008971,26.062406,14.716208,9.146199,11.346198,0,"rapl:package+core,nvml:board-integrated",5.52956,1.286636,0.195113,0.041067,2.6582365085,0.682285486064,10.578687,0.371779
gpu,gpu,float,gt,max,8,8388608,uniform,23000177,3,bench/results/raw/energy/measurements/20260817_174754_gpu_float_gt_q23_k8_max_uniform_s23000177_rep3_gpu.txt,0.802409,20.954471,26.114454,14.716208,9.146054,11.398246,0,"rapl:package+core,nvml:board-integrated",5.587128,1.404901,0.195025,0.041394,2.7170995348,0.795738286048,10.808903,0.378703
gpu,gpu,float,gt,max,131072,16777216,uniform,24131244,1,bench/results/raw/energy/measurements/20260817_174754_gpu_float_gt_q24_k131072_max_uniform_s24131244_rep1_gpu.txt,1.784194,50.408757,28.252961,14.716208,24.152191,13.536753,0,"rapl:package+core,nvml:board-integrated",24.251479,2.788416,0.839733,0.091532,11.8937935075,1.44141204934,33.995084,1.182014
gpu,gpu,float,gt,max,131072,16777216,uniform,24131244,2,bench/results/raw/energy/measurements/20260817_174754_gpu_float_gt_q24_k131072_max_uniform_s24131244_rep2_gpu.txt,1.66682,45.860661,27.51386,14.716208,21.331387,12.797652,0,"rapl:package+core,nvml:board-integrated",23.511483,2.678657,0.837212,0.088845,11.1908970679,1.37119550024,31.392958,1.120924
gpu,gpu,float,gt,max,131072,16777216,uniform,24131244,3,bench/results/raw/energy/measurements/20260817_174754_gpu_float_gt_q24_k131072_max_uniform_s24131244_rep3_gpu.txt,1.769922,49.315067,27.862847,14.716208,23.268526,13.146639,0,"rapl:package+core,nvml:board-integrated",23.728454,2.66681,0.834603,0.089681,11.4462626546,1.34704575035,33.166161,1.159962
gpu,gpu,float,gt,max,256,16777216,uniform,24000428,1,bench/results/raw/energy/measurements/20260817_174754_gpu_float_gt_q24_k256_max_uniform_s24000428_rep1_gpu.txt,1.158732,36.275658,31.306349,14.716208,19.223522,16.590141,0,"rapl:package+core,nvml:board-integrated",12.307175,2.831074,0.368925,0.089081,6.8779979636,1.52013947515,22.596982,0.686527
gpu,gpu,float,gt,max,256,16777216,uniform,24000428,2,bench/results/raw/energy/measurements/20260817_174754_gpu_float_gt_q24_k256_max_uniform_s24000428_rep2_gpu.txt,1.226862,39.159971,31.918814,14.716208,21.105219,17.202606,0,"rapl:package+core,nvml:board-integrated",13.007552,3.188758,0.379814,0.089955,7.41813017469,1.86496150936,23.904248,0.705968
gpu,gpu,float,gt,max,256,16777216,uniform,24000428,3,bench/results/raw/energy/measurements/20260817_174754_gpu_float_gt_q24_k256_max_uniform_s24000428_rep3_gpu.txt,1.170668,37.369426,31.921458,14.716208,20.141634,17.20525,0,"rapl:package+core,nvml:board-integrated",13.043792,3.159159,0.380375,0.089251,7.446114382,1.84572271979,23.627561,0.69525
gpu,gpu,float,gt,max,4096,16777216,uniform,24004268,1,bench/results/raw/energy/measurements/20260817_174754_gpu_float_gt_q24_k4096_max_uniform_s24004268_rep1_gpu.txt,1.213918,38.241937,31.502888,14.716208,20.377661,16.78668,0,"rapl:package+core,nvml:board-integrated",13.108217,3.183318,0.390966,0.090436,7.35468002307,1.85244301331,23.073622,0.686367
gpu,gpu,float,gt,max,4096,16777216,uniform,24004268,2,bench/results/raw/energy/measurements/20260817_174754_gpu_float_gt_q24_k4096_max_uniform_s24004268_rep2_gpu.txt,1.211629,38.396991,31.690376,14.716208,20.566401,16.974168,0,"rapl:package+core,nvml:board-integrated",13.65052,3.283561,0.395167,0.093531,7.83516023326,1.90713934955,24.24225,0.714026
gpu,gpu,float,gt,max,4096,16777216,uniform,24004268,3,bench/results/raw/energy/measurements/20260817_174754_gpu_float_gt_q24_k4096_max_uniform_s24004268_rep3_gpu.txt,1.21998,36.500724,29.91911,14.716208,18.547241,15.202902,0,"rapl:package+core,nvml:board-integrated",12.388466,3.026633,0.39165,0.093188,6.6248631368,1.6552590089,22.524314,0.718815
gpu,gpu,float,gt,max,8,16777216,uniform,24000180,1,bench/results/raw/energy/measurements/20260817_174754_gpu_float_gt_q24_k8_max_uniform_s24000180_rep1_gpu.txt,1.207612,30.167807,24.981383,14.716208,12.396344,10.265175,0,"rapl:package+core,nvml:board-integrated",10.144888,2.617871,0.371164,0.090839,4.68276137389,1.28106538149,18.270577,0.684584
gpu,gpu,float,gt,max,8,16777216,uniform,24000180,2,bench/results/raw/energy/measurements/20260817_174754_gpu_float_gt_q24_k8_max_uniform_s24000180_rep2_gpu.txt,1.220193,38.366648,31.4431,14.716208,20.410035,16.726892,0,"rapl:package+core,nvml:board-integrated",12.660975,3.293736,0.376254,0.090829,7.12394287517,1.95707754357,23.280566,0.695027
gpu,gpu,float,gt,max,8,16777216,uniform,24000180,3,bench/results/raw/energy/measurements/20260817_174754_gpu_float_gt_q24_k8_max_uniform_s24000180_rep3_gpu.txt,1.224912,38.265096,31.239059,14.716208,20.239038,16.522851,0,"rapl:package+core,nvml:board-integrated",12.424155,3.067989,0.370395,0.089669,6.97334513784,1.74840134485,23.105111,0.697149
gpu,gpu,float,map_reduce,max,256,65536,uniform,16000404,1,bench/results/raw/energy/measurements/20260817_174754_gpu_float_map_reduce_q16_k256_max_uniform_s16000404_rep1_gpu.txt,0.412769,8.312398,20.138132,14.716208,2.238003,5.421924,0,"rapl:package+core,nvml:board-integrated",0.999638,0.254437,0.045091,0.016276,0.336069465072,0.014915998592,1.036153,0.046339
gpu,gpu,float,map_reduce,max,256,65536,uniform,16000404,2,bench/results/raw/energy/measurements/20260817_174754_gpu_float_map_reduce_q16_k256_max_uniform_s16000404_rep2_gpu.txt,0.444288,9.06344,20.399941,14.716208,2.525212,5.683733,0,"rapl:package+core,nvml:board-integrated",0.859308,0.374092,0.039822,0.015296,0.273279165024,0.148992882432,0.897219,0.041053
gpu,gpu,float,map_reduce,max,256,65536,uniform,16000404,3,bench/results/raw/energy/measurements/20260817_174754_gpu_float_map_reduce_q16_k256_max_uniform_s16000404_rep3_gpu.txt,0.420233,8.67279,20.638062,14.716208,2.488557,5.921854,0,"rapl:package+core,nvml:board-integrated",1.058868,0.366556,0.049428,0.019957,0.331475270976,0.072864636944,1.122666,0.050663
gpu,gpu,float,map_reduce,max,4096,65536,uniform,16004244,1,bench/results/raw/energy/measurements/20260817_174754_gpu_float_map_reduce_q16_k4096_max_uniform_s16004244_rep1_gpu.txt,0.680301,14.680423,21.579307,14.716208,4.668973,6.863099,0,"rapl:package+core,nvml:board-integrated",5.271627,0.694603,0.237933,0.034352,1.77015548194,0.189071822784,5.282811,0.239198
gpu,gpu,float,map_reduce,max,4096,65536,uniform,16004244,2,bench/results/raw/energy/measurements/20260817_174754_gpu_float_map_reduce_q16_k4096_max_uniform_s16004244_rep2_gpu.txt,0.591979,14.232776,24.042713,14.716208,5.521093,9.326505,0,"rapl:package+core,nvml:board-integrated",4.393432,0.17521,0.181052,0.008511,1.72903310918,0.049960353712,4.425707,0.182318
gpu,gpu,float,map_reduce,max,4096,65536,uniform,16004244,3,bench/results/raw/energy/measurements/20260817_174754_gpu_float_map_reduce_q16_k4096_max_uniform_s16004244_rep3_gpu.txt,0.604053,16.124338,26.693581,14.716208,7.234968,11.977373,0,"rapl:package+core,nvml:board-integrated",5.62421,0.243481,0.204094,0.008849,2.62072024445,0.113257275408,5.64635,0.205357
gpu,gpu,float,map_reduce,max,8,65536,uniform,16000156,1,bench/results/raw/energy/measurements/20260817_174754_gpu_float_map_reduce_q16_k8_max_uniform_s16000156_rep1_gpu.txt,0.376242,14.302685,38.014549,14.716208,8.765824,23.298341,0,"rapl:package+core,nvml:board-integrated",0.613556,0.121406,0.013154,0.003491,0.419978999968,0.070031717872,0.613556,0.014411
gpu,gpu,float,map_reduce,max,8,65536,uniform,16000156,2,bench/results/raw/energy/measurements/20260817_174754_gpu_float_map_reduce_q16_k8_max_uniform_s16000156_rep2_gpu.txt,0.426643,11.463341,26.868673,14.716208,5.184769,12.152465,0,"rapl:package+core,nvml:board-integrated",0.370835,0.106246,0.0131,0.003458,0.1780526752,0.055357352736,0.424443,0.014329
gpu,gpu,float,map_reduce,max,8,65536,uniform,16000156,3,bench/results/raw/energy/measurements/20260817_174754_gpu_float_map_reduce_q16_k8_max_uniform_s16000156_rep3_gpu.txt,0.421446,8.65764,20.542723,14.716208,2.455559,5.826515,0,"rapl:package+core,nvml:board-integrated",0.272305,0.077339,0.013139,0.003481,0.078948743088,0.026111879952,0.320523,0.014377
gpu,gpu,float,map_reduce,max,131072,131072,uniform,17131223,1,bench/results/raw/energy/measurements/20260817_174754_gpu_float_map_reduce_q17_k131072_max_uniform_s17131223_rep1_gpu.txt,1.301171,33.519073,25.760697,14.716208,14.370769,11.044489,0,"rapl:package+core,nvml:board-integrated",21.924514,4.028953,0.830465,0.163614,9.70321832328,1.62117534429,21.992131,0.832621
gpu,gpu,float,map_reduce,max,131072,131072,uniform,17131223,2,bench/results/raw/energy/measurements/20260817_174754_gpu_float_map_reduce_q17_k131072_max_uniform_s17131223_rep2_gpu.txt,1.288207,32.68759,25.37448,14.716208,13.730063,10.658272,0,"rapl:package+core,nvml:board-integrated",20.540001,4.107595,0.80292,0.156776,8.72406327264,1.80044677459,20.643563,0.805121
gpu,gpu,float,map_reduce,max,131072,131072,uniform,17131223,3,bench/results/raw/energy/measurements/20260817_174754_gpu_float_map_reduce_q17_k131072_max_uniform_s17131223_rep3_gpu.txt,1.302644,34.554049,26.526078,14.716208,15.384062,11.80987,0,"rapl:package+core,nvml:board-integrated",22.546514,4.320967,0.829605,0.163228,10.3378742622,1.91886980058,22.581482,0.832187
gpu,gpu,float,map_reduce,max,256,131072,uniform,17000407,1,bench/results/raw/energy/measurements/20260817_174754_gpu_float_map_reduce_q17_k256_max_uniform_s17000407_rep1_gpu.txt,0.460102,10.026856,21.792688,14.716208,3.255901,7.07648,0,"rapl:package+core,nvml:board-integrated",1.389961,0.568389,0.061674,0.025399,0.482353587808,0.194612033008,1.440299,0.062926
gpu,gpu,float,map_reduce,max,256,131072,uniform,17000407,2,bench/results/raw/energy/measurements/20260817_174754_gpu_float_map_reduce_q17_k256_max_uniform_s17000407_rep2_gpu.txt,0.430569,9.368833,21.759195,14.716208,3.032491,7.042987,0,"rapl:package+core,nvml:board-integrated",1.46854,0.428797,0.063926,0.025331,0.527791687392,0.056020735152,1.561524,0.065197
gpu,gpu,float,map_reduce,max,256,131072,uniform,17000407,3,bench/results/raw/energy/measurements/20260817_174754_gpu_float_map_reduce_q17_k256_max_uniform_s17000407_rep3_gpu.txt,0.420182,9.227769,21.961351,14.716208,3.04428,7.245143,0,"rapl:package+core,nvml:board-integrated",1.41722,0.566023,0.064095,0.025259,0.47398464824,0.194306302128,1.529246,0.065353
gpu,gpu,float,map_reduce,max,4096,131072,uniform,17004247,1,bench/results/raw/energy/measurements/20260817_174754_gpu_float_map_reduce_q17_k4096_max_uniform_s17004247_rep1_gpu.txt,0.663037,15.220812,22.95621,14.716208,5.463425,8.240002,0,"rapl:package+core,nvml:board-integrated",5.74454,0.504503,0.240249,0.020145,2.20898574421,0.20804498984,5.78978,0.241521
gpu,gpu,float,map_reduce,max,4096,131072,uniform,17004247,2,bench/results/raw/energy/measurements/20260817_174754_gpu_float_map_reduce_q17_k4096_max_uniform_s17004247_rep2_gpu.txt,0.675198,16.68693,24.714117,14.716208,6.750572,9.997909,0,"rapl:package+core,nvml:board-integrated",6.030383,0.260681,0.239357,0.010836,2.50795560174,0.101216170112,6.085256,0.240637
gpu,gpu,float,map_reduce,max,4096,131072,uniform,17004247,3,bench/results/raw/energy/measurements/20260817_174754_gpu_float_map_reduce_q17_k4096_max_uniform_s17004247_rep3_gpu.txt,0.599849,14.56487,24.280915,14.716208,5.737375,9.564707,0,"rapl:package+core,nvml:board-integrated",5.511893,0.248631,0.226652,0.010222,2.17643502438,0.098201921824,5.554312,0.227916
gpu,gpu,float,map_reduce,max,8,131072,uniform,17000159,1,bench/results/raw/energy/measurements/20260817_174754_gpu_float_map_reduce_q17_k8_max_uniform_s17000159_rep1_gpu.txt,0.341344,8.887093,26.035601,14.716208,3.863805,11.319393,0,"rapl:package+core,nvml:board-integrated",0.418406,0.13718,0.014432,0.004421,0.206021686144,0.072119644432,0.469975,0.015656
gpu,gpu,float,map_reduce,max,8,131072,uniform,17000159,2,bench/results/raw/energy/measurements/20260817_174754_gpu_float_map_reduce_q17_k8_max_uniform_s17000159_rep2_gpu.txt,0.363995,8.484439,23.3092,14.716208,3.127809,8.592992,0,"rapl:package+core,nvml:board-integrated",0.325612,0.125222,0.01434,0.00441,0.11458157728,0.06032352272,0.382473,0.015542
gpu,gpu,float,map_reduce,max,8,131072,uniform,17000159,3,bench/results/raw/energy/measurements/20260817_174754_gpu_float_map_reduce_q17_k8_max_uniform_s17000159_rep3_gpu.txt,0.355652,7.662582,21.545163,14.716208,2.428732,6.828955,0,"rapl:package+core,nvml:board-integrated",0.353083,0.090393,0.014409,0.0044,0.141037158928,0.0256416848,0.374368,0.015657
gpu,gpu,float,map_reduce,max,131072,262144,uniform,18131226,1,bench/results/raw/energy/measurements/20260817_174754_gpu_float_map_reduce_q18_k131072_max_uniform_s18131226_rep1_gpu.txt,1.532522,40.25509,26.267215,14.716208,17.702175,11.551007,0,"rapl:package+core,nvml:board-integrated",26.521327,8.131094,0.992103,0.302747,11.9213328946,3.67580617662,26.598883,0.994369
gpu,gpu,float,map_reduce,max,131072,262144,uniform,18131226,2,bench/results/raw/energy/measurements/20260817_174754_gpu_float_map_reduce_q18_k131072_max_uniform_s18131226_rep2_gpu.txt,1.487984,39.511592,26.553771,14.716208,17.614107,11.837563,0,"rapl:package+core,nvml:board-integrated",26.657557,8.321348,0.989085,0.304942,12.1019764103,3.83375810006,26.690133,0.991409
gpu,gpu,float,map_reduce,max,131072,262144,uniform,18131226,3,bench/results/raw/energy/measurements/20260817_174754_gpu_float_map_reduce_q18_k131072_max_uniform_s18131226_rep3_gpu.txt,1.54514,41.026625,26.552047,14.716208,18.288026,11.835839,0,"rapl:package+core,nvml:board-integrated",26.799588,8.220047,1.002736,0.306441,12.0431164549,3.71039750427,26.933623,1.005377
gpu,gpu,float,map_reduce,max,256,262144,uniform,18000410,1,bench/results/raw/energy/measurements/20260817_174754_gpu_float_map_reduce_q18_k256_max_uniform_s18000410_rep1_gpu.txt,0.425066,8.635741,20.316214,14.716208,2.380375,5.600006,0,"rapl:package+core,nvml:board-integrated",1.543649,0.736093,0.072156,0.032449,0.481786295552,0.258566766608,1.580004,0.073398
gpu,gpu,float,map_reduce,max,256,262144,uniform,18000410,2,bench/results/raw/energy/measurements/20260817_174754_gpu_float_map_reduce_q18_k256_max_uniform_s18000410_rep2_gpu.txt,0.436812,9.371299,21.453831,14.716208,2.943077,6.737623,0,"rapl:package+core,nvml:board-integrated",1.69204,0.635687,0.072389,0.032415,0.626748419088,0.15866111768,1.723838,0.073648
gpu,gpu,float,map_reduce,max,256,262144,uniform,18000410,3,bench/results/raw/energy/measurements/20260817_174754_gpu_float_map_reduce_q18_k256_max_uniform_s18000410_rep3_gpu.txt,0.427568,9.684286,22.649688,14.716208,3.392104,7.93348,0,"rapl:package+core,nvml:board-integrated",1.771159,0.792729,0.072381,0.032387,0.705985148752,0.316115171504,1.805765,0.073614
gpu,gpu,float,map_reduce,max,4096,262144,uniform,18004250,1,bench/results/raw/energy/measurements/20260817_174754_gpu_float_map_reduce_q18_k4096_max_uniform_s18004250_rep1_gpu.txt,0.751206,17.540571,23.349891,14.716208,6.485671,8.633683,0,"rapl:package+core,nvml:board-integrated",7.9216,0.780409,0.329054,0.029439,3.07917289277,0.347178552688,7.962939,0.33044
gpu,gpu,float,map_reduce,max,4096,262144,uniform,18004250,2,bench/results/raw/energy/measurements/20260817_174754_gpu_float_map_reduce_q18_k4096_max_uniform_s18004250_rep2_gpu.txt,0.699616,16.668265,23.824879,14.716208,6.372571,9.108671,0,"rapl:package+core,nvml:board-integrated",7.747499,0.462146,0.315543,0.016659,3.10390257906,0.216988690928,7.779333,0.316968
gpu,gpu,float,map_reduce,max,4096,262144,uniform,18004250,3,bench/results/raw/energy/measurements/20260817_174754_gpu_float_map_reduce_q18_k4096_max_uniform_s18004250_rep3_gpu.txt,0.692086,17.206942,24.862452,14.716208,7.022068,10.146244,0,"rapl:package+core,nvml:board-integrated",7.906422,0.375991,0.306316,0.015465,3.39861203027,0.14840484328,7.938601,0.307586
gpu,gpu,float,map_reduce,max,8,262144,uniform,18000162,1,bench/results/raw/energy/measurements/20260817_174754_gpu_float_map_reduce_q18_k8_max_uniform_s18000162_rep1_gpu.txt,0.428273,10.16544,23.735877,14.716208,3.862883,9.019669,0,"rapl:package+core,nvml:board-integrated",0.589536,0.225635,0.02305,0.007714,0.2503274056,0.112114171488,0.645675,0.024295
gpu,gpu,float,map_reduce,max,8,262144,uniform,18000162,2,bench/results/raw/energy/measurements/20260817_174754_gpu_float_map_reduce_q18_k8_max_uniform_s18000162_rep2_gpu.txt,0.43128,9.422765,21.848375,14.716208,3.07596,7.132167,0,"rapl:package+core,nvml:board-integrated",0.509306,0.197476,0.022929,0.007693,0.171878066768,0.084264211856,0.551086,0.024158
gpu,gpu,float,map_reduce,max,8,262144,uniform,18000162,3,bench/results/raw/energy/measurements/20260817_174754_gpu_float_map_reduce_q18_k8_max_uniform_s18000162_rep3_gpu.txt,0.430418,8.753469,20.337133,14.716208,2.419347,5.620925,0,"rapl:package+core,nvml:board-integrated",0.497198,0.105625,0.022056,0.007131,0.172617316352,0.000683720752,0.50765,0.023314
gpu,gpu,float,map_reduce,max,131072,524288,uniform,19131229,1,bench/results/raw/energy/measurements/20260817_174754_gpu_float_map_reduce_q19_k131072_max_uniform_s19131229_rep1_gpu.txt,2.927252,89.846152,30.693006,14.716208,46.768108,15.976798,0,"rapl:package+core,nvml:board-integrated",72.73468,49.336578,2.299929,1.554775,38.8884464508,26.4561857068,72.92211,2.303159
gpu,gpu,float,map_reduce,max,131072,524288,uniform,19131229,2,bench/results/raw/energy/measurements/20260817_174754_gpu_float_map_reduce_q19_k131072_max_uniform_s19131229_rep2_gpu.txt,2.941415,95.839334,32.58273,14.716208,52.552858,17.866522,0,"rapl:package+core,nvml:board-integrated",75.044749,50.725034,2.27167,1.529918,41.6143807726,28.2104424891,75.062677,2.274467
gpu,gpu,float,map_reduce,max,131072,524288,uniform,19131229,3,bench/results/raw/energy/measurements/20260817_174754_gpu_float_map_reduce_q19_k131072_max_uniform_s19131229_rep3_gpu.txt,2.949964,94.818371,32.142218,14.716208,51.406093,17.42601,0,"rapl:package+core,nvml:board-integrated",74.027893,49.904556,2.274336,1.530182,40.5582913621,27.3860794101,74.05676,2.277548
gpu,gpu,float,map_reduce,max,256,524288,uniform,19000413,1,bench/results/raw/energy/measurements/20260817_174754_gpu_float_map_reduce_q19_k256_max_uniform_s19000413_rep1_gpu.txt,0.4528,9.52024,21.025251,14.716208,2.856737,6.309043,0,"rapl:package+core,nvml:board-integrated",1.993691,1.064726,0.091108,0.046928,0.652926721536,0.374123790976,2.076177,0.092379
gpu,gpu,float,map_reduce,max,256,524288,uniform,19000413,2,bench/results/raw/energy/measurements/20260817_174754_gpu_float_map_reduce_q19_k256_max_uniform_s19000413_rep2_gpu.txt,0.448457,10.441167,23.282437,14.716208,3.841584,8.566229,0,"rapl:package+core,nvml:board-integrated",2.196263,1.243997,0.089562,0.047411,0.878249979104,0.546286862512,2.238421,0.090811
gpu,gpu,float,map_reduce,max,256,524288,uniform,19000413,3,bench/results/raw/energy/measurements/20260817_174754_gpu_float_map_reduce_q19_k256_max_uniform_s19000413_rep3_gpu.txt,0.474267,12.074674,25.459642,14.716208,5.095259,10.743434,0,"rapl:package+core,nvml:board-integrated",2.544391,1.251652,0.09186,0.048889,1.19256013312,0.532191307088,2.577394,0.093119
gpu,gpu,float,map_reduce,max,4096,524288,uniform,19004253,1,bench/results/raw/energy/measurements/20260817_174754_gpu_float_map_reduce_q19_k4096_max_uniform_s19004253_rep1_gpu.txt,0.735032,19.256799,26.198584,14.716208,8.439914,11.482376,0,"rapl:package+core,nvml:board-integrated",8.438299,1.402316,0.308971,0.052409,3.89141749803,0.631054254928,8.438299,0.310402
gpu,gpu,float,map_reduce,max,4096,524288,uniform,19004253,2,bench/results/raw/energy/measurements/20260817_174754_gpu_float_map_reduce_q19_k4096_max_uniform_s19004253_rep2_gpu.txt,0.685158,18.187904,26.545571,14.716208,8.10498,11.829363,0,"rapl:package+core,nvml:board-integrated",8.468811,1.372628,0.310248,0.051807,3.90313690042,0.610225412144,8.501707,0.311583
gpu,gpu,float,map_reduce,max,4096,524288,uniform,19004253,3,bench/results/raw/energy/measurements/20260817_174754_gpu_float_map_reduce_q19_k4096_max_uniform_s19004253_rep3_gpu.txt,0.692765,17.743071,25.611963,14.716208,7.548198,10.895755,0,"rapl:package+core,nvml:board-integrated",8.058231,1.298373,0.30139,0.049408,3.62291307088,0.571274595136,8.093338,0.302811
gpu,gpu,float,map_reduce,max,8,524288,uniform,19000165,1,bench/results/raw/energy/measurements/20260817_174754_gpu_float_map_reduce_q19_k8_max_uniform_s19000165_rep1_gpu.txt,0.441859,11.10902,25.14155,14.716208,4.606531,10.425342,0,"rapl:package+core,nvml:board-integrated",0.787889,0.426472,0.028998,0.012382,0.361148400416,0.244255912544,0.825081,0.030236
gpu,gpu,float,map_reduce,max,8,524288,uniform,19000165,2,bench/results/raw/energy/measurements/20260817_174754_gpu_float_map_reduce_q19_k8_max_uniform_s19000165_rep2_gpu.txt,0.434409,9.479486,21.821573,14.716208,3.086634,7.105365,0,"rapl:package+core,nvml:board-integrated",0.661629,0.27087,0.027565,0.011354,0.25597672648,0.103782174368,0.715696,0.028814
gpu,gpu,float,map_reduce,max,8,524288,uniform,19000165,3,bench/results/raw/energy/measurements/20260817_174754_gpu_float_map_reduce_q19_k8_max_uniform_s19000165_rep3_gpu.txt,0.430881,9.020471,20.93497,14.716208,2.679543,6.218762,0,"rapl:package+core,nvml:board-integrated",0.629727,0.29385,0.027777,0.011316,0.220954890384,0.127321390272,0.658371,0.029006
gpu,gpu,float,map_reduce,max,131072,1048576,uniform,20131232,1,bench/results/raw/energy/measurements/20260817_174754_gpu_float_map_reduce_q20_k131072_max_uniform_s20131232_rep1_gpu.txt,12.155416,450.781818,37.084852,14.716208,271.900181,22.368644,0,"rapl:package+core,nvml:board-integrated",404.378866,376.724185,10.694416,9.96247,246.997615705,230.114404286,404.419697,10.697852
gpu,gpu,float,map_reduce,max,131072,1048576,uniform,20131232,2,bench/results/raw/energy/measurements/20260817_174754_gpu_float_map_reduce_q20_k131072_max_uniform_s20131232_rep2_gpu.txt,12.21088,453.984052,37.178653,14.716208,274.286208,22.462445,0,"rapl:package+core,nvml:board-integrated",405.45151,377.852896,10.690886,9.959501,248.12220792,231.286807708,405.554656,10.694086
gpu,gpu,float,map_reduce,max,131072,1048576,uniform,20131232,3,bench/results/raw/energy/measurements/20260817_174754_gpu_float_map_reduce_q20_k131072_max_uniform_s20131232_rep3_gpu.txt,12.162378,454.687721,37.384771,14.716208,275.703635,22.668563,0,"rapl:package+core,nvml:board-integrated",404.879747,377.198503,10.690844,9.959839,247.551063,230.627440629,404.941602,10.694007
gpu,gpu,float,map_reduce,max,256,1048576,uniform,20000416,1,bench/results/raw/energy/measurements/20260817_174754_gpu_float_map_reduce_q20_k256_max_uniform_s20000416_rep1_gpu.txt,0.544082,12.254368,22.523019,14.716208,4.247545,7.806811,0,"rapl:package+core,nvml:board-integrated",2.806296,1.605035,0.121583,0.072089,1.01705528274,0.544158281488,2.819952,0.122822
gpu,gpu,float,map_reduce,max,256,1048576,uniform,20000416,2,bench/results/raw/energy/measurements/20260817_174754_gpu_float_map_reduce_q20_k256_max_uniform_s20000416_rep2_gpu.txt,0.548693,14.142707,25.775256,14.716208,6.068024,11.059048,0,"rapl:package+core,nvml:board-integrated",3.412012,1.935657,0.129704,0.078231,1.50326095757,0.784393331952,3.433282,0.130935
gpu,gpu,float,map_reduce,max,256,1048576,uniform,20000416,3,bench/results/raw/energy/measurements/20260817_174754_gpu_float_map_reduce_q20_k256_max_uniform_s20000416_rep3_gpu.txt,0.556455,15.201242,27.318024,14.716208,7.012339,12.601816,0,"rapl:package+core,nvml:board-integrated",3.814481,2.225631,0.131465,0.078197,1.87981471528,1.07486768302,3.814481,0.132702
gpu,gpu,float,map_reduce,max,4096,1048576,uniform,20004256,1,bench/results/raw/energy/measurements/20260817_174754_gpu_float_map_reduce_q20_k4096_max_uniform_s20004256_rep1_gpu.txt,0.9071,24.716253,27.247552,14.716208,11.367182,12.531344,0,"rapl:package+core,nvml:board-integrated",12.367086,5.356278,0.467455,0.200621,5.48792098936,2.40389763483,12.395801,0.469336
gpu,gpu,float,map_reduce,max,4096,1048576,uniform,20004256,2,bench/results/raw/energy/measurements/20260817_174754_gpu_float_map_reduce_q20_k4096_max_uniform_s20004256_rep2_gpu.txt,0.922011,28.918659,31.364777,14.716208,15.350158,16.648569,0,"rapl:package+core,nvml:board-integrated",15.891736,6.317637,0.479143,0.199685,8.84056795026,3.37903100552,15.967943,0.480772
gpu,gpu,float,map_reduce,max,4096,1048576,uniform,20004256,3,bench/results/raw/energy/measurements/20260817_174754_gpu_float_map_reduce_q20_k4096_max_uniform_s20004256_rep3_gpu.txt,0.902511,27.359255,30.314599,14.716208,14.077718,15.598391,0,"rapl:package+core,nvml:board-integrated",15.231167,6.413326,0.482877,0.20155,8.12504862958,3.4472742776,15.290468,0.484553
gpu,gpu,float,map_reduce,max,8,1048576,uniform,20000168,1,bench/results/raw/energy/measurements/20260817_174754_gpu_float_map_reduce_q20_k8_max_uniform_s20000168_rep1_gpu.txt,0.430391,12.211266,28.372472,14.716208,5.877538,13.656264,0,"rapl:package+core,nvml:board-integrated",1.114157,0.371602,0.036077,0.01157,0.583240363984,0.20133547344,1.208418,0.037306
gpu,gpu,float,map_reduce,max,8,1048576,uniform,20000168,2,bench/results/raw/energy/measurements/20260817_174754_gpu_float_map_reduce_q20_k8_max_uniform_s20000168_rep2_gpu.txt,0.408015,9.844218,24.12707,14.716208,3.839777,9.410862,0,"rapl:package+core,nvml:board-integrated",1.161472,0.538868,0.036918,0.011524,0.618179033056,0.369278419008,1.17763,0.038197
gpu,gpu,float,map_reduce,max,8,1048576,uniform,20000168,3,bench/results/raw/energy/measurements/20260817_174754_gpu_float_map_reduce_q20_k8_max_uniform_s20000168_rep3_gpu.txt,0.448164,9.643328,21.517421,14.716208,3.048057,6.801213,0,"rapl:package+core,nvml:board-integrated",0.868175,0.304729,0.03565,0.011594,0.3435421848,0.134109284448,0.879924,0.036887
gpu,gpu,float,map_reduce,max,131072,2097152,uniform,21131235,1,bench/results/raw/energy/measurements/20260817_174754_gpu_float_map_reduce_q21_k131072_max_uniform_s21131235_rep1_gpu.txt,22.027204,840.346252,38.150382,14.716208,516.189336,23.434174,0,"rapl:package+core,nvml:board-integrated",755.664936,724.666151,19.620342,18.812832,466.927902097,447.812602219,755.751107,19.623677
gpu,gpu,float,map_reduce,max,131072,2097152,uniform,21131235,2,bench/results/raw/energy/measurements/20260817_174754_gpu_float_map_reduce_q21_k131072_max_uniform_s21131235_rep2_gpu.txt,22.032595,845.059185,38.354955,14.716208,520.822939,23.638747,0,"rapl:package+core,nvml:board-integrated",759.624331,728.327633,19.615122,18.811419,470.964115703,451.494878221,759.72601,19.618427
gpu,gpu,float,map_reduce,max,131072,2097152,uniform,21131235,3,bench/results/raw/energy/measurements/20260817_174754_gpu_float_map_reduce_q21_k131072_max_uniform_s21131235_rep3_gpu.txt,22.018621,844.298954,38.34477,14.716208,520.268352,23.628562,0,"rapl:package+core,nvml:board-integrated",760.092593,728.587485,19.618869,18.811331,471.377236071,451.756025247,760.181229,19.622354
gpu,gpu,float,map_reduce,max,256,2097152,uniform,21000419,1,bench/results/raw/energy/measurements/20260817_174754_gpu_float_map_reduce_q21_k256_max_uniform_s21000419_rep1_gpu.txt,0.589864,14.088244,23.883885,14.716208,5.407683,9.167677,0,"rapl:package+core,nvml:board-integrated",4.586124,2.74407,0.188773,0.112057,1.80810126722,1.09501588014,4.586124,0.190045
gpu,gpu,float,map_reduce,max,256,2097152,uniform,21000419,2,bench/results/raw/energy/measurements/20260817_174754_gpu_float_map_reduce_q21_k256_max_uniform_s21000419_rep2_gpu.txt,0.6043,18.147608,30.030779,14.716208,9.254599,15.314571,0,"rapl:package+core,nvml:board-integrated",6.442759,4.189697,0.210772,0.130205,3.34099440742,2.27357313736,6.442759,0.212037
gpu,gpu,float,map_reduce,max,256,2097152,uniform,21000419,3,bench/results/raw/energy/measurements/20260817_174754_gpu_float_map_reduce_q21_k256_max_uniform_s21000419_rep3_gpu.txt,0.589511,18.108677,30.718125,14.716208,9.433309,16.001917,0,"rapl:package+core,nvml:board-integrated",6.381714,4.024366,0.208774,0.130286,3.30935239101,2.10705012451,6.449706,0.210042
gpu,gpu,float,map_reduce,max,4096,2097152,uniform,21004259,1,bench/results/raw/energy/measurements/20260817_174754_gpu_float_map_reduce_q21_k4096_max_uniform_s21004259_rep1_gpu.txt,1.187423,38.269954,32.229414,14.716208,20.795587,17.513206,0,"rapl:package+core,nvml:board-integrated",23.907887,12.328796,0.725544,0.378153,13.2306305828,6.76381779618,23.927661,0.727283
gpu,gpu,float,map_reduce,max,4096,2097152,uniform,21004259,2,bench/results/raw/energy/measurements/20260817_174754_gpu_float_map_reduce_q21_k4096_max_uniform_s21004259_rep2_gpu.txt,1.14571,38.4054,33.521062,14.716208,21.5449,18.804854,0,"rapl:package+core,nvml:board-integrated",23.830767,12.296872,0.706129,0.363533,13.4392257612,6.94704475714,23.933435,0.707771
gpu,gpu,float,map_reduce,max,4096,2097152,uniform,21004259,3,bench/results/raw/energy/measurements/20260817_174754_gpu_float_map_reduce_q21_k4096_max_uniform_s21004259_rep3_gpu.txt,1.155685,40.042245,34.64807,14.716208,23.034949,19.931862,0,"rapl:package+core,nvml:board-integrated",24.961769,12.666781,0.705967,0.36404,14.5726117869,7.30949263968,24.983268,0.707611
gpu,gpu,float,map_reduce,max,8,2097152,uniform,21000171,1,bench/results/raw/energy/measurements/20260817_174754_gpu_float_map_reduce_q21_k8_max_uniform_s21000171_rep1_gpu.txt,0.432797,13.862723,32.03053,14.716208,7.49359,17.314322,0,"rapl:package+core,nvml:board-integrated",2.095193,0.444083,0.05774,0.014012,1.24547915008,0.237879493504,2.119195,0.058983
gpu,gpu,float,map_reduce,max,8,2097152,uniform,21000171,2,bench/results/raw/energy/measurements/20260817_174754_gpu_float_map_reduce_q21_k8_max_uniform_s21000171_rep2_gpu.txt,0.43083,10.87109,25.232928,14.716208,4.530913,10.51672,0,"rapl:package+core,nvml:board-integrated",1.567498,0.211189,0.054171,0.012458,0.770306296432,0.027854480736,1.605591,0.055419
gpu,gpu,float,map_reduce,max,8,2097152,uniform,21000171,3,bench/results/raw/energy/measurements/20260817_174754_gpu_float_map_reduce_q21_k8_max_uniform_s21000171_rep3_gpu.txt,0.408419,9.478577,23.207964,14.716208,3.468196,8.491756,0,"rapl:package+core,nvml:board-integrated",1.45604,0.146019,0.053928,0.012445,0.662424334976,0,1.469589,0.055164
gpu,gpu,float,map_reduce,max,131072,4194304,uniform,22131238,1,bench/results/raw/energy/measurements/20260817_174754_gpu_float_map_reduce_q22_k131072_max_uniform_s22131238_rep1_gpu.txt,32.790116,1279.339641,39.016014,14.716208,796.793473,24.299806,0,"rapl:package+core,nvml:board-integrated",1152.871609,1120.774057,29.447446,28.621532,719.516868595,699.573638809,1153.146449,29.451274
gpu,gpu,float,map_reduce,max,131072,4194304,uniform,22131238,2,bench/results/raw/energy/measurements/20260817_174754_gpu_float_map_reduce_q22_k131072_max_uniform_s22131238_rep2_gpu.txt,32.844106,1277.236271,38.887838,14.716208,793.895573,24.17163,0,"rapl:package+core,nvml:board-integrated",1154.471466,1122.209346,29.44817,28.617729,721.106071061,701.064893548,1154.498977,29.451312
gpu,gpu,float,map_reduce,max,131072,4194304,uniform,22131238,3,bench/results/raw/energy/measurements/20260817_174754_gpu_float_map_reduce_q22_k131072_max_uniform_s22131238_rep3_gpu.txt,32.944254,1284.571917,38.992291,14.716208,799.757427,24.276083,0,"rapl:package+core,nvml:board-integrated",1158.690425,1126.027606,29.486299,28.650602,724.763915766,704.399387643,1158.769935,29.489872
gpu,gpu,float,map_reduce,max,256,4194304,uniform,22000422,1,bench/results/raw/energy/measurements/20260817_174754_gpu_float_map_reduce_q22_k256_max_uniform_s22000422_rep1_gpu.txt,0.800657,22.27788,27.824515,14.716208,10.495252,13.108307,0,"rapl:package+core,nvml:board-integrated",9.707207,6.788531,0.356206,0.249289,4.46520541315,3.11994222389,9.727576,0.357547
gpu,gpu,float,map_reduce,max,256,4194304,uniform,22000422,2,bench/results/raw/energy/measurements/20260817_174754_gpu_float_map_reduce_q22_k256_max_uniform_s22000422_rep2_gpu.txt,0.793225,27.777642,35.018625,14.716208,16.104381,20.302417,0,"rapl:package+core,nvml:board-integrated",13.016741,9.036186,0.360778,0.249195,7.70745691018,5.36898054744,13.026918,0.362108
gpu,gpu,float,map_reduce,max,256,4194304,uniform,22000422,3,bench/results/raw/energy/measurements/20260817_174754_gpu_float_map_reduce_q22_k256_max_uniform_s22000422_rep3_gpu.txt,0.712459,24.209167,33.979718,14.716208,13.724467,19.26351,0,"rapl:package+core,nvml:board-integrated",9.831867,5.782174,0.285994,0.171489,5.62311980925,3.25850620629,9.917504,0.287265
gpu,gpu,float,map_reduce,max,4096,4194304,uniform,22004262,1,bench/results/raw/energy/measurements/20260817_174754_gpu_float_map_reduce_q22_k4096_max_uniform_s22004262_rep1_gpu.txt,1.417721,49.001803,34.563795,14.716208,28.138332,19.847587,0,"rapl:package+core,nvml:board-integrated",33.332646,19.680849,0.956499,0.563519,19.2566077642,11.387986184,33.393461,0.958483
gpu,gpu,float,map_reduce,max,4096,4194304,uniform,22004262,2,bench/results/raw/energy/measurements/20260817_174754_gpu_float_map_reduce_q22_k4096_max_uniform_s22004262_rep2_gpu.txt,1.392102,53.123527,38.16067,14.716208,32.637071,23.444462,0,"rapl:package+core,nvml:board-integrated",35.78152,21.353371,0.935454,0.556046,22.0151843616,13.1704824064,35.853258,0.93747
gpu,gpu,float,map_reduce,max,4096,4194304,uniform,22004262,3,bench/results/raw/energy/measurements/20260817_174754_gpu_float_map_reduce_q22_k4096_max_uniform_s22004262_rep3_gpu.txt,1.381792,53.767869,38.911693,14.716208,33.433129,24.195485,0,"rapl:package+core,nvml:board-integrated",36.307658,21.507595,0.934116,0.556149,22.5610126479,13.323190637,36.31753,0.935795
gpu,gpu,float,map_reduce,max,8,4194304,uniform,22000174,1,bench/results/raw/energy/measurements/20260817_174754_gpu_float_map_reduce_q22_k8_max_uniform_s22000174_rep1_gpu.txt,0.471163,15.217376,32.297508,14.716208,8.28365,17.5813,0,"rapl:package+core,nvml:board-integrated",3.239662,0.575199,0.08631,0.01508,1.96950608752,0.35327858336,3.265692,0.087574
gpu,gpu,float,map_reduce,max,8,4194304,uniform,22000174,2,bench/results/raw/energy/measurements/20260817_174754_gpu_float_map_reduce_q22_k8_max_uniform_s22000174_rep2_gpu.txt,0.468004,12.440139,26.581239,14.716208,5.552888,11.865031,0,"rapl:package+core,nvml:board-integrated",2.829633,0.391948,0.091486,0.015409,1.48330599491,0.165185950928,2.869061,0.092759
gpu,gpu,float,map_reduce,max,8,4194304,uniform,22000174,3,bench/results/raw/energy/measurements/20260817_174754_gpu_float_map_reduce_q22_k8_max_uniform_s22000174_rep3_gpu.txt,0.476121,11.746517,24.671276,14.716208,4.739819,9.955068,0,"rapl:package+core,nvml:board-integrated",2.606787,0.385413,0.088594,0.014845,1.30301926845,0.16695089224,2.632482,0.089871
gpu,gpu,float,map_reduce,max,131072,8388608,uniform,23131241,1,bench/results/raw/energy/measurements/20260817_174754_gpu_float_map_reduce_q23_k131072_max_uniform_s23131241_rep1_gpu.txt,47.472119,1886.210983,39.733027,14.716208,1187.601411,25.016819,0,"rapl:package+core,nvml:board-integrated",1703.445202,1670.14411,42.764686,41.926252,1074.11118777,1053.14866491,1703.614974,42.768258
gpu,gpu,float,map_reduce,max,131072,8388608,uniform,23131241,2,bench/results/raw/energy/measurements/20260817_174754_gpu_float_map_reduce_q23_k131072_max_uniform_s23131241_rep2_gpu.txt,47.541142,1873.737971,39.412978,14.716208,1174.112633,24.69677,0,"rapl:package+core,nvml:board-integrated",1695.041814,1661.509467,42.769872,41.927839,1065.63148151,1044.49066729,1695.257112,42.77391
gpu,gpu,float,map_reduce,max,131072,8388608,uniform,23131241,3,bench/results/raw/energy/measurements/20260817_174754_gpu_float_map_reduce_q23_k131072_max_uniform_s23131241_rep3_gpu.txt,47.496537,1872.313898,39.420009,14.716208,1173.344981,24.703801,0,"rapl:package+core,nvml:board-integrated",1693.960281,1660.634758,42.762599,41.924244,1064.6569795,1043.66886305,1694.116967,42.765982
gpu,gpu,float,map_reduce,max,256,8388608,uniform,23000425,1,bench/results/raw/energy/measurements/20260817_174754_gpu_float_map_reduce_q23_k256_max_uniform_s23000425_rep1_gpu.txt,1.16539,42.059939,36.09087,14.716208,24.909818,21.374662,0,"rapl:package+core,nvml:board-integrated",23.310347,16.991175,0.664286,0.48346,13.5345760525,9.87647708032,23.325009,0.665675
gpu,gpu,float,map_reduce,max,256,8388608,uniform,23000425,2,bench/results/raw/energy/measurements/20260817_174754_gpu_float_map_reduce_q23_k256_max_uniform_s23000425_rep2_gpu.txt,1.133871,54.901068,48.419145,14.716208,38.214786,33.702937,0,"rapl:package+core,nvml:board-integrated",33.204435,24.553063,0.671724,0.486994,23.3192048974,17.3863580012,33.297639,0.673178
gpu,gpu,float,map_reduce,max,256,8388608,uniform,23000425,3,bench/results/raw/energy/measurements/20260817_174754_gpu_float_map_reduce_q23_k256_max_uniform_s23000425_rep3_gpu.txt,1.164362,56.120189,48.198213,14.716208,38.985189,33.482005,0,"rapl:package+core,nvml:board-integrated",33.477527,24.454149,0.675131,0.494969,23.5421587768,17.1700822424,33.48839,0.676701
gpu,gpu,float,map_reduce,max,4096,8388608,uniform,23004265,1,bench/results/raw/energy/measurements/20260817_174754_gpu_float_map_reduce_q23_k4096_max_uniform_s23004265_rep1_gpu.txt,1.875354,80.751789,43.059495,14.716208,53.153692,28.343287,0,"rapl:package+core,nvml:board-integrated",55.625966,36.928669,1.329251,0.874662,36.0644317998,24.0569610783,55.714514,1.331051
gpu,gpu,float,map_reduce,max,4096,8388608,uniform,23004265,2,bench/results/raw/energy/measurements/20260817_174754_gpu_float_map_reduce_q23_k4096_max_uniform_s23004265_rep2_gpu.txt,1.91794,77.817455,40.573448,14.716208,49.592646,25.85724,0,"rapl:package+core,nvml:board-integrated",53.806231,35.341815,1.329633,0.874402,34.2390752083,22.4739332924,53.90688,1.331988
gpu,gpu,float,map_reduce,max,4096,8388608,uniform,23004265,3,bench/results/raw/energy/measurements/20260817_174754_gpu_float_map_reduce_q23_k4096_max_uniform_s23004265_rep3_gpu.txt,1.86275,74.93547,40.228408,14.716208,47.522852,25.5122,0,"rapl:package+core,nvml:board-integrated",53.354917,35.410084,1.334052,0.875005,33.7227302852,22.533328419,53.364773,1.335896
gpu,gpu,float,map_reduce,max,8,8388608,uniform,23000177,1,bench/results/raw/energy/measurements/20260817_174754_gpu_float_map_reduce_q23_k8_max_uniform_s23000177_rep1_gpu.txt,0.562147,18.871471,33.57037,14.716208,10.598804,18.854162,0,"rapl:package+core,nvml:board-integrated",6.086047,0.62761,0.158275,0.019534,3.7568391788,0.340143592928,6.192699,0.159545
gpu,gpu,float,map_reduce,max,8,8388608,uniform,23000177,2,bench/results/raw/energy/measurements/20260817_174754_gpu_float_map_reduce_q23_k8_max_uniform_s23000177_rep2_gpu.txt,0.54586,14.679894,26.893158,14.716208,6.646908,12.17695,0,"rapl:package+core,nvml:board-integrated",4.807438,0.531671,0.154773,0.018783,2.52976633922,0.255256465136,4.807438,0.15602
gpu,gpu,float,map_reduce,max,8,8388608,uniform,23000177,3,bench/results/raw/energy/measurements/20260817_174754_gpu_float_map_reduce_q23_k8_max_uniform_s23000177_rep3_gpu.txt,0.517555,15.667828,30.272778,14.716208,8.051381,15.55657,0,"rapl:package+core,nvml:board-integrated",5.366421,0.876901,0.155783,0.019833,3.07388596914,0.585034446736,5.399272,0.157041
gpu,gpu,float,map_reduce,max,131072,16777216,uniform,24131244,1,bench/results/raw/energy/measurements/20260817_174754_gpu_float_map_reduce_q24_k131072_max_uniform_s24131244_rep1_gpu.txt,67.274865,2682.75005,39.87745,14.716208,1692.719142,25.161242,0,"rapl:package+core,nvml:board-integrated",2424.194922,2382.343027,60.740091,59.701639,1530.33110891,1503.76128954,2424.242512,60.743475
gpu,gpu,float,map_reduce,max,131072,16777216,uniform,24131244,2,bench/results/raw/energy/measurements/20260817_174754_gpu_float_map_reduce_q24_k131072_max_uniform_s24131244_rep2_gpu.txt,67.300129,2668.536984,39.651291,14.716208,1678.134281,24.935083,0,"rapl:package+core,nvml:board-integrated",2418.514661,2376.847249,60.735524,59.698428,1524.71805683,1498.31276528,2418.693306,60.738609
gpu,gpu,float,map_reduce,max,131072,16777216,uniform,24131244,3,bench/results/raw/energy/measurements/20260817_174754_gpu_float_map_reduce_q24_k131072_max_uniform_s24131244_rep3_gpu.txt,67.29325,2673.94979,39.73578,14.716208,1683.648322,25.019572,0,"rapl:package+core,nvml:board-integrated",2421.576968,2379.618384,60.741564,59.699534,1527.69147793,1501.06762415,2421.646604,60.74486
gpu,gpu,float,map_reduce,max,256,16777216,uniform,24000428,1,bench/results/raw/energy/measurements/20260817_174754_gpu_float_map_reduce_q24_k256_max_uniform_s24000428_rep1_gpu.txt,1.33939,54.905344,40.992797,14.716208,35.194602,26.276589,0,"rapl:package+core,nvml:board-integrated",34.348259,21.676745,0.827243,0.52631,22.1743789455,13.9314575675,34.428179,0.828697
gpu,gpu,float,map_reduce,max,256,16777216,uniform,24000428,2,bench/results/raw/energy/measurements/20260817_174754_gpu_float_map_reduce_q24_k256_max_uniform_s24000428_rep2_gpu.txt,1.305431,59.024366,45.21447,14.716208,39.813373,30.498262,0,"rapl:package+core,nvml:board-integrated",35.253923,22.241833,0.77966,0.485081,23.7802842707,15.1032801072,35.477477,0.781181
gpu,gpu,float,map_reduce,max,256,16777216,uniform,24000428,3,bench/results/raw/energy/measurements/20260817_174754_gpu_float_map_reduce_q24_k256_max_uniform_s24000428_rep3_gpu.txt,1.102926,48.208628,43.709748,14.716208,31.977736,28.99354,0,"rapl:package+core,nvml:board-integrated",27.346937,14.877427,0.620411,0.342441,18.2168396785,9.83799401627,27.369305,0.621798
gpu,gpu,float,map_reduce,max,4096,16777216,uniform,24004268,1,bench/results/raw/energy/measurements/20260817_174754_gpu_float_map_reduce_q24_k4096_max_uniform_s24004268_rep1_gpu.txt,2.461716,115.518059,46.925823,14.716208,79.290931,32.209615,0,"rapl:package+core,nvml:board-integrated",88.12626,64.679941,1.867458,1.369619,60.6443596407,44.5243429152,88.155738,1.870174
gpu,gpu,float,map_reduce,max,4096,16777216,uniform,24004268,2,bench/results/raw/energy/measurements/20260817_174754_gpu_float_map_reduce_q24_k4096_max_uniform_s24004268_rep2_gpu.txt,2.48117,112.85678,45.485308,14.716208,76.343367,30.7691,0,"rapl:package+core,nvml:board-integrated",84.281646,61.996509,1.835182,1.352947,57.2747259701,42.086259535,84.540368,1.837952
gpu,gpu,float,map_reduce,max,4096,16777216,uniform,24004268,3,bench/results/raw/energy/measurements/20260817_174754_gpu_float_map_reduce_q24_k4096_max_uniform_s24004268_rep3_gpu.txt,2.482768,110.30522,44.428331,14.716208,73.768296,29.712123,0,"rapl:package+core,nvml:board-integrated",82.60787,60.759621,1.832468,1.350126,55.6408897587,40.8908859578,82.618932,1.834513
gpu,gpu,float,map_reduce,max,8,16777216,uniform,24000180,1,bench/results/raw/energy/measurements/20260817_174754_gpu_float_map_reduce_q24_k8_max_uniform_s24000180_rep1_gpu.txt,0.731523,25.479282,34.830446,14.716208,14.714033,20.114238,0,"rapl:package+core,nvml:board-integrated",11.229607,1.019412,0.2946,0.023914,6.8942121232,0.667488601888,11.246284,0.29588
gpu,gpu,float,map_reduce,max,8,16777216,uniform,24000180,2,bench/results/raw/energy/measurements/20260817_174754_gpu_float_map_reduce_q24_k8_max_uniform_s24000180_rep2_gpu.txt,0.733471,25.434551,34.676951,14.716208,14.640634,19.960743,0,"rapl:package+core,nvml:board-integrated",10.356159,0.850727,0.287133,0.02318,6.13065004834,0.50960529856,10.466154,0.288417
gpu,gpu,float,map_reduce,max,8,16777216,uniform,24000180,3,bench/results/raw/energy/measurements/20260817_174754_gpu_float_map_reduce_q24_k8_max_uniform_s24000180_rep3_gpu.txt,0.724377,28.600344,39.482696,14.716208,17.940266,24.766488,0,"rapl:package+core,nvml:board-integrated",12.635553,1.235458,0.288411,0.023475,8.39123673451,0.8899950172,12.669425,0.289714
rapl,npu,float,bitonic,max,256,65536,uniform,16000404,1,bench/results/raw/energy/measurements/20260817_174754_npu_float_bitonic_q16_k256_max_uniform_s16000404_rep1_rapl.txt,0.181576,1.671727,9.206773,4.871461,0.787188,4.335312,0,rapl:package+core,0.359769,0.297714,0.033051,0.028888,0.198762342489,0.156987234632,0.359769,0.034771
rapl,npu,float,bitonic,max,256,65536,uniform,16000404,2,bench/results/raw/energy/measurements/20260817_174754_npu_float_bitonic_q16_k256_max_uniform_s16000404_rep2_rapl.txt,0.181366,1.675832,9.240058,4.871461,0.792315,4.368597,0,rapl:package+core,0.337767,0.288193,0.033284,0.029019,0.175625292076,0.146828073241,0.362591,0.03497
rapl,npu,float,bitonic,max,256,65536,uniform,16000404,3,bench/results/raw/energy/measurements/20260817_174754_npu_float_bitonic_q16_k256_max_uniform_s16000404_rep3_rapl.txt,0.186629,1.717761,9.204157,4.871461,0.808606,4.332696,0,rapl:package+core,0.362576,0.312545,0.034129,0.029818,0.196317907531,0.167287775902,0.375057,0.035814
rapl,npu,float,bitonic,max,4096,65536,uniform,16004244,1,bench/results/raw/energy/measurements/20260817_174754_npu_float_bitonic_q16_k4096_max_uniform_s16004244_rep1_rapl.txt,0.208143,1.90223,9.139043,4.871461,0.888268,4.267582,0,rapl:package+core,0.563661,0.482106,0.058729,0.054255,0.277564966931,0.217804883445,0.586731,0.060471
rapl,npu,float,bitonic,max,4096,65536,uniform,16004244,2,bench/results/raw/energy/measurements/20260817_174754_npu_float_bitonic_q16_k4096_max_uniform_s16004244_rep2_rapl.txt,0.210726,2.258306,10.7168,4.871461,1.231764,5.845339,0,rapl:package+core,0.57605,0.472387,0.058559,0.053845,0.290782115301,0.210083182455,0.587418,0.060244
rapl,npu,float,bitonic,max,4096,65536,uniform,16004244,3,bench/results/raw/energy/measurements/20260817_174754_npu_float_bitonic_q16_k4096_max_uniform_s16004244_rep3_rapl.txt,0.208202,1.914345,9.194657,4.871461,0.900098,4.323196,0,rapl:package+core,0.576874,0.576874,0.058528,0.054016,0.291757130592,0.313737162624,0.576874,0.06021
rapl,npu,float,bitonic,max,8,65536,uniform,16000156,1,bench/results/raw/energy/measurements/20260817_174754_npu_float_bitonic_q16_k8_max_uniform_s16000156_rep1_rapl.txt,0.287989,1.814314,6.299939,4.871461,0.411386,1.428478,0,rapl:package+core,0.323942,0.311186,0.031947,0.027759,0.168313435433,0.175959114101,0.349347,0.033614
rapl,npu,float,bitonic,max,8,65536,uniform,16000156,2,bench/results/raw/energy/measurements/20260817_174754_npu_float_bitonic_q16_k8_max_uniform_s16000156_rep2_rapl.txt,0.183046,1.684956,9.205091,4.871461,0.793254,4.33363,0,rapl:package+core,0.359509,0.308715,0.03222,0.028001,0.20255052658,0.172309220539,0.371365,0.03393
rapl,npu,float,bitonic,max,8,65536,uniform,16000156,3,bench/results/raw/energy/measurements/20260817_174754_npu_float_bitonic_q16_k8_max_uniform_s16000156_rep3_rapl.txt,0.180668,1.662969,9.204576,4.871461,0.782854,4.333115,0,rapl:package+core,0.336836,0.274707,0.032495,0.028045,0.178537874805,0.138086876255,0.361523,0.034209
rapl,npu,float,bitonic,max,131072,131072,uniform,17131223,1,bench/results/raw/energy/measurements/20260817_174754_npu_float_bitonic_q17_k131072_max_uniform_s17131223_rep1_rapl.txt,0.597442,5.182105,8.673826,4.871461,2.271691,3.802365,0,rapl:package+core,3.175663,3.09899,0.37139,0.364465,1.36645109921,1.32351296664,3.264495,0.382362
rapl,npu,float,bitonic,max,131072,131072,uniform,17131223,2,bench/results/raw/energy/measurements/20260817_174754_npu_float_bitonic_q17_k131072_max_uniform_s17131223_rep2_rapl.txt,0.596356,5.168663,8.667078,4.871461,2.263538,3.795617,0,rapl:package+core,3.071817,3.023709,0.362399,0.357093,1.30640440506,1.28414437713,3.148076,0.373156
rapl,npu,float,bitonic,max,131072,131072,uniform,17131223,3,bench/results/raw/energy/measurements/20260817_174754_npu_float_bitonic_q17_k131072_max_uniform_s17131223_rep3_rapl.txt,0.59124,5.127176,8.671897,4.871461,2.246971,3.800436,0,rapl:package+core,3.095176,3.054087,0.365532,0.360008,1.31450111775,1.30032206831,3.202501,0.376726
rapl,npu,float,bitonic,max,256,131072,uniform,17000407,1,bench/results/raw/energy/measurements/20260817_174754_npu_float_bitonic_q17_k256_max_uniform_s17000407_rep1_rapl.txt,0.188837,1.725603,9.138042,4.871461,0.80569,4.266581,0,rapl:package+core,0.369854,0.320265,0.034917,0.030282,0.199757196263,0.172747417998,0.382198,0.037066
rapl,npu,float,bitonic,max,256,131072,uniform,17000407,2,bench/results/raw/energy/measurements/20260817_174754_npu_float_bitonic_q17_k256_max_uniform_s17000407_rep2_rapl.txt,0.189874,1.735704,9.141327,4.871461,0.810738,4.269866,0,rapl:package+core,0.384365,0.321516,0.034967,0.03032,0.214024623213,0.17381330248,0.384365,0.037123
rapl,npu,float,bitonic,max,256,131072,uniform,17000407,3,bench/results/raw/energy/measurements/20260817_174754_npu_float_bitonic_q17_k256_max_uniform_s17000407_rep3_rapl.txt,0.181319,1.694233,9.34396,4.871461,0.810947,4.472499,0,rapl:package+core,0.349071,0.298659,0.035068,0.030413,0.178238605652,0.150503256607,0.386393,0.037226
rapl,npu,float,bitonic,max,4096,131072,uniform,17004247,1,bench/results/raw/energy/measurements/20260817_174754_npu_float_bitonic_q17_k4096_max_uniform_s17004247_rep1_rapl.txt,0.219671,1.992283,9.069404,4.871461,0.922165,4.197943,0,rapl:package+core,0.627485,0.569427,0.06629,0.061416,0.30455585031,0.270241351224,0.650677,0.068504
rapl,npu,float,bitonic,max,4096,131072,uniform,17004247,2,bench/results/raw/energy/measurements/20260817_174754_npu_float_bitonic_q17_k4096_max_uniform_s17004247_rep2_rapl.txt,0.225637,2.181497,9.668172,4.871461,1.082315,4.796711,0,rapl:package+core,0.608902,0.597489,0.065826,0.061011,0.288233208214,0.300276292929,0.668591,0.068023
rapl,npu,float,bitonic,max,4096,131072,uniform,17004247,3,bench/results/raw/energy/measurements/20260817_174754_npu_float_bitonic_q17_k4096_max_uniform_s17004247_rep3_rapl.txt,0.220092,2.012118,9.142156,4.871461,0.939947,4.270695,0,rapl:package+core,0.627682,0.568649,0.065311,0.060869,0.309522010629,0.272128040391,0.651043,0.067474
rapl,npu,float,bitonic,max,8,131072,uniform,17000159,1,bench/results/raw/energy/measurements/20260817_174754_npu_float_bitonic_q17_k8_max_uniform_s17000159_rep1_rapl.txt,0.181162,1.662282,9.175672,4.871461,0.779759,4.304211,0,rapl:package+core,0.315841,0.277742,0.033376,0.029002,0.153251117664,0.136459888078,0.36607,0.03562
rapl,npu,float,bitonic,max,8,131072,uniform,17000159,2,bench/results/raw/energy/measurements/20260817_174754_npu_float_bitonic_q17_k8_max_uniform_s17000159_rep2_rapl.txt,0.18806,1.714343,9.115946,4.871461,0.798217,4.244485,0,rapl:package+core,0.359616,0.297838,0.034634,0.030071,0.190897819726,0.151348296269,0.384395,0.0368
rapl,npu,float,bitonic,max,8,131072,uniform,17000159,3,bench/results/raw/energy/measurements/20260817_174754_npu_float_bitonic_q17_k8_max_uniform_s17000159_rep3_rapl.txt,0.182398,1.692479,9.279064,4.871461,0.803936,4.407603,0,rapl:package+core,0.373165,0.347837,0.034047,0.029322,0.207306367333,0.204996020558,0.373165,0.036261
rapl,npu,float,bitonic,max,131072,262144,uniform,18131226,1,bench/results/raw/energy/measurements/20260817_174754_npu_float_bitonic_q18_k131072_max_uniform_s18131226_rep1_rapl.txt,0.876731,7.495126,8.548944,4.871461,3.224164,3.677483,0,rapl:package+core,5.298509,5.250126,0.624302,0.616962,2.25724615478,2.24461967852,5.317672,0.628039
rapl,npu,float,bitonic,max,131072,262144,uniform,18131226,2,bench/results/raw/energy/measurements/20260817_174754_npu_float_bitonic_q18_k131072_max_uniform_s18131226_rep2_rapl.txt,0.872972,7.350603,8.420207,4.871461,3.097955,3.548746,0,rapl:package+core,5.205816,5.187324,0.624726,0.61648,2.16248765531,2.18416572272,5.215169,0.628589
rapl,npu,float,bitonic,max,131072,262144,uniform,18131226,3,bench/results/raw/energy/measurements/20260817_174754_npu_float_bitonic_q18_k131072_max_uniform_s18131226_rep3_rapl.txt,0.875001,7.396774,8.453447,4.871461,3.134241,3.581986,0,rapl:package+core,5.140802,5.094571,0.623385,0.615713,2.10400628452,2.09514913331,5.168754,0.627083
rapl,npu,float,bitonic,max,256,262144,uniform,18000410,1,bench/results/raw/energy/measurements/20260817_174754_npu_float_bitonic_q18_k256_max_uniform_s18000410_rep1_rapl.txt,0.193235,1.806928,9.350939,4.871461,0.865592,4.479478,0,rapl:package+core,0.414651,0.364665,0.038295,0.033608,0.228098401005,0.200944938712,0.439919,0.041214
rapl,npu,float,bitonic,max,256,262144,uniform,18000410,2,bench/results/raw/energy/measurements/20260817_174754_npu_float_bitonic_q18_k256_max_uniform_s18000410_rep2_rapl.txt,0.194254,1.811811,9.327001,4.871461,0.865508,4.45554,0,rapl:package+core,0.434502,0.409189,0.037804,0.033054,0.250341288356,0.248167728106,0.434502,0.040813
rapl,npu,float,bitonic,max,256,262144,uniform,18000410,3,bench/results/raw/energy/measurements/20260817_174754_npu_float_bitonic_q18_k256_max_uniform_s18000410_rep3_rapl.txt,0.189809,1.751877,9.229691,4.871461,0.827231,4.35823,0,rapl:package+core,0.368115,0.29236,0.037253,0.032645,0.186638463367,0.133331155655,0.4181,0.040187
rapl,npu,float,bitonic,max,4096,262144,uniform,18004250,1,bench/results/raw/energy/measurements/20260817_174754_npu_float_bitonic_q18_k4096_max_uniform_s18004250_rep1_rapl.txt,0.230609,2.113141,9.163319,4.871461,0.98974,4.291858,0,rapl:package+core,0.729928,0.68458,0.07362,0.068773,0.37129104118,0.349555012647,0.741051,0.076562
rapl,npu,float,bitonic,max,4096,262144,uniform,18004250,2,bench/results/raw/energy/measurements/20260817_174754_npu_float_bitonic_q18_k4096_max_uniform_s18004250_rep2_rapl.txt,0.227738,2.100569,9.223625,4.871461,0.991153,4.352164,0,rapl:package+core,0.748527,0.667415,0.073547,0.069084,0.390245657833,0.330874988276,0.760031,0.076659
rapl,npu,float,bitonic,max,4096,262144,uniform,18004250,3,bench/results/raw/energy/measurements/20260817_174754_npu_float_bitonic_q18_k4096_max_uniform_s18004250_rep3_rapl.txt,0.236231,2.150188,9.102053,4.871461,0.999397,4.230592,0,rapl:package+core,0.73545,0.676753,0.073409,0.068906,0.377840919451,0.341080108334,0.746711,0.076381
rapl,npu,float,bitonic,max,8,262144,uniform,18000162,1,bench/results/raw/energy/measurements/20260817_174754_npu_float_bitonic_q18_k8_max_uniform_s18000162_rep1_rapl.txt,0.189089,1.735704,9.179294,4.871461,0.814564,4.307833,0,rapl:package+core,0.391551,0.315689,0.036071,0.031352,0.215832530269,0.162958954728,0.416558,0.039024
rapl,npu,float,bitonic,max,8,262144,uniform,18000162,2,bench/results/raw/energy/measurements/20260817_174754_npu_float_bitonic_q18_k8_max_uniform_s18000162_rep2_rapl.txt,0.186212,1.89663,10.185336,4.871461,0.989506,5.313875,0,rapl:package+core,0.392054,0.340405,0.035898,0.031215,0.217178293022,0.188342344885,0.431664,0.038848
rapl,npu,float,bitonic,max,8,262144,uniform,18000162,3,bench/results/raw/energy/measurements/20260817_174754_npu_float_bitonic_q18_k8_max_uniform_s18000162_rep3_rapl.txt,0.189495,1.766083,9.319953,4.871461,0.842966,4.448492,0,rapl:package+core,0.366802,0.329802,0.03575,0.031065,0.19264726925,0.178470064035,0.404551,0.038699
rapl,npu,float,bitonic,max,131072,524288,uniform,19131229,1,bench/results/raw/energy/measurements/20260817_174754_npu_float_bitonic_q19_k131072_max_uniform_s19131229_rep1_rapl.txt,1.186294,10.046569,8.468869,4.871461,4.267584,3.597408,0,rapl:package+core,7.558601,7.508357,0.903478,0.895458,3.15734315864,3.14616827586,7.614963,0.908904
rapl,npu,float,bitonic,max,131072,524288,uniform,19131229,2,bench/results/raw/energy/measurements/20260817_174754_npu_float_bitonic_q19_k131072_max_uniform_s19131229_rep2_rapl.txt,1.192975,10.048461,8.423027,4.871461,4.23693,3.551566,0,rapl:package+core,7.557272,7.482098,0.907736,0.899421,3.1352714777,3.10060367592,7.603809,0.913278
rapl,npu,float,bitonic,max,131072,524288,uniform,19131229,3,bench/results/raw/energy/measurements/20260817_174754_npu_float_bitonic_q19_k131072_max_uniform_s19131229_rep3_rapl.txt,1.187517,10.084729,8.492284,4.871461,4.299788,3.620823,0,rapl:package+core,7.463099,7.370392,0.905324,0.896867,3.05284844164,3.00133938731,7.500619,0.91077
rapl,npu,float,bitonic,max,256,524288,uniform,19000413,1,bench/results/raw/energy/measurements/20260817_174754_npu_float_bitonic_q19_k256_max_uniform_s19000413_rep1_rapl.txt,0.201081,1.884943,9.374035,4.871461,0.905383,4.502574,0,rapl:package+core,0.486288,0.393993,0.041786,0.037156,0.282729130654,0.212988995084,0.512745,0.046348
rapl,npu,float,bitonic,max,256,524288,uniform,19000413,2,bench/results/raw/energy/measurements/20260817_174754_npu_float_bitonic_q19_k256_max_uniform_s19000413_rep2_rapl.txt,0.200821,1.891687,9.419782,4.871461,0.913397,4.548321,0,rapl:package+core,0.474478,0.422477,0.042782,0.038024,0.266067155498,0.237244566936,0.526233,0.047346
rapl,npu,float,bitonic,max,256,524288,uniform,19000413,3,bench/results/raw/energy/measurements/20260817_174754_npu_float_bitonic_q19_k256_max_uniform_s19000413_rep3_rapl.txt,0.208917,1.934378,9.259089,4.871461,0.916649,4.387628,0,rapl:package+core,0.479727,0.440926,0.041457,0.036797,0.277770841323,0.261670849583,0.492361,0.045899
rapl,npu,float,bitonic,max,4096,524288,uniform,19004253,1,bench/results/raw/energy/measurements/20260817_174754_npu_float_bitonic_q19_k4096_max_uniform_s19004253_rep1_rapl.txt,0.250726,2.295215,9.154285,4.871461,1.073814,4.282824,0,rapl:package+core,0.773671,0.740179,0.084447,0.079602,0.362290732933,0.352400961478,0.864991,0.088969
rapl,npu,float,bitonic,max,4096,524288,uniform,19004253,2,bench/results/raw/energy/measurements/20260817_174754_npu_float_bitonic_q19_k4096_max_uniform_s19004253_rep2_rapl.txt,0.249549,2.302478,9.226551,4.871461,1.086809,4.35509,0,rapl:package+core,0.772636,0.703227,0.085979,0.080852,0.353792654681,0.309359635228,0.896331,0.09052
rapl,npu,float,bitonic,max,4096,524288,uniform,19004253,3,bench/results/raw/energy/measurements/20260817_174754_npu_float_bitonic_q19_k4096_max_uniform_s19004253_rep3_rapl.txt,0.247958,2.318361,9.349806,4.871461,1.110442,4.478345,0,rapl:package+core,0.792789,0.781559,0.083778,0.079201,0.384667740342,0.395734417339,0.875016,0.088229
rapl,npu,float,bitonic,max,8,524288,uniform,19000165,1,bench/results/raw/energy/measurements/20260817_174754_npu_float_bitonic_q19_k8_max_uniform_s19000165_rep1_rapl.txt,0.195797,1.870509,9.553321,4.871461,0.916693,4.68186,0,rapl:package+core,0.445916,0.390057,0.039884,0.035529,0.251622649476,0.216978862131,0.486654,0.043854
rapl,npu,float,bitonic,max,8,524288,uniform,19000165,2,bench/results/raw/energy/measurements/20260817_174754_npu_float_bitonic_q19_k8_max_uniform_s19000165_rep2_rapl.txt,0.196725,1.8641,9.475681,4.871461,0.905764,4.60422,0,rapl:package+core,0.478461,0.397655,0.039788,0.035451,0.284635309732,0.224956836089,0.491201,0.04432
rapl,npu,float,bitonic,max,8,524288,uniform,19000165,3,bench/results/raw/energy/measurements/20260817_174754_npu_float_bitonic_q19_k8_max_uniform_s19000165_rep3_rapl.txt,0.196493,1.870234,9.518051,4.871461,0.913024,4.64659,0,rapl:package+core,0.427956,0.362225,0.039575,0.035226,0.235167930925,0.190622914814,0.481207,0.044019
rapl,npu,float,bitonic,max,131072,1048576,uniform,20131232,1,bench/results/raw/energy/measurements/20260817_174754_npu_float_bitonic_q20_k131072_max_uniform_s20131232_rep1_rapl.txt,1.509736,12.810282,8.485112,4.871461,5.45566,3.613651,0,rapl:package+core,9.918829,9.8814,1.18748,1.179037,4.13406649172,4.13776723694,9.983615,1.196321
rapl,npu,float,bitonic,max,131072,1048576,uniform,20131232,2,bench/results/raw/energy/measurements/20260817_174754_npu_float_bitonic_q20_k131072_max_uniform_s20131232_rep2_rapl.txt,1.505163,12.553977,8.340607,4.871461,5.221632,3.469146,0,rapl:package+core,9.785902,9.683933,1.184946,1.175829,4.01348377389,3.95592788383,9.841059,1.193823
rapl,npu,float,bitonic,max,131072,1048576,uniform,20131232,3,bench/results/raw/energy/measurements/20260817_174754_npu_float_bitonic_q20_k131072_max_uniform_s20131232_rep3_rapl.txt,1.501692,12.671754,8.438317,4.871461,5.35632,3.566856,0,rapl:package+core,9.941028,9.870477,1.184488,1.176234,4.17084090303,4.14049894213,9.996309,1.193908
rapl,npu,float,bitonic,max,256,1048576,uniform,20000416,1,bench/results/raw/energy/measurements/20260817_174754_npu_float_bitonic_q20_k256_max_uniform_s20000416_rep1_rapl.txt,0.214781,2.070144,9.638392,4.871461,1.023847,4.766931,0,rapl:package+core,0.589599,0.521381,0.050634,0.04616,0.342937443726,0.29651436024,0.659252,0.058282
rapl,npu,float,bitonic,max,256,1048576,uniform,20000416,2,bench/results/raw/energy/measurements/20260817_174754_npu_float_bitonic_q20_k256_max_uniform_s20000416_rep2_rapl.txt,0.217623,2.0968,9.635011,4.871461,1.036658,4.76355,0,rapl:package+core,0.599365,0.531558,0.050806,0.046324,0.351865552434,0.305892440636,0.668804,0.058662
rapl,npu,float,bitonic,max,256,1048576,uniform,20000416,3,bench/results/raw/energy/measurements/20260817_174754_npu_float_bitonic_q20_k256_max_uniform_s20000416_rep3_rapl.txt,0.218139,2.104704,9.648456,4.871461,1.042049,4.776995,0,rapl:package+core,0.581314,0.513248,0.05062,0.046049,0.33472064418,0.288922092411,0.649701,0.057365
rapl,npu,float,bitonic,max,4096,1048576,uniform,20004256,1,bench/results/raw/energy/measurements/20260817_174754_npu_float_bitonic_q20_k4096_max_uniform_s20004256_rep1_rapl.txt,0.272932,2.579716,9.451853,4.871461,1.250137,4.580392,0,rapl:package+core,1.021705,0.955712,0.099529,0.094755,0.536853358131,0.494116712945,1.100361,0.107297
rapl,npu,float,bitonic,max,4096,1048576,uniform,20004256,2,bench/results/raw/energy/measurements/20260817_174754_npu_float_bitonic_q20_k4096_max_uniform_s20004256_rep2_rapl.txt,0.275353,2.609194,9.475808,4.871461,1.267822,4.604347,0,rapl:package+core,1.027231,0.937741,0.099559,0.094919,0.542233214301,0.475346793341,1.105259,0.107409
rapl,npu,float,bitonic,max,4096,1048576,uniform,20004256,3,bench/results/raw/energy/measurements/20260817_174754_npu_float_bitonic_q20_k4096_max_uniform_s20004256_rep3_rapl.txt,0.273746,2.582386,9.433519,4.871461,1.248844,4.562058,0,rapl:package+core,0.954113,0.916457,0.098918,0.094245,0.472237820802,0.457346158055,1.082006,0.106483
rapl,npu,float,bitonic,max,8,1048576,uniform,20000168,1,bench/results/raw/energy/measurements/20260817_174754_npu_float_bitonic_q20_k8_max_uniform_s20000168_rep1_rapl.txt,0.210076,2.050096,9.758837,4.871461,1.02672,4.887376,0,rapl:package+core,0.556992,0.459692,0.048859,0.044367,0.318977287001,0.243559889813,0.653622,0.056614
rapl,npu,float,bitonic,max,8,1048576,uniform,20000168,2,bench/results/raw/energy/measurements/20260817_174754_npu_float_bitonic_q20_k8_max_uniform_s20000168_rep2_rapl.txt,0.218176,2.102583,9.637111,4.871461,1.039749,4.76565,0,rapl:package+core,0.556507,0.516912,0.048798,0.044208,0.318789446122,0.301554452112,0.652692,0.05631
rapl,npu,float,bitonic,max,8,1048576,uniform,20000168,3,bench/results/raw/energy/measurements/20260817_174754_npu_float_bitonic_q20_k8_max_uniform_s20000168_rep3_rapl.txt,0.221287,2.129239,9.62209,4.871461,1.05125,4.750629,0,rapl:package+core,0.525822,0.51183,0.048557,0.044047,0.289278468223,0.297256757333,0.64932,0.056105
rapl,npu,float,bitonic,max,131072,2097152,uniform,21131235,1,bench/results/raw/energy/measurements/20260817_174754_npu_float_bitonic_q21_k131072_max_uniform_s21131235_rep1_rapl.txt,1.858137,15.967451,8.593259,4.871461,6.91561,3.721798,0,rapl:package+core,12.780666,12.655397,1.492535,1.483402,5.50983995637,5.42906200968,12.944658,1.512454
rapl,npu,float,bitonic,max,131072,2097152,uniform,21131235,2,bench/results/raw/energy/measurements/20260817_174754_npu_float_bitonic_q21_k131072_max_uniform_s21131235_rep2_rapl.txt,1.852959,15.888262,8.574533,4.871461,6.861643,3.703072,0,rapl:package+core,12.674925,12.63768,1.490356,1.481903,5.41471386988,5.41864732972,12.88059,1.51108
rapl,npu,float,bitonic,max,131072,2097152,uniform,21131235,3,bench/results/raw/energy/measurements/20260817_174754_npu_float_bitonic_q21_k131072_max_uniform_s21131235_rep3_rapl.txt,1.854656,15.887682,8.566375,4.871461,6.852795,3.694914,0,rapl:package+core,12.667634,12.602558,1.492322,1.48299,5.39784557756,5.37823005161,12.817941,1.512541
rapl,npu,float,bitonic,max,256,2097152,uniform,21000419,1,bench/results/raw/energy/measurements/20260817_174754_npu_float_bitonic_q21_k256_max_uniform_s21000419_rep1_rapl.txt,0.263809,2.783929,10.552822,4.871461,1.498794,5.681361,0,rapl:package+core,1.031106,0.927075,0.076051,0.070645,0.660626519489,0.582930637655,1.22656,0.094039
rapl,npu,float,bitonic,max,256,2097152,uniform,21000419,2,bench/results/raw/energy/measurements/20260817_174754_npu_float_bitonic_q21_k256_max_uniform_s21000419_rep2_rapl.txt,0.264438,2.781808,10.519683,4.871461,1.493607,5.648222,0,rapl:package+core,0.988715,0.928889,0.076459,0.070896,0.616247963401,0.583521900944,1.209669,0.094037
rapl,npu,float,bitonic,max,256,2097152,uniform,21000419,3,bench/results/raw/energy/measurements/20260817_174754_npu_float_bitonic_q21_k256_max_uniform_s21000419_rep3_rapl.txt,0.263829,2.827964,10.718909,4.871461,1.542729,5.847448,0,rapl:package+core,0.99412,0.978817,0.075731,0.070284,0.625199387009,0.636431235076,1.250881,0.093355
rapl,npu,float,bitonic,max,4096,2097152,uniform,21004259,1,bench/results/raw/energy/measurements/20260817_174754_npu_float_bitonic_q21_k4096_max_uniform_s21004259_rep1_rapl.txt,0.306453,3.170475,10.345714,4.871461,1.677601,5.474253,0,rapl:package+core,1.404695,1.295005,0.118105,0.11292,0.829351098595,0.74491962388,1.624199,0.137216
rapl,npu,float,bitonic,max,4096,2097152,uniform,21004259,2,bench/results/raw/energy/measurements/20260817_174754_npu_float_bitonic_q21_k4096_max_uniform_s21004259_rep2_rapl.txt,0.31538,3.21808,10.20383,4.871461,1.68172,5.332369,0,rapl:package+core,1.36846,1.291607,0.119691,0.114336,0.785389961449,0.734623635104,1.635688,0.138937
rapl,npu,float,bitonic,max,4096,2097152,uniform,21004259,3,bench/results/raw/energy/measurements/20260817_174754_npu_float_bitonic_q21_k4096_max_uniform_s21004259_rep3_rapl.txt,0.310422,3.190676,10.278513,4.871461,1.678468,5.407052,0,rapl:package+core,1.333075,1.302117,0.118068,0.112811,0.757911342652,0.752562613129,1.598825,0.135453
rapl,npu,float,bitonic,max,8,2097152,uniform,21000171,1,bench/results/raw/energy/measurements/20260817_174754_npu_float_bitonic_q21_k8_max_uniform_s21000171_rep1_rapl.txt,0.259002,2.724804,10.520408,4.871461,1.463087,5.648947,0,rapl:package+core,0.954785,0.89319,0.074877,0.06974,0.590024614703,0.55345430986,1.189574,0.092466
rapl,npu,float,bitonic,max,8,2097152,uniform,21000171,2,bench/results/raw/energy/measurements/20260817_174754_npu_float_bitonic_q21_k8_max_uniform_s21000171_rep2_rapl.txt,0.274229,2.866963,10.454647,4.871461,1.531069,5.583186,0,rapl:package+core,0.914854,0.869325,0.075824,0.070358,0.545480341136,0.526578746962,1.212065,0.093863
rapl,npu,float,bitonic,max,8,2097152,uniform,21000171,3,bench/results/raw/energy/measurements/20260817_174754_npu_float_bitonic_q21_k8_max_uniform_s21000171_rep3_rapl.txt,0.258868,2.749278,10.620387,4.871461,1.488213,5.748926,0,rapl:package+core,1.025687,0.967674,0.075887,0.070547,0.656006439093,0.624007040833,1.189529,0.093881
rapl,npu,float,bitonic,max,131072,4194304,uniform,22131238,1,bench/results/raw/energy/measurements/20260817_174754_npu_float_bitonic_q22_k131072_max_uniform_s22131238_rep1_rapl.txt,2.292739,20.177194,8.800475,4.871461,9.008205,3.929014,0,rapl:package+core,16.298048,16.241471,1.853899,1.845044,7.26685132356,7.25341111072,16.641336,1.895173
rapl,npu,float,bitonic,max,131072,4194304,uniform,22131238,2,bench/results/raw/energy/measurements/20260817_174754_npu_float_bitonic_q22_k131072_max_uniform_s22131238_rep2_rapl.txt,2.301698,20.164012,8.760493,4.871461,8.951379,3.889032,0,rapl:package+core,16.199543,16.152382,1.857793,1.84801,7.14937685443,7.14987335739,16.619548,1.902274
rapl,npu,float,bitonic,max,131072,4194304,uniform,22131238,3,bench/results/raw/energy/measurements/20260817_174754_npu_float_bitonic_q22_k131072_max_uniform_s22131238_rep3_rapl.txt,2.300665,20.137341,8.752834,4.871461,8.929739,3.881373,0,rapl:package+core,16.166993,16.109715,1.860383,1.850356,7.10420977044,7.09577790988,16.547957,1.904276
rapl,npu,float,bitonic,max,256,4194304,uniform,22000422,1,bench/results/raw/energy/measurements/20260817_174754_npu_float_bitonic_q22_k256_max_uniform_s22000422_rep1_rapl.txt,0.360357,4.109819,11.404845,4.871461,2.354353,6.533384,0,rapl:package+core,1.75949,1.674855,0.132819,0.127438,1.11246742144,1.05404575308,2.30971,0.17049
rapl,npu,float,bitonic,max,256,4194304,uniform,22000422,2,bench/results/raw/energy/measurements/20260817_174754_npu_float_bitonic_q22_k256_max_uniform_s22000422_rep2_rapl.txt,0.366091,4.139175,11.306424,4.871461,2.355779,6.434963,0,rapl:package+core,1.715547,1.682605,0.133472,0.128125,1.06534335741,1.05844905938,2.33574,0.173383
rapl,npu,float,bitonic,max,256,4194304,uniform,22000422,3,bench/results/raw/energy/measurements/20260817_174754_npu_float_bitonic_q22_k256_max_uniform_s22000422_rep3_rapl.txt,0.356444,4.074649,11.431398,4.871461,2.338248,6.559937,0,rapl:package+core,1.760227,1.707175,0.13317,0.127659,1.11149453863,1.0852891602,2.341157,0.173269
rapl,npu,float,bitonic,max,4096,4194304,uniform,22004262,1,bench/results/raw/energy/measurements/20260817_174754_npu_float_bitonic_q22_k4096_max_uniform_s22004262_rep1_rapl.txt,0.416538,4.705826,11.297484,4.871461,2.67668,6.426023,0,rapl:package+core,2.32909,2.226052,0.185335,0.179466,1.42623777556,1.35179038017,2.79699,0.225294
rapl,npu,float,bitonic,max,4096,4194304,uniform,22004262,2,bench/results/raw/energy/measurements/20260817_174754_npu_float_bitonic_q22_k4096_max_uniform_s22004262_rep2_rapl.txt,0.418406,4.644902,11.101423,4.871461,2.606653,6.229962,0,rapl:package+core,2.332596,2.260455,0.185202,0.179473,1.43039167988,1.38615927995,2.814155,0.224319
rapl,npu,float,bitonic,max,4096,4194304,uniform,22004262,3,bench/results/raw/energy/measurements/20260817_174754_npu_float_bitonic_q22_k4096_max_uniform_s22004262_rep3_rapl.txt,0.420109,4.682589,11.146128,4.871461,2.636044,6.274667,0,rapl:package+core,2.395396,2.286501,0.186877,0.181049,1.4850319827,1.40452785741,2.842077,0.225593
rapl,npu,float,bitonic,max,8,4194304,uniform,22000174,1,bench/results/raw/energy/measurements/20260817_174754_npu_float_bitonic_q22_k8_max_uniform_s22000174_rep1_rapl.txt,0.354854,4.074893,11.483307,4.871461,2.346237,6.611846,0,rapl:package+core,1.76276,1.663371,0.131251,0.125684,1.12337587229,1.05110629568,2.327288,0.169171
rapl,npu,float,bitonic,max,8,4194304,uniform,22000174,2,bench/results/raw/energy/measurements/20260817_174754_npu_float_bitonic_q22_k8_max_uniform_s22000174_rep2_rapl.txt,0.359548,4.05933,11.290082,4.871461,2.307804,6.418621,0,rapl:package+core,1.730637,1.627234,0.129797,0.124631,1.09833597658,1.02009894411,2.244208,0.166125
rapl,npu,float,bitonic,max,8,4194304,uniform,22000174,3,bench/results/raw/energy/measurements/20260817_174754_npu_float_bitonic_q22_k8_max_uniform_s22000174_rep3_rapl.txt,0.35012,3.991096,11.399213,4.871461,2.285499,6.527752,0,rapl:package+core,1.717447,1.648466,0.130275,0.125017,1.08281741822,1.03945056016,2.269735,0.166595
rapl,npu,float,bitonic,max,131072,8388608,uniform,23131241,1,bench/results/raw/energy/measurements/20260817_174754_npu_float_bitonic_q23_k131072_max_uniform_s23131241_rep1_rapl.txt,2.901998,26.572952,9.156777,4.871461,12.435981,4.285316,0,rapl:package+core,20.960845,20.841955,2.279235,2.268973,9.85764058766,9.78874152045,22.283225,2.430256
rapl,npu,float,bitonic,max,131072,8388608,uniform,23131241,2,bench/results/raw/energy/measurements/20260817_174754_npu_float_bitonic_q23_k131072_max_uniform_s23131241_rep2_rapl.txt,2.926164,26.653773,9.108775,4.871461,12.399077,4.237314,0,rapl:package+core,20.765759,20.666565,2.282934,2.27272,9.64453505343,9.59509815608,22.363925,2.454718
rapl,npu,float,bitonic,max,131072,8388608,uniform,23131241,3,bench/results/raw/energy/measurements/20260817_174754_npu_float_bitonic_q23_k131072_max_uniform_s23131241_rep3_rapl.txt,2.893313,26.574111,9.184665,4.871461,12.47945,4.313204,0,rapl:package+core,21.106178,21.060191,2.288181,2.278853,9.95939349756,9.95884748577,22.291968,2.421574
rapl,npu,float,bitonic,max,256,8388608,uniform,23000425,1,bench/results/raw/energy/measurements/20260817_174754_npu_float_bitonic_q23_k256_max_uniform_s23000425_rep1_rapl.txt,0.641657,7.675796,11.962458,4.871461,4.549988,7.090997,0,rapl:package+core,3.218953,3.12437,0.24353,0.235951,2.03260610267,1.97494390559,5.386166,0.410055
rapl,npu,float,bitonic,max,256,8388608,uniform,23000425,2,bench/results/raw/energy/measurements/20260817_174754_npu_float_bitonic_q23_k256_max_uniform_s23000425_rep2_rapl.txt,0.632469,7.636782,12.074557,4.871461,4.555734,7.203096,0,rapl:package+core,3.172731,3.05169,0.237968,0.230401,2.01347916875,1.92930051414,5.316421,0.40383
rapl,npu,float,bitonic,max,256,8388608,uniform,23000425,3,bench/results/raw/energy/measurements/20260817_174754_npu_float_bitonic_q23_k256_max_uniform_s23000425_rep3_rapl.txt,0.640834,7.732068,12.065627,4.871461,4.610269,7.194166,0,rapl:package+core,3.290677,3.07722,0.241827,0.234394,2.11262620075,1.93537877037,5.46952,0.413403
rapl,npu,float,bitonic,max,4096,8388608,uniform,23004265,1,bench/results/raw/energy/measurements/20260817_174754_npu_float_bitonic_q23_k4096_max_uniform_s23004265_rep1_rapl.txt,0.713961,8.588942,12.029994,4.871461,5.110911,7.158533,0,rapl:package+core,3.954218,3.828355,0.302863,0.295511,2.47883270716,2.38878468843,6.230101,0.474671
rapl,npu,float,bitonic,max,4096,8388608,uniform,23004265,2,bench/results/raw/energy/measurements/20260817_174754_npu_float_bitonic_q23_k4096_max_uniform_s23004265_rep2_rapl.txt,0.701674,8.314634,11.849707,4.871461,4.896455,6.978246,0,rapl:package+core,3.87064,3.765909,0.298819,0.291326,2.41495489544,2.34672575271,6.001688,0.466892
rapl,npu,float,bitonic,max,4096,8388608,uniform,23004265,3,bench/results/raw/energy/measurements/20260817_174754_npu_float_bitonic_q23_k4096_max_uniform_s23004265_rep3_rapl.txt,0.668607,8.011793,11.982822,4.871461,4.754702,7.111361,0,rapl:package+core,3.894196,3.812672,0.298097,0.290475,2.44202809028,2.39763436603,5.65672,0.430789
rapl,npu,float,bitonic,max,8,8388608,uniform,23000177,1,bench/results/raw/energy/measurements/20260817_174754_npu_float_bitonic_q23_k8_max_uniform_s23000177_rep1_rapl.txt,0.631004,7.644563,12.114914,4.871461,4.57065,7.243453,0,rapl:package+core,3.192923,3.066204,0.239291,0.232002,2.02722622585,1.93601530508,5.411586,0.405622
rapl,npu,float,bitonic,max,8,8388608,uniform,23000177,2,bench/results/raw/energy/measurements/20260817_174754_npu_float_bitonic_q23_k8_max_uniform_s23000177_rep2_rapl.txt,0.641766,7.759487,12.090843,4.871461,4.633151,7.219382,0,rapl:package+core,3.26025,3.156542,0.238776,0.231406,2.09706202826,2.02925669583,5.450112,0.409322
rapl,npu,float,bitonic,max,8,8388608,uniform,23000177,3,bench/results/raw/energy/measurements/20260817_174754_npu_float_bitonic_q23_k8_max_uniform_s23000177_rep3_rapl.txt,0.624727,7.630022,12.213374,4.871461,4.58669,7.341913,0,rapl:package+core,3.249451,3.204167,0.240067,0.232717,2.07997397211,2.07049521046,5.355497,0.392225
rapl,npu,float,bitonic,max,131072,16777216,uniform,24131244,1,bench/results/raw/energy/measurements/20260817_174754_npu_float_bitonic_q24_k131072_max_uniform_s24131244_rep1_rapl.txt,3.748349,36.476934,9.731466,4.871461,18.216997,4.860005,0,rapl:package+core,27.679172,27.55749,2.867112,2.85876,13.7121477094,13.6311521516,30.816933,3.173232
rapl,npu,float,bitonic,max,131072,16777216,uniform,24131244,2,bench/results/raw/energy/measurements/20260817_174754_npu_float_bitonic_q24_k131072_max_uniform_s24131244_rep2_rapl.txt,3.742272,36.241457,9.684347,4.871461,18.011127,4.812886,0,rapl:package+core,27.555232,27.413713,2.867083,2.858988,13.5883489817,13.4862644585,30.840782,3.171972
rapl,npu,float,bitonic,max,131072,16777216,uniform,24131244,3,bench/results/raw/energy/measurements/20260817_174754_npu_float_bitonic_q24_k131072_max_uniform_s24131244_rep3_rapl.txt,3.713485,36.067013,9.712445,4.871461,17.976918,4.840984,0,rapl:package+core,27.822341,27.723132,2.857121,2.848999,13.9039874762,13.8443444825,30.574622,3.133389
rapl,npu,float,bitonic,max,256,16777216,uniform,24000428,1,bench/results/raw/energy/measurements/20260817_174754_npu_float_bitonic_q24_k256_max_uniform_s24000428_rep1_rapl.txt,1.041051,13.611875,13.075126,4.871461,8.540435,8.203665,0,rapl:package+core,6.383046,6.202514,0.445718,0.438124,4.211748146,4.06821002084,10.065215,0.729624
rapl,npu,float,bitonic,max,256,16777216,uniform,24000428,2,bench/results/raw/energy/measurements/20260817_174754_npu_float_bitonic_q24_k256_max_uniform_s24000428_rep2_rapl.txt,1.036134,13.359173,12.893287,4.871461,8.311687,8.021826,0,rapl:package+core,6.545816,6.390473,0.444589,0.437061,4.38001802547,4.26134738388,10.183006,0.731986
rapl,npu,float,bitonic,max,256,16777216,uniform,24000428,3,bench/results/raw/energy/measurements/20260817_174754_npu_float_bitonic_q24_k256_max_uniform_s24000428_rep3_rapl.txt,1.007123,13.1195,13.026705,4.871461,8.213337,8.155244,0,rapl:package+core,6.568506,6.397707,0.444149,0.436714,4.40485146831,4.27027178085,10.010667,0.709901
rapl,npu,float,bitonic,max,4096,16777216,uniform,24004268,1,bench/results/raw/energy/measurements/20260817_174754_npu_float_bitonic_q24_k4096_max_uniform_s24004268_rep1_rapl.txt,1.070385,13.762533,12.857554,4.871461,8.548194,7.986093,0,rapl:package+core,7.276541,7.050965,0.509431,0.501754,4.79486775131,4.60668995741,10.622162,0.770062
rapl,npu,float,bitonic,max,4096,16777216,uniform,24004268,2,bench/results/raw/energy/measurements/20260817_174754_npu_float_bitonic_q24_k4096_max_uniform_s24004268_rep2_rapl.txt,1.097244,14.021049,12.778426,4.871461,8.675869,7.906965,0,rapl:package+core,7.201195,7.062362,0.51049,0.502836,4.71436287411,4.6128160366,10.868578,0.796381
rapl,npu,float,bitonic,max,4096,16777216,uniform,24004268,3,bench/results/raw/energy/measurements/20260817_174754_npu_float_bitonic_q24_k4096_max_uniform_s24004268_rep3_rapl.txt,1.118913,14.124392,12.623314,4.871461,8.67365,7.751853,0,rapl:package+core,7.191922,7.081211,0.513809,0.505942,4.68892149505,4.61653427874,10.944166,0.814904
rapl,npu,float,bitonic,max,8,16777216,uniform,24000180,1,bench/results/raw/energy/measurements/20260817_174754_npu_float_bitonic_q24_k8_max_uniform_s24000180_rep1_rapl.txt,1.027028,13.240542,12.89209,4.871461,8.237414,8.020629,0,rapl:package+core,6.441943,6.30134,0.441704,0.43429,4.29019919046,4.18571320231,10.123332,0.725405
rapl,npu,float,bitonic,max,8,16777216,uniform,24000180,2,bench/results/raw/energy/measurements/20260817_174754_npu_float_bitonic_q24_k8_max_uniform_s24000180_rep2_rapl.txt,1.033085,13.409646,12.980201,4.871461,8.377015,8.10874,0,rapl:package+core,6.560056,6.433583,0.445494,0.437778,4.38984935327,4.30096454634,10.376279,0.741732
rapl,npu,float,bitonic,max,8,16777216,uniform,24000180,3,bench/results/raw/energy/measurements/20260817_174754_npu_float_bitonic_q24_k8_max_uniform_s24000180_rep3_rapl.txt,1.002662,13.073847,13.039138,4.871461,8.189418,8.167677,0,rapl:package+core,6.487684,6.36649,0.441681,0.434059,4.33605223406,4.2519885098,10.003755,0.708686
rapl,npu,float,gt,max,256,65536,uniform,16000404,1,bench/results/raw/energy/measurements/20260817_174754_npu_float_gt_q16_k256_max_uniform_s16000404_rep1_rapl.txt,0.07983,0.746635,9.352792,4.871461,0.357745,4.481331,0,rapl:package+core,0.041425,0.041425,0.004261,0.004261,0.020667704679,0.020667704679,0.051877,0.005872
rapl,npu,float,gt,max,256,65536,uniform,16000404,2,bench/results/raw/energy/measurements/20260817_174754_npu_float_gt_q16_k256_max_uniform_s16000404_rep2_rapl.txt,0.076326,0.707743,9.272675,4.871461,0.335926,4.401214,0,rapl:package+core,0.051587,0.051587,0.004313,0.004313,0.030576388707,0.030576388707,0.051587,0.005898
rapl,npu,float,gt,max,256,65536,uniform,16000404,3,bench/results/raw/energy/measurements/20260817_174754_npu_float_gt_q16_k256_max_uniform_s16000404_rep3_rapl.txt,0.077327,0.729974,9.440061,4.871461,0.353277,4.5686,0,rapl:package+core,0.031706,0.031706,0.004306,0.004306,0.010729488934,0.010729488934,0.052258,0.005944
rapl,npu,float,gt,max,4096,65536,uniform,16004244,1,bench/results/raw/energy/measurements/20260817_174754_npu_float_gt_q16_k4096_max_uniform_s16004244_rep1_rapl.txt,0.121546,1.073568,8.832622,4.871461,0.481462,3.961161,0,rapl:package+core,0.358303,0.358303,0.041127,0.041127,0.157954423453,0.157954423453,0.358303,0.042759
rapl,npu,float,gt,max,4096,65536,uniform,16004244,2,bench/results/raw/energy/measurements/20260817_174754_npu_float_gt_q16_k4096_max_uniform_s16004244_rep2_rapl.txt,0.11891,1.067221,8.975044,4.871461,0.487956,4.103583,0,rapl:package+core,0.341382,0.341382,0.040985,0.040985,0.141725170915,0.141725170915,0.361401,0.042598
rapl,npu,float,gt,max,4096,65536,uniform,16004244,3,bench/results/raw/energy/measurements/20260817_174754_npu_float_gt_q16_k4096_max_uniform_s16004244_rep3_rapl.txt,0.11693,1.044013,8.928529,4.871461,0.474393,4.057068,0,rapl:package+core,0.34419,0.34419,0.04102,0.04102,0.14436266978,0.14436266978,0.34419,0.042617
rapl,npu,float,gt,max,8,65536,uniform,16000156,1,bench/results/raw/energy/measurements/20260817_174754_npu_float_gt_q16_k8_max_uniform_s16000156_rep1_rapl.txt,0.079715,0.736321,9.236862,4.871461,0.34799,4.365401,0,rapl:package+core,0.010604,0.010604,0.002393,0.002393,0,0,0.031325,0.003988
rapl,npu,float,gt,max,8,65536,uniform,16000156,2,bench/results/raw/energy/measurements/20260817_174754_npu_float_gt_q16_k8_max_uniform_s16000156_rep2_rapl.txt,0.076772,0.738381,9.617816,4.871461,0.364388,4.746355,0,rapl:package+core,0.010589,0.010589,0.00242,0.00242,0,0,0.032606,0.003997
rapl,npu,float,gt,max,8,65536,uniform,16000156,3,bench/results/raw/energy/measurements/20260817_174754_npu_float_gt_q16_k8_max_uniform_s16000156_rep3_rapl.txt,0.073264,0.698236,9.530426,4.871461,0.341334,4.658965,0,rapl:package+core,0.02066,0.02066,0.002383,0.002383,0.009051308437,0.009051308437,0.031554,0.003996
rapl,npu,float,gt,max,131072,131072,uniform,17131223,1,bench/results/raw/energy/measurements/20260817_174754_npu_float_gt_q17_k131072_max_uniform_s17131223_rep1_rapl.txt,0.599935,4.961475,8.270017,4.871461,2.038914,3.398556,0,rapl:package+core,3.619854,3.619854,0.446511,0.446511,1.44469307743,1.44469307743,3.619854,0.450096
rapl,npu,float,gt,max,131072,131072,uniform,17131223,2,bench/results/raw/energy/measurements/20260817_174754_npu_float_gt_q17_k131072_max_uniform_s17131223_rep2_rapl.txt,0.600276,5.07745,8.458519,4.871461,2.153227,3.587058,0,rapl:package+core,3.713462,3.713462,0.44687,0.44687,1.53655222293,1.53655222293,3.723547,0.450045
rapl,npu,float,gt,max,131072,131072,uniform,17131223,3,bench/results/raw/energy/measurements/20260817_174754_npu_float_gt_q17_k131072_max_uniform_s17131223_rep3_rapl.txt,0.601081,5.01384,8.341366,4.871461,2.085696,3.469905,0,rapl:package+core,3.641352,3.641352,0.446885,0.446885,1.46436915102,1.46436915102,3.641352,0.450058
rapl,npu,float,gt,max,256,131072,uniform,17000407,1,bench/results/raw/energy/measurements/20260817_174754_npu_float_gt_q17_k256_max_uniform_s17000407_rep1_rapl.txt,0.080946,0.766424,9.468313,4.871461,0.372098,4.596852,0,rapl:package+core,0.043454,0.043454,0.005902,0.005902,0.014702637178,0.014702637178,0.075176,0.008025
rapl,npu,float,gt,max,256,131072,uniform,17000407,2,bench/results/raw/energy/measurements/20260817_174754_npu_float_gt_q17_k256_max_uniform_s17000407_rep2_rapl.txt,0.083408,0.788213,9.450129,4.871461,0.381896,4.578668,0,rapl:package+core,0.043103,0.043103,0.005826,0.005826,0.014721868214,0.014721868214,0.075237,0.007941
rapl,npu,float,gt,max,256,131072,uniform,17000407,3,bench/results/raw/energy/measurements/20260817_174754_npu_float_gt_q17_k256_max_uniform_s17000407_rep3_rapl.txt,0.081779,0.759727,9.289974,4.871461,0.361343,4.418513,0,rapl:package+core,0.054166,0.054166,0.005878,0.005878,0.025531552242,0.025531552242,0.075711,0.007966
rapl,npu,float,gt,max,4096,131072,uniform,17004247,1,bench/results/raw/energy/measurements/20260817_174754_npu_float_gt_q17_k4096_max_uniform_s17004247_rep1_rapl.txt,0.129798,1.166169,8.984463,4.871461,0.533861,4.113002,0,rapl:package+core,0.429817,0.429817,0.051509,0.051509,0.178892915351,0.178892915351,0.439979,0.053632
rapl,npu,float,gt,max,4096,131072,uniform,17004247,2,bench/results/raw/energy/measurements/20260817_174754_npu_float_gt_q17_k4096_max_uniform_s17004247_rep2_rapl.txt,0.131525,1.270778,9.661871,4.871461,0.630059,4.79041,0,rapl:package+core,0.450843,0.450843,0.051974,0.051974,0.197653685986,0.197653685986,0.460669,0.054079
rapl,npu,float,gt,max,4096,131072,uniform,17004247,3,bench/results/raw/energy/measurements/20260817_174754_npu_float_gt_q17_k4096_max_uniform_s17004247_rep3_rapl.txt,0.137918,1.215467,8.812938,4.871461,0.543603,3.941477,0,rapl:package+core,0.434107,0.434107,0.0521,0.0521,0.1803038819,0.1803038819,0.453911,0.054248
rapl,npu,float,gt,max,8,131072,uniform,17000159,1,bench/results/raw/energy/measurements/20260817_174754_npu_float_gt_q17_k8_max_uniform_s17000159_rep1_rapl.txt,0.074755,0.688929,9.215801,4.871461,0.324762,4.34434,0,rapl:package+core,0.044828,0.044828,0.003506,0.003506,0.027748657734,0.027748657734,0.044828,0.005629
rapl,npu,float,gt,max,8,131072,uniform,17000159,2,bench/results/raw/energy/measurements/20260817_174754_npu_float_gt_q17_k8_max_uniform_s17000159_rep2_rapl.txt,0.080221,0.735695,9.170806,4.871461,0.3449,4.299345,0,rapl:package+core,0.032469,0.032469,0.003503,0.003503,0.015404272117,0.015404272117,0.043653,0.005585
rapl,npu,float,gt,max,8,131072,uniform,17000159,3,bench/results/raw/energy/measurements/20260817_174754_npu_float_gt_q17_k8_max_uniform_s17000159_rep3_rapl.txt,0.079273,0.731301,9.225097,4.871461,0.345126,4.353636,0,rapl:package+core,0.021941,0.021941,0.003534,0.003534,0.004725256826,0.004725256826,0.044767,0.00563
rapl,npu,float,gt,max,131072,262144,uniform,18131226,1,bench/results/raw/energy/measurements/20260817_174754_npu_float_gt_q18_k131072_max_uniform_s18131226_rep1_rapl.txt,0.98744,7.889591,7.989942,4.871461,3.079314,3.118481,0,rapl:package+core,6.223127,6.223127,0.791499,0.791499,2.36737048996,2.36737048996,6.232542,0.796282
rapl,npu,float,gt,max,131072,262144,uniform,18131226,2,bench/results/raw/energy/measurements/20260817_174754_npu_float_gt_q18_k131072_max_uniform_s18131226_rep2_rapl.txt,0.984316,6.489106,6.5925,4.871461,1.694047,1.721039,0,rapl:package+core,4.836816,4.836816,0.790307,0.790307,0.986866271473,0.986866271473,4.897314,0.795058
rapl,npu,float,gt,max,131072,262144,uniform,18131226,3,bench/results/raw/energy/measurements/20260817_174754_npu_float_gt_q18_k131072_max_uniform_s18131226_rep3_rapl.txt,0.985966,5.861956,5.945394,4.871461,1.058861,1.073933,0,rapl:package+core,4.480831,4.480831,0.790572,0.790572,0.629590334308,0.629590334308,4.492733,0.794996
rapl,npu,float,gt,max,256,262144,uniform,18000410,1,bench/results/raw/energy/measurements/20260817_174754_npu_float_gt_q18_k256_max_uniform_s18000410_rep1_rapl.txt,0.084729,0.802876,9.475843,4.871461,0.390123,4.604382,0,rapl:package+core,0.09965,0.09965,0.008529,0.008529,0.058101309131,0.058101309131,0.109827,0.011433
rapl,npu,float,gt,max,256,262144,uniform,18000410,2,bench/results/raw/energy/measurements/20260817_174754_npu_float_gt_q18_k256_max_uniform_s18000410_rep2_rapl.txt,0.08622,0.825626,9.575856,4.871461,0.405611,4.704395,0,rapl:package+core,0.087626,0.087626,0.008746,0.008746,0.045020202094,0.045020202094,0.098734,0.011731
rapl,npu,float,gt,max,256,262144,uniform,18000410,3,bench/results/raw/energy/measurements/20260817_174754_npu_float_gt_q18_k256_max_uniform_s18000410_rep3_rapl.txt,0.088729,0.829531,9.349025,4.871461,0.39729,4.477564,0,rapl:package+core,0.055312,0.055312,0.008596,0.008596,0.013436921244,0.013436921244,0.099406,0.011564
rapl,npu,float,gt,max,4096,262144,uniform,18004250,1,bench/results/raw/energy/measurements/20260817_174754_npu_float_gt_q18_k4096_max_uniform_s18004250_rep1_rapl.txt,0.144574,1.283167,8.875522,4.871461,0.578882,4.004061,0,rapl:package+core,0.52953,0.52953,0.063429,0.063429,0.220538100231,0.220538100231,0.549365,0.066363
rapl,npu,float,gt,max,4096,262144,uniform,18004250,2,bench/results/raw/energy/measurements/20260817_174754_npu_float_gt_q18_k4096_max_uniform_s18004250_rep2_rapl.txt,0.15047,1.305383,8.675356,4.871461,0.572373,3.803895,0,rapl:package+core,0.512532,0.512532,0.063424,0.063424,0.203564457536,0.203564457536,0.545046,0.066323
rapl,npu,float,gt,max,4096,262144,uniform,18004250,3,bench/results/raw/energy/measurements/20260817_174754_npu_float_gt_q18_k4096_max_uniform_s18004250_rep3_rapl.txt,0.149746,1.474808,9.848703,4.871461,0.745324,4.977242,0,rapl:package+core,0.559405,0.559405,0.063328,0.063328,0.250905117792,0.250905117792,0.581803,0.066232
rapl,npu,float,gt,max,8,262144,uniform,18000162,1,bench/results/raw/energy/measurements/20260817_174754_npu_float_gt_q18_k8_max_uniform_s18000162_rep1_rapl.txt,0.081172,0.763526,9.406302,4.871461,0.368101,4.534841,0,rapl:package+core,0.046827,0.046827,0.005687,0.005687,0.019123001293,0.019123001293,0.081157,0.008616
rapl,npu,float,gt,max,8,262144,uniform,18000162,2,bench/results/raw/energy/measurements/20260817_174754_npu_float_gt_q18_k8_max_uniform_s18000162_rep2_rapl.txt,0.080315,0.754401,9.393042,4.871461,0.36315,4.521581,0,rapl:package+core,0.058103,0.058103,0.005664,0.005664,0.030511044896,0.030511044896,0.081066,0.008549
rapl,npu,float,gt,max,8,262144,uniform,18000162,3,bench/results/raw/energy/measurements/20260817_174754_npu_float_gt_q18_k8_max_uniform_s18000162_rep3_rapl.txt,0.081882,0.764959,9.342212,4.871461,0.366074,4.470751,0,rapl:package+core,0.056852,0.056852,0.005694,0.005694,0.029113901066,0.029113901066,0.079143,0.008625
rapl,npu,float,gt,max,131072,524288,uniform,19131229,1,bench/results/raw/energy/measurements/20260817_174754_npu_float_gt_q19_k131072_max_uniform_s19131229_rep1_rapl.txt,1.444527,8.453084,5.851802,4.871461,1.416129,0.980341,0,rapl:package+core,6.790053,6.790053,1.209436,1.209436,0.898332694004,0.898332694004,6.831357,1.215685
rapl,npu,float,gt,max,131072,524288,uniform,19131229,2,bench/results/raw/energy/measurements/20260817_174754_npu_float_gt_q19_k131072_max_uniform_s19131229_rep2_rapl.txt,1.445105,8.837449,6.115439,4.871461,1.797678,1.243978,0,rapl:package+core,7.168468,7.168468,1.210111,1.210111,1.27345945783,1.27345945783,7.210122,1.216103
rapl,npu,float,gt,max,131072,524288,uniform,19131229,3,bench/results/raw/energy/measurements/20260817_174754_npu_float_gt_q19_k131072_max_uniform_s19131229_rep3_rapl.txt,1.452185,9.047826,6.23049,4.871461,1.973561,1.359029,0,rapl:package+core,7.334932,7.334932,1.213291,1.213291,1.42443221185,1.42443221185,7.376114,1.21854
rapl,npu,float,gt,max,256,524288,uniform,19000413,1,bench/results/raw/energy/measurements/20260817_174754_npu_float_gt_q19_k256_max_uniform_s19000413_rep1_rapl.txt,0.094518,0.751563,7.951497,4.871461,0.29112,3.080036,0,rapl:package+core,0.113824,0.113824,0.013218,0.013218,0.049433028502,0.049433028502,0.152961,0.017853
rapl,npu,float,gt,max,256,524288,uniform,19000413,2,bench/results/raw/energy/measurements/20260817_174754_npu_float_gt_q19_k256_max_uniform_s19000413_rep2_rapl.txt,0.096017,0.770361,8.023143,4.871461,0.302616,3.151682,0,rapl:package+core,0.111064,0.111064,0.013229,0.013229,0.046619442431,0.046619442431,0.15052,0.017735
rapl,npu,float,gt,max,256,524288,uniform,19000413,3,bench/results/raw/energy/measurements/20260817_174754_npu_float_gt_q19_k256_max_uniform_s19000413_rep3_rapl.txt,0.092679,0.740486,7.98977,4.871461,0.289003,3.118309,0,rapl:package+core,0.099849,0.099849,0.013255,0.013255,0.035277784445,0.035277784445,0.138421,0.017626
rapl,npu,float,gt,max,4096,524288,uniform,19004253,1,bench/results/raw/energy/measurements/20260817_174754_npu_float_gt_q19_k4096_max_uniform_s19004253_rep1_rapl.txt,0.168572,1.269343,7.529967,4.871461,0.44815,2.658506,0,rapl:package+core,0.556123,0.556123,0.078584,0.078584,0.173304108776,0.173304108776,0.591415,0.082993
rapl,npu,float,gt,max,4096,524288,uniform,19004253,2,bench/results/raw/energy/measurements/20260817_174754_npu_float_gt_q19_k4096_max_uniform_s19004253_rep2_rapl.txt,0.16687,1.2626,7.566364,4.871461,0.449699,2.694903,0,rapl:package+core,0.580705,0.580705,0.078691,0.078691,0.197364862449,0.197364862449,0.59816,0.083076
rapl,npu,float,gt,max,4096,524288,uniform,19004253,3,bench/results/raw/energy/measurements/20260817_174754_npu_float_gt_q19_k4096_max_uniform_s19004253_rep3_rapl.txt,0.168045,1.259472,7.494848,4.871461,0.440847,2.623387,0,rapl:package+core,0.569168,0.569168,0.078348,0.078348,0.187498773572,0.187498773572,0.60353,0.082951
rapl,npu,float,gt,max,8,524288,uniform,19000165,1,bench/results/raw/energy/measurements/20260817_174754_npu_float_gt_q19_k8_max_uniform_s19000165_rep1_rapl.txt,0.091292,0.755943,8.280504,4.871461,0.311218,3.409043,0,rapl:package+core,0.108896,0.108896,0.010027,0.010027,0.060049860553,0.060049860553,0.129235,0.014492
rapl,npu,float,gt,max,8,524288,uniform,19000165,2,bench/results/raw/energy/measurements/20260817_174754_npu_float_gt_q19_k8_max_uniform_s19000165_rep2_rapl.txt,0.089789,0.741585,8.259161,4.871461,0.304179,3.3877,0,rapl:package+core,0.09379,0.09379,0.009929,0.009929,0.045421263731,0.045421263731,0.122751,0.014391
rapl,npu,float,gt,max,8,524288,uniform,19000165,3,bench/results/raw/energy/measurements/20260817_174754_npu_float_gt_q19_k8_max_uniform_s19000165_rep3_rapl.txt,0.092565,0.737282,7.965014,4.871461,0.286355,3.093553,0,rapl:package+core,0.084591,0.084591,0.010893,0.010893,0.031526175327,0.031526175327,0.127755,0.015926
rapl,npu,float,gt,max,131072,1048576,uniform,20131232,1,bench/results/raw/energy/measurements/20260817_174754_npu_float_gt_q20_k131072_max_uniform_s20131232_rep1_rapl.txt,1.929358,11.978964,6.208784,4.871461,2.580174,1.337323,0,rapl:package+core,10.092953,10.092953,1.647535,1.647535,2.06705050136,2.06705050136,10.122035,1.658304
rapl,npu,float,gt,max,131072,1048576,uniform,20131232,2,bench/results/raw/energy/measurements/20260817_174754_npu_float_gt_q20_k131072_max_uniform_s20131232_rep2_rapl.txt,1.934836,11.820769,6.109441,4.871461,2.395289,1.23798,0,rapl:package+core,9.799223,9.799223,1.648104,1.648104,1.77054864006,1.77054864006,9.87066,1.658098
rapl,npu,float,gt,max,131072,1048576,uniform,20131232,3,bench/results/raw/energy/measurements/20260817_174754_npu_float_gt_q20_k131072_max_uniform_s20131232_rep3_rapl.txt,1.939092,11.701421,6.034486,4.871461,2.255211,1.163025,0,rapl:package+core,9.697831,9.697831,1.65162,1.65162,1.65202858318,1.65202858318,9.75627,1.661293
rapl,npu,float,gt,max,256,1048576,uniform,20000416,1,bench/results/raw/energy/measurements/20260817_174754_npu_float_gt_q20_k256_max_uniform_s20000416_rep1_rapl.txt,0.106702,0.8862,8.305404,4.871461,0.366407,3.433943,0,rapl:package+core,0.166068,0.166068,0.022382,0.022382,0.057034959898,0.057034959898,0.246752,0.029593
rapl,npu,float,gt,max,256,1048576,uniform,20000416,2,bench/results/raw/energy/measurements/20260817_174754_npu_float_gt_q20_k256_max_uniform_s20000416_rep2_rapl.txt,0.108145,0.883087,8.16575,4.871461,0.356262,3.294289,0,rapl:package+core,0.176581,0.176581,0.022208,0.022208,0.068395594112,0.068395594112,0.249224,0.029324
rapl,npu,float,gt,max,256,1048576,uniform,20000416,3,bench/results/raw/energy/measurements/20260817_174754_npu_float_gt_q20_k256_max_uniform_s20000416_rep3_rapl.txt,0.108655,0.875397,8.05665,4.871461,0.346087,3.185189,0,rapl:package+core,0.165198,0.165198,0.022206,0.022206,0.057022337034,0.057022337034,0.245928,0.029296
rapl,npu,float,gt,max,4096,1048576,uniform,20004256,1,bench/results/raw/energy/measurements/20260817_174754_npu_float_gt_q20_k4096_max_uniform_s20004256_rep1_rapl.txt,0.192058,1.464646,7.626048,4.871461,0.529041,2.754587,0,rapl:package+core,0.704921,0.704921,0.096624,0.096624,0.234220952336,0.234220952336,0.77738,0.103874
rapl,npu,float,gt,max,4096,1048576,uniform,20004256,2,bench/results/raw/energy/measurements/20260817_174754_npu_float_gt_q20_k4096_max_uniform_s20004256_rep2_rapl.txt,0.192316,1.495543,7.776485,4.871461,0.558683,2.905024,0,rapl:package+core,0.738181,0.738181,0.096455,0.096455,0.268304229245,0.268304229245,0.784963,0.103777
rapl,npu,float,gt,max,4096,1048576,uniform,20004256,3,bench/results/raw/energy/measurements/20260817_174754_npu_float_gt_q20_k4096_max_uniform_s20004256_rep3_rapl.txt,0.194507,1.659521,8.53194,4.871461,0.711988,3.660479,0,rapl:package+core,0.875795,0.875795,0.096682,0.096682,0.404812407598,0.404812407598,0.938749,0.104363
rapl,npu,float,gt,max,8,1048576,uniform,20000168,1,bench/results/raw/energy/measurements/20260817_174754_npu_float_gt_q20_k8_max_uniform_s20000168_rep1_rapl.txt,0.104999,0.855669,8.149338,4.871461,0.344172,3.277877,0,rapl:package+core,0.158485,0.158485,0.018438,0.018438,0.068665002082,0.068665002082,0.222004,0.025691
rapl,npu,float,gt,max,8,1048576,uniform,20000168,2,bench/results/raw/energy/measurements/20260817_174754_npu_float_gt_q20_k8_max_uniform_s20000168_rep2_rapl.txt,0.104386,0.865541,8.291727,4.871461,0.357028,3.420266,0,rapl:package+core,0.137795,0.137795,0.018564,0.018564,0.047361197996,0.047361197996,0.223087,0.025612
rapl,npu,float,gt,max,8,1048576,uniform,20000168,3,bench/results/raw/energy/measurements/20260817_174754_npu_float_gt_q20_k8_max_uniform_s20000168_rep3_rapl.txt,0.105827,1.204207,11.379056,4.871461,0.688677,6.507595,0,rapl:package+core,0.169013,0.169013,0.018504,0.018504,0.078871485656,0.078871485656,0.22002,0.025544
rapl,npu,float,gt,max,131072,2097152,uniform,21131235,1,bench/results/raw/energy/measurements/20260817_174754_npu_float_gt_q21_k131072_max_uniform_s21131235_rep1_rapl.txt,2.443047,16.693213,6.832948,4.871461,4.792005,1.961487,0,rapl:package+core,14.023795,14.023795,2.0927,2.0927,3.8292885653,3.8292885653,14.212155,2.119607
rapl,npu,float,gt,max,131072,2097152,uniform,21131235,2,bench/results/raw/energy/measurements/20260817_174754_npu_float_gt_q21_k131072_max_uniform_s21131235_rep2_rapl.txt,2.444628,16.50528,6.751652,4.871461,4.596369,1.880191,0,rapl:package+core,14.013708,14.013708,2.097636,2.097636,3.7951560338,3.7951560338,14.164261,2.12036
rapl,npu,float,gt,max,131072,2097152,uniform,21131235,3,bench/results/raw/energy/measurements/20260817_174754_npu_float_gt_q21_k131072_max_uniform_s21131235_rep3_rapl.txt,2.444041,16.465396,6.736954,4.871461,4.559343,1.865493,0,rapl:package+core,13.954982,13.954982,2.093535,2.093535,3.75640789536,3.75640789536,14.11101,2.116633
rapl,npu,float,gt,max,256,2097152,uniform,21000419,1,bench/results/raw/energy/measurements/20260817_174754_npu_float_gt_q21_k256_max_uniform_s21000419_rep1_rapl.txt,0.141465,1.201964,8.49655,4.871461,0.512823,3.625089,0,rapl:package+core,0.389171,0.389171,0.039666,0.039666,0.195939627974,0.195939627974,0.509267,0.05611
rapl,npu,float,gt,max,256,2097152,uniform,21000419,2,bench/results/raw/energy/measurements/20260817_174754_npu_float_gt_q21_k256_max_uniform_s21000419_rep2_rapl.txt,0.141574,1.187927,8.390875,4.871461,0.498256,3.519414,0,rapl:package+core,0.404948,0.404948,0.039674,0.039674,0.211677656286,0.211677656286,0.489889,0.054948
rapl,npu,float,gt,max,256,2097152,uniform,21000419,3,bench/results/raw/energy/measurements/20260817_174754_npu_float_gt_q21_k256_max_uniform_s21000419_rep3_rapl.txt,0.141538,1.194702,8.440863,4.871461,0.505206,3.569402,0,rapl:package+core,0.337585,0.337585,0.039608,0.039608,0.144636172712,0.144636172712,0.506505,0.055911
rapl,npu,float,gt,max,4096,2097152,uniform,21004259,1,bench/results/raw/energy/measurements/20260817_174754_npu_float_gt_q21_k4096_max_uniform_s21004259_rep1_rapl.txt,0.237683,1.931678,8.127117,4.871461,0.773814,3.255656,0,rapl:package+core,0.975933,0.975933,0.124314,0.124314,0.370342197246,0.370342197246,1.103596,0.140301
rapl,npu,float,gt,max,4096,2097152,uniform,21004259,2,bench/results/raw/energy/measurements/20260817_174754_npu_float_gt_q21_k4096_max_uniform_s21004259_rep2_rapl.txt,0.237164,1.86436,7.861065,4.871461,0.709026,2.989604,0,rapl:package+core,0.944071,0.944071,0.123891,0.123891,0.340540825249,0.340540825249,1.099125,0.140399
rapl,npu,float,gt,max,4096,2097152,uniform,21004259,3,bench/results/raw/energy/measurements/20260817_174754_npu_float_gt_q21_k4096_max_uniform_s21004259_rep3_rapl.txt,0.234928,1.847316,7.863332,4.871461,0.702874,2.991871,0,rapl:package+core,0.986873,0.986873,0.124237,0.124237,0.381657299743,0.381657299743,1.105198,0.140995
rapl,npu,float,gt,max,8,2097152,uniform,21000171,1,bench/results/raw/energy/measurements/20260817_174754_npu_float_gt_q21_k8_max_uniform_s21000171_rep1_rapl.txt,0.142359,1.293833,9.088552,4.871461,0.600339,4.217091,0,rapl:package+core,0.36105,0.36105,0.036609,0.036609,0.182710684251,0.182710684251,0.586044,0.053876
rapl,npu,float,gt,max,8,2097152,uniform,21000171,2,bench/results/raw/energy/measurements/20260817_174754_npu_float_gt_q21_k8_max_uniform_s21000171_rep2_rapl.txt,0.136212,1.146074,8.413907,4.871461,0.482523,3.542446,0,rapl:package+core,0.305541,0.305541,0.035589,0.035589,0.132170574471,0.132170574471,0.453712,0.050495
rapl,npu,float,gt,max,8,2097152,uniform,21000171,3,bench/results/raw/energy/measurements/20260817_174754_npu_float_gt_q21_k8_max_uniform_s21000171_rep3_rapl.txt,0.135141,1.142626,8.455087,4.871461,0.484294,3.583626,0,rapl:package+core,0.304993,0.304993,0.035485,0.035485,0.132129206415,0.132129206415,0.457878,0.050814
rapl,npu,float,gt,max,131072,4194304,uniform,22131238,1,bench/results/raw/energy/measurements/20260817_174754_npu_float_gt_q22_k131072_max_uniform_s22131238_rep1_rapl.txt,2.965854,20.559285,6.931994,4.871461,6.111241,2.060533,0,rapl:package+core,17.417935,17.417935,2.532708,2.532708,5.07994675361,5.07994675361,17.784679,2.580917
rapl,npu,float,gt,max,131072,4194304,uniform,22131238,2,bench/results/raw/energy/measurements/20260817_174754_npu_float_gt_q22_k131072_max_uniform_s22131238_rep2_rapl.txt,3.023814,20.949905,6.928304,4.871461,6.219512,2.056843,0,rapl:package+core,17.785626,17.785626,2.585982,2.585982,5.1881155403,5.1881155403,18.118662,2.634979
rapl,npu,float,gt,max,131072,4194304,uniform,22131238,3,bench/results/raw/energy/measurements/20260817_174754_npu_float_gt_q22_k131072_max_uniform_s22131238_rep3_rapl.txt,3.035096,20.816047,6.858447,4.871461,6.030694,1.986986,0,rapl:package+core,17.667983,17.667983,2.596327,2.596327,5.02007727625,5.02007727625,17.996689,2.648384
rapl,npu,float,gt,max,256,4194304,uniform,22000422,1,bench/results/raw/energy/measurements/20260817_174754_npu_float_gt_q22_k256_max_uniform_s22000422_rep1_rapl.txt,0.213782,1.857783,8.690088,4.871461,0.816353,3.818627,0,rapl:package+core,0.677473,0.677473,0.074496,0.074496,0.314568641344,0.314568641344,1.041724,0.110965
rapl,npu,float,gt,max,256,4194304,uniform,22000422,2,bench/results/raw/energy/measurements/20260817_174754_npu_float_gt_q22_k256_max_uniform_s22000422_rep2_rapl.txt,0.211039,1.859127,8.809397,4.871461,0.831058,3.937936,0,rapl:package+core,0.717431,0.717431,0.075451,0.075451,0.349874396089,0.349874396089,1.049613,0.111864
rapl,npu,float,gt,max,256,4194304,uniform,22000422,3,bench/results/raw/energy/measurements/20260817_174754_npu_float_gt_q22_k256_max_uniform_s22000422_rep3_rapl.txt,0.209047,1.84161,8.809547,4.871461,0.823245,3.938086,0,rapl:package+core,0.721671,0.721671,0.07507,0.07507,0.35597042273,0.35597042273,1.02842,0.109476
rapl,npu,float,gt,max,4096,4194304,uniform,22004262,1,bench/results/raw/energy/measurements/20260817_174754_npu_float_gt_q22_k4096_max_uniform_s22004262_rep1_rapl.txt,0.316711,2.578877,8.142683,4.871461,1.036032,3.271222,0,rapl:package+core,1.394366,1.394366,0.169588,0.169588,0.568224671932,0.568224671932,1.678166,0.206956
rapl,npu,float,gt,max,4096,4194304,uniform,22004262,2,bench/results/raw/energy/measurements/20260817_174754_npu_float_gt_q22_k4096_max_uniform_s22004262_rep2_rapl.txt,0.325139,2.71957,8.364329,4.871461,1.135668,3.492868,0,rapl:package+core,1.433593,1.433593,0.171449,0.171449,0.598385883011,0.598385883011,1.818098,0.210746
rapl,npu,float,gt,max,4096,4194304,uniform,22004262,3,bench/results/raw/energy/measurements/20260817_174754_npu_float_gt_q22_k4096_max_uniform_s22004262_rep3_rapl.txt,0.322222,2.585849,8.025042,4.871461,1.016155,3.153581,0,rapl:package+core,1.371723,1.371723,0.16975,0.16975,0.54479249525,0.54479249525,1.673177,0.205854
rapl,npu,float,gt,max,8,4194304,uniform,22000174,1,bench/results/raw/energy/measurements/20260817_174754_npu_float_gt_q22_k8_max_uniform_s22000174_rep1_rapl.txt,0.203567,1.802213,8.853157,4.871461,0.810543,3.981696,0,rapl:package+core,0.632565,0.632565,0.069366,0.069366,0.294651236274,0.294651236274,0.978938,0.104518
rapl,npu,float,gt,max,8,4194304,uniform,22000174,2,bench/results/raw/energy/measurements/20260817_174754_npu_float_gt_q22_k8_max_uniform_s22000174_rep2_rapl.txt,0.203856,1.796752,8.813809,4.871461,0.803673,3.942348,0,rapl:package+core,0.655924,0.655924,0.069497,0.069497,0.317372074883,0.317372074883,0.990946,0.105362
rapl,npu,float,gt,max,8,4194304,uniform,22000174,3,bench/results/raw/energy/measurements/20260817_174754_npu_float_gt_q22_k8_max_uniform_s22000174_rep3_rapl.txt,0.203405,1.808058,8.88897,4.871461,0.81718,4.017509,0,rapl:package+core,0.658366,0.658366,0.069253,0.069253,0.321002711367,0.321002711367,0.983393,0.104092
rapl,npu,float,gt,max,131072,8388608,uniform,23131241,1,bench/results/raw/energy/measurements/20260817_174754_npu_float_gt_q23_k131072_max_uniform_s23131241_rep1_rapl.txt,3.69755,25.933306,7.013646,4.871461,7.920835,2.142185,0,rapl:package+core,21.183828,21.183828,3.043989,3.043989,6.35515430207,6.35515430207,22.612386,3.243107
rapl,npu,float,gt,max,131072,8388608,uniform,23131241,2,bench/results/raw/energy/measurements/20260817_174754_npu_float_gt_q23_k131072_max_uniform_s23131241_rep2_rapl.txt,3.771278,26.415,7.004257,4.871461,8.043366,2.132796,0,rapl:package+core,21.759832,21.759832,3.117396,3.117396,6.57355896444,6.57355896444,23.045897,3.306808
rapl,npu,float,gt,max,131072,8388608,uniform,23131241,3,bench/results/raw/energy/measurements/20260817_174754_npu_float_gt_q23_k131072_max_uniform_s23131241_rep3_rapl.txt,3.710688,26.154378,7.04839,4.871461,8.077904,2.176929,0,rapl:package+core,21.231415,21.231415,3.045954,3.045954,6.39316888121,6.39316888121,22.794582,3.251462
rapl,npu,float,gt,max,256,8388608,uniform,23000425,1,bench/results/raw/energy/measurements/20260817_174754_npu_float_gt_q23_k256_max_uniform_s23000425_rep1_rapl.txt,0.457359,4.033346,8.818778,4.871461,1.80534,3.947317,0,rapl:package+core,1.325403,1.325403,0.145554,0.145554,0.616342365606,0.616342365606,2.863194,0.323574
rapl,npu,float,gt,max,256,8388608,uniform,23000425,2,bench/results/raw/energy/measurements/20260817_174754_npu_float_gt_q23_k256_max_uniform_s23000425_rep2_rapl.txt,0.454622,3.953561,8.696365,4.871461,1.738886,3.824904,0,rapl:package+core,1.335016,1.335016,0.145599,0.145599,0.625736149861,0.625736149861,2.813377,0.318456
rapl,npu,float,gt,max,256,8388608,uniform,23000425,3,bench/results/raw/energy/measurements/20260817_174754_npu_float_gt_q23_k256_max_uniform_s23000425_rep3_rapl.txt,0.461491,3.998801,8.664953,4.871461,1.750664,3.793492,0,rapl:package+core,1.193436,1.193436,0.146219,0.146219,0.481135844041,0.481135844041,2.877064,0.326515
rapl,npu,float,gt,max,4096,8388608,uniform,23004265,1,bench/results/raw/energy/measurements/20260817_174754_npu_float_gt_q23_k4096_max_uniform_s23004265_rep1_rapl.txt,0.570272,4.773374,8.370347,4.871461,1.995316,3.498886,0,rapl:package+core,2.131662,2.131662,0.25165,0.25165,0.90575883935,0.90575883935,3.594769,0.426735
rapl,npu,float,gt,max,4096,8388608,uniform,23004265,2,bench/results/raw/energy/measurements/20260817_174754_npu_float_gt_q23_k4096_max_uniform_s23004265_rep2_rapl.txt,0.568154,4.97664,8.759314,4.871461,2.208899,3.887853,0,rapl:package+core,2.289268,2.289268,0.251684,0.251684,1.06319920968,1.06319920968,3.818803,0.426078
rapl,npu,float,gt,max,4096,8388608,uniform,23004265,3,bench/results/raw/energy/measurements/20260817_174754_npu_float_gt_q23_k4096_max_uniform_s23004265_rep3_rapl.txt,0.570799,4.778348,8.37133,4.871461,1.997722,3.499869,0,rapl:package+core,2.102275,2.102275,0.251945,0.251945,0.874934758355,0.874934758355,3.602277,0.427651
rapl,npu,float,gt,max,8,8388608,uniform,23000177,1,bench/results/raw/energy/measurements/20260817_174754_npu_float_gt_q23_k8_max_uniform_s23000177_rep1_rapl.txt,0.447116,4.036886,9.028719,4.871461,1.858777,4.157258,0,rapl:package+core,1.312434,1.312434,0.139558,0.139558,0.632582645762,0.632582645762,2.918108,0.315256
rapl,npu,float,gt,max,8,8388608,uniform,23000177,2,bench/results/raw/energy/measurements/20260817_174754_npu_float_gt_q23_k8_max_uniform_s23000177_rep2_rapl.txt,0.451619,3.954996,8.757375,4.871461,1.754952,3.885914,0,rapl:package+core,1.206827,1.206827,0.139643,0.139643,0.526561571577,0.526561571577,2.828849,0.319251
rapl,npu,float,gt,max,8,8388608,uniform,23000177,3,bench/results/raw/energy/measurements/20260817_174754_npu_float_gt_q23_k8_max_uniform_s23000177_rep3_rapl.txt,0.446573,3.921581,8.781495,4.871461,1.746117,3.910034,0,rapl:package+core,1.254386,1.254386,0.139949,0.139949,0.572629904511,0.572629904511,2.811759,0.313835
rapl,npu,float,gt,max,131072,16777216,uniform,24131244,1,bench/results/raw/energy/measurements/20260817_174754_npu_float_gt_q24_k131072_max_uniform_s24131244_rep1_rapl.txt,4.678405,33.645981,7.191764,4.871461,10.855316,2.320303,0,rapl:package+core,26.595793,26.595793,3.781265,3.781265,8.17550802184,8.17550802184,29.20575,4.105692
rapl,npu,float,gt,max,131072,16777216,uniform,24131244,2,bench/results/raw/energy/measurements/20260817_174754_npu_float_gt_q24_k131072_max_uniform_s24131244_rep2_rapl.txt,4.600163,32.858286,7.142852,4.871461,10.448769,2.271391,0,rapl:package+core,25.942519,25.942519,3.695338,3.695338,7.94082405118,7.94082405118,28.67706,4.033143
rapl,npu,float,gt,max,131072,16777216,uniform,24131244,3,bench/results/raw/energy/measurements/20260817_174754_npu_float_gt_q24_k131072_max_uniform_s24131244_rep3_rapl.txt,4.582844,33.030808,7.207492,4.871461,10.705663,2.336031,0,rapl:package+core,26.071419,26.071419,3.69367,3.69367,8.07784964813,8.07784964813,28.874651,4.023451
rapl,npu,float,gt,max,256,16777216,uniform,24000428,1,bench/results/raw/energy/measurements/20260817_174754_npu_float_gt_q24_k256_max_uniform_s24000428_rep1_rapl.txt,0.781986,7.02103,8.978465,4.871461,3.211618,4.107004,0,rapl:package+core,2.546998,2.546998,0.281159,0.281159,1.1773428967,1.1773428967,5.412485,0.595207
rapl,npu,float,gt,max,256,16777216,uniform,24000428,2,bench/results/raw/energy/measurements/20260817_174754_npu_float_gt_q24_k256_max_uniform_s24000428_rep2_rapl.txt,0.788818,6.996876,8.87008,4.871461,3.154182,3.998619,0,rapl:package+core,2.610382,2.610382,0.281163,0.281163,1.24070741086,1.24070741086,5.392117,0.599419
rapl,npu,float,gt,max,256,16777216,uniform,24000428,3,bench/results/raw/energy/measurements/20260817_174754_npu_float_gt_q24_k256_max_uniform_s24000428_rep3_rapl.txt,0.782166,7.125486,9.109944,4.871461,3.315196,4.238483,0,rapl:package+core,2.65276,2.65276,0.281222,0.281222,1.28279799466,1.28279799466,5.546649,0.595363
rapl,npu,float,gt,max,4096,16777216,uniform,24004268,1,bench/results/raw/energy/measurements/20260817_174754_npu_float_gt_q24_k4096_max_uniform_s24004268_rep1_rapl.txt,0.912146,8.014951,8.786914,4.871461,3.571466,3.915453,0,rapl:package+core,3.563949,3.563949,0.400773,0.400773,1.61159896065,1.61159896065,6.311776,0.710642
rapl,npu,float,gt,max,4096,16777216,uniform,24004268,2,bench/results/raw/energy/measurements/20260817_174754_npu_float_gt_q24_k4096_max_uniform_s24004268_rep2_rapl.txt,0.910064,7.842886,8.61795,4.871461,3.409545,3.746489,0,rapl:package+core,3.330069,3.330069,0.400869,0.400869,1.37725130039,1.37725130039,6.185303,0.711778
rapl,npu,float,gt,max,4096,16777216,uniform,24004268,3,bench/results/raw/energy/measurements/20260817_174754_npu_float_gt_q24_k4096_max_uniform_s24004268_rep3_rapl.txt,0.913239,7.880482,8.629154,4.871461,3.431673,3.757693,0,rapl:package+core,3.453811,3.453811,0.401578,0.401578,1.49753943454,1.49753943454,6.196869,0.71368
rapl,npu,float,gt,max,8,16777216,uniform,24000180,1,bench/results/raw/energy/measurements/20260817_174754_npu_float_gt_q24_k8_max_uniform_s24000180_rep1_rapl.txt,0.775091,7.015231,9.050852,4.871461,3.239407,4.179391,0,rapl:package+core,2.552096,2.552096,0.274377,0.274377,1.2154791452,1.2154791452,5.427164,0.58922
rapl,npu,float,gt,max,8,16777216,uniform,24000180,2,bench/results/raw/energy/measurements/20260817_174754_npu_float_gt_q24_k8_max_uniform_s24000180_rep2_rapl.txt,0.777321,6.952323,8.943953,4.871461,3.165634,4.072492,0,rapl:package+core,2.525307,2.525307,0.274528,0.274528,1.18795455459,1.18795455459,5.397915,0.594233
rapl,npu,float,gt,max,8,16777216,uniform,24000180,3,bench/results/raw/energy/measurements/20260817_174754_npu_float_gt_q24_k8_max_uniform_s24000180_rep3_rapl.txt,0.780539,7.000934,8.969355,4.871461,3.198567,4.097894,0,rapl:package+core,2.468668,2.468668,0.274901,0.274901,1.12949849964,1.12949849964,5.405222,0.593225
rapl,npu,float,map_reduce,max,256,65536,uniform,16000404,1,bench/results/raw/energy/measurements/20260817_174754_npu_float_map_reduce_q16_k256_max_uniform_s16000404_rep1_rapl.txt,0.151626,1.389348,9.163015,4.871461,0.65071,4.291554,0,rapl:package+core,0.29837,0.286133,0.028367,0.023927,0.160181265813,0.169573552653,0.310378,0.029584
rapl,npu,float,map_reduce,max,256,65536,uniform,16000404,2,bench/results/raw/energy/measurements/20260817_174754_npu_float_map_reduce_q16_k256_max_uniform_s16000404_rep2_rapl.txt,0.147592,1.361776,9.226635,4.871461,0.642788,4.355174,0,rapl:package+core,0.288315,0.250841,0.027307,0.023044,0.155290014473,0.138583052716,0.300506,0.028525
rapl,npu,float,map_reduce,max,256,65536,uniform,16000404,3,bench/results/raw/energy/measurements/20260817_174754_npu_float_map_reduce_q16_k256_max_uniform_s16000404_rep3_rapl.txt,0.145125,1.36347,9.395148,4.871461,0.6565,4.523687,0,rapl:package+core,0.287796,0.250139,0.027437,0.023154,0.154137724543,0.137345192006,0.300125,0.028659
rapl,npu,float,map_reduce,max,4096,65536,uniform,16004244,1,bench/results/raw/energy/measurements/20260817_174754_npu_float_map_reduce_q16_k4096_max_uniform_s16004244_rep1_rapl.txt,0.182587,1.794646,9.82897,4.871461,0.905179,4.957509,0,rapl:package+core,0.682017,0.631986,0.063153,0.058571,0.374369623467,0.346659657769,0.682017,0.064282
rapl,npu,float,map_reduce,max,4096,65536,uniform,16004244,2,bench/results/raw/energy/measurements/20260817_174754_npu_float_map_reduce_q16_k4096_max_uniform_s16004244_rep2_rapl.txt,0.181745,1.694553,9.323779,4.871461,0.809188,4.452318,0,rapl:package+core,0.589828,0.544145,0.063168,0.058291,0.282107551552,0.260182666849,0.601211,0.064382
rapl,npu,float,map_reduce,max,4096,65536,uniform,16004244,3,bench/results/raw/energy/measurements/20260817_174754_npu_float_map_reduce_q16_k4096_max_uniform_s16004244_rep3_rapl.txt,0.186385,1.703738,9.140965,4.871461,0.795771,4.269504,0,rapl:package+core,0.575668,0.541673,0.062825,0.058151,0.269618462675,0.258392671389,0.609267,0.064053
rapl,npu,float,map_reduce,max,8,65536,uniform,16000156,1,bench/results/raw/energy/measurements/20260817_174754_npu_float_map_reduce_q16_k8_max_uniform_s16000156_rep1_rapl.txt,0.147208,1.368078,9.293505,4.871461,0.65096,4.422044,0,rapl:package+core,0.29422,0.233463,0.026788,0.022267,0.163723302732,0.124990177913,0.29422,0.027997
rapl,npu,float,map_reduce,max,8,65536,uniform,16000156,2,bench/results/raw/energy/measurements/20260817_174754_npu_float_map_reduce_q16_k8_max_uniform_s16000156_rep2_rapl.txt,0.143249,1.345344,9.39166,4.871461,0.647513,4.520199,0,rapl:package+core,0.246935,0.20853,0.02781,0.023028,0.11145966959,0.096349996092,0.295974,0.029025
rapl,npu,float,map_reduce,max,8,65536,uniform,16000156,3,bench/results/raw/energy/measurements/20260817_174754_npu_float_map_reduce_q16_k8_max_uniform_s16000156_rep3_rapl.txt,0.144957,1.352454,9.330062,4.871461,0.646304,4.458601,0,rapl:package+core,0.27527,0.238391,0.026591,0.022206,0.145732980549,0.130215337034,0.287659,0.027797
rapl,npu,float,map_reduce,max,131072,131072,uniform,17131223,1,bench/results/raw/energy/measurements/20260817_174754_npu_float_map_reduce_q17_k131072_max_uniform_s17131223_rep1_rapl.txt,0.673075,5.689403,8.452855,4.871461,2.410546,3.581394,0,rapl:package+core,3.968026,3.910183,0.477668,0.470533,1.64108496705,1.61799984129,3.968026,0.479477
rapl,npu,float,map_reduce,max,131072,131072,uniform,17131223,2,bench/results/raw/energy/measurements/20260817_174754_npu_float_map_reduce_q17_k131072_max_uniform_s17131223_rep2_rapl.txt,0.675747,5.682339,8.408969,4.871461,2.390462,3.537508,0,rapl:package+core,3.93661,3.93661,0.478542,0.471883,1.60541131014,1.63785036894,3.93661,0.480419
rapl,npu,float,map_reduce,max,131072,131072,uniform,17131223,3,bench/results/raw/energy/measurements/20260817_174754_npu_float_map_reduce_q17_k131072_max_uniform_s17131223_rep3_rapl.txt,0.679251,5.720682,8.422042,4.871461,2.411736,3.550581,0,rapl:package+core,3.9452,3.897122,0.476709,0.46998,1.62293069815,1.60763275922,3.955026,0.478563
rapl,npu,float,map_reduce,max,256,131072,uniform,17000407,1,bench/results/raw/energy/measurements/20260817_174754_npu_float_map_reduce_q17_k256_max_uniform_s17000407_rep1_rapl.txt,0.143038,1.406529,9.833285,4.871461,0.709727,4.961824,0,rapl:package+core,0.312698,0.312698,0.029141,0.02454,0.170738754999,0.19315234706,0.312698,0.030339
rapl,npu,float,map_reduce,max,256,131072,uniform,17000407,2,bench/results/raw/energy/measurements/20260817_174754_npu_float_map_reduce_q17_k256_max_uniform_s17000407_rep2_rapl.txt,0.151371,1.417041,9.361377,4.871461,0.679643,4.489916,0,rapl:package+core,0.311797,0.299697,0.029354,0.024829,0.168800133806,0.178743494831,0.325056,0.030579
rapl,npu,float,map_reduce,max,256,131072,uniform,17000407,3,bench/results/raw/energy/measurements/20260817_174754_npu_float_map_reduce_q17_k256_max_uniform_s17000407_rep3_rapl.txt,0.147313,1.367132,9.28048,4.871461,0.649504,4.409019,0,rapl:package+core,0.248995,0.18746,0.028985,0.024358,0.107795702915,0.068800952962,0.323012,0.030199
rapl,npu,float,map_reduce,max,4096,131072,uniform,17004247,1,bench/results/raw/energy/measurements/20260817_174754_npu_float_map_reduce_q17_k4096_max_uniform_s17004247_rep1_rapl.txt,0.191898,1.791488,9.335644,4.871461,0.856666,4.464183,0,rapl:package+core,0.663249,0.640407,0.07086,0.066257,0.31805727354,0.317638608523,0.68693,0.072096
rapl,npu,float,map_reduce,max,4096,131072,uniform,17004247,2,bench/results/raw/energy/measurements/20260817_174754_npu_float_map_reduce_q17_k4096_max_uniform_s17004247_rep2_rapl.txt,0.192589,1.778533,9.234872,4.871461,0.840344,4.363411,0,rapl:package+core,0.69816,0.629437,0.072054,0.067212,0.347151749106,0.302016363268,0.69816,0.073279
rapl,npu,float,map_reduce,max,4096,131072,uniform,17004247,3,bench/results/raw/energy/measurements/20260817_174754_npu_float_map_reduce_q17_k4096_max_uniform_s17004247_rep3_rapl.txt,0.189501,1.769638,9.338431,4.871461,0.846493,4.46697,0,rapl:package+core,0.685175,0.639126,0.071663,0.066871,0.336071490357,0.313366531469,0.696512,0.07288
rapl,npu,float,map_reduce,max,8,131072,uniform,17000159,1,bench/results/raw/energy/measurements/20260817_174754_npu_float_map_reduce_q17_k8_max_uniform_s17000159_rep1_rapl.txt,0.146981,1.398472,9.51466,4.871461,0.682461,4.643199,0,rapl:package+core,0.292054,0.216876,0.028369,0.023675,0.153855522891,0.101544160825,0.304611,0.029589
rapl,npu,float,map_reduce,max,8,131072,uniform,17000159,2,bench/results/raw/energy/measurements/20260817_174754_npu_float_map_reduce_q17_k8_max_uniform_s17000159_rep2_rapl.txt,0.149832,1.431262,9.552445,4.871461,0.701361,4.680984,0,rapl:package+core,0.315795,0.290635,0.028181,0.023638,0.178512357559,0.175483404882,0.315795,0.029383
rapl,npu,float,map_reduce,max,8,131072,uniform,17000159,3,bench/results/raw/energy/measurements/20260817_174754_npu_float_map_reduce_q17_k8_max_uniform_s17000159_rep3_rapl.txt,0.145814,1.369406,9.391477,4.871461,0.65908,4.520016,0,rapl:package+core,0.294983,0.257112,0.028164,0.023487,0.157783172396,0.142695995493,0.30696,0.029387
rapl,npu,float,map_reduce,max,131072,262144,uniform,18131226,1,bench/results/raw/energy/measurements/20260817_174754_npu_float_map_reduce_q18_k131072_max_uniform_s18131226_rep1_rapl.txt,1.023433,8.721931,8.522232,4.871461,3.736318,3.650771,0,rapl:package+core,6.654349,6.557322,0.794273,0.786008,2.78507905715,2.72831468231,6.654349,0.796105
rapl,npu,float,map_reduce,max,131072,262144,uniform,18131226,2,bench/results/raw/energy/measurements/20260817_174754_npu_float_map_reduce_q18_k131072_max_uniform_s18131226_rep2_rapl.txt,1.021278,8.836946,8.652828,4.871461,3.861828,3.781367,0,rapl:package+core,6.783492,6.70702,0.793539,0.785838,2.91779770952,2.87884083068,6.812117,0.795451
rapl,npu,float,map_reduce,max,131072,262144,uniform,18131226,3,bench/results/raw/energy/measurements/20260817_174754_npu_float_map_reduce_q18_k131072_max_uniform_s18131226_rep3_rapl.txt,1.030797,8.771901,8.50982,4.871461,3.750411,3.638359,0,rapl:package+core,6.683371,6.644586,0.799296,0.791201,2.78963170854,2.79028118534,6.712132,0.801021
rapl,npu,float,map_reduce,max,256,262144,uniform,18000410,1,bench/results/raw/energy/measurements/20260817_174754_npu_float_map_reduce_q18_k256_max_uniform_s18000410_rep1_rapl.txt,0.160604,1.493895,9.301716,4.871461,0.711518,4.430255,0,rapl:package+core,0.329955,0.317428,0.031118,0.026669,0.178364876602,0.187511006591,0.342344,0.032298
rapl,npu,float,map_reduce,max,256,262144,uniform,18000410,2,bench/results/raw/energy/measurements/20260817_174754_npu_float_map_reduce_q18_k256_max_uniform_s18000410_rep2_rapl.txt,0.151574,1.51724,10.009872,4.871461,0.778851,5.138411,0,rapl:package+core,0.380413,0.326966,0.031888,0.027275,0.225071851632,0.194096901225,0.393565,0.033101
rapl,npu,float,map_reduce,max,256,262144,uniform,18000410,3,bench/results/raw/energy/measurements/20260817_174754_npu_float_map_reduce_q18_k256_max_uniform_s18000410_rep3_rapl.txt,0.147614,1.403843,9.510199,4.871461,0.684745,4.638738,0,rapl:package+core,0.327971,0.277467,0.030768,0.02657,0.178085887952,0.14803228123,0.343321,0.03194
rapl,npu,float,map_reduce,max,4096,262144,uniform,18004250,1,bench/results/raw/energy/measurements/20260817_174754_npu_float_map_reduce_q18_k4096_max_uniform_s18004250_rep1_rapl.txt,0.205853,1.890146,9.182019,4.871461,0.887341,4.310558,0,rapl:package+core,0.754783,0.719751,0.080795,0.076367,0.361193308505,0.347732137813,0.776892,0.082013
rapl,npu,float,map_reduce,max,4096,262144,uniform,18004250,2,bench/results/raw/energy/measurements/20260817_174754_npu_float_map_reduce_q18_k4096_max_uniform_s18004250_rep2_rapl.txt,0.204738,1.882639,9.195351,4.871461,0.885265,4.32389,0,rapl:package+core,0.760658,0.705775,0.081304,0.076761,0.364588734856,0.331836782179,0.782797,0.082525
rapl,npu,float,map_reduce,max,4096,262144,uniform,18004250,3,bench/results/raw/energy/measurements/20260817_174754_npu_float_map_reduce_q18_k4096_max_uniform_s18004250_rep3_rapl.txt,0.207208,1.904869,9.193032,4.871461,0.895464,4.321571,0,rapl:package+core,0.78063,0.724832,0.081396,0.076792,0.384112560444,0.350742766888,0.78063,0.082589
rapl,npu,float,map_reduce,max,8,262144,uniform,18000162,1,bench/results/raw/energy/measurements/20260817_174754_npu_float_map_reduce_q18_k8_max_uniform_s18000162_rep1_rapl.txt,0.148911,1.379613,9.264696,4.871461,0.6542,4.393235,0,rapl:package+core,0.330717,0.254642,0.030341,0.025838,0.182912001799,0.128773190682,0.34329,0.03156
rapl,npu,float,map_reduce,max,8,262144,uniform,18000162,2,bench/results/raw/energy/measurements/20260817_174754_npu_float_map_reduce_q18_k8_max_uniform_s18000162_rep2_rapl.txt,0.153574,1.410373,9.183685,4.871461,0.662244,4.312224,0,rapl:package+core,0.301269,0.264314,0.030484,0.025906,0.152767382876,0.138113931334,0.326216,0.03169
rapl,npu,float,map_reduce,max,8,262144,uniform,18000162,3,bench/results/raw/energy/measurements/20260817_174754_npu_float_map_reduce_q18_k8_max_uniform_s18000162_rep3_rapl.txt,0.151799,1.408878,9.28118,4.871461,0.669393,4.409719,0,rapl:package+core,0.318739,0.281204,0.030286,0.025877,0.171201932154,0.155145203703,0.331419,0.031456
rapl,npu,float,map_reduce,max,131072,524288,uniform,19131229,1,bench/results/raw/energy/measurements/20260817_174754_npu_float_map_reduce_q19_k131072_max_uniform_s19131229_rep1_rapl.txt,1.381661,11.750231,8.504423,4.871461,5.019522,3.632962,0,rapl:package+core,9.429916,9.339176,1.116658,1.108358,3.99016010266,3.93985322896,9.439575,1.118706
rapl,npu,float,map_reduce,max,131072,524288,uniform,19131229,2,bench/results/raw/energy/measurements/20260817_174754_npu_float_map_reduce_q19_k131072_max_uniform_s19131229_rep2_rapl.txt,1.379266,11.667976,8.459557,4.871461,4.948938,3.588096,0,rapl:package+core,9.33611,9.287345,1.114028,1.106544,3.90916604509,3.89685905922,9.345647,1.115727
rapl,npu,float,map_reduce,max,131072,524288,uniform,19131229,3,bench/results/raw/energy/measurements/20260817_174754_npu_float_map_reduce_q19_k131072_max_uniform_s19131229_rep3_rapl.txt,1.385704,11.711965,8.451995,4.871461,4.961561,3.580534,0,rapl:package+core,9.360111,9.283334,1.116468,1.109477,3.92128068025,3.8785600641,9.369663,1.118073
rapl,npu,float,map_reduce,max,256,524288,uniform,19000413,1,bench/results/raw/energy/measurements/20260817_174754_npu_float_map_reduce_q19_k256_max_uniform_s19000413_rep1_rapl.txt,0.160164,1.515395,9.461528,4.871461,0.735163,4.590067,0,rapl:package+core,0.378184,0.338268,0.035779,0.031417,0.203887996881,0.185221309763,0.391291,0.037
rapl,npu,float,map_reduce,max,256,524288,uniform,19000413,2,bench/results/raw/energy/measurements/20260817_174754_npu_float_map_reduce_q19_k256_max_uniform_s19000413_rep2_rapl.txt,0.16001,1.504241,9.400927,4.871461,0.724759,4.529466,0,rapl:package+core,0.405649,0.340695,0.035048,0.030753,0.234914034872,0.190882959867,0.405649,0.036276
rapl,npu,float,map_reduce,max,256,524288,uniform,19000413,3,bench/results/raw/energy/measurements/20260817_174754_npu_float_map_reduce_q19_k256_max_uniform_s19000413_rep3_rapl.txt,0.153055,1.568156,10.24569,4.871461,0.822554,5.374229,0,rapl:package+core,0.441765,0.36743,0.03631,0.031746,0.26488225109,0.212780599094,0.454566,0.03753
rapl,npu,float,map_reduce,max,4096,524288,uniform,19004253,1,bench/results/raw/energy/measurements/20260817_174754_npu_float_map_reduce_q19_k4096_max_uniform_s19004253_rep1_rapl.txt,0.219112,2.030474,9.266835,4.871461,0.963079,4.395374,0,rapl:package+core,0.88002,0.824832,0.091079,0.086418,0.436332203581,0.403850083302,0.88002,0.092305
rapl,npu,float,map_reduce,max,4096,524288,uniform,19004253,2,bench/results/raw/energy/measurements/20260817_174754_npu_float_map_reduce_q19_k4096_max_uniform_s19004253_rep2_rapl.txt,0.218554,2.039186,9.330352,4.871461,0.974509,4.458891,0,rapl:package+core,0.872117,0.826877,0.090564,0.086082,0.430938005996,0.407531894198,0.894516,0.091793
rapl,npu,float,map_reduce,max,4096,524288,uniform,19004253,3,bench/results/raw/energy/measurements/20260817_174754_npu_float_map_reduce_q19_k4096_max_uniform_s19004253_rep3_rapl.txt,0.222034,2.06102,9.282453,4.871461,0.97939,4.410992,0,rapl:package+core,0.888291,0.831655,0.091702,0.086949,0.441568283378,0.408086337511,0.888291,0.092942
rapl,npu,float,map_reduce,max,8,524288,uniform,19000165,1,bench/results/raw/energy/measurements/20260817_174754_npu_float_map_reduce_q19_k8_max_uniform_s19000165_rep1_rapl.txt,0.160109,1.496901,9.349273,4.871461,0.716937,4.477812,0,rapl:package+core,0.387965,0.362132,0.034922,0.030747,0.217843838958,0.212349188633,0.387965,0.036142
rapl,npu,float,map_reduce,max,8,524288,uniform,19000165,2,bench/results/raw/energy/measurements/20260817_174754_npu_float_map_reduce_q19_k8_max_uniform_s19000165_rep2_rapl.txt,0.157404,1.506132,9.568549,4.871461,0.739342,4.697088,0,rapl:package+core,0.395731,0.34367,0.035902,0.031332,0.220835807178,0.191037383948,0.395731,0.037134
rapl,npu,float,map_reduce,max,8,524288,uniform,19000165,3,bench/results/raw/energy/measurements/20260817_174754_npu_float_map_reduce_q19_k8_max_uniform_s19000165_rep3_rapl.txt,0.157423,1.495727,9.501323,4.871461,0.728847,4.629862,0,rapl:package+core,0.390223,0.352399,0.034908,0.030458,0.220170039412,0.204024040862,0.402948,0.036122
rapl,npu,float,map_reduce,max,131072,1048576,uniform,20131232,1,bench/results/raw/energy/measurements/20260817_174754_npu_float_map_reduce_q20_k131072_max_uniform_s20131232_rep1_rapl.txt,1.739915,14.968724,8.603135,4.871461,6.492795,3.731674,0,rapl:package+core,12.307346,12.150952,1.439506,1.432743,5.29484866173,5.17140035248,12.336886,1.441164
rapl,npu,float,map_reduce,max,131072,1048576,uniform,20131232,2,bench/results/raw/energy/measurements/20260817_174754_npu_float_map_reduce_q20_k131072_max_uniform_s20131232_rep2_rapl.txt,1.737068,14.846629,8.546945,4.871461,6.384568,3.675484,0,rapl:package+core,12.225046,12.148328,1.43942,1.431645,5.21296760738,5.17412521665,12.234704,1.441144
rapl,npu,float,map_reduce,max,131072,1048576,uniform,20131232,3,bench/results/raw/energy/measurements/20260817_174754_npu_float_map_reduce_q20_k131072_max_uniform_s20131232_rep3_rapl.txt,1.740082,14.847163,8.532451,4.871461,6.370422,3.66099,0,rapl:package+core,12.213189,12.203759,1.438244,1.429674,5.20683944552,5.23915786629,12.213189,1.439946
rapl,npu,float,map_reduce,max,256,1048576,uniform,20000416,1,bench/results/raw/energy/measurements/20260817_174754_npu_float_map_reduce_q20_k256_max_uniform_s20000416_rep1_rapl.txt,0.174411,1.670934,9.580436,4.871461,0.821297,4.708975,0,rapl:package+core,0.536166,0.46952,0.046605,0.041997,0.309131560095,0.264933252383,0.536166,0.047788
rapl,npu,float,map_reduce,max,256,1048576,uniform,20000416,2,bench/results/raw/energy/measurements/20260817_174754_npu_float_map_reduce_q20_k256_max_uniform_s20000416_rep2_rapl.txt,0.169531,1.616631,9.535883,4.871461,0.790766,4.664422,0,rapl:package+core,0.529712,0.476202,0.046754,0.042086,0.301951712406,0.271181692354,0.529712,0.047977
rapl,npu,float,map_reduce,max,256,1048576,uniform,20000416,3,bench/results/raw/energy/measurements/20260817_174754_npu_float_map_reduce_q20_k256_max_uniform_s20000416_rep3_rapl.txt,0.167353,1.663397,9.939442,4.871461,0.848143,5.067981,0,rapl:package+core,0.528461,0.474906,0.046203,0.041651,0.303384887417,0.272004777889,0.542559,0.047428
rapl,npu,float,map_reduce,max,4096,1048576,uniform,20004256,1,bench/results/raw/energy/measurements/20260817_174754_npu_float_map_reduce_q20_k4096_max_uniform_s20004256_rep1_rapl.txt,0.241564,2.289829,9.479199,4.871461,1.113062,4.607738,0,rapl:package+core,1.069052,1.021295,0.106625,0.102058,0.549632470875,0.524123433262,1.069052,0.10787
rapl,npu,float,map_reduce,max,4096,1048576,uniform,20004256,2,bench/results/raw/energy/measurements/20260817_174754_npu_float_map_reduce_q20_k4096_max_uniform_s20004256_rep2_rapl.txt,0.240486,2.26505,9.41863,4.871461,1.093531,4.547169,0,rapl:package+core,1.050863,1.027258,0.107583,0.10304,0.526776611237,0.52530265856,1.063497,0.108813
rapl,npu,float,map_reduce,max,4096,1048576,uniform,20004256,3,bench/results/raw/energy/measurements/20260817_174754_npu_float_map_reduce_q20_k4096_max_uniform_s20004256_rep3_rapl.txt,0.240676,2.294345,9.532913,4.871461,1.1219,4.661452,0,rapl:package+core,1.068182,1.032417,0.107193,0.102464,0.545995481027,0.533267620096,1.068182,0.108438
rapl,npu,float,map_reduce,max,8,1048576,uniform,20000168,1,bench/results/raw/energy/measurements/20260817_174754_npu_float_map_reduce_q20_k8_max_uniform_s20000168_rep1_rapl.txt,0.171278,1.741182,10.165852,4.871461,0.90681,5.294391,0,rapl:package+core,0.512974,0.473395,0.045069,0.040808,0.293422124191,0.274600419512,0.512974,0.046283
rapl,npu,float,map_reduce,max,8,1048576,uniform,20000168,2,bench/results/raw/energy/measurements/20260817_174754_npu_float_map_reduce_q20_k8_max_uniform_s20000168_rep2_rapl.txt,0.168519,1.62281,9.629833,4.871461,0.801876,4.758372,0,rapl:package+core,0.485936,0.432914,0.04301,0.038445,0.27641446239,0.245630681855,0.499058,0.044221
rapl,npu,float,map_reduce,max,8,1048576,uniform,20000168,3,bench/results/raw/energy/measurements/20260817_174754_npu_float_map_reduce_q20_k8_max_uniform_s20000168_rep3_rapl.txt,0.165769,1.592141,9.604598,4.871461,0.784606,4.733137,0,rapl:package+core,0.510441,0.443794,0.044058,0.039797,0.295814171262,0.249924466583,0.510441,0.045289
rapl,npu,float,map_reduce,max,131072,2097152,uniform,21131235,1,bench/results/raw/energy/measurements/20260817_174754_npu_float_map_reduce_q21_k131072_max_uniform_s21131235_rep1_rapl.txt,2.136189,18.4793,8.650593,4.871461,8.07294,3.779132,0,rapl:package+core,15.478051,15.377896,1.79947,1.791664,6.71200307433,6.6498746989,15.520803,1.801181
rapl,npu,float,map_reduce,max,131072,2097152,uniform,21131235,2,bench/results/raw/energy/measurements/20260817_174754_npu_float_map_reduce_q21_k131072_max_uniform_s21131235_rep2_rapl.txt,2.140251,18.368756,8.582525,4.871461,7.942607,3.711064,0,rapl:package+core,15.364775,15.326279,1.797466,1.787831,6.60848948217,6.61693000891,15.364775,1.799153
rapl,npu,float,map_reduce,max,131072,2097152,uniform,21131235,3,bench/results/raw/energy/measurements/20260817_174754_npu_float_map_reduce_q21_k131072_max_uniform_s21131235_rep3_rapl.txt,2.140165,18.321211,8.560654,4.871461,7.895481,3.689193,0,rapl:package+core,15.315417,15.27651,1.798607,1.789333,6.55357314517,6.55984407449,15.334672,1.800375
rapl,npu,float,map_reduce,max,256,2097152,uniform,21000419,1,bench/results/raw/energy/measurements/20260817_174754_npu_float_map_reduce_q21_k256_max_uniform_s21000419_rep1_rapl.txt,0.202525,2.116101,10.448609,4.871461,1.12951,5.577148,0,rapl:package+core,0.925642,0.879533,0.075108,0.070554,0.559756307212,0.535831940606,0.925642,0.076335
rapl,npu,float,map_reduce,max,256,2097152,uniform,21000419,2,bench/results/raw/energy/measurements/20260817_174754_npu_float_map_reduce_q21_k256_max_uniform_s21000419_rep2_rapl.txt,0.208219,2.123746,10.199587,4.871461,1.109416,5.328126,0,rapl:package+core,0.910826,0.864824,0.076175,0.071472,0.539742458325,0.516650939408,0.925748,0.077405
rapl,npu,float,map_reduce,max,256,2097152,uniform,21000419,3,bench/results/raw/energy/measurements/20260817_174754_npu_float_map_reduce_q21_k256_max_uniform_s21000419_rep3_rapl.txt,0.202959,2.115155,10.421572,4.871461,1.126447,5.550111,0,rapl:package+core,0.938291,0.800539,0.075379,0.070677,0.571085141281,0.456238750903,0.938291,0.07659
rapl,npu,float,map_reduce,max,4096,2097152,uniform,21004259,1,bench/results/raw/energy/measurements/20260817_174754_npu_float_map_reduce_q21_k4096_max_uniform_s21004259_rep1_rapl.txt,0.261798,2.63942,10.081899,4.871461,1.364082,5.210438,0,rapl:package+core,1.414494,1.346657,0.128942,0.124065,0.786358075738,0.742279191035,1.428729,0.13018
rapl,npu,float,map_reduce,max,4096,2097152,uniform,21004259,2,bench/results/raw/energy/measurements/20260817_174754_npu_float_map_reduce_q21_k4096_max_uniform_s21004259_rep2_rapl.txt,0.268198,2.720822,10.144825,4.871461,1.414306,5.273364,0,rapl:package+core,1.456544,1.42847,0.134152,0.129309,0.803027763928,0.798546249551,1.470551,0.135396
rapl,npu,float,map_reduce,max,4096,2097152,uniform,21004259,3,bench/results/raw/energy/measurements/20260817_174754_npu_float_map_reduce_q21_k4096_max_uniform_s21004259_rep3_rapl.txt,0.267427,2.679763,10.020532,4.871461,1.377002,5.149071,0,rapl:package+core,1.397115,1.327372,0.128995,0.123959,0.768720888305,0.723510565901,1.43915,0.13022
rapl,npu,float,map_reduce,max,8,2097152,uniform,21000171,1,bench/results/raw/energy/measurements/20260817_174754_npu_float_map_reduce_q21_k8_max_uniform_s21000171_rep1_rapl.txt,0.208756,2.116116,10.136793,4.871461,1.099169,5.265332,0,rapl:package+core,0.911132,0.835636,0.076586,0.071693,0.538046287854,0.486386346527,0.911132,0.077797
rapl,npu,float,map_reduce,max,8,2097152,uniform,21000171,2,bench/results/raw/energy/measurements/20260817_174754_npu_float_map_reduce_q21_k8_max_uniform_s21000171_rep2_rapl.txt,0.209307,2.121549,10.136077,4.871461,1.101919,5.264616,0,rapl:package+core,0.914137,0.822847,0.073442,0.068993,0.556367161238,0.486750291227,0.914137,0.074675
rapl,npu,float,map_reduce,max,8,2097152,uniform,21000171,3,bench/results/raw/energy/measurements/20260817_174754_npu_float_map_reduce_q21_k8_max_uniform_s21000171_rep3_rapl.txt,0.20475,2.113447,10.322094,4.871461,1.116016,5.450633,0,rapl:package+core,0.94746,0.871247,0.077726,0.073197,0.568820822314,0.514670669183,0.94746,0.078971
rapl,npu,float,map_reduce,max,131072,4194304,uniform,22131238,1,bench/results/raw/energy/measurements/20260817_174754_npu_float_map_reduce_q22_k131072_max_uniform_s22131238_rep1_rapl.txt,2.606792,22.849588,8.765406,4.871461,10.150704,3.893945,0,rapl:package+core,19.391286,19.35166,2.217151,2.208542,8.59052137239,8.59283378014,19.410511,2.218935
rapl,npu,float,map_reduce,max,131072,4194304,uniform,22131238,2,bench/results/raw/energy/measurements/20260817_174754_npu_float_map_reduce_q22_k131072_max_uniform_s22131238_rep2_rapl.txt,2.624884,23.02771,8.772847,4.871461,10.240688,3.901386,0,rapl:package+core,19.541104,19.492356,2.231437,2.223381,8.67074568054,8.66124217036,19.550792,2.233309
rapl,npu,float,map_reduce,max,131072,4194304,uniform,22131238,3,bench/results/raw/energy/measurements/20260817_174754_npu_float_map_reduce_q22_k131072_max_uniform_s22131238_rep3_rapl.txt,2.613853,22.927327,8.771469,4.871461,10.194045,3.900008,0,rapl:package+core,19.409794,19.361106,2.219836,2.212024,8.5959494996,8.58531735294,19.419666,2.221498
rapl,npu,float,map_reduce,max,256,4194304,uniform,22000422,1,bench/results/raw/energy/measurements/20260817_174754_npu_float_map_reduce_q22_k256_max_uniform_s22000422_rep1_rapl.txt,0.27109,2.97119,10.960169,4.871461,1.650587,6.088708,0,rapl:package+core,1.551906,1.537716,0.124667,0.119912,0.944595571513,0.953569368568,1.60917,0.125902
rapl,npu,float,map_reduce,max,256,4194304,uniform,22000422,2,bench/results/raw/energy/measurements/20260817_174754_npu_float_map_reduce_q22_k256_max_uniform_s22000422_rep2_rapl.txt,0.264402,2.966308,11.218925,4.871461,1.678283,6.347464,0,rapl:package+core,1.589854,1.518203,0.12337,0.118547,0.98886185643,0.940705912833,1.618554,0.124606
rapl,npu,float,map_reduce,max,256,4194304,uniform,22000422,3,bench/results/raw/energy/measurements/20260817_174754_npu_float_map_reduce_q22_k256_max_uniform_s22000422_rep3_rapl.txt,0.275947,3.026058,10.966071,4.871461,1.681791,6.09461,0,rapl:package+core,1.647925,1.548382,0.127398,0.122427,1.02731061152,0.951983644153,1.662237,0.128684
rapl,npu,float,map_reduce,max,4096,4194304,uniform,22004262,1,bench/results/raw/energy/measurements/20260817_174754_npu_float_map_reduce_q22_k4096_max_uniform_s22004262_rep1_rapl.txt,0.342323,3.691993,10.785106,4.871461,2.024378,5.913645,0,rapl:package+core,2.252646,2.252646,0.191299,0.186341,1.32074038216,1.3448930858,2.266668,0.19253
rapl,npu,float,map_reduce,max,4096,4194304,uniform,22004262,2,bench/results/raw/energy/measurements/20260817_174754_npu_float_map_reduce_q22_k4096_max_uniform_s22004262_rep2_rapl.txt,0.351301,3.761158,10.706363,4.871461,2.049808,5.834902,0,rapl:package+core,2.294101,2.250142,0.193616,0.188486,1.35090820702,1.33193980195,2.294101,0.194837
rapl,npu,float,map_reduce,max,4096,4194304,uniform,22004262,3,bench/results/raw/energy/measurements/20260817_174754_npu_float_map_reduce_q22_k4096_max_uniform_s22004262_rep3_rapl.txt,0.34541,3.70571,10.728435,4.871461,2.023058,5.856974,0,rapl:package+core,2.239767,2.196649,0.192154,0.187152,1.30369628301,1.28494533093,2.268483,0.193418
rapl,npu,float,map_reduce,max,8,4194304,uniform,22000174,1,bench/results/raw/energy/measurements/20260817_174754_npu_float_map_reduce_q22_k8_max_uniform_s22000174_rep1_rapl.txt,0.285369,3.159795,11.072658,4.871461,1.76963,6.201197,0,rapl:package+core,1.7975,1.738528,0.140484,0.135599,1.11313767288,1.07796275986,1.810805,0.141724
rapl,npu,float,map_reduce,max,8,4194304,uniform,22000174,2,bench/results/raw/energy/measurements/20260817_174754_npu_float_map_reduce_q22_k8_max_uniform_s22000174_rep2_rapl.txt,0.289262,3.160008,10.924396,4.871461,1.750881,6.052935,0,rapl:package+core,1.743211,1.730303,0.139311,0.134541,1.06456289663,1.0748917656,1.743211,0.140539
rapl,npu,float,map_reduce,max,8,4194304,uniform,22000174,3,bench/results/raw/energy/measurements/20260817_174754_npu_float_map_reduce_q22_k8_max_uniform_s22000174_rep3_rapl.txt,0.284365,3.119635,10.970524,4.871461,1.734361,6.099063,0,rapl:package+core,1.772156,1.732104,0.142452,0.137437,1.07820663763,1.06258501454,1.772156,0.143725
rapl,npu,float,map_reduce,max,131072,8388608,uniform,23131241,1,bench/results/raw/energy/measurements/20260817_174754_npu_float_map_reduce_q23_k131072_max_uniform_s23131241_rep1_rapl.txt,3.132384,28.133006,8.981339,4.871461,12.873718,4.109878,0,rapl:package+core,24.013086,23.935115,2.683187,2.674644,10.9420451738,10.9056910651,24.032555,2.685008
rapl,npu,float,map_reduce,max,131072,8388608,uniform,23131241,2,bench/results/raw/energy/measurements/20260817_174754_npu_float_map_reduce_q23_k131072_max_uniform_s23131241_rep2_rapl.txt,3.128421,28.087857,8.978285,4.871461,12.847875,4.106824,0,rapl:package+core,24.051185,23.962339,2.6803,2.671522,10.9942080817,10.9481237664,24.051185,2.681893
rapl,npu,float,map_reduce,max,131072,8388608,uniform,23131241,3,bench/results/raw/energy/measurements/20260817_174754_npu_float_map_reduce_q23_k131072_max_uniform_s23131241_rep3_rapl.txt,3.150759,28.163812,8.938738,4.871461,12.81501,4.067277,0,rapl:package+core,24.080496,24.051399,2.699297,2.69025,10.9309759371,10.9459510448,24.099965,2.700851
rapl,npu,float,map_reduce,max,256,8388608,uniform,23000425,1,bench/results/raw/energy/measurements/20260817_174754_npu_float_map_reduce_q23_k256_max_uniform_s23000425_rep1_rapl.txt,0.437538,5.118678,11.698828,4.871461,2.98723,6.827367,0,rapl:package+core,3.424369,3.391076,0.269338,0.263847,2.11229943718,2.10575562953,3.458089,0.270588
rapl,npu,float,map_reduce,max,256,8388608,uniform,23000425,2,bench/results/raw/energy/measurements/20260817_174754_npu_float_map_reduce_q23_k256_max_uniform_s23000425_rep2_rapl.txt,0.43821,5.153878,11.761218,4.871461,3.019157,6.889757,0,rapl:package+core,3.459874,3.459874,0.269093,0.263199,2.14899794513,2.17771033626,3.493731,0.27032
rapl,npu,float,map_reduce,max,256,8388608,uniform,23000425,3,bench/results/raw/energy/measurements/20260817_174754_npu_float_map_reduce_q23_k256_max_uniform_s23000425_rep3_rapl.txt,0.444118,5.299836,11.933408,4.871461,3.136335,7.061947,0,rapl:package+core,3.637446,3.5029,0.274428,0.268327,2.30058070069,2.19575548425,3.654977,0.275679
rapl,npu,float,map_reduce,max,4096,8388608,uniform,23004265,1,bench/results/raw/energy/measurements/20260817_174754_npu_float_map_reduce_q23_k4096_max_uniform_s23004265_rep1_rapl.txt,0.487626,5.598999,11.482157,4.871461,3.223548,6.610696,0,rapl:package+core,3.844955,3.745917,0.310426,0.304538,2.33272684761,2.26237200998,3.862197,0.311662
rapl,npu,float,map_reduce,max,4096,8388608,uniform,23004265,2,bench/results/raw/energy/measurements/20260817_174754_npu_float_map_reduce_q23_k4096_max_uniform_s23004265_rep2_rapl.txt,0.487754,5.728799,11.745255,4.871461,3.352723,6.873794,0,rapl:package+core,4.021001,3.970253,0.313304,0.307262,2.49475278286,2.47343815022,4.038182,0.314541
rapl,npu,float,map_reduce,max,4096,8388608,uniform,23004265,3,bench/results/raw/energy/measurements/20260817_174754_npu_float_map_reduce_q23_k4096_max_uniform_s23004265_rep3_rapl.txt,0.484339,5.545246,11.449095,4.871461,3.185806,6.577634,0,rapl:package+core,3.833603,3.751286,0.311011,0.305033,2.31852504293,2.26532963679,3.849914,0.312229
rapl,npu,float,map_reduce,max,8,8388608,uniform,23000177,1,bench/results/raw/energy/measurements/20260817_174754_npu_float_map_reduce_q23_k8_max_uniform_s23000177_rep1_rapl.txt,0.441599,5.10287,11.555441,4.871461,2.951638,6.68398,0,rapl:package+core,3.408683,3.323666,0.26733,0.261677,2.10639533087,2.0489166999,3.42507,0.26858
rapl,npu,float,map_reduce,max,8,8388608,uniform,23000177,2,bench/results/raw/energy/measurements/20260817_174754_npu_float_map_reduce_q23_k8_max_uniform_s23000177_rep2_rapl.txt,0.44867,5.485587,12.226338,4.871461,3.29991,7.354877,0,rapl:package+core,3.409369,3.310115,0.266508,0.260715,2.11108567181,2.04005204538,3.409369,0.267718
rapl,npu,float,map_reduce,max,8,8388608,uniform,23000177,3,bench/results/raw/energy/measurements/20260817_174754_npu_float_map_reduce_q23_k8_max_uniform_s23000177_rep3_rapl.txt,0.438115,5.143045,11.739039,4.871461,3.008787,6.867578,0,rapl:package+core,3.461339,3.378304,0.270856,0.265017,2.14187455938,2.08728402016,3.494555,0.272093
rapl,npu,float,map_reduce,max,131072,16777216,uniform,24131244,1,bench/results/raw/energy/measurements/20260817_174754_npu_float_map_reduce_q24_k131072_max_uniform_s24131244_rep1_rapl.txt,3.650265,34.369561,9.415633,4.871461,16.587435,4.544172,0,rapl:package+core,29.512756,29.482179,3.130966,3.123001,14.2603772387,14.2686014255,29.522903,3.132216
rapl,npu,float,map_reduce,max,131072,16777216,uniform,24131244,2,bench/results/raw/energy/measurements/20260817_174754_npu_float_map_reduce_q24_k131072_max_uniform_s24131244_rep2_rapl.txt,3.650066,34.479967,9.446396,4.871461,16.698813,4.574935,0,rapl:package+core,29.526779,29.446326,3.12924,3.12068,14.2828083804,14.2440550865,29.546751,3.130535
rapl,npu,float,map_reduce,max,131072,16777216,uniform,24131244,3,bench/results/raw/energy/measurements/20260817_174754_npu_float_map_reduce_q24_k131072_max_uniform_s24131244_rep3_rapl.txt,3.619833,33.979215,9.386957,4.871461,16.345341,4.515496,0,rapl:package+core,29.091773,29.001642,3.106026,3.098613,13.960888476,13.9068696164,29.091773,3.107272
rapl,npu,float,map_reduce,max,256,16777216,uniform,24000428,1,bench/results/raw/energy/measurements/20260817_174754_npu_float_map_reduce_q24_k256_max_uniform_s24000428_rep1_rapl.txt,0.760445,9.441909,12.416296,4.871461,5.737431,7.544835,0,rapl:package+core,7.160061,7.057773,0.536868,0.529533,4.54472947585,4.47817364229,7.178355,0.538107
rapl,npu,float,map_reduce,max,256,16777216,uniform,24000428,2,bench/results/raw/energy/measurements/20260817_174754_npu_float_map_reduce_q24_k256_max_uniform_s24000428_rep2_rapl.txt,0.766363,9.314872,12.154645,4.871461,5.581564,7.283184,0,rapl:package+core,6.964208,6.797759,0.539796,0.532612,4.33461283804,4.20316041387,7.015887,0.541046
rapl,npu,float,map_reduce,max,256,16777216,uniform,24000428,3,bench/results/raw/energy/measurements/20260817_174754_npu_float_map_reduce_q24_k256_max_uniform_s24000428_rep3_rapl.txt,0.761723,9.308249,12.219988,4.871461,5.597544,7.348527,0,rapl:package+core,7.011982,6.90745,0.539386,0.532172,4.38438413705,4.31499485671,7.046603,0.54063
rapl,npu,float,map_reduce,max,4096,16777216,uniform,24004268,1,bench/results/raw/energy/measurements/20260817_174754_npu_float_map_reduce_q24_k4096_max_uniform_s24004268_rep1_rapl.txt,0.793511,9.712083,12.239378,4.871461,5.846524,7.367917,0,rapl:package+core,7.268637,7.132581,0.564189,0.557036,4.52021228987,4.4190018504,7.28568,0.565426
rapl,npu,float,map_reduce,max,4096,16777216,uniform,24004268,2,bench/results/raw/energy/measurements/20260817_174754_npu_float_map_reduce_q24_k4096_max_uniform_s24004268_rep2_rapl.txt,0.79228,9.675129,12.211752,4.871461,5.815567,7.340291,0,rapl:package+core,7.297808,7.141063,0.560234,0.552927,4.56864991813,4.44750068365,7.332262,0.561473
rapl,npu,float,map_reduce,max,4096,16777216,uniform,24004268,3,bench/results/raw/energy/measurements/20260817_174754_npu_float_map_reduce_q24_k4096_max_uniform_s24004268_rep3_rapl.txt,0.783741,9.568902,12.209266,4.871461,5.750938,7.337805,0,rapl:package+core,7.253348,7.201867,0.559633,0.552138,4.52711766619,4.51214826638,7.270681,0.560875
rapl,npu,float,map_reduce,max,8,16777216,uniform,24000180,1,bench/results/raw/energy/measurements/20260817_174754_npu_float_map_reduce_q24_k8_max_uniform_s24000180_rep1_rapl.txt,0.745973,9.16037,12.279755,4.871461,5.52639,7.408294,0,rapl:package+core,6.860897,6.758256,0.518293,0.511011,4.33605286393,4.26888584293,6.860897,0.519543
rapl,npu,float,map_reduce,max,8,16777216,uniform,24000180,2,bench/results/raw/energy/measurements/20260817_174754_npu_float_map_reduce_q24_k8_max_uniform_s24000180_rep2_rapl.txt,0.740798,9.12079,12.312107,4.871461,5.512019,7.440646,0,rapl:package+core,6.803176,6.633584,0.51594,0.508748,4.28979441166,4.15523795917,6.819792,0.517208
rapl,npu,float,map_reduce,max,8,16777216,uniform,24000180,3,bench/results/raw/energy/measurements/20260817_174754_npu_float_map_reduce_q24_k8_max_uniform_s24000180_rep3_rapl.txt,0.738505,9.121935,12.351887,4.871461,5.524335,7.480426,0,rapl:package+core,6.838223,6.787992,0.517917,0.510788,4.31521053326,4.29970817873,6.85487,0.519174
