source,backend,dtype,algorithm,mode,k,n,dist,seed,rep,file_path,elapsed_seconds,energy_joules,average_watts,baseline_watts,net_energy_joules,net_average_watts,command_exit_code,inproc_counters,inproc_e2e_joules,inproc_algo_joules,inproc_e2e_seconds,inproc_algo_seconds,inproc_net_e2e_joules,inproc_net_algo_joules,inproc_loop_joules,inproc_loop_seconds,core_energy_joules,net_core_energy_joules,board_energy_joules,net_board_energy_joules,board_baseline_watts,core_baseline_watts
rapl,cpu,double,bitonic,max,256,65536,uniform,16000404,1,bench/results/raw/energy/measurements/20260825_014636_cpu_double_bitonic_q16_k256_max_uniform_s16000404_rep1_rapl.txt,0.044789,0.443748,9.907558,5.421215,0.200938,4.486343,0,rapl:package+core,0.332365,0.332365,0.034491,0.034491,0.145381873435,0.145381873435,0.358441,0.035902,0.011733,0.009915,,,,0.040593
rapl,cpu,double,bitonic,max,256,65536,uniform,16000404,2,bench/results/raw/energy/measurements/20260825_014636_cpu_double_bitonic_q16_k256_max_uniform_s16000404_rep2_rapl.txt,0.045762,0.443398,9.689155,5.421215,0.195311,4.26794,0,rapl:package+core,0.338269,0.338269,0.03552,0.03552,0.1457074432,0.1457074432,0.349667,0.036939,0.010116,0.008258,,,,0.040593
rapl,cpu,double,bitonic,max,256,65536,uniform,16000404,3,bench/results/raw/energy/measurements/20260825_014636_cpu_double_bitonic_q16_k256_max_uniform_s16000404_rep3_rapl.txt,0.046394,0.448174,9.660198,5.421215,0.196663,4.238983,0,rapl:package+core,0.367153,0.367153,0.035867,0.035867,0.172710281595,0.172710281595,0.367153,0.037305,0.012511,0.010628,,,,0.040593
rapl,cpu,double,bitonic,max,4096,65536,uniform,16004244,1,bench/results/raw/energy/measurements/20260825_014636_cpu_double_bitonic_q16_k4096_max_uniform_s16004244_rep1_rapl.txt,0.073538,0.699442,9.511292,5.421215,0.300776,4.090077,0,rapl:package+core,0.565171,0.565171,0.059922,0.059922,0.24032095477,0.24032095477,0.588333,0.061349,0.036344,0.033359,,,,0.040593
rapl,cpu,double,bitonic,max,4096,65536,uniform,16004244,2,bench/results/raw/energy/measurements/20260825_014636_cpu_double_bitonic_q16_k4096_max_uniform_s16004244_rep2_rapl.txt,0.0735,0.698953,9.509514,5.421215,0.300492,4.088299,0,rapl:package+core,0.575104,0.575104,0.059813,0.059813,0.250844867205,0.250844867205,0.586319,0.061241,0.015441,0.012457,,,,0.040593
rapl,cpu,double,bitonic,max,4096,65536,uniform,16004244,3,bench/results/raw/energy/measurements/20260825_014636_cpu_double_bitonic_q16_k4096_max_uniform_s16004244_rep3_rapl.txt,0.073379,0.695323,9.475771,5.421215,0.297519,4.054556,0,rapl:package+core,0.560899,0.560899,0.059771,0.059771,0.236867558235,0.236867558235,0.583313,0.061182,0.014693,0.011714,,,,0.040593
rapl,cpu,double,bitonic,max,8,65536,uniform,16000156,1,bench/results/raw/energy/measurements/20260825_014636_cpu_double_bitonic_q16_k8_max_uniform_s16000156_rep1_rapl.txt,0.015641,0.15731,10.057251,5.421215,0.072514,4.636036,0,rapl:package+core,0.079388,0.079388,0.008023,0.008023,0.035893592055,0.035893592055,0.101786,0.009445,0.010162,0.009527,,,,0.040593
rapl,cpu,double,bitonic,max,8,65536,uniform,16000156,2,bench/results/raw/energy/measurements/20260825_014636_cpu_double_bitonic_q16_k8_max_uniform_s16000156_rep2_rapl.txt,0.015476,0.171149,11.059173,5.421215,0.087252,5.637958,0,rapl:package+core,0.095195,0.095195,0.007951,0.007951,0.052090919535,0.052090919535,0.095195,0.009339,0.007187,0.006559,,,,0.040593
rapl,cpu,double,bitonic,max,8,65536,uniform,16000156,3,bench/results/raw/energy/measurements/20260825_014636_cpu_double_bitonic_q16_k8_max_uniform_s16000156_rep3_rapl.txt,0.015574,0.16352,10.499726,5.421215,0.079091,5.078511,0,rapl:package+core,0.072018,0.072018,0.007883,0.007883,0.029282562155,0.029282562155,0.096141,0.009257,0.00708,0.006448,,,,0.040593
rapl,cpu,double,bitonic,max,131072,131072,uniform,17131223,1,bench/results/raw/energy/measurements/20260825_014636_cpu_double_bitonic_q17_k131072_max_uniform_s17131223_rep1_rapl.txt,0.150417,1.964589,13.060963,5.421215,1.149147,7.639748,0,rapl:package+core,1.340308,1.340308,0.096062,0.096062,0.81953524467,0.81953524467,1.395954,0.098406,0.034849,0.028743,,,,0.040593
rapl,cpu,double,bitonic,max,131072,131072,uniform,17131223,2,bench/results/raw/energy/measurements/20260825_014636_cpu_double_bitonic_q17_k131072_max_uniform_s17131223_rep2_rapl.txt,0.148776,1.822125,12.247474,5.421215,1.015581,6.826259,0,rapl:package+core,1.24954,1.24954,0.094876,0.094876,0.73519680566,0.73519680566,1.314782,0.097245,0.025832,0.019793,,,,0.040593
rapl,cpu,double,bitonic,max,131072,131072,uniform,17131223,3,bench/results/raw/energy/measurements/20260825_014636_cpu_double_bitonic_q17_k131072_max_uniform_s17131223_rep3_rapl.txt,0.150069,1.861431,12.403834,5.421215,1.047875,6.982619,0,rapl:package+core,1.319131,1.319131,0.096052,0.096052,0.79841245682,0.79841245682,1.334877,0.098527,0.02629,0.020198,,,,0.040593
rapl,cpu,double,bitonic,max,256,131072,uniform,17000407,1,bench/results/raw/energy/measurements/20260825_014636_cpu_double_bitonic_q17_k256_max_uniform_s17000407_rep1_rapl.txt,0.048561,0.623457,12.838674,5.421215,0.360198,7.417459,0,rapl:package+core,0.456291,0.456291,0.035214,0.035214,0.26538833499,0.26538833499,0.50652,0.037572,0.012481,0.01051,,,,0.040593
rapl,cpu,double,bitonic,max,256,131072,uniform,17000407,2,bench/results/raw/energy/measurements/20260825_014636_cpu_double_bitonic_q17_k256_max_uniform_s17000407_rep2_rapl.txt,0.049989,0.638822,12.779377,5.421215,0.367824,7.358162,0,rapl:package+core,0.508961,0.508961,0.035137,0.035137,0.318475768545,0.318475768545,0.524875,0.037603,0.014694,0.012665,,,,0.040593
rapl,cpu,double,bitonic,max,256,131072,uniform,17000407,3,bench/results/raw/energy/measurements/20260825_014636_cpu_double_bitonic_q17_k256_max_uniform_s17000407_rep3_rapl.txt,0.050383,0.634641,12.596309,5.421215,0.361503,7.175094,0,rapl:package+core,0.467613,0.467613,0.035697,0.035697,0.274091888145,0.274091888145,0.514148,0.03823,0.013931,0.011886,,,,0.040593
rapl,cpu,double,bitonic,max,4096,131072,uniform,17004247,1,bench/results/raw/energy/measurements/20260825_014636_cpu_double_bitonic_q17_k4096_max_uniform_s17004247_rep1_rapl.txt,0.079584,1.012933,12.727866,5.421215,0.581492,7.306651,0,rapl:package+core,0.818745,0.818745,0.060912,0.060912,0.48852795192,0.48852795192,0.850466,0.063544,0.033201,0.02997,,,,0.040593
rapl,cpu,double,bitonic,max,4096,131072,uniform,17004247,2,bench/results/raw/energy/measurements/20260825_014636_cpu_double_bitonic_q17_k4096_max_uniform_s17004247_rep2_rapl.txt,0.078534,1.00181,12.756327,5.421215,0.576058,7.335112,0,rapl:package+core,0.766623,0.766623,0.061355,0.061355,0.434004353675,0.434004353675,0.833086,0.063922,0.018324,0.015136,,,,0.040593
rapl,cpu,double,bitonic,max,4096,131072,uniform,17004247,3,bench/results/raw/energy/measurements/20260825_014636_cpu_double_bitonic_q17_k4096_max_uniform_s17004247_rep3_rapl.txt,0.078271,1.023003,13.070028,5.421215,0.59868,7.648813,0,rapl:package+core,0.830631,0.830631,0.061292,0.061292,0.49835389022,0.49835389022,0.864122,0.063929,0.020095,0.016918,,,,0.040593
rapl,cpu,double,bitonic,max,8,131072,uniform,17000159,1,bench/results/raw/energy/measurements/20260825_014636_cpu_double_bitonic_q17_k8_max_uniform_s17000159_rep1_rapl.txt,0.019132,0.226612,11.844868,5.421215,0.122895,6.423653,0,rapl:package+core,0.106853,0.106853,0.008216,0.008216,0.06231229756,0.06231229756,0.138513,0.010686,0.005813,0.005036,,,,0.040593
rapl,cpu,double,bitonic,max,8,131072,uniform,17000159,2,bench/results/raw/energy/measurements/20260825_014636_cpu_double_bitonic_q17_k8_max_uniform_s17000159_rep2_rapl.txt,0.018877,0.230289,12.19943,5.421215,0.127953,6.778215,0,rapl:package+core,0.122278,0.122278,0.00831,0.00831,0.07722770335,0.07722770335,0.138939,0.01062,0.010818,0.010052,,,,0.040593
rapl,cpu,double,bitonic,max,8,131072,uniform,17000159,3,bench/results/raw/energy/measurements/20260825_014636_cpu_double_bitonic_q17_k8_max_uniform_s17000159_rep3_rapl.txt,0.018839,0.234226,12.432958,5.421215,0.132095,7.011743,0,rapl:package+core,0.126336,0.126336,0.008398,0.008398,0.08080863643,0.08080863643,0.143227,0.010722,0.014068,0.013303,,,,0.040593
rapl,cpu,double,bitonic,max,131072,262144,uniform,18131226,1,bench/results/raw/energy/measurements/20260825_014636_cpu_double_bitonic_q18_k131072_max_uniform_s18131226_rep1_rapl.txt,0.170032,3.054102,17.961947,5.421215,2.132323,12.540732,0,rapl:package+core,2.314714,2.314714,0.108128,0.108128,1.72852886448,1.72852886448,2.363861,0.113773,0.049909,0.043007,,,,0.040593
rapl,cpu,double,bitonic,max,131072,262144,uniform,18131226,2,bench/results/raw/energy/measurements/20260825_014636_cpu_double_bitonic_q18_k131072_max_uniform_s18131226_rep2_rapl.txt,0.170766,3.046427,17.839788,5.421215,2.120668,12.418573,0,rapl:package+core,2.326722,2.326722,0.108773,0.108773,1.73704018081,1.73704018081,2.373488,0.114478,0.049023,0.042091,,,,0.040593
rapl,cpu,double,bitonic,max,131072,262144,uniform,18131226,3,bench/results/raw/energy/measurements/20260825_014636_cpu_double_bitonic_q18_k131072_max_uniform_s18131226_rep3_rapl.txt,0.174505,3.06103,17.541217,5.421215,2.115001,12.120002,0,rapl:package+core,2.174935,2.174935,0.108616,0.108616,1.58610431156,1.58610431156,2.31325,0.114273,0.059536,0.052452,,,,0.040593
rapl,cpu,double,bitonic,max,256,262144,uniform,18000410,1,bench/results/raw/energy/measurements/20260825_014636_cpu_double_bitonic_q18_k256_max_uniform_s18000410_rep1_rapl.txt,0.056856,1.027687,18.075287,5.421215,0.719459,12.654072,0,rapl:package+core,0.659787,0.659787,0.036134,0.036134,0.46389681719,0.46389681719,0.826068,0.040696,0.018905,0.016597,,,,0.040593
rapl,cpu,double,bitonic,max,256,262144,uniform,18000410,2,bench/results/raw/energy/measurements/20260825_014636_cpu_double_bitonic_q18_k256_max_uniform_s18000410_rep2_rapl.txt,0.05575,0.983759,17.646011,5.421215,0.681528,12.224796,0,rapl:package+core,0.782644,0.782644,0.035905,0.035905,0.587995275425,0.587995275425,0.83034,0.040258,0.020019,0.017756,,,,0.040593
rapl,cpu,double,bitonic,max,256,262144,uniform,18000410,3,bench/results/raw/energy/measurements/20260825_014636_cpu_double_bitonic_q18_k256_max_uniform_s18000410_rep3_rapl.txt,0.054939,0.989207,18.005619,5.421215,0.691372,12.584404,0,rapl:package+core,0.66833,0.66833,0.036325,0.036325,0.471404365125,0.471404365125,0.788304,0.040597,0.017745,0.015515,,,,0.040593
rapl,cpu,double,bitonic,max,4096,262144,uniform,18004250,1,bench/results/raw/energy/measurements/20260825_014636_cpu_double_bitonic_q18_k4096_max_uniform_s18004250_rep1_rapl.txt,0.084445,1.623512,19.225728,5.421215,1.165719,13.804513,0,rapl:package+core,1.253217,1.253217,0.06206,0.06206,0.9167763971,0.9167763971,1.352347,0.066811,0.03578,0.032352,,,,0.040593
rapl,cpu,double,bitonic,max,4096,262144,uniform,18004250,2,bench/results/raw/energy/measurements/20260825_014636_cpu_double_bitonic_q18_k4096_max_uniform_s18004250_rep2_rapl.txt,0.08424,1.593271,18.913375,5.421215,1.136585,13.49216,0,rapl:package+core,1.240703,1.240703,0.061594,0.061594,0.90678868329,0.90678868329,1.341529,0.066465,0.028578,0.025158,,,,0.040593
rapl,cpu,double,bitonic,max,4096,262144,uniform,18004250,3,bench/results/raw/energy/measurements/20260825_014636_cpu_double_bitonic_q18_k4096_max_uniform_s18004250_rep3_rapl.txt,0.133715,2.001987,14.972055,5.421215,1.27709,9.55084,0,rapl:package+core,1.65354,1.65354,0.105904,0.105904,1.07941164664,1.07941164664,1.71416,0.110933,0.032225,0.026797,,,,0.040593
rapl,cpu,double,bitonic,max,8,262144,uniform,18000162,1,bench/results/raw/energy/measurements/20260825_014636_cpu_double_bitonic_q18_k8_max_uniform_s18000162_rep1_rapl.txt,0.02431,0.373226,15.352856,5.421215,0.241437,9.931641,0,rapl:package+core,0.036559,0.036559,0.008604,0.008604,0,0,0.219105,0.012826,0.016357,0.01537,,,,0.040593
rapl,cpu,double,bitonic,max,8,262144,uniform,18000162,2,bench/results/raw/energy/measurements/20260825_014636_cpu_double_bitonic_q18_k8_max_uniform_s18000162_rep2_rapl.txt,0.024696,0.36517,14.786681,5.421215,0.231288,9.365466,0,rapl:package+core,0.170997,0.170997,0.008643,0.008643,0.124141438755,0.124141438755,0.209798,0.012766,0.015273,0.014271,,,,0.040593
rapl,cpu,double,bitonic,max,8,262144,uniform,18000162,3,bench/results/raw/energy/measurements/20260825_014636_cpu_double_bitonic_q18_k8_max_uniform_s18000162_rep3_rapl.txt,0.024816,0.365658,14.734605,5.421215,0.231124,9.31339,0,rapl:package+core,0.158027,0.158027,0.008671,0.008671,0.111019644735,0.111019644735,0.24544,0.012816,0.015487,0.01448,,,,0.040593
rapl,cpu,double,bitonic,max,131072,524288,uniform,19131229,1,bench/results/raw/energy/measurements/20260825_014636_cpu_double_bitonic_q19_k131072_max_uniform_s19131229_rep1_rapl.txt,0.196391,5.256992,26.767941,5.421215,4.192312,21.346726,0,rapl:package+core,3.880352,3.880352,0.12115,0.12115,3.22357180275,3.22357180275,4.197506,0.131867,0.593582,0.58561,,,,0.040593
rapl,cpu,double,bitonic,max,131072,524288,uniform,19131229,2,bench/results/raw/energy/measurements/20260825_014636_cpu_double_bitonic_q19_k131072_max_uniform_s19131229_rep2_rapl.txt,0.255032,5.894669,23.113443,5.421215,4.512085,17.692228,0,rapl:package+core,4.557183,4.557183,0.179272,0.179272,3.58531094452,3.58531094452,4.878425,0.189847,0.591599,0.581246,,,,0.040593
rapl,cpu,double,bitonic,max,131072,524288,uniform,19131229,3,bench/results/raw/energy/measurements/20260825_014636_cpu_double_bitonic_q19_k131072_max_uniform_s19131229_rep3_rapl.txt,0.249985,5.812581,23.251721,5.421215,4.457359,17.830506,0,rapl:package+core,4.394517,4.394517,0.174667,0.174667,3.44760963959,3.44760963959,4.773679,0.184928,0.665004,0.654856,,,,0.040593
rapl,cpu,double,bitonic,max,256,524288,uniform,19000413,1,bench/results/raw/energy/measurements/20260825_014636_cpu_double_bitonic_q19_k256_max_uniform_s19000413_rep1_rapl.txt,0.061166,1.650702,26.987332,5.421215,1.319109,21.566117,0,rapl:package+core,1.237042,1.237042,0.037063,0.037063,1.03611550846,1.03611550846,1.40958,0.044507,0.174338,0.171855,,,,0.040593
rapl,cpu,double,bitonic,max,256,524288,uniform,19000413,2,bench/results/raw/energy/measurements/20260825_014636_cpu_double_bitonic_q19_k256_max_uniform_s19000413_rep2_rapl.txt,0.093706,2.014193,21.494893,5.421215,1.506195,16.073678,0,rapl:package+core,1.538665,1.538665,0.065874,0.065874,1.18154788309,1.18154788309,1.723315,0.073946,0.209477,0.205673,,,,0.040593
rapl,cpu,double,bitonic,max,256,524288,uniform,19000413,3,bench/results/raw/energy/measurements/20260825_014636_cpu_double_bitonic_q19_k256_max_uniform_s19000413_rep3_rapl.txt,0.063695,1.714328,26.91466,5.421215,1.369024,21.493445,0,rapl:package+core,1.415241,1.415241,0.039028,0.039028,1.20366182098,1.20366182098,1.450578,0.046463,0.178,0.175414,,,,0.040593
rapl,cpu,double,bitonic,max,4096,524288,uniform,19004253,1,bench/results/raw/energy/measurements/20260825_014636_cpu_double_bitonic_q19_k4096_max_uniform_s19004253_rep1_rapl.txt,0.117949,3.542542,30.03446,5.421215,2.903114,24.613245,0,rapl:package+core,2.479851,2.479851,0.081333,0.081333,2.03892732041,2.03892732041,2.779046,0.091051,0.36015,0.355362,,,,0.040593
rapl,cpu,double,bitonic,max,4096,524288,uniform,19004253,2,bench/results/raw/energy/measurements/20260825_014636_cpu_double_bitonic_q19_k4096_max_uniform_s19004253_rep2_rapl.txt,0.139874,3.220933,23.027431,5.421215,2.462647,17.606216,0,rapl:package+core,2.495947,2.495947,0.107131,0.107131,1.91516681584,1.91516681584,2.807533,0.114954,0.405268,0.39959,,,,0.040593
rapl,cpu,double,bitonic,max,4096,524288,uniform,19004253,3,bench/results/raw/energy/measurements/20260825_014636_cpu_double_bitonic_q19_k4096_max_uniform_s19004253_rep3_rapl.txt,0.092325,2.684722,29.07897,5.421215,2.184207,23.657755,0,rapl:package+core,2.068145,2.068145,0.064508,0.064508,1.71843326278,1.71843326278,2.32956,0.072002,0.291061,0.287313,,,,0.040593
rapl,cpu,double,bitonic,max,8,524288,uniform,19000165,1,bench/results/raw/energy/measurements/20260825_014636_cpu_double_bitonic_q19_k8_max_uniform_s19000165_rep1_rapl.txt,0.02994,0.583862,19.501296,5.421215,0.421553,14.080081,0,rapl:package+core,0.230136,0.230136,0.008993,0.008993,0.181383013505,0.181383013505,0.399028,0.016125,0.055051,0.053836,,,,0.040593
rapl,cpu,double,bitonic,max,8,524288,uniform,19000165,2,bench/results/raw/energy/measurements/20260825_014636_cpu_double_bitonic_q19_k8_max_uniform_s19000165_rep2_rapl.txt,0.031876,0.591309,18.550238,5.421215,0.418502,13.129023,0,rapl:package+core,0.079495,0.079495,0.009178,0.009178,0.02973908873,0.02973908873,0.434487,0.016285,0.054715,0.053421,,,,0.040593
rapl,cpu,double,bitonic,max,8,524288,uniform,19000165,3,bench/results/raw/energy/measurements/20260825_014636_cpu_double_bitonic_q19_k8_max_uniform_s19000165_rep3_rapl.txt,0.029802,0.583969,19.594748,5.421215,0.422404,14.173533,0,rapl:package+core,0.171775,0.171775,0.009036,0.009036,0.12278890126,0.12278890126,0.429391,0.016095,0.05415,0.05294,,,,0.040593
rapl,cpu,double,bitonic,max,131072,1048576,uniform,20131232,1,bench/results/raw/energy/measurements/20260825_014636_cpu_double_bitonic_q20_k131072_max_uniform_s20131232_rep1_rapl.txt,0.321394,9.697267,30.172523,5.421215,7.954921,24.751308,0,rapl:package+core,7.433668,7.433668,0.227692,0.227692,6.19930071422,6.19930071422,8.281859,0.247507,1.114765,1.101719,,,,0.040593
rapl,cpu,double,bitonic,max,131072,1048576,uniform,20131232,2,bench/results/raw/energy/measurements/20260825_014636_cpu_double_bitonic_q20_k131072_max_uniform_s20131232_rep2_rapl.txt,0.333858,9.852655,29.511492,5.421215,8.042738,24.090277,0,rapl:package+core,7.729459,7.729459,0.22982,0.22982,6.4835553687,6.4835553687,8.350123,0.249227,1.118442,1.10489,,,,0.040593
rapl,cpu,double,bitonic,max,131072,1048576,uniform,20131232,3,bench/results/raw/energy/measurements/20260825_014636_cpu_double_bitonic_q20_k131072_max_uniform_s20131232_rep3_rapl.txt,0.457193,11.309245,24.736266,5.421215,8.830704,19.315051,0,rapl:package+core,9.416184,9.416184,0.352167,0.352167,7.50701097709,7.50701097709,9.759215,0.371604,1.256298,1.237739,,,,0.040593
rapl,cpu,double,bitonic,max,256,1048576,uniform,20000416,1,bench/results/raw/energy/measurements/20260825_014636_cpu_double_bitonic_q20_k256_max_uniform_s20000416_rep1_rapl.txt,0.11554,3.328014,28.804111,5.421215,2.701649,23.382896,0,rapl:package+core,2.44639,2.44639,0.073534,0.073534,2.04774637619,2.04774637619,2.864247,0.09047,0.346952,0.342262,,,,0.040593
rapl,cpu,double,bitonic,max,256,1048576,uniform,20000416,2,bench/results/raw/energy/measurements/20260825_014636_cpu_double_bitonic_q20_k256_max_uniform_s20000416_rep2_rapl.txt,0.113325,3.273314,28.884337,5.421215,2.658955,23.463122,0,rapl:package+core,2.322071,2.322071,0.072135,0.072135,1.93101165598,1.93101165598,2.847295,0.088511,0.341352,0.336752,,,,0.040593
rapl,cpu,double,bitonic,max,256,1048576,uniform,20000416,3,bench/results/raw/energy/measurements/20260825_014636_cpu_double_bitonic_q20_k256_max_uniform_s20000416_rep3_rapl.txt,0.114697,3.275817,28.560503,5.421215,2.654017,23.139288,0,rapl:package+core,2.388944,2.388944,0.073727,0.073727,1.98925408169,1.98925408169,2.847951,0.089919,0.345319,0.340663,,,,0.040593
rapl,cpu,double,bitonic,max,4096,1048576,uniform,20004256,1,bench/results/raw/energy/measurements/20260825_014636_cpu_double_bitonic_q20_k4096_max_uniform_s20004256_rep1_rapl.txt,0.269122,6.308085,23.439468,5.421215,4.849115,18.018253,0,rapl:package+core,5.194463,5.194463,0.212128,0.212128,4.04447150448,4.04447150448,5.579774,0.228649,0.663342,0.652418,,,,0.040593
rapl,cpu,double,bitonic,max,4096,1048576,uniform,20004256,2,bench/results/raw/energy/measurements/20260825_014636_cpu_double_bitonic_q20_k4096_max_uniform_s20004256_rep2_rapl.txt,0.267313,6.341408,23.722824,5.421215,4.892249,18.301609,0,rapl:package+core,5.270283,5.270283,0.211474,0.211474,4.12383697909,4.12383697909,5.60051,0.227605,0.662807,0.651956,,,,0.040593
rapl,cpu,double,bitonic,max,4096,1048576,uniform,20004256,3,bench/results/raw/energy/measurements/20260825_014636_cpu_double_bitonic_q20_k4096_max_uniform_s20004256_rep3_rapl.txt,0.173241,5.302094,30.605283,5.421215,4.362917,25.184068,0,rapl:package+core,3.994192,3.994192,0.12551,0.12551,3.31377530535,3.31377530535,4.6756,0.14262,0.582779,0.575747,,,,0.040593
rapl,cpu,double,bitonic,max,8,1048576,uniform,20000168,1,bench/results/raw/energy/measurements/20260825_014636_cpu_double_bitonic_q20_k8_max_uniform_s20000168_rep1_rapl.txt,0.056911,1.195555,21.007365,5.421215,0.887027,15.58615,0,rapl:package+core,0.494908,0.494908,0.020101,0.020101,0.385936157285,0.385936157285,0.93707,0.036991,0.159797,0.157487,,,,0.040593
rapl,cpu,double,bitonic,max,8,1048576,uniform,20000168,2,bench/results/raw/energy/measurements/20260825_014636_cpu_double_bitonic_q20_k8_max_uniform_s20000168_rep2_rapl.txt,0.057492,1.192733,20.746235,5.421215,0.881059,15.32502,0,rapl:package+core,0.47605,0.47605,0.020414,0.020414,0.36538131699,0.36538131699,0.953381,0.037765,0.110774,0.10844,,,,0.040593
rapl,cpu,double,bitonic,max,8,1048576,uniform,20000168,3,bench/results/raw/energy/measurements/20260825_014636_cpu_double_bitonic_q20_k8_max_uniform_s20000168_rep3_rapl.txt,0.071557,1.407887,19.675095,5.421215,1.019962,14.25388,0,rapl:package+core,0.745584,0.745584,0.033865,0.033865,0.561994554025,0.561994554025,1.083425,0.050572,0.126581,0.123676,,,,0.040593
rapl,cpu,double,bitonic,max,131072,2097152,uniform,21131235,1,bench/results/raw/energy/measurements/20260825_014636_cpu_double_bitonic_q21_k131072_max_uniform_s21131235_rep1_rapl.txt,0.630869,19.439852,30.814408,5.421215,16.019776,25.393193,0,rapl:package+core,15.84534,15.84534,0.477427,0.477427,13.2571055862,13.2571055862,17.129348,0.52439,2.124203,2.098594,,,,0.040593
rapl,cpu,double,bitonic,max,131072,2097152,uniform,21131235,2,bench/results/raw/energy/measurements/20260825_014636_cpu_double_bitonic_q21_k131072_max_uniform_s21131235_rep2_rapl.txt,0.633072,19.595179,30.952522,5.421215,16.163159,25.531307,0,rapl:package+core,15.876104,15.876104,0.481353,0.481353,13.2665858961,13.2665858961,17.277,0.52705,2.131756,2.106058,,,,0.040593
rapl,cpu,double,bitonic,max,131072,2097152,uniform,21131235,3,bench/results/raw/energy/measurements/20260825_014636_cpu_double_bitonic_q21_k131072_max_uniform_s21131235_rep3_rapl.txt,0.638818,19.776595,30.958093,5.421215,16.313424,25.536878,0,rapl:package+core,15.883116,15.883116,0.474608,0.474608,13.3101639913,13.3101639913,17.282905,0.523928,2.163875,2.137943,,,,0.040593
rapl,cpu,double,bitonic,max,256,2097152,uniform,21000419,1,bench/results/raw/energy/measurements/20260825_014636_cpu_double_bitonic_q21_k256_max_uniform_s21000419_rep1_rapl.txt,0.265819,7.174053,26.988481,5.421215,5.732991,21.567266,0,rapl:package+core,4.763379,4.763379,0.172623,0.172623,3.82755260305,3.82755260305,6.276637,0.219078,0.762793,0.752003,,,,0.040593
rapl,cpu,double,bitonic,max,256,2097152,uniform,21000419,2,bench/results/raw/energy/measurements/20260825_014636_cpu_double_bitonic_q21_k256_max_uniform_s21000419_rep2_rapl.txt,0.2588,7.102645,27.44458,5.421215,5.699637,22.023365,0,rapl:package+core,4.79872,4.79872,0.167531,0.167531,3.89049842984,3.89049842984,6.202408,0.212915,0.715768,0.705263,,,,0.040593
rapl,cpu,double,bitonic,max,256,2097152,uniform,21000419,3,bench/results/raw/energy/measurements/20260825_014636_cpu_double_bitonic_q21_k256_max_uniform_s21000419_rep3_rapl.txt,0.252735,7.043352,27.868537,5.421215,5.673222,22.447322,0,rapl:package+core,4.576226,4.576226,0.162535,0.162535,3.69508881998,3.69508881998,6.185242,0.208505,0.718316,0.708057,,,,0.040593
rapl,cpu,double,bitonic,max,4096,2097152,uniform,21004259,1,bench/results/raw/energy/measurements/20260825_014636_cpu_double_bitonic_q21_k4096_max_uniform_s21004259_rep1_rapl.txt,0.55892,13.106729,23.450082,5.421215,10.076701,18.028867,0,rapl:package+core,11.02766,11.02766,0.439718,0.439718,8.64385418263,8.64385418263,11.686896,0.486355,1.341346,1.318658,,,,0.040593
rapl,cpu,double,bitonic,max,4096,2097152,uniform,21004259,2,bench/results/raw/energy/measurements/20260825_014636_cpu_double_bitonic_q21_k4096_max_uniform_s21004259_rep2_rapl.txt,0.363867,10.979474,30.174412,5.421215,9.006873,24.753197,0,rapl:package+core,8.201281,8.201281,0.263087,0.263087,6.77502980929,6.77502980929,9.741775,0.309396,1.172104,1.157334,,,,0.040593
rapl,cpu,double,bitonic,max,4096,2097152,uniform,21004259,3,bench/results/raw/energy/measurements/20260825_014636_cpu_double_bitonic_q21_k4096_max_uniform_s21004259_rep3_rapl.txt,0.557404,13.159445,23.608469,5.421215,10.13764,18.187254,0,rapl:package+core,10.976638,10.976638,0.440022,0.440022,8.59118413327,8.59118413327,11.740024,0.485403,1.348898,1.326271,,,,0.040593
rapl,cpu,double,bitonic,max,8,2097152,uniform,21000171,1,bench/results/raw/energy/measurements/20260825_014636_cpu_double_bitonic_q21_k8_max_uniform_s21000171_rep1_rapl.txt,0.131026,2.925523,22.327759,5.421215,2.215201,16.906544,0,rapl:package+core,1.347419,1.347419,0.051143,0.051143,1.07016180125,1.07016180125,2.410871,0.096439,0.235736,0.230417,,,,0.040593
rapl,cpu,double,bitonic,max,8,2097152,uniform,21000171,2,bench/results/raw/energy/measurements/20260825_014636_cpu_double_bitonic_q21_k8_max_uniform_s21000171_rep2_rapl.txt,0.129174,2.868962,22.2101,5.421215,2.168683,16.788885,0,rapl:package+core,1.430528,1.430528,0.050871,0.050871,1.15474537174,1.15474537174,2.423352,0.095269,0.232364,0.22712,,,,0.040593
rapl,cpu,double,bitonic,max,8,2097152,uniform,21000171,3,bench/results/raw/energy/measurements/20260825_014636_cpu_double_bitonic_q21_k8_max_uniform_s21000171_rep3_rapl.txt,0.131922,2.92743,22.190531,5.421215,2.21225,16.769316,0,rapl:package+core,1.488813,1.488813,0.052781,0.052781,1.20267585108,1.20267585108,2.453609,0.097921,0.239733,0.234378,,,,0.040593
rapl,cpu,double,bitonic,max,131072,4194304,uniform,22131238,1,bench/results/raw/energy/measurements/20260825_014636_cpu_double_bitonic_q22_k131072_max_uniform_s22131238_rep1_rapl.txt,1.465016,42.024301,28.685219,5.421215,34.082135,23.264004,0,rapl:package+core,33.614759,33.614759,1.058299,1.058299,27.8774925867,27.8774925867,37.276514,1.258509,4.463499,4.40403,,,,0.040593
rapl,cpu,double,bitonic,max,131072,4194304,uniform,22131238,2,bench/results/raw/energy/measurements/20260825_014636_cpu_double_bitonic_q22_k131072_max_uniform_s22131238_rep2_rapl.txt,1.946167,47.019648,24.160133,5.421215,36.46906,18.738918,0,rapl:package+core,38.294874,38.294874,1.500111,1.500111,30.1624497451,30.1624497451,41.876847,1.702546,4.888786,4.809785,,,,0.040593
rapl,cpu,double,bitonic,max,131072,4194304,uniform,22131238,3,bench/results/raw/energy/measurements/20260825_014636_cpu_double_bitonic_q22_k131072_max_uniform_s22131238_rep3_rapl.txt,1.449312,41.705805,28.776283,5.421215,33.848774,23.355068,0,rapl:package+core,33.2641,33.2641,1.050179,1.050179,27.5708538525,27.5708538525,37.147127,1.252041,4.442519,4.383687,,,,0.040593
rapl,cpu,double,bitonic,max,256,4194304,uniform,22000422,1,bench/results/raw/energy/measurements/20260825_014636_cpu_double_bitonic_q22_k256_max_uniform_s22000422_rep1_rapl.txt,0.922194,19.146059,20.761411,5.421215,14.146644,15.340196,0,rapl:package+core,13.487822,13.487822,0.606505,0.606505,10.1998279964,10.1998279964,17.082933,0.807052,1.801817,1.764382,,,,0.040593
rapl,cpu,double,bitonic,max,256,4194304,uniform,22000422,2,bench/results/raw/energy/measurements/20260825_014636_cpu_double_bitonic_q22_k256_max_uniform_s22000422_rep2_rapl.txt,0.924968,19.193831,20.750811,5.421215,14.179382,15.329596,0,rapl:package+core,13.546958,13.546958,0.609586,0.609586,10.242261233,10.242261233,17.143081,0.810346,2.245749,2.208202,,,,0.040593
rapl,cpu,double,bitonic,max,256,4194304,uniform,22000422,3,bench/results/raw/energy/measurements/20260825_014636_cpu_double_bitonic_q22_k256_max_uniform_s22000422_rep3_rapl.txt,0.693281,16.747746,24.157229,5.421215,12.989321,18.736014,0,rapl:package+core,10.955473,10.955473,0.399617,0.399617,8.78906332534,8.78906332534,14.900216,0.598723,1.609856,1.581714,,,,0.040593
rapl,cpu,double,bitonic,max,4096,4194304,uniform,22004262,1,bench/results/raw/energy/measurements/20260825_014636_cpu_double_bitonic_q22_k4096_max_uniform_s22004262_rep1_rapl.txt,1.278432,28.265003,22.109111,5.421215,21.334346,16.687896,0,rapl:package+core,21.572435,21.572435,0.928987,0.928987,16.5361967408,16.5361967408,25.35193,1.129423,2.839742,2.787847,,,,0.040593
rapl,cpu,double,bitonic,max,4096,4194304,uniform,22004262,2,bench/results/raw/energy/measurements/20260825_014636_cpu_double_bitonic_q22_k4096_max_uniform_s22004262_rep2_rapl.txt,1.275082,28.35536,22.23807,5.421215,21.442867,16.816855,0,rapl:package+core,21.71682,21.71682,0.928833,0.928833,16.6814166079,16.6814166079,25.422193,1.12609,2.833609,2.78185,,,,0.040593
rapl,cpu,double,bitonic,max,4096,4194304,uniform,22004262,3,bench/results/raw/energy/measurements/20260825_014636_cpu_double_bitonic_q22_k4096_max_uniform_s22004262_rep3_rapl.txt,1.274825,28.293871,22.194324,5.421215,21.382773,16.773109,0,rapl:package+core,21.702137,21.702137,0.928097,0.928097,16.6707236221,16.6707236221,25.393202,1.126091,2.83129,2.779541,,,,0.040593
rapl,cpu,double,bitonic,max,8,4194304,uniform,22000174,1,bench/results/raw/energy/measurements/20260825_014636_cpu_double_bitonic_q22_k8_max_uniform_s22000174_rep1_rapl.txt,0.435065,8.430136,19.376716,5.421215,6.071554,13.955501,0,rapl:package+core,3.647456,3.647456,0.172864,0.172864,2.71032309024,2.71032309024,7.319232,0.362048,0.782781,0.76512,,,,0.040593
rapl,cpu,double,bitonic,max,8,4194304,uniform,22000174,2,bench/results/raw/energy/measurements/20260825_014636_cpu_double_bitonic_q22_k8_max_uniform_s22000174_rep2_rapl.txt,0.437797,8.466893,19.339766,5.421215,6.093501,13.918551,0,rapl:package+core,3.589719,3.589719,0.173038,0.173038,2.65164279883,2.65164279883,7.377136,0.365731,0.616378,0.598607,,,,0.040593
rapl,cpu,double,bitonic,max,8,4194304,uniform,22000174,3,bench/results/raw/energy/measurements/20260825_014636_cpu_double_bitonic_q22_k8_max_uniform_s22000174_rep3_rapl.txt,0.415981,8.150503,19.593448,5.421215,5.89538,14.172233,0,rapl:package+core,3.207276,3.207276,0.151961,0.151961,2.38346274738,2.38346274738,7.058702,0.345627,0.599182,0.582296,,,,0.040593
rapl,cpu,double,bitonic,max,131072,8388608,uniform,23131241,1,bench/results/raw/energy/measurements/20260825_014636_cpu_double_bitonic_q23_k131072_max_uniform_s23131241_rep1_rapl.txt,2.914579,85.574341,29.360788,5.421215,69.773781,23.939573,0,rapl:package+core,70.400019,70.400019,2.214675,2.214675,58.3937896699,58.3937896699,76.830377,2.564445,8.843339,8.725027,,,,0.040593
rapl,cpu,double,bitonic,max,131072,8388608,uniform,23131241,2,bench/results/raw/energy/measurements/20260825_014636_cpu_double_bitonic_q23_k131072_max_uniform_s23131241_rep2_rapl.txt,3.894598,95.107417,24.420339,5.421215,73.993961,18.999124,0,rapl:package+core,79.695305,79.695305,3.10259,3.10259,62.8754975532,62.8754975532,85.482106,3.453684,9.732773,9.57468,,,,0.040593
rapl,cpu,double,bitonic,max,131072,8388608,uniform,23131241,3,bench/results/raw/energy/measurements/20260825_014636_cpu_double_bitonic_q23_k131072_max_uniform_s23131241_rep3_rapl.txt,2.901357,85.389688,29.430949,5.421215,69.660808,24.009734,0,rapl:package+core,70.095757,70.095757,2.202263,2.202263,58.1568157905,58.1568157905,76.584464,2.547236,9.031546,8.913771,,,,0.040593
rapl,cpu,double,bitonic,max,256,8388608,uniform,23000425,1,bench/results/raw/energy/measurements/20260825_014636_cpu_double_bitonic_q23_k256_max_uniform_s23000425_rep1_rapl.txt,1.316836,33.995541,25.816085,5.421215,26.856692,20.39487,0,rapl:package+core,23.796922,23.796922,0.797318,0.797318,19.4744896986,19.4744896986,30.351213,1.141815,3.137899,3.084445,,,,0.040593
rapl,cpu,double,bitonic,max,256,8388608,uniform,23000425,2,bench/results/raw/energy/measurements/20260825_014636_cpu_double_bitonic_q23_k256_max_uniform_s23000425_rep2_rapl.txt,1.839236,38.825262,21.109456,5.421215,28.854371,15.688241,0,rapl:package+core,28.905761,28.905761,1.253052,1.253052,22.1126967018,22.1126967018,34.743656,1.617595,3.69973,3.62507,,,,0.040593
rapl,cpu,double,bitonic,max,256,8388608,uniform,23000425,3,bench/results/raw/energy/measurements/20260825_014636_cpu_double_bitonic_q23_k256_max_uniform_s23000425_rep3_rapl.txt,1.336297,34.412817,25.752376,5.421215,27.168465,20.331161,0,rapl:package+core,24.041527,24.041527,0.809428,0.809428,19.653443785,19.653443785,30.760189,1.162901,3.175007,3.120763,,,,0.040593
rapl,cpu,double,bitonic,max,4096,8388608,uniform,23004265,1,bench/results/raw/energy/measurements/20260825_014636_cpu_double_bitonic_q23_k4096_max_uniform_s23004265_rep1_rapl.txt,2.540643,57.000012,22.43527,5.421215,43.22664,17.014055,0,rapl:package+core,45.35087,45.35087,1.89315,1.89315,35.0876968227,35.0876968227,51.217109,2.253962,5.660184,5.557052,,,,0.040593
rapl,cpu,double,bitonic,max,4096,8388608,uniform,23004265,2,bench/results/raw/energy/measurements/20260825_014636_cpu_double_bitonic_q23_k4096_max_uniform_s23004265_rep2_rapl.txt,1.834966,50.325766,27.425998,5.421215,40.378022,22.004783,0,rapl:package+core,39.00054,39.00054,1.259643,1.259643,32.1717444738,32.1717444738,45.135498,1.609395,5.040648,4.966161,,,,0.040593
rapl,cpu,double,bitonic,max,4096,8388608,uniform,23004265,3,bench/results/raw/energy/measurements/20260825_014636_cpu_double_bitonic_q23_k4096_max_uniform_s23004265_rep3_rapl.txt,2.549046,58.006446,22.756143,5.421215,44.187522,17.334928,0,rapl:package+core,46.156598,46.156598,1.897674,1.897674,35.8688992461,35.8688992461,52.157795,2.262252,5.657239,5.553766,,,,0.040593
rapl,cpu,double,bitonic,max,8,8388608,uniform,23000177,1,bench/results/raw/energy/measurements/20260825_014636_cpu_double_bitonic_q23_k8_max_uniform_s23000177_rep1_rapl.txt,0.809387,16.491914,20.375797,5.421215,12.104051,14.954582,0,rapl:package+core,8.293959,8.293959,0.34216,0.34216,6.4390360756,6.4390360756,14.3821,0.679527,1.167283,1.134428,,,,0.040593
rapl,cpu,double,bitonic,max,8,8388608,uniform,23000177,2,bench/results/raw/energy/measurements/20260825_014636_cpu_double_bitonic_q23_k8_max_uniform_s23000177_rep2_rapl.txt,0.869067,17.185986,19.77521,5.421215,12.474586,14.353995,0,rapl:package+core,9.016139,9.016139,0.399263,0.399263,6.85164843546,6.85164843546,15.074034,0.735378,1.214796,1.179518,,,,0.040593
rapl,cpu,double,bitonic,max,8,8388608,uniform,23000177,3,bench/results/raw/energy/measurements/20260825_014636_cpu_double_bitonic_q23_k8_max_uniform_s23000177_rep3_rapl.txt,0.853796,17.012686,19.925943,5.421215,12.384076,14.504728,0,rapl:package+core,8.680823,8.680823,0.390798,0.390798,6.56222302043,6.56222302043,14.849452,0.720908,1.208601,1.173943,,,,0.040593
rapl,cpu,double,bitonic,max,131072,16777216,uniform,24131244,1,bench/results/raw/energy/measurements/20260825_014636_cpu_double_bitonic_q24_k131072_max_uniform_s24131244_rep1_rapl.txt,5.838593,174.239708,29.842759,5.421215,142.587443,24.421544,0,rapl:package+core,146.138848,146.138848,4.560216,4.560216,121.416936618,121.416936618,156.995848,5.175477,17.644168,17.407162,,,,0.040593
rapl,cpu,double,bitonic,max,131072,16777216,uniform,24131244,2,bench/results/raw/energy/measurements/20260825_014636_cpu_double_bitonic_q24_k131072_max_uniform_s24131244_rep2_rapl.txt,5.821039,173.744631,29.8477,5.421215,142.187526,24.426485,0,rapl:package+core,145.791612,145.791612,4.548573,4.548573,121.132819824,121.132819824,156.603275,5.160543,17.661959,17.425666,,,,0.040593
rapl,cpu,double,bitonic,max,131072,16777216,uniform,24131244,3,bench/results/raw/energy/measurements/20260825_014636_cpu_double_bitonic_q24_k131072_max_uniform_s24131244_rep3_rapl.txt,7.747187,194.134782,25.058745,5.421215,152.135616,19.63753,0,rapl:package+core,164.523959,164.523959,6.298164,6.298164,130.380257851,130.380257851,175.114525,6.909985,22.474317,22.159835,,,,0.040593
rapl,cpu,double,bitonic,max,256,16777216,uniform,24000428,1,bench/results/raw/energy/measurements/20260825_014636_cpu_double_bitonic_q24_k256_max_uniform_s24000428_rep1_rapl.txt,3.158523,73.873423,23.388597,5.421215,56.75039,17.967382,0,rapl:package+core,55.473187,55.473187,2.145384,2.145384,43.8425990784,43.8425990784,66.178355,2.770764,6.71117,6.582956,,,,0.040593
rapl,cpu,double,bitonic,max,256,16777216,uniform,24000428,2,bench/results/raw/energy/measurements/20260825_014636_cpu_double_bitonic_q24_k256_max_uniform_s24000428_rep2_rapl.txt,2.666611,69.12852,25.923739,5.421215,54.67225,20.502524,0,rapl:package+core,50.891648,50.891648,1.703116,1.703116,41.6586899941,41.6586899941,61.890125,2.326154,6.276882,6.168636,,,,0.040593
rapl,cpu,double,bitonic,max,256,16777216,uniform,24000428,3,bench/results/raw/energy/measurements/20260825_014636_cpu_double_bitonic_q24_k256_max_uniform_s24000428_rep3_rapl.txt,3.578946,80.058085,22.36918,5.421215,60.65585,16.947965,0,rapl:package+core,61.213907,61.213907,2.538176,2.538176,47.4539091962,47.4539091962,71.820321,3.153362,7.072129,6.926849,,,,0.040593
rapl,cpu,double,bitonic,max,4096,16777216,uniform,24004268,1,bench/results/raw/energy/measurements/20260825_014636_cpu_double_bitonic_q24_k4096_max_uniform_s24004268_rep1_rapl.txt,5.011975,116.056559,23.155856,5.421215,88.885567,17.734641,0,rapl:package+core,93.715353,93.715353,3.833068,3.833068,72.9354672624,72.9354672624,104.53767,4.456685,11.219909,11.016458,,,,0.040593
rapl,cpu,double,bitonic,max,4096,16777216,uniform,24004268,2,bench/results/raw/energy/measurements/20260825_014636_cpu_double_bitonic_q24_k4096_max_uniform_s24004268_rep2_rapl.txt,3.495709,100.529133,28.757869,5.421215,81.578145,23.336654,0,rapl:package+core,79.194942,79.194942,2.45882,2.45882,65.8651501337,65.8651501337,90.444313,3.077789,9.889564,9.747663,,,,0.040593
rapl,cpu,double,bitonic,max,4096,16777216,uniform,24004268,3,bench/results/raw/energy/measurements/20260825_014636_cpu_double_bitonic_q24_k4096_max_uniform_s24004268_rep3_rapl.txt,5.020383,117.93578,23.491393,5.421215,90.719206,18.070178,0,rapl:package+core,95.310057,95.310057,3.83258,3.83258,74.5328168153,74.5328168153,106.089958,4.460952,11.20903,11.005238,,,,0.040593
rapl,cpu,double,bitonic,max,8,16777216,uniform,24000180,1,bench/results/raw/energy/measurements/20260825_014636_cpu_double_bitonic_q24_k8_max_uniform_s24000180_rep1_rapl.txt,1.553337,32.199019,20.728935,5.421215,23.778046,15.30772,0,rapl:package+core,17.451123,17.451123,0.689391,0.689391,13.7137861699,13.7137861699,28.322037,1.314102,2.262426,2.199371,,,,0.040593
rapl,cpu,double,bitonic,max,8,16777216,uniform,24000180,2,bench/results/raw/energy/measurements/20260825_014636_cpu_double_bitonic_q24_k8_max_uniform_s24000180_rep2_rapl.txt,1.673122,33.926301,20.277244,5.421215,24.855947,14.856029,0,rapl:package+core,19.174482,19.174482,0.812901,0.812901,14.7675709053,14.7675709053,29.82939,1.421585,3.106651,3.038734,,,,0.040593
rapl,cpu,double,bitonic,max,8,16777216,uniform,24000180,3,bench/results/raw/energy/measurements/20260825_014636_cpu_double_bitonic_q24_k8_max_uniform_s24000180_rep3_rapl.txt,1.634721,33.35411,20.403554,5.421215,24.491938,14.982339,0,rapl:package+core,18.875123,18.875123,0.787362,0.787362,14.6066643152,14.6066643152,29.271008,1.384361,2.321002,2.254644,,,,0.040593
rapl,cpu,double,gt,max,256,65536,uniform,16000404,1,bench/results/raw/energy/measurements/20260825_014636_cpu_double_gt_q16_k256_max_uniform_s16000404_rep1_rapl.txt,0.009699,0.088633,9.13804,5.421215,0.036051,3.716825,0,rapl:package+core,0.032866,0.032866,0.003532,0.003532,0.01371826862,0.01371826862,0.043912,0.004899,0.005112,0.004718,,,,0.040593
rapl,cpu,double,gt,max,256,65536,uniform,16000404,2,bench/results/raw/energy/measurements/20260825_014636_cpu_double_gt_q16_k256_max_uniform_s16000404_rep2_rapl.txt,0.010301,0.109507,10.630353,5.421215,0.053661,5.209138,0,rapl:package+core,0.047712,0.047712,0.003772,0.003772,0.02726317702,0.02726317702,0.047712,0.005182,0.012115,0.011697,,,,0.040593
rapl,cpu,double,gt,max,256,65536,uniform,16000404,3,bench/results/raw/energy/measurements/20260825_014636_cpu_double_gt_q16_k256_max_uniform_s16000404_rep3_rapl.txt,0.010218,0.095637,9.359746,5.421215,0.040244,3.938531,0,rapl:package+core,0.050565,0.050565,0.003678,0.003678,0.03062577123,0.03062577123,0.050565,0.005095,0.00531,0.004895,,,,0.040593
rapl,cpu,double,gt,max,4096,65536,uniform,16004244,1,bench/results/raw/energy/measurements/20260825_014636_cpu_double_gt_q16_k4096_max_uniform_s16004244_rep1_rapl.txt,0.051715,0.450462,8.710528,5.421215,0.170106,3.289313,0,rapl:package+core,0.343321,0.343321,0.040439,0.040439,0.124092486615,0.124092486615,0.353421,0.041816,0.011093,0.008994,,,,0.040593
rapl,cpu,double,gt,max,4096,65536,uniform,16004244,2,bench/results/raw/energy/measurements/20260825_014636_cpu_double_gt_q16_k4096_max_uniform_s16004244_rep2_rapl.txt,0.052723,0.460196,8.728534,5.421215,0.174372,3.307319,0,rapl:package+core,0.351316,0.351316,0.041474,0.041474,0.12647652909,0.12647652909,0.360822,0.042889,0.01451,0.01237,,,,0.040593
rapl,cpu,double,gt,max,4096,65536,uniform,16004244,3,bench/results/raw/energy/measurements/20260825_014636_cpu_double_gt_q16_k4096_max_uniform_s16004244_rep3_rapl.txt,0.053922,0.463493,8.595553,5.421215,0.171168,3.174338,0,rapl:package+core,0.339567,0.339567,0.042421,0.042421,0.109593638485,0.109593638485,0.35899,0.04384,0.01474,0.012551,,,,0.040593
rapl,cpu,double,gt,max,8,65536,uniform,16000156,1,bench/results/raw/energy/measurements/20260825_014636_cpu_double_gt_q16_k8_max_uniform_s16000156_rep1_rapl.txt,0.007501,0.067349,8.978519,5.421215,0.026684,3.557304,0,rapl:package+core,0.021422,0.021422,0.001697,0.001697,0.012222198145,0.012222198145,0.021422,0.003061,0.003631,0.003327,,,,0.040593
rapl,cpu,double,gt,max,8,65536,uniform,16000156,2,bench/results/raw/energy/measurements/20260825_014636_cpu_double_gt_q16_k8_max_uniform_s16000156_rep2_rapl.txt,0.007678,0.066662,8.681903,5.421215,0.025036,3.260688,0,rapl:package+core,0.011657,0.011657,0.001751,0.001751,0.002164452535,0.002164452535,0.032637,0.003145,0.007263,0.006951,,,,0.040593
rapl,cpu,double,gt,max,8,65536,uniform,16000156,3,bench/results/raw/energy/measurements/20260825_014636_cpu_double_gt_q16_k8_max_uniform_s16000156_rep3_rapl.txt,0.007289,0.077587,10.644494,5.421215,0.038072,5.223279,0,rapl:package+core,0.010985,0.010985,0.001584,0.001584,0.00239779544,0.00239779544,0.033491,0.002855,0.003616,0.00332,,,,0.040593
rapl,cpu,double,gt,max,131072,131072,uniform,17131223,1,bench/results/raw/energy/measurements/20260825_014636_cpu_double_gt_q17_k131072_max_uniform_s17131223_rep1_rapl.txt,0.535448,3.672356,6.858479,5.421215,0.769579,1.437264,0,rapl:package+core,2.930466,2.930466,0.44638,0.44638,0.5105440483,0.5105440483,2.953903,0.449891,0.02484,0.003105,,,,0.040593
rapl,cpu,double,gt,max,131072,131072,uniform,17131223,2,bench/results/raw/energy/measurements/20260825_014636_cpu_double_gt_q17_k131072_max_uniform_s17131223_rep2_rapl.txt,0.533811,3.568572,6.685087,5.421215,0.674669,1.263872,0,rapl:package+core,2.779168,2.779168,0.446167,0.446167,0.360400767095,0.360400767095,2.8115,0.449802,0.020339,0,,,,0.040593
rapl,cpu,double,gt,max,131072,131072,uniform,17131223,3,bench/results/raw/energy/measurements/20260825_014636_cpu_double_gt_q17_k131072_max_uniform_s17131223_rep3_rapl.txt,0.532631,3.941599,7.400238,5.421215,1.05409,1.979023,0,rapl:package+core,3.18944,3.18944,0.445547,0.445547,0.774033920395,0.774033920395,3.202318,0.448774,0.068356,0.046735,,,,0.040593
rapl,cpu,double,gt,max,256,131072,uniform,17000407,1,bench/results/raw/energy/measurements/20260825_014636_cpu_double_gt_q17_k256_max_uniform_s17000407_rep1_rapl.txt,0.013614,0.133172,9.782204,5.421215,0.059369,4.360989,0,rapl:package+core,0.044706,0.044706,0.005478,0.005478,0.01500858423,0.01500858423,0.068981,0.007645,0.00682,0.006267,,,,0.040593
rapl,cpu,double,gt,max,256,131072,uniform,17000407,2,bench/results/raw/energy/measurements/20260825_014636_cpu_double_gt_q17_k256_max_uniform_s17000407_rep2_rapl.txt,0.012995,0.129952,9.999967,5.421215,0.059502,4.578752,0,rapl:package+core,0.043851,0.043851,0.005034,0.005034,0.01656060369,0.01656060369,0.066266,0.007144,0.006012,0.005484,,,,0.040593
rapl,cpu,double,gt,max,256,131072,uniform,17000407,3,bench/results/raw/energy/measurements/20260825_014636_cpu_double_gt_q17_k256_max_uniform_s17000407_rep3_rapl.txt,0.013431,0.135033,10.054134,5.421215,0.062223,4.632919,0,rapl:package+core,0.074108,0.074108,0.005013,0.005013,0.046931449205,0.046931449205,0.074108,0.007188,0.004044,0.003499,,,,0.040593
rapl,cpu,double,gt,max,4096,131072,uniform,17004247,1,bench/results/raw/energy/measurements/20260825_014636_cpu_double_gt_q17_k4096_max_uniform_s17004247_rep1_rapl.txt,0.065964,0.564393,8.55614,5.421215,0.206791,3.134925,0,rapl:package+core,0.426461,0.426461,0.051869,0.051869,0.145267999165,0.145267999165,0.456474,0.054116,0.014892,0.012214,,,,0.040593
rapl,cpu,double,gt,max,4096,131072,uniform,17004247,2,bench/results/raw/energy/measurements/20260825_014636_cpu_double_gt_q17_k4096_max_uniform_s17004247_rep2_rapl.txt,0.065959,0.553453,8.390867,5.421215,0.195875,2.969652,0,rapl:package+core,0.441551,0.441551,0.051574,0.051574,0.16195725759,0.16195725759,0.441551,0.053783,0.014037,0.01136,,,,0.040593
rapl,cpu,double,gt,max,4096,131072,uniform,17004247,3,bench/results/raw/energy/measurements/20260825_014636_cpu_double_gt_q17_k4096_max_uniform_s17004247_rep3_rapl.txt,0.06482,0.546053,8.424199,5.421215,0.194652,3.002984,0,rapl:package+core,0.411631,0.411631,0.050901,0.050901,0.135685735285,0.135685735285,0.431451,0.053049,0.013122,0.010491,,,,0.040593
rapl,cpu,double,gt,max,8,131072,uniform,17000159,1,bench/results/raw/energy/measurements/20260825_014636_cpu_double_gt_q17_k8_max_uniform_s17000159_rep1_rapl.txt,0.010505,0.111155,10.581191,5.421215,0.054205,5.159976,0,rapl:package+core,0.040815,0.040815,0.002842,0.002842,0.02540790697,0.02540790697,0.053876,0.004985,0.004287,0.003861,,,,0.040593
rapl,cpu,double,gt,max,8,131072,uniform,17000159,2,bench/results/raw/energy/measurements/20260825_014636_cpu_double_gt_q17_k8_max_uniform_s17000159_rep2_rapl.txt,0.010466,0.093273,8.91212,5.421215,0.036535,3.490905,0,rapl:package+core,0.047148,0.047148,0.002803,0.002803,0.031952334355,0.031952334355,0.047148,0.004941,0.002685,0.00226,,,,0.040593
rapl,cpu,double,gt,max,8,131072,uniform,17000159,3,bench/results/raw/energy/measurements/20260825_014636_cpu_double_gt_q17_k8_max_uniform_s17000159_rep3_rapl.txt,0.011101,0.123635,11.137277,5.421215,0.063454,5.716062,0,rapl:package+core,0.012741,0.012741,0.003157,0.003157,0,0,0.065991,0.005335,0.004623,0.004172,,,,0.040593
rapl,cpu,double,gt,max,131072,262144,uniform,18131226,1,bench/results/raw/energy/measurements/20260825_014636_cpu_double_gt_q18_k131072_max_uniform_s18131226_rep1_rapl.txt,0.997022,6.030785,6.0488,5.421215,0.625716,0.627585,0,rapl:package+core,4.999971,4.999971,0.862657,0.862657,0.323321931745,0.323321931745,5.044967,0.868546,0.030227,0,,,,0.040593
rapl,cpu,double,gt,max,131072,262144,uniform,18131226,2,bench/results/raw/energy/measurements/20260825_014636_cpu_double_gt_q18_k131072_max_uniform_s18131226_rep2_rapl.txt,0.950382,5.839053,6.143904,5.421215,0.68683,0.722689,0,rapl:package+core,4.865928,4.865928,0.821272,0.821272,0.41363591452,0.41363591452,4.894782,0.826239,0.043806,0.005227,,,,0.040593
rapl,cpu,double,gt,max,131072,262144,uniform,18131226,3,bench/results/raw/energy/measurements/20260825_014636_cpu_double_gt_q18_k131072_max_uniform_s18131226_rep3_rapl.txt,0.996822,6.255887,6.275834,5.421215,0.851903,0.854619,0,rapl:package+core,5.252658,5.252658,0.863623,0.863623,0.570772038055,0.570772038055,5.271715,0.869357,0.034834,0,,,,0.040593
rapl,cpu,double,gt,max,256,262144,uniform,18000410,1,bench/results/raw/energy/measurements/20260825_014636_cpu_double_gt_q18_k256_max_uniform_s18000410_rep1_rapl.txt,0.0193,0.196447,10.178609,5.421215,0.091818,4.757394,0,rapl:package+core,0.084972,0.084972,0.007953,0.007953,0.041857077105,0.041857077105,0.113596,0.011774,0.006638,0.005855,,,,0.040593
rapl,cpu,double,gt,max,256,262144,uniform,18000410,2,bench/results/raw/energy/measurements/20260825_014636_cpu_double_gt_q18_k256_max_uniform_s18000410_rep2_rapl.txt,0.019287,0.179662,9.315134,5.421215,0.075102,3.893919,0,rapl:package+core,0.084316,0.084316,0.00804,0.00804,0.0407294314,0.0407294314,0.123894,0.011934,0.008118,0.007335,,,,0.040593
rapl,cpu,double,gt,max,256,262144,uniform,18000410,3,bench/results/raw/energy/measurements/20260825_014636_cpu_double_gt_q18_k256_max_uniform_s18000410_rep3_rapl.txt,0.018975,0.181646,9.572902,5.421215,0.078778,4.151687,0,rapl:package+core,0.071561,0.071561,0.007733,0.007733,0.029638744405,0.029638744405,0.112329,0.011596,0.008224,0.007454,,,,0.040593
rapl,cpu,double,gt,max,4096,262144,uniform,18004250,1,bench/results/raw/energy/measurements/20260825_014636_cpu_double_gt_q18_k4096_max_uniform_s18004250_rep1_rapl.txt,0.080919,0.664959,8.217585,5.421215,0.22628,2.79637,0,rapl:package+core,0.476295,0.476295,0.062983,0.062983,0.134850615655,0.134850615655,0.523777,0.066804,0.017288,0.014003,,,,0.040593
rapl,cpu,double,gt,max,4096,262144,uniform,18004250,2,bench/results/raw/energy/measurements/20260825_014636_cpu_double_gt_q18_k4096_max_uniform_s18004250_rep2_rapl.txt,0.082227,0.690088,8.392427,5.421215,0.244315,2.971212,0,rapl:package+core,0.50838,0.50838,0.063466,0.063466,0.16431716881,0.16431716881,0.555345,0.067406,0.018264,0.014926,,,,0.040593
rapl,cpu,double,gt,max,4096,262144,uniform,18004250,3,bench/results/raw/energy/measurements/20260825_014636_cpu_double_gt_q18_k4096_max_uniform_s18004250_rep3_rapl.txt,0.080727,0.731606,9.06276,5.421215,0.29397,3.641545,0,rapl:package+core,0.587158,0.587158,0.062751,0.062751,0.246971337535,0.246971337535,0.596984,0.06681,0.029357,0.02608,,,,0.040593
rapl,cpu,double,gt,max,8,262144,uniform,18000162,1,bench/results/raw/energy/measurements/20260825_014636_cpu_double_gt_q18_k8_max_uniform_s18000162_rep1_rapl.txt,0.015994,0.159492,9.971945,5.421215,0.072785,4.55073,0,rapl:package+core,0.049466,0.049466,0.005065,0.005065,0.022007546025,0.022007546025,0.097681,0.009026,0.005264,0.004615,,,,0.040593
rapl,cpu,double,gt,max,8,262144,uniform,18000162,2,bench/results/raw/energy/measurements/20260825_014636_cpu_double_gt_q18_k8_max_uniform_s18000162_rep2_rapl.txt,0.015691,0.161262,10.277173,5.421215,0.076196,4.855958,0,rapl:package+core,0.061979,0.061979,0.004993,0.004993,0.034910873505,0.034910873505,0.091854,0.008874,0.009856,0.009219,,,,0.040593
rapl,cpu,double,gt,max,8,262144,uniform,18000162,3,bench/results/raw/energy/measurements/20260825_014636_cpu_double_gt_q18_k8_max_uniform_s18000162_rep3_rapl.txt,0.016088,0.163367,10.154582,5.421215,0.07615,4.733367,0,rapl:package+core,0.054059,0.054059,0.005285,0.005285,0.025407878725,0.025407878725,0.092006,0.009124,0.005737,0.005084,,,,0.040593
rapl,cpu,double,gt,max,131072,524288,uniform,19131229,1,bench/results/raw/energy/measurements/20260825_014636_cpu_double_gt_q19_k131072_max_uniform_s19131229_rep1_rapl.txt,1.522739,10.591249,6.955392,5.421215,2.336151,1.534177,0,rapl:package+core,8.672585,8.672585,1.333745,1.333745,1.44206659982,1.44206659982,8.730826,1.343545,0.157097,0.095284,,,,0.040593
rapl,cpu,double,gt,max,131072,524288,uniform,19131229,2,bench/results/raw/energy/measurements/20260825_014636_cpu_double_gt_q19_k131072_max_uniform_s19131229_rep2_rapl.txt,1.480207,9.806973,6.625408,5.421215,1.782454,1.204193,0,rapl:package+core,8.424064,8.424064,1.298205,1.298205,1.38621558092,1.38621558092,8.499392,1.309195,0.061367,0.001281,,,,0.040593
rapl,cpu,double,gt,max,131072,524288,uniform,19131229,3,bench/results/raw/energy/measurements/20260825_014636_cpu_double_gt_q19_k131072_max_uniform_s19131229_rep3_rapl.txt,1.467551,9.418153,6.417598,5.421215,1.462244,0.996383,0,rapl:package+core,8.098321,8.098321,1.288937,1.288937,1.11071640154,1.11071640154,8.151358,1.298077,0.056745,0,,,,0.040593
rapl,cpu,double,gt,max,256,524288,uniform,19000413,1,bench/results/raw/energy/measurements/20260825_014636_cpu_double_gt_q19_k256_max_uniform_s19000413_rep1_rapl.txt,0.028674,0.290939,10.146395,5.421215,0.13549,4.72518,0,rapl:package+core,0.145729,0.145729,0.012705,0.012705,0.076852463425,0.076852463425,0.202,0.019196,0.010467,0.009303,,,,0.040593
rapl,cpu,double,gt,max,256,524288,uniform,19000413,2,bench/results/raw/energy/measurements/20260825_014636_cpu_double_gt_q19_k256_max_uniform_s19000413_rep2_rapl.txt,0.028365,0.27707,9.768142,5.421215,0.123299,4.346927,0,rapl:package+core,0.172704,0.172704,0.012507,0.012507,0.104900863995,0.104900863995,0.197453,0.019083,0.009445,0.008294,,,,0.040593
rapl,cpu,double,gt,max,256,524288,uniform,19000413,3,bench/results/raw/energy/measurements/20260825_014636_cpu_double_gt_q19_k256_max_uniform_s19000413_rep3_rapl.txt,0.028742,0.289292,10.065272,5.421215,0.133478,4.644057,0,rapl:package+core,0.12559,0.12559,0.012606,0.012606,0.05725016371,0.05725016371,0.197958,0.01916,0.021727,0.02056,,,,0.040593
rapl,cpu,double,gt,max,4096,524288,uniform,19004253,1,bench/results/raw/energy/measurements/20260825_014636_cpu_double_gt_q19_k4096_max_uniform_s19004253_rep1_rapl.txt,0.102434,0.856157,8.35814,5.421215,0.300841,2.936925,0,rapl:package+core,0.598481,0.598481,0.078175,0.078175,0.174677517375,0.174677517375,0.687495,0.085035,0.020629,0.016471,,,,0.040593
rapl,cpu,double,gt,max,4096,524288,uniform,19004253,2,bench/results/raw/energy/measurements/20260825_014636_cpu_double_gt_q19_k4096_max_uniform_s19004253_rep2_rapl.txt,0.103099,0.840045,8.147918,5.421215,0.281121,2.726703,0,rapl:package+core,0.617888,0.617888,0.078966,0.078966,0.18979633631,0.18979633631,0.687541,0.085772,0.01628,0.012095,,,,0.040593
rapl,cpu,double,gt,max,4096,524288,uniform,19004253,3,bench/results/raw/energy/measurements/20260825_014636_cpu_double_gt_q19_k4096_max_uniform_s19004253_rep3_rapl.txt,0.102144,0.841921,8.242529,5.421215,0.288179,2.821314,0,rapl:package+core,0.625777,0.625777,0.078311,0.078311,0.201236232135,0.201236232135,0.689554,0.08511,0.018203,0.014057,,,,0.040593
rapl,cpu,double,gt,max,8,524288,uniform,19000165,1,bench/results/raw/energy/measurements/20260825_014636_cpu_double_gt_q19_k8_max_uniform_s19000165_rep1_rapl.txt,0.024572,0.255022,10.378404,5.421215,0.12181,4.957189,0,rapl:package+core,0.10789,0.10789,0.009155,0.009155,0.058258776675,0.058258776675,0.168083,0.015734,0.047773,0.046776,,,,0.040593
rapl,cpu,double,gt,max,8,524288,uniform,19000165,2,bench/results/raw/energy/measurements/20260825_014636_cpu_double_gt_q19_k8_max_uniform_s19000165_rep2_rapl.txt,0.024699,0.268358,10.865148,5.421215,0.13446,5.443933,0,rapl:package+core,0.077404,0.077404,0.009263,0.009263,0.027187285455,0.027187285455,0.164267,0.015623,0.023268,0.022265,,,,0.040593
rapl,cpu,double,gt,max,8,524288,uniform,19000165,3,bench/results/raw/energy/measurements/20260825_014636_cpu_double_gt_q19_k8_max_uniform_s19000165_rep3_rapl.txt,0.025849,0.255725,9.892902,5.421215,0.11559,4.471687,0,rapl:package+core,0.067974,0.067974,0.010409,0.010409,0.011544573065,0.011544573065,0.168951,0.017099,0.010589,0.00954,,,,0.040593
rapl,cpu,double,gt,max,131072,1048576,uniform,20131232,1,bench/results/raw/energy/measurements/20260825_014636_cpu_double_gt_q20_k131072_max_uniform_s20131232_rep1_rapl.txt,2.057015,14.334723,6.9687,5.421215,3.1832,1.547485,0,rapl:package+core,12.510598,12.510598,1.811552,1.811552,2.68978512432,2.68978512432,12.664125,1.833651,0.085475,0.001975,,,,0.040593
rapl,cpu,double,gt,max,131072,1048576,uniform,20131232,2,bench/results/raw/energy/measurements/20260825_014636_cpu_double_gt_q20_k131072_max_uniform_s20131232_rep2_rapl.txt,2.048851,13.978952,6.822826,5.421215,2.871691,1.401611,0,rapl:package+core,12.164895,12.164895,1.801695,1.801695,2.39751904057,2.39751904057,12.318348,1.826241,0.050794,0,,,,0.040593
rapl,cpu,double,gt,max,131072,1048576,uniform,20131232,3,bench/results/raw/energy/measurements/20260825_014636_cpu_double_gt_q20_k131072_max_uniform_s20131232_rep3_rapl.txt,2.052492,14.234356,6.935157,5.421215,3.107355,1.513942,0,rapl:package+core,12.464751,12.464751,1.806705,1.806705,2.67021475343,2.67021475343,12.578024,1.829094,0.099283,0.015966,,,,0.040593
rapl,cpu,double,gt,max,256,1048576,uniform,20000416,1,bench/results/raw/energy/measurements/20260825_014636_cpu_double_gt_q20_k256_max_uniform_s20000416_rep1_rapl.txt,0.049603,0.502553,10.13141,5.421215,0.233642,4.710195,0,rapl:package+core,0.18517,0.18517,0.022056,0.022056,0.06559968196,0.06559968196,0.386668,0.036902,0.013839,0.011825,,,,0.040593
rapl,cpu,double,gt,max,256,1048576,uniform,20000416,2,bench/results/raw/energy/measurements/20260825_014636_cpu_double_gt_q20_k256_max_uniform_s20000416_rep2_rapl.txt,0.050924,0.540881,10.621275,5.421215,0.264809,5.20006,0,rapl:package+core,0.225117,0.225117,0.022468,0.022468,0.10331314138,0.10331314138,0.376689,0.03712,0.024138,0.022071,,,,0.040593
rapl,cpu,double,gt,max,256,1048576,uniform,20000416,3,bench/results/raw/energy/measurements/20260825_014636_cpu_double_gt_q20_k256_max_uniform_s20000416_rep3_rapl.txt,0.049966,0.520573,10.418574,5.421215,0.249697,4.997359,0,rapl:package+core,0.245043,0.245043,0.021893,0.021893,0.126356340005,0.126356340005,0.379314,0.036372,0.017424,0.015396,,,,0.040593
rapl,cpu,double,gt,max,4096,1048576,uniform,20004256,1,bench/results/raw/energy/measurements/20260825_014636_cpu_double_gt_q20_k4096_max_uniform_s20004256_rep1_rapl.txt,0.134477,1.132098,8.418546,5.421215,0.403071,2.997331,0,rapl:package+core,0.776266,0.776266,0.097238,0.097238,0.24911789583,0.24911789583,0.921003,0.112253,0.025145,0.019686,,,,0.040593
rapl,cpu,double,gt,max,4096,1048576,uniform,20004256,2,bench/results/raw/energy/measurements/20260825_014636_cpu_double_gt_q20_k4096_max_uniform_s20004256_rep2_rapl.txt,0.134751,1.116215,8.283518,5.421215,0.385699,2.862303,0,rapl:package+core,0.794986,0.794986,0.097703,0.097703,0.265317030855,0.265317030855,0.905944,0.112727,0.017654,0.012184,,,,0.040593
rapl,cpu,double,gt,max,4096,1048576,uniform,20004256,3,bench/results/raw/energy/measurements/20260825_014636_cpu_double_gt_q20_k4096_max_uniform_s20004256_rep3_rapl.txt,0.137396,1.265117,9.207809,5.421215,0.520263,3.786594,0,rapl:package+core,0.894331,0.894331,0.096849,0.096849,0.369291748465,0.369291748465,1.06391,0.115413,0.034804,0.029227,,,,0.040593
rapl,cpu,double,gt,max,8,1048576,uniform,20000168,1,bench/results/raw/energy/measurements/20260825_014636_cpu_double_gt_q20_k8_max_uniform_s20000168_rep1_rapl.txt,0.04596,0.477332,10.385825,5.421215,0.228173,4.96461,0,rapl:package+core,0.234897,0.234897,0.018242,0.018242,0.13600319597,0.13600319597,0.333601,0.032987,0.013396,0.01153,,,,0.040593
rapl,cpu,double,gt,max,8,1048576,uniform,20000168,2,bench/results/raw/energy/measurements/20260825_014636_cpu_double_gt_q20_k8_max_uniform_s20000168_rep2_rapl.txt,0.045468,0.47698,10.490379,5.421215,0.230486,5.069164,0,rapl:package+core,0.209783,0.209783,0.018084,0.018084,0.11174574794,0.11174574794,0.33264,0.032501,0.013473,0.011627,,,,0.040593
rapl,cpu,double,gt,max,8,1048576,uniform,20000168,3,bench/results/raw/energy/measurements/20260825_014636_cpu_double_gt_q20_k8_max_uniform_s20000168_rep3_rapl.txt,0.046359,0.475561,10.25821,5.421215,0.224239,4.836995,0,rapl:package+core,0.189718,0.189718,0.01788,0.01788,0.0927866758,0.0927866758,0.352612,0.033218,0.017989,0.016107,,,,0.040593
rapl,cpu,double,gt,max,131072,2097152,uniform,21131235,1,bench/results/raw/energy/measurements/20260825_014636_cpu_double_gt_q21_k131072_max_uniform_s21131235_rep1_rapl.txt,2.637688,18.386241,6.97059,5.421215,4.086768,1.549375,0,rapl:package+core,15.973021,15.973021,2.307901,2.307901,3.46139348028,3.46139348028,16.307582,2.356607,0.085689,0,,,,0.040593
rapl,cpu,double,gt,max,131072,2097152,uniform,21131235,2,bench/results/raw/energy/measurements/20260825_014636_cpu_double_gt_q21_k131072_max_uniform_s21131235_rep2_rapl.txt,2.634763,18.46511,7.008262,5.421215,4.181492,1.587047,0,rapl:package+core,15.942185,15.942185,2.3007,2.3007,3.4695956495,3.4695956495,16.214128,2.353272,0.111078,0.004125,,,,0.040593
rapl,cpu,double,gt,max,131072,2097152,uniform,21131235,3,bench/results/raw/energy/measurements/20260825_014636_cpu_double_gt_q21_k131072_max_uniform_s21131235_rep3_rapl.txt,2.509306,17.594336,7.011634,5.421215,3.990848,1.590419,0,rapl:package+core,15.274323,15.274323,2.1885,2.1885,3.4099939725,3.4099939725,15.571002,2.238529,0.105249,0.003389,,,,0.040593
rapl,cpu,double,gt,max,256,2097152,uniform,21000419,1,bench/results/raw/energy/measurements/20260825_014636_cpu_double_gt_q21_k256_max_uniform_s21000419_rep1_rapl.txt,0.096325,1.049506,10.895424,5.421215,0.527305,5.474209,0,rapl:package+core,0.453911,0.453911,0.039987,0.039987,0.237132875795,0.237132875795,0.825153,0.073849,0.024764,0.020854,,,,0.040593
rapl,cpu,double,gt,max,256,2097152,uniform,21000419,2,bench/results/raw/energy/measurements/20260825_014636_cpu_double_gt_q21_k256_max_uniform_s21000419_rep2_rapl.txt,0.093259,0.959713,10.290798,5.421215,0.454134,4.869583,0,rapl:package+core,0.40136,0.40136,0.039715,0.039715,0.186056446275,0.186056446275,0.738426,0.071771,0.025542,0.021756,,,,0.040593
rapl,cpu,double,gt,max,256,2097152,uniform,21000419,3,bench/results/raw/energy/measurements/20260825_014636_cpu_double_gt_q21_k256_max_uniform_s21000419_rep3_rapl.txt,0.095185,0.979823,10.29385,5.421215,0.463803,4.872635,0,rapl:package+core,0.411034,0.411034,0.039782,0.039782,0.19536722487,0.19536722487,0.741935,0.072896,0.024382,0.020518,,,,0.040593
rapl,cpu,double,gt,max,4096,2097152,uniform,21004259,1,bench/results/raw/energy/measurements/20260825_014636_cpu_double_gt_q21_k4096_max_uniform_s21004259_rep1_rapl.txt,0.197355,1.722445,8.727657,5.421215,0.652542,3.306442,0,rapl:package+core,1.099599,1.099599,0.12751,0.12751,0.40833987535,0.40833987535,1.406696,0.165038,0.026335,0.018324,,,,0.040593
rapl,cpu,double,gt,max,4096,2097152,uniform,21004259,2,bench/results/raw/energy/measurements/20260825_014636_cpu_double_gt_q21_k4096_max_uniform_s21004259_rep2_rapl.txt,0.194352,1.692067,8.706191,5.421215,0.638442,3.284976,0,rapl:package+core,1.112401,1.112401,0.1278,0.1278,0.419569723,0.419569723,1.393101,0.162376,0.029356,0.021467,,,,0.040593
rapl,cpu,double,gt,max,4096,2097152,uniform,21004259,3,bench/results/raw/energy/measurements/20260825_014636_cpu_double_gt_q21_k4096_max_uniform_s21004259_rep3_rapl.txt,0.198733,1.753678,8.824277,5.421215,0.676302,3.403062,0,rapl:package+core,1.123494,1.123494,0.129428,0.129428,0.42183698498,0.42183698498,1.45009,0.167564,0.045011,0.036944,,,,0.040593
rapl,cpu,double,gt,max,8,2097152,uniform,21000171,1,bench/results/raw/energy/measurements/20260825_014636_cpu_double_gt_q21_k8_max_uniform_s21000171_rep1_rapl.txt,0.087392,1.003168,11.478902,5.421215,0.529395,6.057687,0,rapl:package+core,0.410059,0.410059,0.035112,0.035112,0.21970929892,0.21970929892,0.780813,0.066848,0.021239,0.017691,,,,0.040593
rapl,cpu,double,gt,max,8,2097152,uniform,21000171,2,bench/results/raw/energy/measurements/20260825_014636_cpu_double_gt_q21_k8_max_uniform_s21000171_rep2_rapl.txt,0.093026,0.986643,10.606108,5.421215,0.482329,5.184893,0,rapl:package+core,0.35525,0.35525,0.035115,0.035115,0.164884035275,0.164884035275,0.750571,0.070925,0.021834,0.018058,,,,0.040593
rapl,cpu,double,gt,max,8,2097152,uniform,21000171,3,bench/results/raw/energy/measurements/20260825_014636_cpu_double_gt_q21_k8_max_uniform_s21000171_rep3_rapl.txt,0.089785,1.03228,11.497292,5.421215,0.545538,6.076077,0,rapl:package+core,0.448113,0.448113,0.035052,0.035052,0.25808857182,0.25808857182,0.789967,0.068014,0.024001,0.020356,,,,0.040593
rapl,cpu,double,gt,max,131072,4194304,uniform,22131238,1,bench/results/raw/energy/measurements/20260825_014636_cpu_double_gt_q22_k131072_max_uniform_s22131238_rep1_rapl.txt,3.232535,23.263338,7.196623,5.421215,5.739069,1.775408,0,rapl:package+core,19.293616,19.293616,2.701684,2.701684,4.64720617394,4.64720617394,20.695676,2.891215,0.148095,0.016877,,,,0.040593
rapl,cpu,double,gt,max,131072,4194304,uniform,22131238,2,bench/results/raw/energy/measurements/20260825_014636_cpu_double_gt_q22_k131072_max_uniform_s22131238_rep2_rapl.txt,3.236482,22.941181,7.088308,5.421215,5.395517,1.667093,0,rapl:package+core,18.884318,18.884318,2.705122,2.705122,4.21927003677,4.21927003677,20.329881,2.895482,0.107477,0,,,,0.040593
rapl,cpu,double,gt,max,131072,4194304,uniform,22131238,3,bench/results/raw/energy/measurements/20260825_014636_cpu_double_gt_q22_k131072_max_uniform_s22131238_rep3_rapl.txt,3.288455,23.176063,7.047706,5.421215,5.348641,1.626491,0,rapl:package+core,19.173799,19.173799,2.750466,2.750466,4.26293146381,4.26293146381,20.573033,2.940706,0.083949,0,,,,0.040593
rapl,cpu,double,gt,max,256,4194304,uniform,22000422,1,bench/results/raw/energy/measurements/20260825_014636_cpu_double_gt_q22_k256_max_uniform_s22000422_rep1_rapl.txt,0.29567,2.820686,9.539979,5.421215,1.217795,4.118764,0,rapl:package+core,0.712339,0.712339,0.077409,0.077409,0.292688168065,0.292688168065,2.369934,0.251019,0.027526,0.015524,,,,0.040593
rapl,cpu,double,gt,max,256,4194304,uniform,22000422,2,bench/results/raw/energy/measurements/20260825_014636_cpu_double_gt_q22_k256_max_uniform_s22000422_rep2_rapl.txt,0.293687,2.786004,9.486315,5.421215,1.193866,4.0651,0,rapl:package+core,0.715113,0.715113,0.076781,0.076781,0.298866691085,0.298866691085,2.327577,0.248885,0.023146,0.011224,,,,0.040593
rapl,cpu,double,gt,max,256,4194304,uniform,22000422,3,bench/results/raw/energy/measurements/20260825_014636_cpu_double_gt_q22_k256_max_uniform_s22000422_rep3_rapl.txt,0.300136,2.767466,9.220711,5.421215,1.140365,3.799496,0,rapl:package+core,0.670316,0.670316,0.076674,0.076674,0.25464976109,0.25464976109,2.324099,0.255251,0.060468,0.048285,,,,0.040593
rapl,cpu,double,gt,max,4096,4194304,uniform,22004262,1,bench/results/raw/energy/measurements/20260825_014636_cpu_double_gt_q22_k4096_max_uniform_s22004262_rep1_rapl.txt,0.403301,3.581892,8.881436,5.421215,1.395511,3.460221,0,rapl:package+core,1.501189,1.501189,0.175971,0.175971,0.547212375235,0.547212375235,3.030009,0.347588,0.042249,0.025878,,,,0.040593
rapl,cpu,double,gt,max,4096,4194304,uniform,22004262,2,bench/results/raw/energy/measurements/20260825_014636_cpu_double_gt_q22_k4096_max_uniform_s22004262_rep2_rapl.txt,0.404833,3.529099,8.717423,5.421215,1.334413,3.296208,0,rapl:package+core,1.451262,1.451262,0.17592,0.17592,0.4975618572,0.4975618572,2.996336,0.349181,0.026365,0.009932,,,,0.040593
rapl,cpu,double,gt,max,4096,4194304,uniform,22004262,3,bench/results/raw/energy/measurements/20260825_014636_cpu_double_gt_q22_k4096_max_uniform_s22004262_rep3_rapl.txt,0.403191,3.531098,8.757877,5.421215,1.345312,3.336662,0,rapl:package+core,1.473482,1.473482,0.174794,0.174794,0.52588614529,0.52588614529,3.000364,0.347825,0.060132,0.043765,,,,0.040593
rapl,cpu,double,gt,max,8,4194304,uniform,22000174,1,bench/results/raw/energy/measurements/20260825_014636_cpu_double_gt_q22_k8_max_uniform_s22000174_rep1_rapl.txt,0.285142,3.079461,10.799738,5.421215,1.533644,5.378523,0,rapl:package+core,0.817893,0.817893,0.070755,0.070755,0.434314932675,0.434314932675,2.623369,0.240962,0.038313,0.026738,,,,0.040593
rapl,cpu,double,gt,max,8,4194304,uniform,22000174,2,bench/results/raw/energy/measurements/20260825_014636_cpu_double_gt_q22_k8_max_uniform_s22000174_rep2_rapl.txt,0.286556,2.819572,9.839523,5.421215,1.266092,4.418308,0,rapl:package+core,0.701277,0.701277,0.071507,0.071507,0.313622178995,0.313622178995,2.366806,0.242754,0.044233,0.032601,,,,0.040593
rapl,cpu,double,gt,max,8,4194304,uniform,22000174,3,bench/results/raw/energy/measurements/20260825_014636_cpu_double_gt_q22_k8_max_uniform_s22000174_rep3_rapl.txt,0.288375,2.847829,9.87544,5.421215,1.284487,4.454225,0,rapl:package+core,0.648179,0.648179,0.071398,0.071398,0.26111509143,0.26111509143,2.361481,0.243547,0.032546,0.02084,,,,0.040593
rapl,cpu,double,gt,max,131072,8388608,uniform,23131241,1,bench/results/raw/energy/measurements/20260825_014636_cpu_double_gt_q23_k131072_max_uniform_s23131241_rep1_rapl.txt,4.087528,29.43314,7.200718,5.421215,7.273769,1.779503,0,rapl:package+core,23.471091,23.471091,3.327831,3.327831,5.43020366534,5.43020366534,26.161275,3.652944,0.157066,0,,,,0.040593
rapl,cpu,double,gt,max,131072,8388608,uniform,23131241,2,bench/results/raw/energy/measurements/20260825_014636_cpu_double_gt_q23_k131072_max_uniform_s23131241_rep2_rapl.txt,4.083993,29.589794,7.245309,5.421215,7.449589,1.824094,0,rapl:package+core,23.640439,23.640439,3.328621,3.328621,5.59526890548,5.59526890548,26.35055,3.650714,0.203008,0.037226,,,,0.040593
rapl,cpu,double,gt,max,131072,8388608,uniform,23131241,3,bench/results/raw/energy/measurements/20260825_014636_cpu_double_gt_q23_k131072_max_uniform_s23131241_rep3_rapl.txt,4.096319,29.383093,7.173048,5.421215,7.176067,1.751833,0,rapl:package+core,23.524963,23.524963,3.335297,3.335297,5.44360087414,5.44360087414,26.15119,3.662784,0.159079,0,,,,0.040593
rapl,cpu,double,gt,max,256,8388608,uniform,23000425,1,bench/results/raw/energy/measurements/20260825_014636_cpu_double_gt_q23_k256_max_uniform_s23000425_rep1_rapl.txt,0.513673,6.053413,11.784575,5.421215,3.268683,6.36336,0,rapl:package+core,1.654275,1.654275,0.145252,0.145252,0.86683267882,0.86683267882,5.173195,0.433526,0.103525,0.082673,,,,0.040593
rapl,cpu,double,gt,max,256,8388608,uniform,23000425,2,bench/results/raw/energy/measurements/20260825_014636_cpu_double_gt_q23_k256_max_uniform_s23000425_rep2_rapl.txt,0.514519,5.725443,11.127754,5.421215,2.936124,5.706539,0,rapl:package+core,1.595602,1.595602,0.145442,0.145442,0.80712964797,0.80712964797,4.879874,0.434593,0.041289,0.020403,,,,0.040593
rapl,cpu,double,gt,max,256,8388608,uniform,23000425,3,bench/results/raw/energy/measurements/20260825_014636_cpu_double_gt_q23_k256_max_uniform_s23000425_rep3_rapl.txt,0.520804,5.792562,11.122347,5.421215,2.969172,5.701132,0,rapl:package+core,1.570062,1.570062,0.145585,0.145585,0.780814414225,0.780814414225,4.904623,0.440924,0.041364,0.020223,,,,0.040593
rapl,cpu,double,gt,max,4096,8388608,uniform,23004265,1,bench/results/raw/energy/measurements/20260825_014636_cpu_double_gt_q23_k4096_max_uniform_s23004265_rep1_rapl.txt,0.671424,6.057991,9.022606,5.421215,2.418059,3.601391,0,rapl:package+core,2.200889,2.200889,0.260516,0.260516,0.78857575306,0.78857575306,5.163902,0.578626,0.047361,0.020106,,,,0.040593
rapl,cpu,double,gt,max,4096,8388608,uniform,23004265,2,bench/results/raw/energy/measurements/20260825_014636_cpu_double_gt_q23_k4096_max_uniform_s23004265_rep2_rapl.txt,0.670305,6.068991,9.05408,5.421215,2.435126,3.632865,0,rapl:package+core,2.20873,2.20873,0.261047,0.261047,0.793538087895,0.793538087895,5.181144,0.577386,0.037138,0.009928,,,,0.040593
rapl,cpu,double,gt,max,4096,8388608,uniform,23004265,3,bench/results/raw/energy/measurements/20260825_014636_cpu_double_gt_q23_k4096_max_uniform_s23004265_rep3_rapl.txt,0.666606,6.059333,9.089824,5.421215,2.445518,3.668609,0,rapl:package+core,2.265368,2.265368,0.261145,0.261145,0.849644808825,0.849644808825,5.170235,0.573387,0.07954,0.05248,,,,0.040593
rapl,cpu,double,gt,max,8,8388608,uniform,23000177,1,bench/results/raw/energy/measurements/20260825_014636_cpu_double_gt_q23_k8_max_uniform_s23000177_rep1_rapl.txt,0.513643,5.697337,11.092012,5.421215,2.912766,5.670797,0,rapl:package+core,1.578972,1.578972,0.138891,0.138891,0.826014027435,0.826014027435,4.856774,0.434657,0.072231,0.051381,,,,0.040593
rapl,cpu,double,gt,max,8,8388608,uniform,23000177,2,bench/results/raw/energy/measurements/20260825_014636_cpu_double_gt_q23_k8_max_uniform_s23000177_rep2_rapl.txt,0.51687,5.727166,11.080466,5.421215,2.9251,5.659251,0,rapl:package+core,1.477614,1.477614,0.139145,0.139145,0.723279038825,0.723279038825,4.893988,0.437362,0.03076,0.009779,,,,0.040593
rapl,cpu,double,gt,max,8,8388608,uniform,23000177,3,bench/results/raw/energy/measurements/20260825_014636_cpu_double_gt_q23_k8_max_uniform_s23000177_rep3_rapl.txt,0.508569,5.637037,11.084114,5.421215,2.879975,5.662899,0,rapl:package+core,1.477984,1.477984,0.138864,0.138864,0.72517240024,0.72517240024,4.813365,0.430167,0.02278,0.002136,,,,0.040593
rapl,cpu,double,gt,max,131072,16777216,uniform,24131244,1,bench/results/raw/energy/measurements/20260825_014636_cpu_double_gt_q24_k131072_max_uniform_s24131244_rep1_rapl.txt,5.290076,38.912279,7.355713,5.421215,10.233641,1.934498,0,rapl:package+core,29.343468,29.343468,4.135907,4.135907,6.921826933,6.921826933,34.55609,4.717032,0.198873,0,,,,0.040593
rapl,cpu,double,gt,max,131072,16777216,uniform,24131244,2,bench/results/raw/energy/measurements/20260825_014636_cpu_double_gt_q24_k131072_max_uniform_s24131244_rep2_rapl.txt,5.309776,38.863224,7.319183,5.421215,10.077786,1.897968,0,rapl:package+core,29.146973,29.146973,4.137342,4.137342,6.71755248947,6.71755248947,34.459674,4.738933,0.155509,0,,,,0.040593
rapl,cpu,double,gt,max,131072,16777216,uniform,24131244,3,bench/results/raw/energy/measurements/20260825_014636_cpu_double_gt_q24_k131072_max_uniform_s24131244_rep3_rapl.txt,5.297495,38.978499,7.357911,5.421215,10.259639,1.936696,0,rapl:package+core,29.362419,29.362419,4.136336,4.136336,6.93845223176,6.93845223176,34.595378,4.726666,0.165733,0,,,,0.040593
rapl,cpu,double,gt,max,256,16777216,uniform,24000428,1,bench/results/raw/energy/measurements/20260825_014636_cpu_double_gt_q24_k256_max_uniform_s24000428_rep1_rapl.txt,0.975269,10.985531,11.2641,5.421215,5.698386,5.842885,0,rapl:package+core,3.166932,3.166932,0.28332,0.28332,1.6309933662,1.6309933662,9.443267,0.826448,0.042769,0.00318,,,,0.040593
rapl,cpu,double,gt,max,256,16777216,uniform,24000428,2,bench/results/raw/energy/measurements/20260825_014636_cpu_double_gt_q24_k256_max_uniform_s24000428_rep2_rapl.txt,0.987844,11.395682,11.535918,5.421215,6.04037,6.114703,0,rapl:package+core,3.20903,3.20903,0.282875,0.282875,1.67550380687,1.67550380687,9.770048,0.837816,0.089382,0.049282,,,,0.040593
rapl,cpu,double,gt,max,256,16777216,uniform,24000428,3,bench/results/raw/energy/measurements/20260825_014636_cpu_double_gt_q24_k256_max_uniform_s24000428_rep3_rapl.txt,0.989611,11.114919,11.2316,5.421215,5.750023,5.810385,0,rapl:package+core,3.234456,3.234456,0.282838,0.282838,1.70113039183,1.70113039183,9.581414,0.841386,0.089,0.048829,,,,0.040593
rapl,cpu,double,gt,max,4096,16777216,uniform,24004268,1,bench/results/raw/energy/measurements/20260825_014636_cpu_double_gt_q24_k4096_max_uniform_s24004268_rep1_rapl.txt,1.159841,11.557477,9.964708,5.421215,5.269729,4.543493,0,rapl:package+core,4.169971,4.169971,0.416701,0.416701,1.91094528829,1.91094528829,9.947163,0.995297,0.041242,0,,,,0.040593
rapl,cpu,double,gt,max,4096,16777216,uniform,24004268,2,bench/results/raw/energy/measurements/20260825_014636_cpu_double_gt_q24_k4096_max_uniform_s24004268_rep2_rapl.txt,1.137076,11.537535,10.146667,5.421215,5.373199,4.725452,0,rapl:package+core,4.28863,4.28863,0.419701,0.419701,2.01334064329,2.01334064329,9.930944,0.972548,0.043058,0,,,,0.040593
rapl,cpu,double,gt,max,4096,16777216,uniform,24004268,3,bench/results/raw/energy/measurements/20260825_014636_cpu_double_gt_q24_k4096_max_uniform_s24004268_rep3_rapl.txt,1.153558,11.719197,10.15917,5.421215,5.465508,4.737955,0,rapl:package+core,4.31131,4.31131,0.416323,0.416323,2.05433350755,2.05433350755,10.098644,0.98871,0.044248,0,,,,0.040593
rapl,cpu,double,gt,max,8,16777216,uniform,24000180,1,bench/results/raw/energy/measurements/20260825_014636_cpu_double_gt_q24_k8_max_uniform_s24000180_rep1_rapl.txt,0.974812,11.038522,11.323747,5.421215,5.753858,5.902532,0,rapl:package+core,3.125024,3.125024,0.275233,0.275233,1.6329267319,1.6329267319,9.431977,0.82654,0.05322,0.013649,,,,0.040593
rapl,cpu,double,gt,max,8,16777216,uniform,24000180,2,bench/results/raw/energy/measurements/20260825_014636_cpu_double_gt_q24_k8_max_uniform_s24000180_rep2_rapl.txt,0.967617,10.930922,11.296741,5.421215,5.685261,5.875526,0,rapl:package+core,3.123359,3.123359,0.275241,0.275241,1.63121836219,1.63121836219,9.383853,0.819393,0.040601,0.001323,,,,0.040593
rapl,cpu,double,gt,max,8,16777216,uniform,24000180,3,bench/results/raw/energy/measurements/20260825_014636_cpu_double_gt_q24_k8_max_uniform_s24000180_rep3_rapl.txt,0.966779,11.095007,11.476266,5.421215,5.853893,6.055051,0,rapl:package+core,3.091689,3.091689,0.275418,0.275418,1.59858880713,1.59858880713,9.55221,0.819119,0.089213,0.049969,,,,0.040593
rapl,cpu,double,map_reduce,max,256,65536,uniform,16000404,1,bench/results/raw/energy/measurements/20260825_014636_cpu_double_map_reduce_q16_k256_max_uniform_s16000404_rep1_rapl.txt,0.006464,0.078472,12.139395,5.421215,0.043428,6.71818,0,rapl:package+core,0.026107,0.026107,0.001777,0.001777,0.016473500945,0.016473500945,0.026107,0.002319,0.001953,0.001691,,,,0.040593
rapl,cpu,double,map_reduce,max,256,65536,uniform,16000404,2,bench/results/raw/energy/measurements/20260825_014636_cpu_double_map_reduce_q16_k256_max_uniform_s16000404_rep2_rapl.txt,0.006464,0.055585,8.599793,5.421215,0.020545,3.178578,0,rapl:package+core,0.021514,0.021514,0.001801,0.001801,0.011750391785,0.011750391785,0.021514,0.002343,0.001464,0.001202,,,,0.040593
rapl,cpu,double,map_reduce,max,256,65536,uniform,16000404,3,bench/results/raw/energy/measurements/20260825_014636_cpu_double_map_reduce_q16_k256_max_uniform_s16000404_rep3_rapl.txt,0.006192,0.062847,10.150151,5.421215,0.02928,4.728936,0,rapl:package+core,0.02992,0.02992,0.001741,0.001741,0.020481664685,0.020481664685,0.02992,0.00204,0.009262,0.009011,,,,0.040593
rapl,cpu,double,map_reduce,max,4096,65536,uniform,16004244,1,bench/results/raw/energy/measurements/20260825_014636_cpu_double_map_reduce_q16_k4096_max_uniform_s16004244_rep1_rapl.txt,0.069023,0.606063,8.780578,5.421215,0.231874,3.359363,0,rapl:package+core,0.497777,0.497777,0.057452,0.057452,0.18631735582,0.18631735582,0.507741,0.058027,0.013732,0.01093,,,,0.040593
rapl,cpu,double,map_reduce,max,4096,65536,uniform,16004244,2,bench/results/raw/energy/measurements/20260825_014636_cpu_double_map_reduce_q16_k4096_max_uniform_s16004244_rep2_rapl.txt,0.069204,0.620848,8.97123,5.421215,0.245676,3.550015,0,rapl:package+core,0.533282,0.533282,0.057569,0.057569,0.221188073665,0.221188073665,0.533282,0.058141,0.016707,0.013898,,,,0.040593
rapl,cpu,double,map_reduce,max,4096,65536,uniform,16004244,3,bench/results/raw/energy/measurements/20260825_014636_cpu_double_map_reduce_q16_k4096_max_uniform_s16004244_rep3_rapl.txt,0.068745,0.633207,9.210903,5.421215,0.260524,3.789688,0,rapl:package+core,0.511174,0.511174,0.057325,0.057325,0.200402850125,0.200402850125,0.522114,0.057901,0.012084,0.009293,,,,0.040593
rapl,cpu,double,map_reduce,max,8,65536,uniform,16000156,1,bench/results/raw/energy/measurements/20260825_014636_cpu_double_map_reduce_q16_k8_max_uniform_s16000156_rep1_rapl.txt,0.005171,0.063,12.183187,5.421215,0.034967,6.761972,0,rapl:package+core,0.012008,0.012008,0.000897,0.000897,0.007145170145,0.007145170145,0.012008,0.00143,0.00441,0.0042,,,,0.040593
rapl,cpu,double,map_reduce,max,8,65536,uniform,16000156,2,bench/results/raw/energy/measurements/20260825_014636_cpu_double_map_reduce_q16_k8_max_uniform_s16000156_rep2_rapl.txt,0.005208,0.044477,8.540105,5.421215,0.016243,3.11889,0,rapl:package+core,0.023054,0.023054,0.000909,0.000909,0.018126115565,0.018126115565,0.023054,0.001447,0.002701,0.00249,,,,0.040593
rapl,cpu,double,map_reduce,max,8,65536,uniform,16000156,3,bench/results/raw/energy/measurements/20260825_014636_cpu_double_map_reduce_q16_k8_max_uniform_s16000156_rep3_rapl.txt,0.005287,0.055905,10.573709,5.421215,0.027242,5.152494,0,rapl:package+core,0.017897,0.017897,0.000878,0.000878,0.01313717323,0.01313717323,0.017897,0.001418,0.002121,0.001906,,,,0.040593
rapl,cpu,double,map_reduce,max,131072,131072,uniform,17131223,1,bench/results/raw/energy/measurements/20260825_014636_cpu_double_map_reduce_q17_k131072_max_uniform_s17131223_rep1_rapl.txt,0.5662,4.194699,7.408511,5.421215,1.125207,1.987296,0,rapl:package+core,3.431661,3.431661,0.478049,0.478049,0.840054590465,0.840054590465,3.438558,0.478742,0.079296,0.056312,,,,0.040593
rapl,cpu,double,map_reduce,max,131072,131072,uniform,17131223,2,bench/results/raw/energy/measurements/20260825_014636_cpu_double_map_reduce_q17_k131072_max_uniform_s17131223_rep2_rapl.txt,0.56627,3.917858,6.918715,5.421215,0.847989,1.4975,0,rapl:package+core,3.167225,3.167225,0.478587,0.478587,0.572701976795,0.572701976795,3.167225,0.479261,0.044004,0.021017,,,,0.040593
rapl,cpu,double,map_reduce,max,131072,131072,uniform,17131223,3,bench/results/raw/energy/measurements/20260825_014636_cpu_double_map_reduce_q17_k131072_max_uniform_s17131223_rep3_rapl.txt,0.566324,3.954554,6.982844,5.421215,0.884389,1.561629,0,rapl:package+core,3.170521,3.170521,0.478693,0.478693,0.575423328005,0.575423328005,3.170521,0.479365,0.038603,0.015614,,,,0.040593
rapl,cpu,double,map_reduce,max,256,131072,uniform,17000407,1,bench/results/raw/energy/measurements/20260825_014636_cpu_double_map_reduce_q17_k256_max_uniform_s17000407_rep1_rapl.txt,0.007738,0.074673,9.650324,5.421215,0.032724,4.229109,0,rapl:package+core,0.024886,0.024886,0.002425,0.002425,0.011739553625,0.011739553625,0.024886,0.002988,0.005325,0.005011,,,,0.040593
rapl,cpu,double,map_reduce,max,256,131072,uniform,17000407,2,bench/results/raw/energy/measurements/20260825_014636_cpu_double_map_reduce_q17_k256_max_uniform_s17000407_rep2_rapl.txt,0.007875,0.089534,11.368758,5.421215,0.04684,5.947543,0,rapl:package+core,0.04437,0.04437,0.002308,0.002308,0.03185783578,0.03185783578,0.04437,0.002849,0.005325,0.005005,,,,0.040593
rapl,cpu,double,map_reduce,max,256,131072,uniform,17000407,3,bench/results/raw/energy/measurements/20260825_014636_cpu_double_map_reduce_q17_k256_max_uniform_s17000407_rep3_rapl.txt,0.007846,0.066647,8.494523,5.421215,0.024113,3.073308,0,rapl:package+core,0.010573,0.010573,0.002567,0.002567,0,0,0.022063,0.003118,0.004623,0.004305,,,,0.040593
rapl,cpu,double,map_reduce,max,4096,131072,uniform,17004247,1,bench/results/raw/energy/measurements/20260825_014636_cpu_double_map_reduce_q17_k4096_max_uniform_s17004247_rep1_rapl.txt,0.082344,0.730461,8.870866,5.421215,0.284057,3.449651,0,rapl:package+core,0.590896,0.590896,0.06904,0.06904,0.2166153164,0.2166153164,0.601455,0.069617,0.016799,0.013456,,,,0.040593
rapl,cpu,double,map_reduce,max,4096,131072,uniform,17004247,2,bench/results/raw/energy/measurements/20260825_014636_cpu_double_map_reduce_q17_k4096_max_uniform_s17004247_rep2_rapl.txt,0.082416,0.708155,8.592489,5.421215,0.261362,3.171274,0,rapl:package+core,0.592285,0.592285,0.069105,0.069105,0.217651937425,0.217651937425,0.592285,0.06968,0.023284,0.019939,,,,0.040593
rapl,cpu,double,map_reduce,max,4096,131072,uniform,17004247,3,bench/results/raw/energy/measurements/20260825_014636_cpu_double_map_reduce_q17_k4096_max_uniform_s17004247_rep3_rapl.txt,0.082405,0.735359,8.923734,5.421215,0.288625,3.502519,0,rapl:package+core,0.593108,0.593108,0.06918,0.06918,0.2180683463,0.2180683463,0.603606,0.069766,0.016356,0.013011,,,,0.040593
rapl,cpu,double,map_reduce,max,8,131072,uniform,17000159,1,bench/results/raw/energy/measurements/20260825_014636_cpu_double_map_reduce_q17_k8_max_uniform_s17000159_rep1_rapl.txt,0.006212,0.056821,9.146277,5.421215,0.023142,3.725062,0,rapl:package+core,0.023375,0.023375,0.001385,0.001385,0.015866617225,0.015866617225,0.023375,0.001924,0.004044,0.003792,,,,0.040593
rapl,cpu,double,map_reduce,max,8,131072,uniform,17000159,2,bench/results/raw/energy/measurements/20260825_014636_cpu_double_map_reduce_q17_k8_max_uniform_s17000159_rep2_rapl.txt,0.006111,0.066464,10.875867,5.421215,0.033334,5.454652,0,rapl:package+core,0,0,0.001318,0.001318,0,0,0.023833,0.001865,0.006256,0.006008,,,,0.040593
rapl,cpu,double,map_reduce,max,8,131072,uniform,17000159,3,bench/results/raw/energy/measurements/20260825_014636_cpu_double_map_reduce_q17_k8_max_uniform_s17000159_rep3_rapl.txt,0.006005,0.057874,9.637174,5.421215,0.025318,4.215959,0,rapl:package+core,0.011001,0.011001,0.001337,0.001337,0.003752835545,0.003752835545,0.011001,0.001884,0.002106,0.001862,,,,0.040593
rapl,cpu,double,map_reduce,max,131072,262144,uniform,18131226,1,bench/results/raw/energy/measurements/20260825_014636_cpu_double_map_reduce_q18_k131072_max_uniform_s18131226_rep1_rapl.txt,1.146616,8.193256,7.145596,5.421215,1.977203,1.724381,0,rapl:package+core,7.044283,7.044283,1.006011,1.006011,1.59048107664,1.59048107664,7.044283,1.006783,0.031615,0,,,,0.040593
rapl,cpu,double,map_reduce,max,131072,262144,uniform,18131226,2,bench/results/raw/energy/measurements/20260825_014636_cpu_double_map_reduce_q18_k131072_max_uniform_s18131226_rep2_rapl.txt,1.146249,8.195774,7.15008,5.421215,1.98171,1.728865,0,rapl:package+core,7.004643,7.004643,1.005285,1.005285,1.55477687872,1.55477687872,7.02193,1.006068,0.030607,0,,,,0.040593
rapl,cpu,double,map_reduce,max,131072,262144,uniform,18131226,3,bench/results/raw/energy/measurements/20260825_014636_cpu_double_map_reduce_q18_k131072_max_uniform_s18131226_rep3_rapl.txt,1.148422,8.718727,7.591919,5.421215,2.492884,2.170704,0,rapl:package+core,7.509408,7.509408,1.007376,1.007376,2.04820611816,2.04820611816,7.528206,1.008155,0.087108,0.04049,,,,0.040593
rapl,cpu,double,map_reduce,max,256,262144,uniform,18000410,1,bench/results/raw/energy/measurements/20260825_014636_cpu_double_map_reduce_q18_k256_max_uniform_s18000410_rep1_rapl.txt,0.008907,0.09373,10.523372,5.421215,0.045444,5.102157,0,rapl:package+core,0.024047,0.024047,0.003566,0.003566,0.00471494731,0.00471494731,0.03546,0.004057,0.013107,0.012745,,,,0.040593
rapl,cpu,double,map_reduce,max,256,262144,uniform,18000410,2,bench/results/raw/energy/measurements/20260825_014636_cpu_double_map_reduce_q18_k256_max_uniform_s18000410_rep2_rapl.txt,0.008509,0.09286,10.913253,5.421215,0.046731,5.492038,0,rapl:package+core,0.037642,0.037642,0.003096,0.003096,0.02085791836,0.02085791836,0.037642,0.003639,0.005218,0.004873,,,,0.040593
rapl,cpu,double,map_reduce,max,256,262144,uniform,18000410,3,bench/results/raw/energy/measurements/20260825_014636_cpu_double_map_reduce_q18_k256_max_uniform_s18000410_rep3_rapl.txt,0.00837,0.082607,9.869506,5.421215,0.037232,4.448291,0,rapl:package+core,0.023208,0.023208,0.003113,0.003113,0.006331757705,0.006331757705,0.035979,0.00366,0.007217,0.006877,,,,0.040593
rapl,cpu,double,map_reduce,max,4096,262144,uniform,18004250,1,bench/results/raw/energy/measurements/20260825_014636_cpu_double_map_reduce_q18_k4096_max_uniform_s18004250_rep1_rapl.txt,0.096962,0.816928,8.425199,5.421215,0.291274,3.003984,0,rapl:package+core,0.668544,0.668544,0.082278,0.082278,0.22249727223,0.22249727223,0.688456,0.082876,0.019317,0.015381,,,,0.040593
rapl,cpu,double,map_reduce,max,4096,262144,uniform,18004250,2,bench/results/raw/energy/measurements/20260825_014636_cpu_double_map_reduce_q18_k4096_max_uniform_s18004250_rep2_rapl.txt,0.096951,0.809376,8.34832,5.421215,0.283785,2.927105,0,rapl:package+core,0.671291,0.671291,0.082323,0.082323,0.225000317555,0.225000317555,0.671291,0.082919,0.017639,0.013703,,,,0.040593
rapl,cpu,double,map_reduce,max,4096,262144,uniform,18004250,3,bench/results/raw/energy/measurements/20260825_014636_cpu_double_map_reduce_q18_k4096_max_uniform_s18004250_rep3_rapl.txt,0.097,0.829943,8.556103,5.421215,0.304084,3.134888,0,rapl:package+core,0.691599,0.691599,0.082522,0.082522,0.24422949577,0.24422949577,0.691599,0.0831,0.056302,0.052364,,,,0.040593
rapl,cpu,double,map_reduce,max,8,262144,uniform,18000162,1,bench/results/raw/energy/measurements/20260825_014636_cpu_double_map_reduce_q18_k8_max_uniform_s18000162_rep1_rapl.txt,0.006946,0.072201,10.394842,5.421215,0.034546,4.973627,0,rapl:package+core,0.010924,0.010924,0.002035,0.002035,0,0,0.023207,0.002577,0.004898,0.004616,,,,0.040593
rapl,cpu,double,map_reduce,max,8,262144,uniform,18000162,2,bench/results/raw/energy/measurements/20260825_014636_cpu_double_map_reduce_q18_k8_max_uniform_s18000162_rep2_rapl.txt,0.007038,0.080211,11.396657,5.421215,0.042056,5.975442,0,rapl:package+core,0.011169,0.011169,0.002084,0.002084,0,0,0.026641,0.002634,0.006591,0.006305,,,,0.040593
rapl,cpu,double,map_reduce,max,8,262144,uniform,18000162,3,bench/results/raw/energy/measurements/20260825_014636_cpu_double_map_reduce_q18_k8_max_uniform_s18000162_rep3_rapl.txt,0.006981,0.080562,11.540747,5.421215,0.042718,6.119532,0,rapl:package+core,0.012557,0.012557,0.002073,0.002073,0.001318821305,0.001318821305,0.024779,0.002612,0.004638,0.004355,,,,0.040593
rapl,cpu,double,map_reduce,max,131072,524288,uniform,19131229,1,bench/results/raw/energy/measurements/20260825_014636_cpu_double_map_reduce_q19_k131072_max_uniform_s19131229_rep1_rapl.txt,1.722474,13.077952,7.59254,5.421215,3.740051,2.171325,0,rapl:package+core,11.497284,11.497284,1.529057,1.529057,3.20793725574,3.20793725574,11.497284,1.529795,0.052732,0,,,,0.040593
rapl,cpu,double,map_reduce,max,131072,524288,uniform,19131229,2,bench/results/raw/energy/measurements/20260825_014636_cpu_double_map_reduce_q19_k131072_max_uniform_s19131229_rep2_rapl.txt,1.728001,13.230273,7.656403,5.421215,3.862407,2.235188,0,rapl:package+core,11.637948,11.637948,1.534099,1.534099,3.32126748971,3.32126748971,11.653312,1.534793,0.036726,0,,,,0.040593
rapl,cpu,double,map_reduce,max,131072,524288,uniform,19131229,3,bench/results/raw/energy/measurements/20260825_014636_cpu_double_map_reduce_q19_k131072_max_uniform_s19131229_rep3_rapl.txt,1.727984,12.881307,7.454527,5.421215,3.513532,2.033312,0,rapl:package+core,11.310756,11.310756,1.534214,1.534214,2.99345204999,2.99345204999,11.324549,1.535024,0.132852,0.062708,,,,0.040593
rapl,cpu,double,map_reduce,max,256,524288,uniform,19000413,1,bench/results/raw/energy/measurements/20260825_014636_cpu_double_map_reduce_q19_k256_max_uniform_s19000413_rep1_rapl.txt,0.011837,0.142494,12.038496,5.421215,0.078326,6.617281,0,rapl:package+core,0.07751,0.07751,0.004929,0.004929,0.050788831265,0.050788831265,0.07751,0.005487,0.006851,0.006371,,,,0.040593
rapl,cpu,double,map_reduce,max,256,524288,uniform,19000413,2,bench/results/raw/energy/measurements/20260825_014636_cpu_double_map_reduce_q19_k256_max_uniform_s19000413_rep2_rapl.txt,0.011284,0.107981,9.569497,5.421215,0.046809,4.148282,0,rapl:package+core,0.06207,0.06207,0.004737,0.004737,0.036389704545,0.036389704545,0.06207,0.005292,0.005585,0.005127,,,,0.040593
rapl,cpu,double,map_reduce,max,256,524288,uniform,19000413,3,bench/results/raw/energy/measurements/20260825_014636_cpu_double_map_reduce_q19_k256_max_uniform_s19000413_rep3_rapl.txt,0.010835,0.120294,11.102667,5.421215,0.061557,5.681452,0,rapl:package+core,0.040494,0.040494,0.004602,0.004602,0.01554556857,0.01554556857,0.052029,0.004962,0.014388,0.013948,,,,0.040593
rapl,cpu,double,map_reduce,max,4096,524288,uniform,19004253,1,bench/results/raw/energy/measurements/20260825_014636_cpu_double_map_reduce_q19_k4096_max_uniform_s19004253_rep1_rapl.txt,0.115625,0.971569,8.402731,5.421215,0.344739,2.981516,0,rapl:package+core,0.810749,0.810749,0.098196,0.098196,0.27840737186,0.27840737186,0.820194,0.098803,0.021407,0.016713,,,,0.040593
rapl,cpu,double,map_reduce,max,4096,524288,uniform,19004253,2,bench/results/raw/energy/measurements/20260825_014636_cpu_double_map_reduce_q19_k4096_max_uniform_s19004253_rep2_rapl.txt,0.115357,0.959973,8.321763,5.421215,0.334598,2.900548,0,rapl:package+core,0.801929,0.801929,0.098043,0.098043,0.270416817755,0.270416817755,0.801929,0.098625,0.022475,0.017792,,,,0.040593
rapl,cpu,double,map_reduce,max,4096,524288,uniform,19004253,3,bench/results/raw/energy/measurements/20260825_014636_cpu_double_map_reduce_q19_k4096_max_uniform_s19004253_rep3_rapl.txt,0.115359,1.025978,8.893779,5.421215,0.400592,3.472564,0,rapl:package+core,0.855211,0.855211,0.098086,0.098086,0.32346570551,0.32346570551,0.880447,0.098673,0.02397,0.019287,,,,0.040593
rapl,cpu,double,map_reduce,max,8,524288,uniform,19000165,1,bench/results/raw/energy/measurements/20260825_014636_cpu_double_map_reduce_q19_k8_max_uniform_s19000165_rep1_rapl.txt,0.009454,0.097422,10.305351,5.421215,0.046172,4.884136,0,rapl:package+core,0.02574,0.02574,0.003379,0.003379,0.007421714515,0.007421714515,0.037366,0.003916,0.005676,0.005292,,,,0.040593
rapl,cpu,double,map_reduce,max,8,524288,uniform,19000165,2,bench/results/raw/energy/measurements/20260825_014636_cpu_double_map_reduce_q19_k8_max_uniform_s19000165_rep2_rapl.txt,0.00952,0.110422,11.599174,5.421215,0.058813,6.177959,0,rapl:package+core,0.026961,0.026961,0.003416,0.003416,0.00844212956,0.00844212956,0.046109,0.003953,0.006683,0.006297,,,,0.040593
rapl,cpu,double,map_reduce,max,8,524288,uniform,19000165,3,bench/results/raw/energy/measurements/20260825_014636_cpu_double_map_reduce_q19_k8_max_uniform_s19000165_rep3_rapl.txt,0.009211,0.100749,10.937542,5.421215,0.050813,5.516327,0,rapl:package+core,0.038969,0.038969,0.00339,0.00339,0.02059108115,0.02059108115,0.038969,0.003939,0.017623,0.017249,,,,0.040593
rapl,cpu,double,map_reduce,max,131072,1048576,uniform,20131232,1,bench/results/raw/energy/measurements/20260825_014636_cpu_double_map_reduce_q20_k131072_max_uniform_s20131232_rep1_rapl.txt,2.310066,17.776898,7.695409,5.421215,5.253536,2.274194,0,rapl:package+core,15.777809,15.777809,2.062483,2.062483,4.59664522316,4.59664522316,15.807731,2.063212,0.052563,0,,,,0.040593
rapl,cpu,double,map_reduce,max,131072,1048576,uniform,20131232,2,bench/results/raw/energy/measurements/20260825_014636_cpu_double_map_reduce_q20_k131072_max_uniform_s20131232_rep2_rapl.txt,2.314347,18.308654,7.910937,5.421215,5.762081,2.489722,0,rapl:package+core,16.270307,16.270307,2.065616,2.065616,5.07215855656,5.07215855656,16.278897,2.066366,0.117425,0.023479,,,,0.040593
rapl,cpu,double,map_reduce,max,131072,1048576,uniform,20131232,3,bench/results/raw/energy/measurements/20260825_014636_cpu_double_map_reduce_q20_k131072_max_uniform_s20131232_rep3_rapl.txt,2.316181,17.850868,7.707025,5.421215,5.294351,2.28581,0,rapl:package+core,15.875995,15.875995,2.068869,2.068869,4.66021134417,4.66021134417,15.875995,2.069624,0.053906,0,,,,0.040593
rapl,cpu,double,map_reduce,max,256,1048576,uniform,20000416,1,bench/results/raw/energy/measurements/20260825_014636_cpu_double_map_reduce_q20_k256_max_uniform_s20000416_rep1_rapl.txt,0.016681,0.189214,11.342791,5.421215,0.09878,5.921576,0,rapl:package+core,0.07986,0.07986,0.007668,0.007668,0.03829012338,0.03829012338,0.099467,0.008218,0.009063,0.008386,,,,0.040593
rapl,cpu,double,map_reduce,max,256,1048576,uniform,20000416,2,bench/results/raw/energy/measurements/20260825_014636_cpu_double_map_reduce_q20_k256_max_uniform_s20000416_rep2_rapl.txt,0.016667,0.200307,12.018088,5.421215,0.109951,6.596873,0,rapl:package+core,0.083919,0.083919,0.007664,0.007664,0.04237080824,0.04237080824,0.083919,0.008221,0.005661,0.004984,,,,0.040593
rapl,cpu,double,map_reduce,max,256,1048576,uniform,20000416,3,bench/results/raw/energy/measurements/20260825_014636_cpu_double_map_reduce_q20_k256_max_uniform_s20000416_rep3_rapl.txt,0.017388,0.182668,10.50563,5.421215,0.088406,5.084415,0,rapl:package+core,0.095484,0.095484,0.008528,0.008528,0.04925187848,0.04925187848,0.095484,0.009095,0.008468,0.007762,,,,0.040593
rapl,cpu,double,map_reduce,max,4096,1048576,uniform,20004256,1,bench/results/raw/energy/measurements/20260825_014636_cpu_double_map_reduce_q20_k4096_max_uniform_s20004256_rep1_rapl.txt,0.13629,1.161591,8.522932,5.421215,0.422733,3.101717,0,rapl:package+core,0.969096,0.969096,0.115527,0.115527,0.342799294695,0.342799294695,0.969096,0.11612,0.025877,0.020345,,,,0.040593
rapl,cpu,double,map_reduce,max,4096,1048576,uniform,20004256,2,bench/results/raw/energy/measurements/20260825_014636_cpu_double_map_reduce_q20_k4096_max_uniform_s20004256_rep2_rapl.txt,0.136039,1.137377,8.360638,5.421215,0.399878,2.939423,0,rapl:package+core,0.934614,0.934614,0.115267,0.115267,0.309726810595,0.309726810595,0.954235,0.115879,0.017852,0.01233,,,,0.040593
rapl,cpu,double,map_reduce,max,4096,1048576,uniform,20004256,3,bench/results/raw/energy/measurements/20260825_014636_cpu_double_map_reduce_q20_k4096_max_uniform_s20004256_rep3_rapl.txt,0.135406,1.118167,8.257897,5.421215,0.384103,2.836682,0,rapl:package+core,0.937009,0.937009,0.114741,0.114741,0.314973369685,0.314973369685,0.937009,0.115348,0.022658,0.017161,,,,0.040593
rapl,cpu,double,map_reduce,max,8,1048576,uniform,20000168,1,bench/results/raw/energy/measurements/20260825_014636_cpu_double_map_reduce_q20_k8_max_uniform_s20000168_rep1_rapl.txt,0.014536,0.158973,10.936754,5.421215,0.080172,5.515539,0,rapl:package+core,0.054226,0.054226,0.006005,0.006005,0.021671603925,0.021671603925,0.068691,0.006564,0.015898,0.015308,,,,0.040593
rapl,cpu,double,map_reduce,max,8,1048576,uniform,20000168,2,bench/results/raw/energy/measurements/20260825_014636_cpu_double_map_reduce_q20_k8_max_uniform_s20000168_rep2_rapl.txt,0.014522,0.164466,11.325612,5.421215,0.085741,5.904397,0,rapl:package+core,0.073055,0.073055,0.006061,0.006061,0.040197015885,0.040197015885,0.088878,0.006609,0.006225,0.005636,,,,0.040593
rapl,cpu,double,map_reduce,max,8,1048576,uniform,20000168,3,bench/results/raw/energy/measurements/20260825_014636_cpu_double_map_reduce_q20_k8_max_uniform_s20000168_rep3_rapl.txt,0.014482,0.166724,11.51286,5.421215,0.088216,6.091645,0,rapl:package+core,0.073971,0.073971,0.006125,0.006125,0.040766058125,0.040766058125,0.088359,0.00667,0.007736,0.007148,,,,0.040593
rapl,cpu,double,map_reduce,max,131072,2097152,uniform,21131235,1,bench/results/raw/energy/measurements/20260825_014636_cpu_double_map_reduce_q21_k131072_max_uniform_s21131235_rep1_rapl.txt,3.057185,30.318897,9.917259,5.421215,13.745239,4.496044,0,rapl:package+core,27.092181,27.092181,2.737106,2.737106,12.2537408962,12.2537408962,27.101519,2.737802,0.296234,0.172134,,,,0.040593
rapl,cpu,double,map_reduce,max,131072,2097152,uniform,21131235,2,bench/results/raw/energy/measurements/20260825_014636_cpu_double_map_reduce_q21_k131072_max_uniform_s21131235_rep2_rapl.txt,3.053198,30.286031,9.919446,5.421215,13.733989,4.498231,0,rapl:package+core,27.140473,27.140473,2.734177,2.734177,12.3179116349,12.3179116349,27.149918,2.734886,0.277253,0.153315,,,,0.040593
rapl,cpu,double,map_reduce,max,131072,2097152,uniform,21131235,3,bench/results/raw/energy/measurements/20260825_014636_cpu_double_map_reduce_q21_k131072_max_uniform_s21131235_rep3_rapl.txt,3.046911,29.992422,9.843551,5.421215,13.474464,4.422336,0,rapl:package+core,26.770329,26.770329,2.72848,2.72848,11.9786522968,11.9786522968,26.770329,2.729247,0.258882,0.135199,,,,0.040593
rapl,cpu,double,map_reduce,max,256,2097152,uniform,21000419,1,bench/results/raw/energy/measurements/20260825_014636_cpu_double_map_reduce_q21_k256_max_uniform_s21000419_rep1_rapl.txt,0.021918,0.274919,12.543036,5.421215,0.156096,7.121821,0,rapl:package+core,0.14077,0.14077,0.008986,0.008986,0.09205496201,0.09205496201,0.14077,0.009405,0.052274,0.051384,,,,0.040593
rapl,cpu,double,map_reduce,max,256,2097152,uniform,21000419,2,bench/results/raw/energy/measurements/20260825_014636_cpu_double_map_reduce_q21_k256_max_uniform_s21000419_rep2_rapl.txt,0.022334,0.290008,12.985265,5.421215,0.168933,7.56405,0,rapl:package+core,0.128884,0.128884,0.009327,0.009327,0.078320327695,0.078320327695,0.147285,0.009893,0.00682,0.005913,,,,0.040593
rapl,cpu,double,map_reduce,max,256,2097152,uniform,21000419,3,bench/results/raw/energy/measurements/20260825_014636_cpu_double_map_reduce_q21_k256_max_uniform_s21000419_rep3_rapl.txt,0.023365,0.281525,12.048748,5.421215,0.154856,6.627533,0,rapl:package+core,0.153526,0.153526,0.009933,0.009933,0.099677071405,0.099677071405,0.153526,0.010511,0.00917,0.008222,,,,0.040593
rapl,cpu,double,map_reduce,max,4096,2097152,uniform,21004259,1,bench/results/raw/energy/measurements/20260825_014636_cpu_double_map_reduce_q21_k4096_max_uniform_s21004259_rep1_rapl.txt,0.155454,1.685581,10.842962,5.421215,0.842832,5.421747,0,rapl:package+core,1.376958,1.376958,0.12919,0.12919,0.67659123415,0.67659123415,1.401859,0.12979,0.067013,0.060703,,,,0.040593
rapl,cpu,double,map_reduce,max,4096,2097152,uniform,21004259,2,bench/results/raw/energy/measurements/20260825_014636_cpu_double_map_reduce_q21_k4096_max_uniform_s21004259_rep2_rapl.txt,0.154941,1.684651,10.872849,5.421215,0.844682,5.451634,0,rapl:package+core,1.396336,1.396336,0.128885,0.128885,0.697622704725,0.697622704725,1.409412,0.129485,0.04498,0.03869,,,,0.040593
rapl,cpu,double,map_reduce,max,4096,2097152,uniform,21004259,3,bench/results/raw/energy/measurements/20260825_014636_cpu_double_map_reduce_q21_k4096_max_uniform_s21004259_rep3_rapl.txt,0.155596,1.672582,10.74955,5.421215,0.829065,5.328335,0,rapl:package+core,1.400028,1.400028,0.129221,0.129221,0.699493176485,0.699493176485,1.400028,0.129824,0.030348,0.024032,,,,0.040593
rapl,cpu,double,map_reduce,max,8,2097152,uniform,21000171,1,bench/results/raw/energy/measurements/20260825_014636_cpu_double_map_reduce_q21_k8_max_uniform_s21000171_rep1_rapl.txt,0.019881,0.237216,11.931931,5.421215,0.129438,6.510716,0,rapl:package+core,0.107477,0.107477,0.007155,0.007155,0.068688206675,0.068688206675,0.107477,0.007721,0.019408,0.018601,,,,0.040593
rapl,cpu,double,map_reduce,max,8,2097152,uniform,21000171,2,bench/results/raw/energy/measurements/20260825_014636_cpu_double_map_reduce_q21_k8_max_uniform_s21000171_rep2_rapl.txt,0.019857,0.25899,13.042958,5.421215,0.151343,7.621743,0,rapl:package+core,0.110697,0.110697,0.007106,0.007106,0.07217384621,0.07217384621,0.110697,0.007683,0.009978,0.009172,,,,0.040593
rapl,cpu,double,map_reduce,max,8,2097152,uniform,21000171,3,bench/results/raw/energy/measurements/20260825_014636_cpu_double_map_reduce_q21_k8_max_uniform_s21000171_rep3_rapl.txt,0.019631,0.245241,12.492292,5.421215,0.138815,7.071077,0,rapl:package+core,0.126626,0.126626,0.007115,0.007115,0.088054055275,0.088054055275,0.126626,0.007681,0.008652,0.007855,,,,0.040593
rapl,cpu,double,map_reduce,max,131072,4194304,uniform,22131238,1,bench/results/raw/energy/measurements/20260825_014636_cpu_double_map_reduce_q22_k131072_max_uniform_s22131238_rep1_rapl.txt,3.693211,49.177663,13.315693,5.421215,29.155973,7.894478,0,rapl:package+core,44.102563,44.102563,3.309857,3.309857,26.1591165837,26.1591165837,44.113457,3.310584,0.428002,0.278083,,,,0.040593
rapl,cpu,double,map_reduce,max,131072,4194304,uniform,22131238,2,bench/results/raw/energy/measurements/20260825_014636_cpu_double_map_reduce_q22_k131072_max_uniform_s22131238_rep2_rapl.txt,3.689159,49.186101,13.332606,5.421215,29.186377,7.911391,0,rapl:package+core,44.240724,44.240724,3.307422,3.307422,26.3104782423,26.3104782423,44.240724,3.308137,0.455177,0.305423,,,,0.040593
rapl,cpu,double,map_reduce,max,131072,4194304,uniform,22131238,3,bench/results/raw/energy/measurements/20260825_014636_cpu_double_map_reduce_q22_k131072_max_uniform_s22131238_rep3_rapl.txt,3.687671,49.040555,13.298518,5.421215,29.048899,7.877303,0,rapl:package+core,44.062998,44.062998,3.304767,3.304767,26.1471455681,26.1471455681,44.074915,3.305483,0.327314,0.17762,,,,0.040593
rapl,cpu,double,map_reduce,max,256,4194304,uniform,22000422,1,bench/results/raw/energy/measurements/20260825_014636_cpu_double_map_reduce_q22_k256_max_uniform_s22000422_rep1_rapl.txt,0.041759,0.634001,15.182201,5.421215,0.407614,9.760986,0,rapl:package+core,0.363797,0.363797,0.019526,0.019526,0.25794235591,0.25794235591,0.386089,0.020105,0.016631,0.014936,,,,0.040593
rapl,cpu,double,map_reduce,max,256,4194304,uniform,22000422,2,bench/results/raw/energy/measurements/20260825_014636_cpu_double_map_reduce_q22_k256_max_uniform_s22000422_rep2_rapl.txt,0.043284,0.626692,14.478547,5.421215,0.392039,9.057332,0,rapl:package+core,0.372051,0.372051,0.019798,0.019798,0.26472178543,0.26472178543,0.372051,0.020124,0.043104,0.041347,,,,0.040593
rapl,cpu,double,map_reduce,max,256,4194304,uniform,22000422,3,bench/results/raw/energy/measurements/20260825_014636_cpu_double_map_reduce_q22_k256_max_uniform_s22000422_rep3_rapl.txt,0.043051,0.646787,15.023904,5.421215,0.413401,9.602689,0,rapl:package+core,0.35754,0.35754,0.020322,0.020322,0.24737006877,0.24737006877,0.382945,0.020932,0.015258,0.01351,,,,0.040593
rapl,cpu,double,map_reduce,max,4096,4194304,uniform,22004262,1,bench/results/raw/energy/measurements/20260825_014636_cpu_double_map_reduce_q22_k4096_max_uniform_s22004262_rep1_rapl.txt,0.178644,2.684523,15.027247,5.421215,1.716057,9.606032,0,rapl:package+core,2.212853,2.212853,0.142637,0.142637,1.43958715604,1.43958715604,2.252905,0.143246,0.032774,0.025522,,,,0.040593
rapl,cpu,double,map_reduce,max,4096,4194304,uniform,22004262,2,bench/results/raw/energy/measurements/20260825_014636_cpu_double_map_reduce_q22_k4096_max_uniform_s22004262_rep2_rapl.txt,0.17736,2.708524,15.271351,5.421215,1.747018,9.850136,0,rapl:package+core,2.26595,2.26595,0.142711,0.142711,1.49228298614,1.49228298614,2.26595,0.143315,0.034743,0.027543,,,,0.040593
rapl,cpu,double,map_reduce,max,4096,4194304,uniform,22004262,3,bench/results/raw/energy/measurements/20260825_014636_cpu_double_map_reduce_q22_k4096_max_uniform_s22004262_rep3_rapl.txt,0.178344,2.700422,15.141667,5.421215,1.733582,9.720452,0,rapl:package+core,2.263112,2.263112,0.142941,0.142941,1.48819810669,1.48819810669,2.263112,0.14354,0.044279,0.037039,,,,0.040593
rapl,cpu,double,map_reduce,max,8,4194304,uniform,22000174,1,bench/results/raw/energy/measurements/20260825_014636_cpu_double_map_reduce_q22_k8_max_uniform_s22000174_rep1_rapl.txt,0.041832,0.590194,14.108763,5.421215,0.363415,8.687548,0,rapl:package+core,0.325378,0.325378,0.019498,0.019498,0.21967514993,0.21967514993,0.350324,0.020071,0.024123,0.022425,,,,0.040593
rapl,cpu,double,map_reduce,max,8,4194304,uniform,22000174,2,bench/results/raw/energy/measurements/20260825_014636_cpu_double_map_reduce_q22_k8_max_uniform_s22000174_rep2_rapl.txt,0.040483,0.586349,14.483748,5.421215,0.366881,9.062533,0,rapl:package+core,0.356823,0.356823,0.0187,0.0187,0.2554462795,0.2554462795,0.375453,0.019277,0.011001,0.009358,,,,0.040593
rapl,cpu,double,map_reduce,max,8,4194304,uniform,22000174,3,bench/results/raw/energy/measurements/20260825_014636_cpu_double_map_reduce_q22_k8_max_uniform_s22000174_rep3_rapl.txt,0.042535,0.619948,14.575068,5.421215,0.389358,9.153853,0,rapl:package+core,0.362042,0.362042,0.019267,0.019267,0.257591450595,0.257591450595,0.380748,0.019897,0.010894,0.009167,,,,0.040593
rapl,cpu,double,map_reduce,max,131072,8388608,uniform,23131241,1,bench/results/raw/energy/measurements/20260825_014636_cpu_double_map_reduce_q23_k131072_max_uniform_s23131241_rep1_rapl.txt,4.34538,82.477592,18.980525,5.421215,58.920354,13.55931,0,rapl:package+core,74.299929,74.299929,3.890367,3.890367,53.2094130641,53.2094130641,74.313844,3.890989,6.656242,6.47985,,,,0.040593
rapl,cpu,double,map_reduce,max,131072,8388608,uniform,23131241,2,bench/results/raw/energy/measurements/20260825_014636_cpu_double_map_reduce_q23_k131072_max_uniform_s23131241_rep2_rapl.txt,4.349404,82.479514,18.963405,5.421215,58.900458,13.54219,0,rapl:package+core,74.275212,74.275212,3.892825,3.892825,53.1713707176,53.1713707176,74.289096,3.893456,6.642693,6.466138,,,,0.040593
rapl,cpu,double,map_reduce,max,131072,8388608,uniform,23131241,3,bench/results/raw/energy/measurements/20260825_014636_cpu_double_map_reduce_q23_k131072_max_uniform_s23131241_rep3_rapl.txt,4.342312,82.30777,18.954825,5.421215,58.767161,13.53361,0,rapl:package+core,74.158198,74.158198,3.887109,3.887109,53.0853443826,53.0853443826,74.158198,3.888609,6.636406,6.460139,,,,0.040593
rapl,cpu,double,map_reduce,max,256,8388608,uniform,23000425,1,bench/results/raw/energy/measurements/20260825_014636_cpu_double_map_reduce_q23_k256_max_uniform_s23000425_rep1_rapl.txt,0.102389,1.822659,17.801383,5.421215,1.267588,12.380168,0,rapl:package+core,1.092062,1.092062,0.060309,0.060309,0.765113944565,0.765113944565,1.299921,0.060927,0.107447,0.103291,,,,0.040593
rapl,cpu,double,map_reduce,max,256,8388608,uniform,23000425,2,bench/results/raw/energy/measurements/20260825_014636_cpu_double_map_reduce_q23_k256_max_uniform_s23000425_rep2_rapl.txt,0.102314,1.798445,17.577621,5.421215,1.243776,12.156406,0,rapl:package+core,1.068534,1.068534,0.060282,0.060282,0.74173231737,0.74173231737,1.301294,0.060888,0.108653,0.1045,,,,0.040593
rapl,cpu,double,map_reduce,max,256,8388608,uniform,23000425,3,bench/results/raw/energy/measurements/20260825_014636_cpu_double_map_reduce_q23_k256_max_uniform_s23000425_rep3_rapl.txt,0.102824,1.8002,17.507631,5.421215,1.24277,12.086416,0,rapl:package+core,1.282252,1.282252,0.060437,0.060437,0.954610029045,0.954610029045,1.282252,0.061047,0.107355,0.103181,,,,0.040593
rapl,cpu,double,map_reduce,max,4096,8388608,uniform,23004265,1,bench/results/raw/energy/measurements/20260825_014636_cpu_double_map_reduce_q23_k4096_max_uniform_s23004265_rep1_rapl.txt,0.236818,4.976778,21.015216,5.421215,3.692938,15.594001,0,rapl:package+core,4.202984,4.202984,0.1834,0.1834,3.208733169,3.208733169,4.237269,0.184018,0.390285,0.380672,,,,0.040593
rapl,cpu,double,map_reduce,max,4096,8388608,uniform,23004265,2,bench/results/raw/energy/measurements/20260825_014636_cpu_double_map_reduce_q23_k4096_max_uniform_s23004265_rep2_rapl.txt,0.236983,4.99524,21.078511,5.421215,3.710506,15.657296,0,rapl:package+core,4.232219,4.232219,0.183595,0.183595,3.23691103207,3.23691103207,4.232219,0.184216,0.386576,0.376956,,,,0.040593
rapl,cpu,double,map_reduce,max,4096,8388608,uniform,23004265,3,bench/results/raw/energy/measurements/20260825_014636_cpu_double_map_reduce_q23_k4096_max_uniform_s23004265_rep3_rapl.txt,0.236908,4.980333,21.022227,5.421215,3.696004,15.601012,0,rapl:package+core,4.149336,4.149336,0.183802,0.183802,3.15290584057,3.15290584057,4.183392,0.184419,0.393596,0.383979,,,,0.040593
rapl,cpu,double,map_reduce,max,8,8388608,uniform,23000177,1,bench/results/raw/energy/measurements/20260825_014636_cpu_double_map_reduce_q23_k8_max_uniform_s23000177_rep1_rapl.txt,0.101587,1.754914,17.275017,5.421215,1.20419,11.853802,0,rapl:package+core,1.250027,1.250027,0.059622,0.059622,0.92680331927,0.92680331927,1.250027,0.060224,0.104502,0.100378,,,,0.040593
rapl,cpu,double,map_reduce,max,8,8388608,uniform,23000177,2,bench/results/raw/energy/measurements/20260825_014636_cpu_double_map_reduce_q23_k8_max_uniform_s23000177_rep2_rapl.txt,0.101251,1.710422,16.892909,5.421215,1.161519,11.471694,0,rapl:package+core,1.25134,1.25134,0.059183,0.059183,0.930496232655,0.930496232655,1.25134,0.059826,0.099543,0.095433,,,,0.040593
rapl,cpu,double,map_reduce,max,8,8388608,uniform,23000177,3,bench/results/raw/energy/measurements/20260825_014636_cpu_double_map_reduce_q23_k8_max_uniform_s23000177_rep3_rapl.txt,0.101776,1.747636,17.171375,5.421215,1.195886,11.75016,0,rapl:package+core,1.250484,1.250484,0.059613,0.059613,0.927309110205,0.927309110205,1.250484,0.060235,0.105677,0.101546,,,,0.040593
rapl,cpu,double,map_reduce,max,131072,16777216,uniform,24131244,1,bench/results/raw/energy/measurements/20260825_014636_cpu_double_map_reduce_q24_k131072_max_uniform_s24131244_rep1_rapl.txt,5.037558,101.282528,20.105483,5.421215,73.972845,14.684268,0,rapl:package+core,91.137133,91.137133,4.494186,4.494186,66.773184444,66.773184444,91.164964,4.494818,8.292418,8.087928,,,,0.040593
rapl,cpu,double,map_reduce,max,131072,16777216,uniform,24131244,2,bench/results/raw/energy/measurements/20260825_014636_cpu_double_map_reduce_q24_k131072_max_uniform_s24131244_rep2_rapl.txt,5.033194,101.427036,20.151623,5.421215,74.141008,14.730408,0,rapl:package+core,91.284738,91.284738,4.490264,4.490264,66.9420514492,66.9420514492,91.312645,4.490894,8.219469,8.015157,,,,0.040593
rapl,cpu,double,map_reduce,max,131072,16777216,uniform,24131244,3,bench/results/raw/energy/measurements/20260825_014636_cpu_double_map_reduce_q24_k131072_max_uniform_s24131244_rep3_rapl.txt,5.040636,101.404256,20.117353,5.421215,74.077884,14.696138,0,rapl:package+core,91.258342,91.258342,4.497551,4.497551,66.8761510555,66.8761510555,91.272135,4.498176,8.278213,8.073598,,,,0.040593
rapl,cpu,double,map_reduce,max,256,16777216,uniform,24000428,1,bench/results/raw/energy/measurements/20260825_014636_cpu_double_map_reduce_q24_k256_max_uniform_s24000428_rep1_rapl.txt,0.195265,3.426703,17.549025,5.421215,2.368132,12.12781,0,rapl:package+core,2.50277,2.50277,0.117041,0.117041,1.86826557518,1.86826557518,2.528723,0.11768,0.200399,0.192473,,,,0.040593
rapl,cpu,double,map_reduce,max,256,16777216,uniform,24000428,2,bench/results/raw/energy/measurements/20260825_014636_cpu_double_map_reduce_q24_k256_max_uniform_s24000428_rep2_rapl.txt,0.195659,3.449102,17.628114,5.421215,2.388392,12.206899,0,rapl:package+core,2.499093,2.499093,0.117611,0.117611,1.86149848263,1.86149848263,2.550268,0.118231,0.203801,0.195859,,,,0.040593
rapl,cpu,double,map_reduce,max,256,16777216,uniform,24000428,3,bench/results/raw/energy/measurements/20260825_014636_cpu_double_map_reduce_q24_k256_max_uniform_s24000428_rep3_rapl.txt,0.19603,3.437841,17.53733,5.421215,2.375121,12.116115,0,rapl:package+core,2.500251,2.500251,0.117056,0.117056,1.86566525696,1.86566525696,2.52677,0.11769,0.198186,0.190229,,,,0.040593
rapl,cpu,double,map_reduce,max,4096,16777216,uniform,24004268,1,bench/results/raw/energy/measurements/20260825_014636_cpu_double_map_reduce_q24_k4096_max_uniform_s24004268_rep1_rapl.txt,0.355863,7.17062,20.149954,5.421215,5.241411,14.728739,0,rapl:package+core,5.946622,5.946622,0.265668,0.265668,4.50637865338,4.50637865338,5.971737,0.266273,0.552004,0.537558,,,,0.040593
rapl,cpu,double,map_reduce,max,4096,16777216,uniform,24004268,2,bench/results/raw/energy/measurements/20260825_014636_cpu_double_map_reduce_q24_k4096_max_uniform_s24004268_rep2_rapl.txt,0.357428,7.169506,20.058598,5.421215,5.231812,14.637383,0,rapl:package+core,5.902404,5.902404,0.266015,0.266015,4.46027949177,4.46027949177,5.927885,0.266603,0.56656,0.552051,,,,0.040593
rapl,cpu,double,map_reduce,max,4096,16777216,uniform,24004268,3,bench/results/raw/energy/measurements/20260825_014636_cpu_double_map_reduce_q24_k4096_max_uniform_s24004268_rep3_rapl.txt,0.356404,7.193873,20.184599,5.421215,5.26173,14.763384,0,rapl:package+core,5.943404,5.943404,0.265855,0.265855,4.50214688617,4.50214688617,5.968854,0.266482,0.540362,0.525894,,,,0.040593
rapl,cpu,double,map_reduce,max,8,16777216,uniform,24000180,1,bench/results/raw/energy/measurements/20260825_014636_cpu_double_map_reduce_q24_k8_max_uniform_s24000180_rep1_rapl.txt,0.193737,3.365671,17.372411,5.421215,2.315383,11.951196,0,rapl:package+core,2.468607,2.468607,0.115957,0.115957,1.83997917225,1.83997917225,2.468607,0.116561,0.197545,0.189681,,,,0.040593
rapl,cpu,double,map_reduce,max,8,16777216,uniform,24000180,2,bench/results/raw/energy/measurements/20260825_014636_cpu_double_map_reduce_q24_k8_max_uniform_s24000180_rep2_rapl.txt,0.193404,3.345377,17.297313,5.421215,2.29689,11.876098,0,rapl:package+core,2.472208,2.472208,0.116109,0.116109,1.84275614757,1.84275614757,2.472208,0.11672,0.214786,0.206935,,,,0.040593
rapl,cpu,double,map_reduce,max,8,16777216,uniform,24000180,3,bench/results/raw/energy/measurements/20260825_014636_cpu_double_map_reduce_q24_k8_max_uniform_s24000180_rep3_rapl.txt,0.192931,3.371225,17.47374,5.421215,2.325305,12.052525,0,rapl:package+core,2.419339,2.419339,0.115886,0.115886,1.79109607851,1.79109607851,2.444668,0.116346,0.218403,0.210571,,,,0.040593
gpu,gpu,double,bitonic,max,256,65536,uniform,16000404,1,bench/results/raw/energy/measurements/20260825_014636_gpu_double_bitonic_q16_k256_max_uniform_s16000404_rep1_gpu.txt,0.373493,7.704154,20.62728,16.465421,1.554427,4.161859,0,"rapl:package+core,nvml:board-integrated",0.37839,0.271189,0.017924,0.008654,0.083263793996,0.128697246666,0.427584,0.019453,,,4.804645,1.329474,9.304504,
gpu,gpu,double,bitonic,max,256,65536,uniform,16000404,2,bench/results/raw/energy/measurements/20260825_014636_gpu_double_bitonic_q16_k256_max_uniform_s16000404_rep2_gpu.txt,0.400954,8.050497,20.078344,16.465421,1.448617,3.612923,0,"rapl:package+core,nvml:board-integrated",0.435753,0.206642,0.017586,0.008635,0.146192106294,0.064463089665,0.435753,0.019106,,,4.962904,1.232224,9.304504,
gpu,gpu,double,bitonic,max,256,65536,uniform,16000404,3,bench/results/raw/energy/measurements/20260825_014636_gpu_double_bitonic_q16_k256_max_uniform_s16000404_rep3_gpu.txt,0.377993,7.418867,19.627016,16.465421,1.195059,3.161595,0,"rapl:package+core,nvml:board-integrated",0.40009,0.213833,0.017605,0.008575,0.110216263295,0.072642014925,0.40009,0.019159,,,4.498287,0.981253,9.304504,
gpu,gpu,double,bitonic,max,4096,65536,uniform,16004244,1,bench/results/raw/energy/measurements/20260825_014636_gpu_double_bitonic_q16_k4096_max_uniform_s16004244_rep1_gpu.txt,0.396165,7.691132,19.413967,16.465421,1.168111,2.948546,0,"rapl:package+core,nvml:board-integrated",0.438053,0.239538,0.019024,0.009991,0.124814830896,0.075031978789,0.438053,0.020573,,,4.661702,0.975585,9.304504,
gpu,gpu,double,bitonic,max,4096,65536,uniform,16004244,2,bench/results/raw/energy/measurements/20260825_014636_gpu_double_bitonic_q16_k4096_max_uniform_s16004244_rep2_gpu.txt,0.3834,7.405,19.314035,16.465421,1.092158,2.848614,0,"rapl:package+core,nvml:board-integrated",0.386911,0.278484,0.018872,0.009932,0.076175574888,0.114949438628,0.421871,0.020448,,,4.478424,0.911078,9.304504,
gpu,gpu,double,bitonic,max,4096,65536,uniform,16004244,3,bench/results/raw/energy/measurements/20260825_014636_gpu_double_bitonic_q16_k4096_max_uniform_s16004244_rep3_gpu.txt,0.401127,7.820075,19.495244,16.465421,1.215345,3.029823,0,"rapl:package+core,nvml:board-integrated",0.4721,0.277096,0.022692,0.013666,0.098466666668,0.052079556614,0.497399,0.024312,,,4.745237,1.012946,9.304504,
gpu,gpu,double,bitonic,max,8,65536,uniform,16000156,1,bench/results/raw/energy/measurements/20260825_014636_gpu_double_bitonic_q16_k8_max_uniform_s16000156_rep1_gpu.txt,0.38431,9.461139,24.618493,16.465421,3.133309,8.153072,0,"rapl:package+core,nvml:board-integrated",0.393366,0.091707,0.015504,0.006535,0.138086112816,0,0.452864,0.016994,,,6.589843,3.014027,9.304504,
gpu,gpu,double,bitonic,max,8,65536,uniform,16000156,2,bench/results/raw/energy/measurements/20260825_014636_gpu_double_bitonic_q16_k8_max_uniform_s16000156_rep2_gpu.txt,0.375965,8.427434,22.415483,16.465421,2.237014,5.950062,0,"rapl:package+core,nvml:board-integrated",0.34537,0.064008,0.015708,0.006628,0.086731166932,0,0.441389,0.017218,,,5.549683,2.051517,9.304504,
gpu,gpu,double,bitonic,max,8,65536,uniform,16000156,3,bench/results/raw/energy/measurements/20260825_014636_gpu_double_bitonic_q16_k8_max_uniform_s16000156_rep3_gpu.txt,0.353467,7.467458,21.126339,16.465421,1.647479,4.660918,0,"rapl:package+core,nvml:board-integrated",0.342188,0.139628,0.015554,0.00657,0.086084841766,0.03145018403,0.38175,0.01704,,,4.623993,1.335161,9.304504,
gpu,gpu,double,bitonic,max,131072,131072,uniform,17131223,1,bench/results/raw/energy/measurements/20260825_014636_gpu_double_bitonic_q17_k131072_max_uniform_s17131223_rep1_gpu.txt,0.439407,8.91904,20.297919,16.465421,1.684025,3.832498,0,"rapl:package+core,nvml:board-integrated",0.843922,0.481322,0.036452,0.019963,0.243724473708,0.152622800577,0.881147,0.039307,,,5.43843,1.349969,9.304504,
gpu,gpu,double,bitonic,max,131072,131072,uniform,17131223,2,bench/results/raw/energy/measurements/20260825_014636_gpu_double_bitonic_q17_k131072_max_uniform_s17131223_rep2_gpu.txt,0.474317,9.794324,20.649339,16.465421,1.984502,4.183918,0,"rapl:package+core,nvml:board-integrated",0.837419,0.497668,0.036529,0.019785,0.235953636291,0.171899645515,0.874441,0.039316,,,5.857669,1.444388,9.304504,
gpu,gpu,double,bitonic,max,131072,131072,uniform,17131223,3,bench/results/raw/energy/measurements/20260825_014636_gpu_double_bitonic_q17_k131072_max_uniform_s17131223_rep3_gpu.txt,0.434549,9.029125,20.778148,16.465421,1.874092,4.312727,0,"rapl:package+core,nvml:board-integrated",0.878465,0.469311,0.037798,0.019908,0.256105017042,0.141517398732,0.941314,0.040582,,,5.5346,1.491337,9.304504,
gpu,gpu,double,bitonic,max,256,131072,uniform,17000407,1,bench/results/raw/energy/measurements/20260825_014636_gpu_double_bitonic_q17_k256_max_uniform_s17000407_rep1_gpu.txt,0.384876,7.482265,19.440738,16.465421,1.145127,2.975317,0,"rapl:package+core,nvml:board-integrated",0.482691,0.271115,0.021844,0.012046,0.123020343676,0.072772538634,0.528941,0.024395,,,4.526882,0.945806,9.304504,
gpu,gpu,double,bitonic,max,256,131072,uniform,17000407,2,bench/results/raw/energy/measurements/20260825_014636_gpu_double_bitonic_q17_k256_max_uniform_s17000407_rep2_gpu.txt,0.391443,7.732776,19.754513,16.465421,1.287494,3.289092,0,"rapl:package+core,nvml:board-integrated",0.481485,0.316606,0.021679,0.012045,0.124531138141,0.118280004055,0.529675,0.024139,,,4.730124,1.087936,9.304504,
gpu,gpu,double,bitonic,max,256,131072,uniform,17000407,3,bench/results/raw/energy/measurements/20260825_014636_gpu_double_bitonic_q17_k256_max_uniform_s17000407_rep3_gpu.txt,0.404193,7.97813,19.738398,16.465421,1.322916,3.272977,0,"rapl:package+core,nvml:board-integrated",0.438927,0.30988,0.021895,0.012083,0.078416607205,0.110928318057,0.521871,0.024423,,,4.802178,1.041359,9.304504,
gpu,gpu,double,bitonic,max,4096,131072,uniform,17004247,1,bench/results/raw/energy/measurements/20260825_014636_gpu_double_bitonic_q17_k4096_max_uniform_s17004247_rep1_gpu.txt,0.387968,7.683437,19.804327,16.465421,1.295387,3.338906,0,"rapl:package+core,nvml:board-integrated",0.540573,0.353915,0.025635,0.015888,0.118481932665,0.092312391152,0.576787,0.028144,,,4.658722,1.048876,9.304504,
gpu,gpu,double,bitonic,max,4096,131072,uniform,17004247,2,bench/results/raw/energy/measurements/20260825_014636_gpu_double_bitonic_q17_k4096_max_uniform_s17004247_rep2_gpu.txt,0.380867,7.669283,20.136356,16.465421,1.39814,3.670935,0,"rapl:package+core,nvml:board-integrated",0.550922,0.345843,0.02579,0.015853,0.12627879241,0.084816680887,0.598174,0.028235,,,4.631614,1.087831,9.304504,
gpu,gpu,double,bitonic,max,4096,131072,uniform,17004247,3,bench/results/raw/energy/measurements/20260825_014636_gpu_double_bitonic_q17_k4096_max_uniform_s17004247_rep3_gpu.txt,0.389122,7.862989,20.207025,16.465421,1.455939,3.741604,0,"rapl:package+core,nvml:board-integrated",0.5677,0.412997,0.025591,0.015847,0.146333411189,0.152069473413,0.605379,0.028034,,,4.835649,1.215066,9.304504,
gpu,gpu,double,bitonic,max,8,131072,uniform,17000159,1,bench/results/raw/energy/measurements/20260825_014636_gpu_double_bitonic_q17_k8_max_uniform_s17000159_rep1_gpu.txt,0.397678,7.750053,19.488255,16.465421,1.202115,3.022834,0,"rapl:package+core,nvml:board-integrated",0.402341,0.230443,0.018079,0.008116,0.104662653741,0.096809643164,0.453084,0.020608,,,4.671126,0.970928,9.304504,
gpu,gpu,double,bitonic,max,8,131072,uniform,17000159,2,bench/results/raw/energy/measurements/20260825_014636_gpu_double_bitonic_q17_k8_max_uniform_s17000159_rep2_gpu.txt,0.383842,7.355254,19.162181,16.465421,1.035131,2.69676,0,"rapl:package+core,nvml:board-integrated",0.375311,0.099424,0.018029,0.00813,0.078455924791,0,0.432767,0.020522,,,4.409254,0.837793,9.304504,
gpu,gpu,double,bitonic,max,8,131072,uniform,17000159,3,bench/results/raw/energy/measurements/20260825_014636_gpu_double_bitonic_q17_k8_max_uniform_s17000159_rep3_gpu.txt,0.379442,7.275258,19.173584,16.465421,1.02759,2.708163,0,"rapl:package+core,nvml:board-integrated",0.398703,0.250659,0.017875,0.008105,0.104383599625,0.117206762795,0.433748,0.020363,,,4.340748,0.810231,9.304504,
gpu,gpu,double,bitonic,max,131072,262144,uniform,18131226,1,bench/results/raw/energy/measurements/20260825_014636_gpu_double_bitonic_q18_k131072_max_uniform_s18131226_rep1_gpu.txt,0.467733,10.068128,21.525379,16.465421,2.366709,5.059958,0,"rapl:package+core,nvml:board-integrated",1.31204,0.75826,0.055292,0.031417,0.401633942068,0.240965868443,1.42987,0.059706,,,6.36286,2.010837,9.304504,
gpu,gpu,double,bitonic,max,131072,262144,uniform,18131226,2,bench/results/raw/energy/measurements/20260825_014636_gpu_double_bitonic_q18_k131072_max_uniform_s18131226_rep2_gpu.txt,0.469938,10.133456,21.563387,16.465421,2.395728,5.097966,0,"rapl:package+core,nvml:board-integrated",1.334932,0.694285,0.056726,0.031543,0.400914528354,0.174916225397,1.43627,0.061335,,,6.391508,2.018968,9.304504,
gpu,gpu,double,bitonic,max,131072,262144,uniform,18131226,3,bench/results/raw/energy/measurements/20260825_014636_gpu_double_bitonic_q18_k131072_max_uniform_s18131226_rep3_gpu.txt,0.471615,10.458213,22.175305,16.465421,2.692869,5.709884,0,"rapl:package+core,nvml:board-integrated",1.328131,0.795911,0.052903,0.03144,0.457060832837,0.27823816376,1.404718,0.057262,,,6.687199,2.299053,9.304504,
gpu,gpu,double,bitonic,max,256,262144,uniform,18000410,1,bench/results/raw/energy/measurements/20260825_014636_gpu_double_bitonic_q18_k256_max_uniform_s18000410_rep1_gpu.txt,0.388859,7.81727,20.103106,16.465421,1.414546,3.637685,0,"rapl:package+core,nvml:board-integrated",0.84095,0.437698,0.040064,0.020908,0.181279373056,0.093438977732,0.976705,0.043451,,,4.753937,1.135798,9.304504,
gpu,gpu,double,bitonic,max,256,262144,uniform,18000410,2,bench/results/raw/energy/measurements/20260825_014636_gpu_double_bitonic_q18_k256_max_uniform_s18000410_rep2_gpu.txt,0.418196,8.784402,21.005444,16.465421,1.898621,4.540023,0,"rapl:package+core,nvml:board-integrated",0.864886,0.422106,0.039277,0.020731,0.218173659383,0.080761357249,1.006716,0.043281,,,5.3983,1.507189,9.304504,
gpu,gpu,double,bitonic,max,256,262144,uniform,18000410,3,bench/results/raw/energy/measurements/20260825_014636_gpu_double_bitonic_q18_k256_max_uniform_s18000410_rep3_gpu.txt,0.41078,8.402163,20.454181,16.465421,1.638502,3.98876,0,"rapl:package+core,nvml:board-integrated",0.840145,0.425676,0.035642,0.017539,0.253284464718,0.136888981081,0.914319,0.03954,,,5.177506,1.355404,9.304504,
gpu,gpu,double,bitonic,max,4096,262144,uniform,18004250,1,bench/results/raw/energy/measurements/20260825_014636_gpu_double_bitonic_q18_k4096_max_uniform_s18004250_rep1_gpu.txt,0.409571,8.48542,20.717804,16.465421,1.741654,4.252383,0,"rapl:package+core,nvml:board-integrated",0.94374,0.55223,0.041551,0.023353,0.259585292029,0.167713023387,1.08147,0.045561,,,5.197901,1.387042,9.304504,
gpu,gpu,double,bitonic,max,4096,262144,uniform,18004250,2,bench/results/raw/energy/measurements/20260825_014636_gpu_double_bitonic_q18_k4096_max_uniform_s18004250_rep2_gpu.txt,0.386091,7.989192,20.692535,16.465421,1.632049,4.227114,0,"rapl:package+core,nvml:board-integrated",1.004328,0.543021,0.041923,0.023507,0.314048155417,0.155968348553,1.052677,0.045909,,,4.954177,1.361796,9.304504,
gpu,gpu,double,bitonic,max,4096,262144,uniform,18004250,3,bench/results/raw/energy/measurements/20260825_014636_gpu_double_bitonic_q18_k4096_max_uniform_s18004250_rep3_gpu.txt,0.417463,8.814958,21.115563,16.465421,1.94126,4.650142,0,"rapl:package+core,nvml:board-integrated",1.099793,0.636823,0.045265,0.027008,0.354485718435,0.192124909632,1.142344,0.048796,,,5.531177,1.646894,9.304504,
gpu,gpu,double,bitonic,max,8,262144,uniform,18000162,1,bench/results/raw/energy/measurements/20260825_014636_gpu_double_bitonic_q18_k8_max_uniform_s18000162_rep1_gpu.txt,0.408594,8.475744,20.743662,16.465421,1.748065,4.278241,0,"rapl:package+core,nvml:board-integrated",0.794661,0.49625,0.037428,0.019055,0.178393222812,0.182501402845,0.966428,0.041303,,,5.150034,1.348266,9.304504,
gpu,gpu,double,bitonic,max,8,262144,uniform,18000162,2,bench/results/raw/energy/measurements/20260825_014636_gpu_double_bitonic_q18_k8_max_uniform_s18000162_rep2_gpu.txt,0.394526,7.978844,20.223862,16.465421,1.482804,3.758441,0,"rapl:package+core,nvml:board-integrated",0.738881,0.448888,0.034229,0.015702,0.175286104591,0.190347959458,0.867687,0.038157,,,4.885208,1.214337,9.304504,
gpu,gpu,double,bitonic,max,8,262144,uniform,18000162,3,bench/results/raw/energy/measurements/20260825_014636_gpu_double_bitonic_q18_k8_max_uniform_s18000162_rep3_gpu.txt,0.394735,7.843717,19.870837,16.465421,1.344237,3.405416,0,"rapl:package+core,nvml:board-integrated",0.878255,0.57495,0.037385,0.018993,0.262695235915,0.262222258947,0.935779,0.041287,,,4.765553,1.092738,9.304504,
gpu,gpu,double,bitonic,max,131072,524288,uniform,19131229,1,bench/results/raw/energy/measurements/20260825_014636_gpu_double_bitonic_q19_k131072_max_uniform_s19131229_rep1_gpu.txt,0.50423,12.604518,24.997568,16.465421,4.302163,8.532147,0,"rapl:package+core,nvml:board-integrated",2.237532,1.285745,0.084348,0.048892,0.848706669492,0.480717636468,2.407358,0.0919,,,8.485941,3.794333,9.304504,
gpu,gpu,double,bitonic,max,131072,524288,uniform,19131229,2,bench/results/raw/energy/measurements/20260825_014636_gpu_double_bitonic_q19_k131072_max_uniform_s19131229_rep2_gpu.txt,0.502674,13.079281,26.019405,16.465421,4.80254,9.553984,0,"rapl:package+core,nvml:board-integrated",2.301628,1.308109,0.083892,0.048897,0.920310901468,0.502999309363,2.532868,0.091591,,,8.812335,4.135202,9.304504,
gpu,gpu,double,bitonic,max,131072,524288,uniform,19131229,3,bench/results/raw/energy/measurements/20260825_014636_gpu_double_bitonic_q19_k131072_max_uniform_s19131229_rep3_gpu.txt,0.506733,13.190799,26.031066,16.465421,4.847227,9.565645,0,"rapl:package+core,nvml:board-integrated",2.522146,1.432584,0.08615,0.052858,1.10364998085,0.562254776782,2.672889,0.093978,,,9.077547,4.362648,9.304504,
gpu,gpu,double,bitonic,max,256,524288,uniform,19000413,1,bench/results/raw/energy/measurements/20260825_014636_gpu_double_bitonic_q19_k256_max_uniform_s19000413_rep1_gpu.txt,0.416416,8.829672,21.203973,16.465421,1.973209,4.738552,0,"rapl:package+core,nvml:board-integrated",1.198397,0.429165,0.05042,0.023458,0.36821047318,0.042919154182,1.355368,0.057538,,,5.396897,1.522353,9.304504,
gpu,gpu,double,bitonic,max,256,524288,uniform,19000413,2,bench/results/raw/energy/measurements/20260825_014636_gpu_double_bitonic_q19_k256_max_uniform_s19000413_rep2_gpu.txt,0.416134,9.009371,21.650188,16.465421,2.157556,5.184767,0,"rapl:package+core,nvml:board-integrated",1.22152,0.656154,0.05005,0.022847,0.39742567895,0.279968526413,1.347123,0.057059,,,5.694616,1.822699,9.304504,
gpu,gpu,double,bitonic,max,256,524288,uniform,19000413,3,bench/results/raw/energy/measurements/20260825_014636_gpu_double_bitonic_q19_k256_max_uniform_s19000413_rep3_gpu.txt,0.416797,9.292271,22.294455,16.465421,2.429526,5.829034,0,"rapl:package+core,nvml:board-integrated",1.046673,0.307604,0.046916,0.022713,0.274181308364,0,1.316249,0.054083,,,5.891675,2.013582,9.304504,
gpu,gpu,double,bitonic,max,4096,524288,uniform,19004253,1,bench/results/raw/energy/measurements/20260825_014636_gpu_double_bitonic_q19_k4096_max_uniform_s19004253_rep1_gpu.txt,0.432213,9.603033,22.218273,16.465421,2.486459,5.752852,0,"rapl:package+core,nvml:board-integrated",1.490073,0.854683,0.061464,0.03366,0.478042363656,0.30045692914,1.644919,0.069117,,,6.147401,2.125871,9.304504,
gpu,gpu,double,bitonic,max,4096,524288,uniform,19004253,2,bench/results/raw/energy/measurements/20260825_014636_gpu_double_bitonic_q19_k4096_max_uniform_s19004253_rep2_gpu.txt,0.425049,9.549833,22.467615,16.465421,2.551225,6.002194,0,"rapl:package+core,nvml:board-integrated",1.653471,0.931039,0.06642,0.039333,0.55983773718,0.283404595807,1.794844,0.072754,,,6.102425,2.147557,9.304504,
gpu,gpu,double,bitonic,max,4096,524288,uniform,19004253,3,bench/results/raw/energy/measurements/20260825_014636_gpu_double_bitonic_q19_k4096_max_uniform_s19004253_rep3_gpu.txt,0.421548,9.897254,23.478362,16.465421,2.956291,7.012941,0,"rapl:package+core,nvml:board-integrated",1.370129,0.842076,0.059202,0.032033,0.395343145958,0.314639169107,1.730479,0.066498,,,6.491454,2.56916,9.304504,
gpu,gpu,double,bitonic,max,8,524288,uniform,19000165,1,bench/results/raw/energy/measurements/20260825_014636_gpu_double_bitonic_q19_k8_max_uniform_s19000165_rep1_gpu.txt,0.42238,9.29226,21.999777,16.465421,2.3376,5.534356,0,"rapl:package+core,nvml:board-integrated",1.099501,0.333488,0.042544,0.015526,0.398996128976,0.077845873554,1.247164,0.050068,,,5.945555,2.015521,9.304504,
gpu,gpu,double,bitonic,max,8,524288,uniform,19000165,2,bench/results/raw/energy/measurements/20260825_014636_gpu_double_bitonic_q19_k8_max_uniform_s19000165_rep2_gpu.txt,0.415085,8.825629,21.262204,16.465421,1.991074,4.796783,0,"rapl:package+core,nvml:board-integrated",0.99348,0.330556,0.041841,0.015125,0.304550319939,0.081516507375,1.198109,0.048984,,,5.562233,1.70007,9.304504,
gpu,gpu,double,bitonic,max,8,524288,uniform,19000165,3,bench/results/raw/energy/measurements/20260825_014636_gpu_double_bitonic_q19_k8_max_uniform_s19000165_rep3_gpu.txt,0.391914,8.142052,20.77508,16.465421,1.689017,4.309659,0,"rapl:package+core,nvml:board-integrated",1.001595,0.470315,0.042286,0.015351,0.305338207594,0.217554322229,1.176192,0.049802,,,5.022539,1.375971,9.304504,
gpu,gpu,double,bitonic,max,131072,1048576,uniform,20131232,1,bench/results/raw/energy/measurements/20260825_014636_gpu_double_bitonic_q20_k131072_max_uniform_s20131232_rep1_gpu.txt,0.594714,16.381495,27.545168,16.465421,6.58928,11.079747,0,"rapl:package+core,nvml:board-integrated",4.034318,2.595442,0.143419,0.088011,1.6728637856,1.14630383237,4.7425,0.161913,,,11.453832,5.920314,9.304504,
gpu,gpu,double,bitonic,max,131072,1048576,uniform,20131232,2,bench/results/raw/energy/measurements/20260825_014636_gpu_double_bitonic_q20_k131072_max_uniform_s20131232_rep2_gpu.txt,0.56912,16.796181,29.51255,16.465421,7.425381,13.047129,0,"rapl:package+core,nvml:board-integrated",4.137775,2.63775,0.143923,0.088803,1.76802221342,1.17557121894,4.899186,0.162383,,,11.968366,6.672987,9.304504,
gpu,gpu,double,bitonic,max,131072,1048576,uniform,20131232,3,bench/results/raw/energy/measurements/20260825_014636_gpu_double_bitonic_q20_k131072_max_uniform_s20131232_rep3_gpu.txt,0.597769,17.656455,29.537277,16.465421,7.813944,13.071856,0,"rapl:package+core,nvml:board-integrated",4.404071,2.488923,0.141521,0.087816,2.07386815466,1.04299558946,4.94557,0.160816,,,12.692402,7.130462,9.304504,
gpu,gpu,double,bitonic,max,256,1048576,uniform,20000416,1,bench/results/raw/energy/measurements/20260825_014636_gpu_double_bitonic_q20_k256_max_uniform_s20000416_rep1_gpu.txt,0.474732,10.737133,22.617233,16.465421,2.920465,6.151812,0,"rapl:package+core,nvml:board-integrated",1.9182,0.836918,0.078391,0.032611,0.627459182389,0.299964155769,2.448519,0.096667,,,6.823608,2.406459,9.304504,
gpu,gpu,double,bitonic,max,256,1048576,uniform,20000416,2,bench/results/raw/energy/measurements/20260825_014636_gpu_double_bitonic_q20_k256_max_uniform_s20000416_rep2_gpu.txt,0.479608,11.617305,24.222484,16.465421,3.720352,7.757063,0,"rapl:package+core,nvml:board-integrated",2.255724,0.763515,0.080274,0.033145,0.933978794646,0.217768620955,2.676048,0.099026,,,7.728682,3.266164,9.304504,
gpu,gpu,double,bitonic,max,256,1048576,uniform,20000416,3,bench/results/raw/energy/measurements/20260825_014636_gpu_double_bitonic_q20_k256_max_uniform_s20000416_rep3_gpu.txt,0.478077,11.977135,25.052735,16.465421,4.105397,8.587314,0,"rapl:package+core,nvml:board-integrated",2.134885,0.951409,0.077177,0.032732,0.864133203483,0.412462839828,2.655662,0.095006,,,8.064206,3.615937,9.304504,
gpu,gpu,double,bitonic,max,4096,1048576,uniform,20004256,1,bench/results/raw/energy/measurements/20260825_014636_gpu_double_bitonic_q20_k4096_max_uniform_s20004256_rep1_gpu.txt,0.48942,12.441632,25.421179,16.465421,4.383127,8.955758,0,"rapl:package+core,nvml:board-integrated",2.808746,1.337274,0.100041,0.053156,1.16152881774,0.462038081324,3.215228,0.116986,,,8.438559,3.884749,9.304504,
gpu,gpu,double,bitonic,max,4096,1048576,uniform,20004256,2,bench/results/raw/energy/measurements/20260825_014636_gpu_double_bitonic_q20_k4096_max_uniform_s20004256_rep2_gpu.txt,0.475951,12.714089,26.713024,16.465421,4.877356,10.247603,0,"rapl:package+core,nvml:board-integrated",2.858963,1.462968,0.100625,0.053323,1.20213001188,0.584982356017,3.418768,0.118047,,,8.781264,4.352777,9.304504,
gpu,gpu,double,bitonic,max,4096,1048576,uniform,20004256,3,bench/results/raw/energy/measurements/20260825_014636_gpu_double_bitonic_q20_k4096_max_uniform_s20004256_rep3_gpu.txt,0.509273,13.82231,27.141243,16.465421,5.436911,10.675822,0,"rapl:package+core,nvml:board-integrated",2.983681,1.473053,0.102052,0.053298,1.30335185611,0.595478991542,3.558796,0.11979,,,9.685012,4.946477,9.304504,
gpu,gpu,double,bitonic,max,8,1048576,uniform,20000168,1,bench/results/raw/energy/measurements/20260825_014636_gpu_double_bitonic_q20_k8_max_uniform_s20000168_rep1_gpu.txt,0.468448,11.596238,24.754594,16.465421,3.883046,8.289173,0,"rapl:package+core,nvml:board-integrated",2.068421,0.74535,0.072482,0.026758,0.874974355078,0.304768264882,2.609023,0.090283,,,7.806899,3.448223,9.304504,
gpu,gpu,double,bitonic,max,8,1048576,uniform,20000168,2,bench/results/raw/energy/measurements/20260825_014636_gpu_double_bitonic_q20_k8_max_uniform_s20000168_rep2_gpu.txt,0.505315,11.635102,23.02543,16.465421,3.314873,6.560009,0,"rapl:package+core,nvml:board-integrated",1.890526,0.74063,0.072233,0.027123,0.701179244907,0.294038386217,2.394143,0.090027,,,7.39286,2.691152,9.304504,
gpu,gpu,double,bitonic,max,8,1048576,uniform,20000168,3,bench/results/raw/energy/measurements/20260825_014636_gpu_double_bitonic_q20_k8_max_uniform_s20000168_rep3_gpu.txt,0.484433,10.465426,21.603446,16.465421,2.48903,5.138025,0,"rapl:package+core,nvml:board-integrated",1.582353,0.535532,0.066426,0.020935,0.488620944654,0.190828411365,2.085293,0.084464,,,6.556311,2.048901,9.304504,
gpu,gpu,double,bitonic,max,131072,2097152,uniform,21131235,1,bench/results/raw/energy/measurements/20260825_014636_gpu_double_bitonic_q21_k131072_max_uniform_s21131235_rep1_gpu.txt,0.775843,25.401017,32.739887,16.465421,12.626433,16.274466,0,"rapl:package+core,nvml:board-integrated",8.676749,5.472955,0.257387,0.166019,4.43876368507,2.739382271,11.599204,0.345006,,,18.791938,11.573102,9.304504,
gpu,gpu,double,bitonic,max,131072,2097152,uniform,21131235,2,bench/results/raw/energy/measurements/20260825_014636_gpu_double_bitonic_q21_k131072_max_uniform_s21131235_rep2_gpu.txt,0.806233,25.889479,32.111671,16.465421,12.614518,15.64625,0,"rapl:package+core,nvml:board-integrated",8.495349,5.400723,0.261363,0.166177,4.19189717118,2.66454873448,12.233722,0.374009,,,19.045137,11.543541,9.304504,
gpu,gpu,double,bitonic,max,131072,2097152,uniform,21131235,3,bench/results/raw/energy/measurements/20260825_014636_gpu_double_bitonic_q21_k131072_max_uniform_s21131235_rep3_gpu.txt,0.78384,25.230922,32.18887,16.465421,12.324667,15.723449,0,"rapl:package+core,nvml:board-integrated",8.450164,5.715061,0.255703,0.165745,4.23990645404,2.98599979636,11.552204,0.348897,,,18.495171,11.201929,9.304504,
gpu,gpu,double,bitonic,max,256,2097152,uniform,21000419,1,bench/results/raw/energy/measurements/20260825_014636_gpu_double_bitonic_q21_k256_max_uniform_s21000419_rep1_gpu.txt,0.557642,13.973,25.057306,16.465421,4.791194,8.591885,0,"rapl:package+core,nvml:board-integrated",3.574918,1.331597,0.132651,0.052233,1.39076343893,0.471558664907,4.715873,0.174281,,,9.179837,3.991257,9.304504,
gpu,gpu,double,bitonic,max,256,2097152,uniform,21000419,2,bench/results/raw/energy/measurements/20260825_014636_gpu_double_bitonic_q21_k256_max_uniform_s21000419_rep2_gpu.txt,0.59293,16.798667,28.331615,16.465421,7.035823,11.866194,0,"rapl:package+core,nvml:board-integrated",3.829437,1.534487,0.132257,0.052068,1.6517698148,0.677165459372,5.002879,0.170222,,,11.615249,6.098329,9.304504,
gpu,gpu,double,bitonic,max,256,2097152,uniform,21000419,3,bench/results/raw/energy/measurements/20260825_014636_gpu_double_bitonic_q21_k256_max_uniform_s21000419_rep3_gpu.txt,0.54512,15.528327,28.486045,16.465421,6.552689,12.020624,0,"rapl:package+core,nvml:board-integrated",3.882809,1.527941,0.133004,0.05217,1.69284214532,0.66893998643,5.358826,0.174211,,,10.78788,5.715804,9.304504,
gpu,gpu,double,bitonic,max,4096,2097152,uniform,21004259,1,bench/results/raw/energy/measurements/20260825_014636_gpu_double_bitonic_q21_k4096_max_uniform_s21004259_rep1_gpu.txt,0.587613,16.45766,28.007658,16.465421,6.782367,11.542237,0,"rapl:package+core,nvml:board-integrated",5.633175,2.658049,0.17564,0.092614,2.74118845556,1.13312049951,6.285245,0.213969,,,11.37792,5.910474,9.304504,
gpu,gpu,double,bitonic,max,4096,2097152,uniform,21004259,2,bench/results/raw/energy/measurements/20260825_014636_gpu_double_bitonic_q21_k4096_max_uniform_s21004259_rep2_gpu.txt,0.590795,18.256364,30.901374,16.465421,8.528683,14.435953,0,"rapl:package+core,nvml:board-integrated",5.675118,2.867596,0.177196,0.092764,2.75751126048,1.34019768636,6.899855,0.218745,,,13.069407,7.572357,9.304504,
gpu,gpu,double,bitonic,max,4096,2097152,uniform,21004259,3,bench/results/raw/energy/measurements/20260825_014636_gpu_double_bitonic_q21_k4096_max_uniform_s21004259_rep3_gpu.txt,0.596829,19.143987,32.076172,16.465421,9.316948,15.610751,0,"rapl:package+core,nvml:board-integrated",5.081017,3.25344,0.174756,0.092661,2.20358588772,1.72773762472,7.21426,0.212824,,,13.974592,8.421395,9.304504,
gpu,gpu,double,bitonic,max,8,2097152,uniform,21000171,1,bench/results/raw/energy/measurements/20260825_014636_gpu_double_bitonic_q21_k8_max_uniform_s21000171_rep1_gpu.txt,0.528618,16.474673,31.165549,16.465421,7.770754,14.700128,0,"rapl:package+core,nvml:board-integrated",3.358053,0.64659,0.098518,0.02126,1.73591265392,0.29653514954,4.86047,0.139083,,,11.651482,6.732953,9.304504,
gpu,gpu,double,bitonic,max,8,2097152,uniform,21000171,2,bench/results/raw/energy/measurements/20260825_014636_gpu_double_bitonic_q21_k8_max_uniform_s21000171_rep2_gpu.txt,0.521795,13.348147,25.581219,16.465421,4.756576,9.115798,0,"rapl:package+core,nvml:board-integrated",2.883727,0.47624,0.097083,0.021346,1.28521453306,0.124769123334,3.820246,0.136277,,,8.649629,3.794587,9.304504,
gpu,gpu,double,bitonic,max,8,2097152,uniform,21000171,3,bench/results/raw/energy/measurements/20260825_014636_gpu_double_bitonic_q21_k8_max_uniform_s21000171_rep3_gpu.txt,0.510723,12.506703,24.488248,16.465421,4.09744,8.022827,0,"rapl:package+core,nvml:board-integrated",2.736803,0.673342,0.098651,0.021279,1.11247275293,0.322974306541,3.93527,0.138995,,,7.901793,3.149772,9.304504,
gpu,gpu,double,bitonic,max,131072,4194304,uniform,22131238,1,bench/results/raw/energy/measurements/20260825_014636_gpu_double_bitonic_q22_k131072_max_uniform_s22131238_rep1_gpu.txt,1.174539,41.17221,35.05393,16.465421,21.83293,18.588509,0,"rapl:package+core,nvml:board-integrated",18.315265,12.033793,0.508686,0.339119,9.93953585319,6.4500558959,24.891892,0.696518,,,30.504061,19.575558,9.304504,
gpu,gpu,double,bitonic,max,131072,4194304,uniform,22131238,2,bench/results/raw/energy/measurements/20260825_014636_gpu_double_bitonic_q22_k131072_max_uniform_s22131238_rep2_gpu.txt,1.18535,48.509148,40.923889,16.465421,28.991855,24.458468,0,"rapl:package+core,nvml:board-integrated",21.453402,14.02703,0.509298,0.337778,13.0675960155,8.46537302546,28.662246,0.694986,,,37.73732,26.708223,9.304504,
gpu,gpu,double,bitonic,max,131072,4194304,uniform,22131238,3,bench/results/raw/energy/measurements/20260825_014636_gpu_double_bitonic_q22_k131072_max_uniform_s22131238_rep3_gpu.txt,1.148642,46.677035,40.636719,16.465421,27.764164,24.171298,0,"rapl:package+core,nvml:board-integrated",21.448932,14.378435,0.507413,0.339522,13.0941633341,8.78806233124,28.185434,0.675639,,,36.037983,25.35044,9.304504,
gpu,gpu,double,bitonic,max,256,4194304,uniform,22000422,1,bench/results/raw/energy/measurements/20260825_014636_gpu_double_bitonic_q22_k256_max_uniform_s22000422_rep1_gpu.txt,0.915843,23.37254,25.520254,16.465421,8.292804,9.054833,0,"rapl:package+core,nvml:board-integrated",8.191359,3.758668,0.308186,0.139228,3.11694676369,1.46622036501,12.995815,0.491741,,,15.041336,6.519874,9.304504,
gpu,gpu,double,bitonic,max,256,4194304,uniform,22000422,2,bench/results/raw/energy/measurements/20260825_014636_gpu_double_bitonic_q22_k256_max_uniform_s22000422_rep2_gpu.txt,0.875889,25.082239,28.636328,16.465421,10.660361,12.170907,0,"rapl:package+core,nvml:board-integrated",7.892301,3.023787,0.261164,0.09833,3.59212578996,1.40474215307,13.396797,0.449146,,,17.047788,8.898077,9.304504,
gpu,gpu,double,bitonic,max,256,4194304,uniform,22000422,3,bench/results/raw/energy/measurements/20260825_014636_gpu_double_bitonic_q22_k256_max_uniform_s22000422_rep3_gpu.txt,0.882911,26.476076,29.987246,16.465421,11.938571,13.521825,0,"rapl:package+core,nvml:board-integrated",8.379919,3.198581,0.262638,0.098438,4.0554737594,1.5777578876,14.106608,0.44656,,,18.239991,10.02494,9.304504,
gpu,gpu,double,bitonic,max,4096,4194304,uniform,22004262,1,bench/results/raw/energy/measurements/20260825_014636_gpu_double_bitonic_q22_k4096_max_uniform_s22004262_rep1_gpu.txt,0.971229,28.836386,29.690627,16.465421,12.844698,13.225206,0,"rapl:package+core,nvml:board-integrated",10.830704,5.654785,0.346418,0.179674,5.12678578802,2.69637694725,16.276485,0.53491,,,19.983206,10.946406,9.304504,
gpu,gpu,double,bitonic,max,4096,4194304,uniform,22004262,2,bench/results/raw/energy/measurements/20260825_014636_gpu_double_bitonic_q22_k4096_max_uniform_s22004262_rep2_gpu.txt,0.966198,31.691188,32.799875,16.465421,15.782324,16.334454,0,"rapl:package+core,nvml:board-integrated",11.900499,5.999693,0.339722,0.178184,6.30683324704,3.06581842454,17.814186,0.521016,,,22.921454,13.931457,9.304504,
gpu,gpu,double,bitonic,max,4096,4194304,uniform,22004262,3,bench/results/raw/energy/measurements/20260825_014636_gpu_double_bitonic_q22_k4096_max_uniform_s22004262_rep3_gpu.txt,0.965069,32.464251,33.639304,16.465421,16.573983,17.173883,0,"rapl:package+core,nvml:board-integrated",12.484664,5.529096,0.345289,0.179573,6.79933524833,2.57235095477,18.357689,0.518133,,,23.691694,14.712205,9.304504,
gpu,gpu,double,bitonic,max,8,4194304,uniform,22000174,1,bench/results/raw/energy/measurements/20260825_014636_gpu_double_bitonic_q22_k8_max_uniform_s22000174_rep1_gpu.txt,0.788497,25.614402,32.485089,16.465421,12.631463,16.019668,0,"rapl:package+core,nvml:board-integrated",7.030912,1.480171,0.196075,0.039754,3.80245457742,0.825604653566,13.559143,0.374855,,,17.385549,10.048973,9.304504,
gpu,gpu,double,bitonic,max,8,4194304,uniform,22000174,2,bench/results/raw/energy/measurements/20260825_014636_gpu_double_bitonic_q22_k8_max_uniform_s22000174_rep2_gpu.txt,0.786107,20.766029,26.416279,16.465421,7.822442,9.950858,0,"rapl:package+core,nvml:board-integrated",5.532653,1.244284,0.192081,0.037826,2.3699584689,0.621462985254,10.612416,0.368755,,,12.796532,5.482194,9.304504,
gpu,gpu,double,bitonic,max,8,4194304,uniform,22000174,3,bench/results/raw/energy/measurements/20260825_014636_gpu_double_bitonic_q22_k8_max_uniform_s22000174_rep3_gpu.txt,0.786458,21.232537,26.997683,16.465421,8.283179,10.532262,0,"rapl:package+core,nvml:board-integrated",5.780298,1.336838,0.198897,0.039488,2.50537515936,0.686651455552,10.965982,0.372411,,,13.482083,6.164484,9.304504,
gpu,gpu,double,bitonic,max,131072,8388608,uniform,23131241,1,bench/results/raw/energy/measurements/20260825_014636_gpu_double_bitonic_q23_k131072_max_uniform_s23131241_rep1_gpu.txt,1.967422,82.607022,41.987434,16.465421,50.212583,25.522013,0,"rapl:package+core,nvml:board-integrated",44.641616,31.324868,1.051074,0.73822,27.3352400878,19.1697649094,57.783532,1.359995,,,63.895176,45.589286,9.304504,
gpu,gpu,double,bitonic,max,131072,8388608,uniform,23131241,2,bench/results/raw/energy/measurements/20260825_014636_gpu_double_bitonic_q23_k131072_max_uniform_s23131241_rep2_gpu.txt,1.949668,85.819943,44.017712,16.465421,53.717832,27.552291,0,"rapl:package+core,nvml:board-integrated",45.758024,32.202908,1.051458,0.737292,28.4453253662,20.0630848201,59.588535,1.361053,,,67.301064,49.160367,9.304504,
gpu,gpu,double,bitonic,max,131072,8388608,uniform,23131241,3,bench/results/raw/energy/measurements/20260825_014636_gpu_double_bitonic_q23_k131072_max_uniform_s23131241_rep3_gpu.txt,1.971347,85.553832,43.398665,16.465421,53.094772,26.933244,0,"rapl:package+core,nvml:board-integrated",45.761767,31.543641,1.05482,0.738001,28.3937116208,19.3921438366,59.611102,1.377557,,,66.834035,48.491628,9.304504,
gpu,gpu,double,bitonic,max,256,8388608,uniform,23000425,1,bench/results/raw/energy/measurements/20260825_014636_gpu_double_bitonic_q23_k256_max_uniform_s23000425_rep1_gpu.txt,1.274678,41.179743,32.305996,16.465421,20.191633,15.840575,0,"rapl:package+core,nvml:board-integrated",16.216848,6.424423,0.486291,0.190708,8.20986195649,3.28433549193,26.505665,0.795864,,,27.924721,16.064474,9.304504,
gpu,gpu,double,bitonic,max,256,8388608,uniform,23000425,2,bench/results/raw/energy/measurements/20260825_014636_gpu_double_bitonic_q23_k256_max_uniform_s23000425_rep2_gpu.txt,1.289728,44.412392,34.435474,16.465421,23.176479,17.970053,0,"rapl:package+core,nvml:board-integrated",17.376953,7.087726,0.493166,0.193579,9.25676718711,3.90036626824,28.356,0.811949,,,31.148032,19.147754,9.304504,
gpu,gpu,double,bitonic,max,256,8388608,uniform,23000425,3,bench/results/raw/energy/measurements/20260825_014636_gpu_double_bitonic_q23_k256_max_uniform_s23000425_rep3_gpu.txt,1.284378,45.625713,35.523585,16.465421,24.477888,19.058164,0,"rapl:package+core,nvml:board-integrated",18.117487,7.496376,0.491496,0.192335,10.0247984402,4.32949925197,29.795211,0.810405,,,32.51047,20.559969,9.304504,
gpu,gpu,double,bitonic,max,4096,8388608,uniform,23004265,1,bench/results/raw/energy/measurements/20260825_014636_gpu_double_bitonic_q23_k4096_max_uniform_s23004265_rep1_gpu.txt,1.483301,52.456946,35.365,16.465421,28.033768,18.899579,0,"rapl:package+core,nvml:board-integrated",23.734449,12.656841,0.654654,0.353506,12.9552952807,6.83621588397,34.893882,0.972276,,,37.833862,24.032481,9.304504,
gpu,gpu,double,bitonic,max,4096,8388608,uniform,23004265,2,bench/results/raw/energy/measurements/20260825_014636_gpu_double_bitonic_q23_k4096_max_uniform_s23004265_rep2_gpu.txt,1.471396,55.360975,37.624791,16.465421,31.133817,21.15937,0,"rapl:package+core,nvml:board-integrated",24.9078,13.321357,0.659972,0.353843,14.0410831718,7.4951830371,36.304643,0.965064,,,40.77094,27.080328,9.304504,
gpu,gpu,double,bitonic,max,4096,8388608,uniform,23004265,3,bench/results/raw/energy/measurements/20260825_014636_gpu_double_bitonic_q23_k4096_max_uniform_s23004265_rep3_gpu.txt,1.465874,55.211221,37.664365,16.465421,31.074985,21.198944,0,"rapl:package+core,nvml:board-integrated",25.117681,13.223307,0.653906,0.353573,14.3508434156,7.40157870077,36.320819,0.966252,,,40.712978,27.073745,9.304504,
gpu,gpu,double,bitonic,max,8,8388608,uniform,23000177,1,bench/results/raw/energy/measurements/20260825_014636_gpu_double_bitonic_q23_k8_max_uniform_s23000177_rep1_gpu.txt,1.142184,46.213961,40.461039,16.465421,27.407417,23.995618,0,"rapl:package+core,nvml:board-integrated",16.375698,3.544037,0.385587,0.084409,10.0268457129,2.15420727881,28.878992,0.690999,,,33.513476,22.886018,9.304504,
gpu,gpu,double,bitonic,max,8,8388608,uniform,23000177,2,bench/results/raw/energy/measurements/20260825_014636_gpu_double_bitonic_q23_k8_max_uniform_s23000177_rep2_gpu.txt,1.126661,34.716483,30.813599,16.465421,16.165534,14.348178,0,"rapl:package+core,nvml:board-integrated",12.350776,2.71557,0.376129,0.084119,6.15765366469,1.3305152509,22.375734,0.682129,,,22.146455,11.663432,9.304504,
gpu,gpu,double,bitonic,max,8,8388608,uniform,23000177,3,bench/results/raw/energy/measurements/20260825_014636_gpu_double_bitonic_q23_k8_max_uniform_s23000177_rep3_gpu.txt,1.126524,34.908072,30.987421,16.465421,16.359381,14.522,0,"rapl:package+core,nvml:board-integrated",11.97148,2.395978,0.358261,0.073202,6.07256180712,1.19067625196,21.660883,0.658785,,,22.155405,11.673659,9.304504,
gpu,gpu,double,bitonic,max,131072,16777216,uniform,24131244,1,bench/results/raw/energy/measurements/20260825_014636_gpu_double_bitonic_q24_k131072_max_uniform_s24131244_rep1_gpu.txt,3.39185,168.936543,49.806601,16.465421,113.088297,33.34118,0,"rapl:package+core,nvml:board-integrated",104.103855,74.042774,2.015059,1.44772,70.9250602252,50.2054547099,136.287618,2.638805,,,134.430637,102.87115,9.304504,
gpu,gpu,double,bitonic,max,131072,16777216,uniform,24131244,2,bench/results/raw/energy/measurements/20260825_014636_gpu_double_bitonic_q24_k131072_max_uniform_s24131244_rep2_gpu.txt,3.37931,173.427034,51.320244,16.465421,117.785266,34.854823,0,"rapl:package+core,nvml:board-integrated",105.942429,75.481848,2.020655,1.451272,72.6714937292,51.5860435345,138.337399,2.623908,,,139.403739,107.960932,9.304504,
gpu,gpu,double,bitonic,max,131072,16777216,uniform,24131244,3,bench/results/raw/energy/measurements/20260825_014636_gpu_double_bitonic_q24_k131072_max_uniform_s24131244_rep3_gpu.txt,3.408646,173.651347,50.944379,16.465421,117.526557,34.478958,0,"rapl:package+core,nvml:board-integrated",105.729715,75.088076,2.016616,1.448553,72.5252835647,51.2370410142,138.826279,2.647042,,,138.775938,107.060178,9.304504,
gpu,gpu,double,bitonic,max,256,16777216,uniform,24000428,1,bench/results/raw/energy/measurements/20260825_014636_gpu_double_bitonic_q24_k256_max_uniform_s24000428_rep1_gpu.txt,2.11893,97.82614,46.1677,16.465421,62.93706,29.702279,0,"rapl:package+core,nvml:board-integrated",44.296433,17.322659,0.926146,0.37199,29.0470492025,11.1976870422,72.671885,1.531222,,,73.802755,54.087159,9.304504,
gpu,gpu,double,bitonic,max,256,16777216,uniform,24000428,2,bench/results/raw/energy/measurements/20260825_014636_gpu_double_bitonic_q24_k256_max_uniform_s24000428_rep2_gpu.txt,2.035236,87.103076,42.797529,16.465421,53.592056,26.332108,0,"rapl:package+core,nvml:board-integrated",41.022892,16.398938,0.927661,0.374483,25.7485630897,10.2329177477,64.082032,1.477592,,,64.136048,45.199185,9.304504,
gpu,gpu,double,bitonic,max,256,16777216,uniform,24000428,3,bench/results/raw/energy/measurements/20260825_014636_gpu_double_bitonic_q24_k256_max_uniform_s24000428_rep3_gpu.txt,2.13326,83.707109,39.239056,16.465421,48.582084,22.773635,0,"rapl:package+core,nvml:board-integrated",37.621808,15.174773,0.937693,0.382575,22.1822979862,8.87551456093,60.626047,1.53832,,,59.53862,39.689693,9.304504,
gpu,gpu,double,bitonic,max,4096,16777216,uniform,24004268,1,bench/results/raw/energy/measurements/20260825_014636_gpu_double_bitonic_q24_k4096_max_uniform_s24004268_rep1_gpu.txt,2.523775,102.439255,40.5897,16.465421,60.884244,24.124279,0,"rapl:package+core,nvml:board-integrated",53.063635,28.749123,1.268547,0.708228,32.1764745867,17.087850816,78.515449,1.892766,,,75.356762,51.874291,9.304504,
gpu,gpu,double,bitonic,max,4096,16777216,uniform,24004268,2,bench/results/raw/energy/measurements/20260825_014636_gpu_double_bitonic_q24_k4096_max_uniform_s24004268_rep2_gpu.txt,2.479146,103.23316,41.640613,16.465421,62.412977,25.175192,0,"rapl:package+core,nvml:board-integrated",54.237541,29.727803,1.270775,0.708489,33.3136956287,18.0622333411,77.699641,1.836896,,,76.443545,53.376321,9.304504,
gpu,gpu,double,bitonic,max,4096,16777216,uniform,24004268,3,bench/results/raw/energy/measurements/20260825_014636_gpu_double_bitonic_q24_k4096_max_uniform_s24004268_rep3_gpu.txt,2.512077,107.919328,42.960202,16.465421,66.556925,26.494781,0,"rapl:package+core,nvml:board-integrated",56.022217,30.735015,1.264725,0.707551,35.1979874258,19.084889906,81.794028,1.858507,,,81.53019,58.156561,9.304504,
gpu,gpu,double,bitonic,max,8,16777216,uniform,24000180,1,bench/results/raw/energy/measurements/20260825_014636_gpu_double_bitonic_q24_k8_max_uniform_s24000180_rep1_gpu.txt,1.870945,68.839474,36.793964,16.465421,38.033581,20.328543,0,"rapl:package+core,nvml:board-integrated",25.99022,5.72636,0.71644,0.157048,14.1937337788,3.14049856279,46.768397,1.297671,,,46.483407,29.075194,9.304504,
gpu,gpu,double,bitonic,max,8,16777216,uniform,24000180,2,bench/results/raw/energy/measurements/20260825_014636_gpu_double_bitonic_q24_k8_max_uniform_s24000180_rep2_gpu.txt,1.817749,67.870152,37.337481,16.465421,37.940157,20.87206,0,"rapl:package+core,nvml:board-integrated",27.544555,5.492304,0.705718,0.149844,15.9246110227,3.02505945568,49.430022,1.282114,,,45.882978,28.969729,9.304504,
gpu,gpu,double,bitonic,max,8,16777216,uniform,24000180,3,bench/results/raw/energy/measurements/20260825_014636_gpu_double_bitonic_q24_k8_max_uniform_s24000180_rep3_gpu.txt,1.812259,78.891764,43.532274,16.465421,49.052153,27.066853,0,"rapl:package+core,nvml:board-integrated",31.516958,6.307082,0.703393,0.149941,19.9352961265,3.83824030984,56.967466,1.275795,,,56.870137,40.007964,9.304504,
gpu,gpu,double,gt,max,256,65536,uniform,16000404,1,bench/results/raw/energy/measurements/20260825_014636_gpu_double_gt_q16_k256_max_uniform_s16000404_rep1_gpu.txt,0.370909,7.683953,20.716533,16.465421,1.576777,4.251112,0,"rapl:package+core,nvml:board-integrated",0.304775,0.098828,0.013142,0.004384,0.088386437218,0.026643594336,0.325892,0.014649,,,4.836704,1.385578,9.304504,
gpu,gpu,double,gt,max,256,65536,uniform,16000404,2,bench/results/raw/energy/measurements/20260825_014636_gpu_double_gt_q16_k256_max_uniform_s16000404_rep2_gpu.txt,0.373465,7.66299,20.518626,16.465421,1.513731,4.053205,0,"rapl:package+core,nvml:board-integrated",0.269105,0.021269,0.013257,0.004595,0.050822913803,0,0.316826,0.014784,,,4.781303,1.306396,9.304504,
gpu,gpu,double,gt,max,256,65536,uniform,16000404,3,bench/results/raw/energy/measurements/20260825_014636_gpu_double_gt_q16_k256_max_uniform_s16000404_rep3_gpu.txt,0.375899,7.544804,20.071369,16.465421,1.355472,3.605948,0,"rapl:package+core,nvml:board-integrated",0.301597,0.08459,0.013228,0.004504,0.083792411012,0.010429743816,0.311011,0.014745,,,4.634936,1.137384,9.304504,
gpu,gpu,double,gt,max,4096,65536,uniform,16004244,1,bench/results/raw/energy/measurements/20260825_014636_gpu_double_gt_q16_k4096_max_uniform_s16004244_rep1_gpu.txt,0.402211,7.909219,19.664367,16.465421,1.28665,3.198946,0,"rapl:package+core,nvml:board-integrated",0.503956,0.092726,0.023842,0.004493,0.111387432518,0.018746863447,0.5246,0.025349,,,4.848143,1.105772,9.304504,
gpu,gpu,double,gt,max,4096,65536,uniform,16004244,2,bench/results/raw/energy/measurements/20260825_014636_gpu_double_gt_q16_k4096_max_uniform_s16004244_rep2_gpu.txt,0.399059,7.85041,19.6723,16.465421,1.279734,3.206879,0,"rapl:package+core,nvml:board-integrated",0.600462,0.171076,0.02661,0.004748,0.16231714719,0.092898181092,0.6107,0.028203,,,4.767348,1.054301,9.304504,
gpu,gpu,double,gt,max,4096,65536,uniform,16004244,3,bench/results/raw/energy/measurements/20260825_014636_gpu_double_gt_q16_k4096_max_uniform_s16004244_rep3_gpu.txt,0.389094,7.775055,19.982453,16.465421,1.368457,3.517032,0,"rapl:package+core,nvml:board-integrated",0.495393,0.094422,0.023645,0.004468,0.106068120455,0.020854498972,0.531662,0.025157,,,4.764727,1.144399,9.304504,
gpu,gpu,double,gt,max,8,65536,uniform,16000156,1,bench/results/raw/energy/measurements/20260825_014636_gpu_double_gt_q16_k8_max_uniform_s16000156_rep1_gpu.txt,0.368749,11.38922,30.886072,16.465421,5.317606,14.420651,0,"rapl:package+core,nvml:board-integrated",0.434006,0.053266,0.013336,0.004657,0.214423145544,0,0.50792,0.014887,,,8.541528,5.110498,9.304504,
gpu,gpu,double,gt,max,8,65536,uniform,16000156,2,bench/results/raw/energy/measurements/20260825_014636_gpu_double_gt_q16_k8_max_uniform_s16000156_rep2_gpu.txt,0.365027,9.121337,24.988135,16.465421,3.111018,8.522714,0,"rapl:package+core,nvml:board-integrated",0.375518,0.135044,0.012978,0.004504,0.161829766262,0.060883743816,0.416981,0.01452,,,6.294686,2.898293,9.304504,
gpu,gpu,double,gt,max,8,65536,uniform,16000156,3,bench/results/raw/energy/measurements/20260825_014636_gpu_double_gt_q16_k8_max_uniform_s16000156_rep3_gpu.txt,0.377923,8.130486,21.513618,16.465421,1.907829,5.048197,0,"rapl:package+core,nvml:board-integrated",0.257629,0.132273,0.0127,0.004361,0.0485181533,0.060467299019,0.338431,0.014241,,,5.128337,1.611953,9.304504,
gpu,gpu,double,gt,max,131072,131072,uniform,17131223,1,bench/results/raw/energy/measurements/20260825_014636_gpu_double_gt_q17_k131072_max_uniform_s17131223_rep1_gpu.txt,0.949862,19.329279,20.34957,16.465421,3.689405,3.884149,0,"rapl:package+core,nvml:board-integrated",10.401184,0.288288,0.497123,0.01218,2.21584451622,0.08773917222,10.460963,0.500184,,,11.541092,2.703099,9.304504,
gpu,gpu,double,gt,max,131072,131072,uniform,17131223,2,bench/results/raw/energy/measurements/20260825_014636_gpu_double_gt_q17_k131072_max_uniform_s17131223_rep2_gpu.txt,0.956237,18.530153,19.378205,16.465421,2.785311,2.912784,0,"rapl:package+core,nvml:board-integrated",9.797883,0.209926,0.494224,0.008068,1.6602767717,0.077082983372,9.874391,0.497228,,,10.774832,1.877523,9.304504,
gpu,gpu,double,gt,max,131072,131072,uniform,17131223,3,bench/results/raw/energy/measurements/20260825_014636_gpu_double_gt_q17_k131072_max_uniform_s17131223_rep3_gpu.txt,0.930255,18.099247,19.456222,16.465421,2.782208,2.990801,0,"rapl:package+core,nvml:board-integrated",9.976209,0.424139,0.501493,0.018948,1.71891562645,0.112152202892,10.080881,0.504804,,,10.43076,1.775199,9.304504,
gpu,gpu,double,gt,max,256,131072,uniform,17000407,1,bench/results/raw/energy/measurements/20260825_014636_gpu_double_gt_q17_k256_max_uniform_s17000407_rep1_gpu.txt,0.375813,7.343613,19.540592,16.465421,1.15569,3.075171,0,"rapl:package+core,nvml:board-integrated",0.395681,0.16906,0.016955,0.00742,0.116509786945,0.04688657618,0.406988,0.019461,,,4.430555,0.9338,9.304504,
gpu,gpu,double,gt,max,256,131072,uniform,17000407,2,bench/results/raw/energy/measurements/20260825_014636_gpu_double_gt_q17_k256_max_uniform_s17000407_rep2_gpu.txt,0.36955,7.334757,19.847781,16.465421,1.249953,3.38236,0,"rapl:package+core,nvml:board-integrated",0.383727,0.157552,0.016552,0.007265,0.111191351608,0.037930716435,0.420077,0.018785,,,4.494877,1.056393,9.304504,
gpu,gpu,double,gt,max,256,131072,uniform,17000407,3,bench/results/raw/energy/measurements/20260825_014636_gpu_double_gt_q17_k256_max_uniform_s17000407_rep3_gpu.txt,0.4003,8.058587,20.131391,16.465421,1.467486,3.66597,0,"rapl:package+core,nvml:board-integrated",0.372239,0.148248,0.016626,0.007301,0.098484910454,0.028033961279,0.421552,0.018919,,,4.88065,1.156061,9.304504,
gpu,gpu,double,gt,max,4096,131072,uniform,17004247,1,bench/results/raw/energy/measurements/20260825_014636_gpu_double_gt_q17_k4096_max_uniform_s17004247_rep1_gpu.txt,0.394473,7.931275,20.106011,16.465421,1.436114,3.64059,0,"rapl:package+core,nvml:board-integrated",0.609106,0.130347,0.027166,0.00736,0.161806373114,0.00916150144,0.644414,0.029597,,,4.857872,1.187498,9.304504,
gpu,gpu,double,gt,max,4096,131072,uniform,17004247,2,bench/results/raw/energy/measurements/20260825_014636_gpu_double_gt_q17_k4096_max_uniform_s17004247_rep2_gpu.txt,0.452279,9.163775,20.261328,16.465421,1.716809,3.795907,0,"rapl:package+core,nvml:board-integrated",0.645668,0.118186,0.027167,0.007402,0.198351907693,0,0.666693,0.029666,,,5.634813,1.42658,9.304504,
gpu,gpu,double,gt,max,4096,131072,uniform,17004247,3,bench/results/raw/energy/measurements/20260825_014636_gpu_double_gt_q17_k4096_max_uniform_s17004247_rep3_gpu.txt,0.397288,8.006195,20.152102,16.465421,1.464675,3.686681,0,"rapl:package+core,nvml:board-integrated",0.596377,0.106519,0.027247,0.007379,0.147743674013,0,0.628236,0.029715,,,4.916068,1.219497,9.304504,
gpu,gpu,double,gt,max,8,131072,uniform,17000159,1,bench/results/raw/energy/measurements/20260825_014636_gpu_double_gt_q17_k8_max_uniform_s17000159_rep1_gpu.txt,0.383069,7.619049,19.889517,16.465421,1.311664,3.424096,0,"rapl:package+core,nvml:board-integrated",0.366355,0.11764,0.016756,0.007349,0.090460405724,0,0.409918,0.019262,,,4.672485,1.108222,9.304504,
gpu,gpu,double,gt,max,8,131072,uniform,17000159,2,bench/results/raw/energy/measurements/20260825_014636_gpu_double_gt_q17_k8_max_uniform_s17000159_rep2_gpu.txt,0.388603,8.00883,20.609274,16.465421,1.610315,4.143853,0,"rapl:package+core,nvml:board-integrated",0.360528,0.145657,0.016564,0.007243,0.087794766556,0.026397955697,0.414206,0.018877,,,4.784845,1.169085,9.304504,
gpu,gpu,double,gt,max,8,131072,uniform,17000159,3,bench/results/raw/energy/measurements/20260825_014636_gpu_double_gt_q17_k8_max_uniform_s17000159_rep3_gpu.txt,0.372325,7.376998,19.813332,16.465421,1.246511,3.347911,0,"rapl:package+core,nvml:board-integrated",0.349636,0.171965,0.016498,0.007319,0.077989484342,0.051454583701,0.41449,0.018978,,,4.492946,1.028647,9.304504,
gpu,gpu,double,gt,max,131072,262144,uniform,18131226,1,bench/results/raw/energy/measurements/20260825_014636_gpu_double_gt_q18_k131072_max_uniform_s18131226_rep1_gpu.txt,0.966439,20.207738,20.90947,16.465421,4.294905,4.444049,0,"rapl:package+core,nvml:board-integrated",10.696076,0.382491,0.494923,0.018471,2.54696044242,0.078358208709,10.780425,0.49993,,,12.269123,3.276883,9.304504,
gpu,gpu,double,gt,max,131072,262144,uniform,18131226,2,bench/results/raw/energy/measurements/20260825_014636_gpu_double_gt_q18_k131072_max_uniform_s18131226_rep2_gpu.txt,0.983739,19.672278,19.997454,16.465421,3.474599,3.532033,0,"rapl:package+core,nvml:board-integrated",10.32537,0.212209,0.496737,0.011797,2.14638616872,0.017966428463,10.418627,0.502098,,,11.442738,2.289533,9.304504,
gpu,gpu,double,gt,max,131072,262144,uniform,18131226,3,bench/results/raw/energy/measurements/20260825_014636_gpu_double_gt_q18_k131072_max_uniform_s18131226_rep3_gpu.txt,0.962515,19.163837,19.910172,16.465421,3.315624,3.444751,0,"rapl:package+core,nvml:board-integrated",10.067963,0.270594,0.495293,0.014813,1.91275523665,0.026691718727,10.240531,0.500472,,,11.130439,2.174715,9.304504,
gpu,gpu,double,gt,max,256,262144,uniform,18000410,1,bench/results/raw/energy/measurements/20260825_014636_gpu_double_gt_q18_k256_max_uniform_s18000410_rep1_gpu.txt,0.404867,8.223522,20.311643,16.465421,1.55721,3.846222,0,"rapl:package+core,nvml:board-integrated",0.620353,0.255424,0.027683,0.011708,0.164540750457,0.062646850932,0.71103,0.03163,,,4.996195,1.229105,9.304504,
gpu,gpu,double,gt,max,256,262144,uniform,18000410,2,bench/results/raw/energy/measurements/20260825_014636_gpu_double_gt_q18_k256_max_uniform_s18000410_rep2_gpu.txt,0.397231,8.163144,20.550101,16.465421,1.622563,4.08468,0,"rapl:package+core,nvml:board-integrated",0.590165,0.07681,0.026889,0.011531,0.147426294731,0,0.699565,0.030855,,,5.053869,1.357828,9.304504,
gpu,gpu,double,gt,max,256,262144,uniform,18000410,3,bench/results/raw/energy/measurements/20260825_014636_gpu_double_gt_q18_k256_max_uniform_s18000410_rep3_gpu.txt,0.389555,7.946975,20.400125,16.465421,1.532784,3.934704,0,"rapl:package+core,nvml:board-integrated",0.684134,0.420144,0.027822,0.011586,0.226033056938,0.229375632294,0.722039,0.031813,,,4.906391,1.281773,9.304504,
gpu,gpu,double,gt,max,4096,262144,uniform,18004250,1,bench/results/raw/energy/measurements/20260825_014636_gpu_double_gt_q18_k4096_max_uniform_s18004250_rep1_gpu.txt,0.41408,8.49571,20.51708,16.465421,1.67771,4.051659,0,"rapl:package+core,nvml:board-integrated",0.935534,0.269959,0.04059,0.01163,0.26720256161,0.07846615377,1.005135,0.044671,,,5.21765,1.364842,9.304504,
gpu,gpu,double,gt,max,4096,262144,uniform,18004250,2,bench/results/raw/energy/measurements/20260825_014636_gpu_double_gt_q18_k4096_max_uniform_s18004250_rep2_gpu.txt,0.410017,8.540303,20.82912,16.465421,1.789193,4.363699,0,"rapl:package+core,nvml:board-integrated",0.834329,0.271096,0.037297,0.011647,0.220218192963,0.079323241613,0.922695,0.041294,,,5.303394,1.488385,9.304504,
gpu,gpu,double,gt,max,4096,262144,uniform,18004250,3,bench/results/raw/energy/measurements/20260825_014636_gpu_double_gt_q18_k4096_max_uniform_s18004250_rep3_gpu.txt,0.462562,9.644751,20.850706,16.465421,2.028468,4.385285,0,"rapl:package+core,nvml:board-integrated",0.997066,0.239119,0.0411,0.011609,0.3203371969,0.047971927611,1.063392,0.045105,,,5.930023,1.62611,9.304504,
gpu,gpu,double,gt,max,8,262144,uniform,18000162,1,bench/results/raw/energy/measurements/20260825_014636_gpu_double_gt_q18_k8_max_uniform_s18000162_rep1_gpu.txt,0.391504,7.451036,19.031834,16.465421,1.00476,2.566413,0,"rapl:package+core,nvml:board-integrated",0.471891,0.173895,0.02721,0.011706,0.02386689459,0,0.675399,0.031203,,,4.369027,0.726278,9.304504,
gpu,gpu,double,gt,max,8,262144,uniform,18000162,2,bench/results/raw/energy/measurements/20260825_014636_gpu_double_gt_q18_k8_max_uniform_s18000162_rep2_gpu.txt,0.394227,7.778728,19.731619,16.465421,1.287622,3.266198,0,"rapl:package+core,nvml:board-integrated",0.522216,0.227303,0.026404,0.011779,0.087463023916,0.033356806041,0.638161,0.030224,,,4.588998,0.920915,9.304504,
gpu,gpu,double,gt,max,8,262144,uniform,18000162,3,bench/results/raw/energy/measurements/20260825_014636_gpu_double_gt_q18_k8_max_uniform_s18000162_rep3_gpu.txt,0.388418,7.822349,20.138975,16.465421,1.426876,3.673554,0,"rapl:package+core,nvml:board-integrated",0.56725,0.234869,0.026406,0.011717,0.132464093074,0.041943662143,0.681265,0.030282,,,4.779644,1.165603,9.304504,
gpu,gpu,double,gt,max,131072,524288,uniform,19131229,1,bench/results/raw/energy/measurements/20260825_014636_gpu_double_gt_q19_k131072_max_uniform_s19131229_rep1_gpu.txt,0.972504,21.561641,22.17127,16.465421,5.548959,5.705849,0,"rapl:package+core,nvml:board-integrated",11.484437,0.411794,0.50423,0.016673,3.18207776917,0.137266035667,11.737229,0.513356,,,13.480653,4.431989,9.304504,
gpu,gpu,double,gt,max,131072,524288,uniform,19131229,2,bench/results/raw/energy/measurements/20260825_014636_gpu_double_gt_q19_k131072_max_uniform_s19131229_rep2_gpu.txt,0.981692,20.087638,20.462269,16.465421,3.923672,3.996848,0,"rapl:package+core,nvml:board-integrated",10.725104,0.525789,0.507946,0.021697,2.36155926473,0.168538760563,10.890246,0.516857,,,11.962372,2.828218,9.304504,
gpu,gpu,double,gt,max,131072,524288,uniform,19131229,3,bench/results/raw/energy/measurements/20260825_014636_gpu_double_gt_q19_k131072_max_uniform_s19131229_rep3_gpu.txt,0.986734,19.701791,19.966675,16.465421,3.454805,3.501254,0,"rapl:package+core,nvml:board-integrated",10.486767,0.492798,0.513175,0.024084,2.03712457833,0.096244800636,10.667766,0.522269,,,11.349684,2.168616,9.304504,
gpu,gpu,double,gt,max,256,524288,uniform,19000413,1,bench/results/raw/energy/measurements/20260825_014636_gpu_double_gt_q19_k256_max_uniform_s19000413_rep1_gpu.txt,0.403224,8.664077,21.486994,16.465421,2.02482,5.021573,0,"rapl:package+core,nvml:board-integrated",0.908056,0.35635,0.037625,0.014109,0.288544534875,0.124039375111,1.040357,0.044732,,,5.453046,1.701244,9.304504,
gpu,gpu,double,gt,max,256,524288,uniform,19000413,2,bench/results/raw/energy/measurements/20260825_014636_gpu_double_gt_q19_k256_max_uniform_s19000413_rep2_gpu.txt,0.394826,8.428281,21.3468,16.465421,1.927298,4.881379,0,"rapl:package+core,nvml:board-integrated",0.910183,0.386877,0.04054,0.014091,0.24267483266,0.154862752689,1.141223,0.047694,,,5.262169,1.588505,9.304504,
gpu,gpu,double,gt,max,256,524288,uniform,19000413,3,bench/results/raw/energy/measurements/20260825_014636_gpu_double_gt_q19_k256_max_uniform_s19000413_rep3_gpu.txt,0.412977,8.765674,21.225588,16.465421,1.965838,4.760167,0,"rapl:package+core,nvml:board-integrated",0.950826,0.289552,0.040941,0.014263,0.276715198839,0.054705700277,1.151387,0.048464,,,5.440376,1.597832,9.304504,
gpu,gpu,double,gt,max,4096,524288,uniform,19004253,1,bench/results/raw/energy/measurements/20260825_014636_gpu_double_gt_q19_k4096_max_uniform_s19004253_rep1_gpu.txt,0.415367,8.934701,21.51036,16.465421,2.095503,5.044939,0,"rapl:package+core,nvml:board-integrated",1.235392,0.302383,0.052772,0.014751,0.366478802988,0.059501574829,1.388203,0.059756,,,5.5847,1.719913,9.304504,
gpu,gpu,double,gt,max,4096,524288,uniform,19004253,2,bench/results/raw/energy/measurements/20260825_014636_gpu_double_gt_q19_k4096_max_uniform_s19004253_rep2_gpu.txt,0.4193,9.131101,21.777008,16.465421,2.227149,5.311587,0,"rapl:package+core,nvml:board-integrated",1.211314,0.363229,0.051134,0.01472,0.369371162586,0.12085800288,1.394185,0.058213,,,5.663232,1.761853,9.304504,
gpu,gpu,double,gt,max,4096,524288,uniform,19004253,3,bench/results/raw/energy/measurements/20260825_014636_gpu_double_gt_q19_k4096_max_uniform_s19004253_rep3_gpu.txt,0.406133,8.837398,21.75984,16.465421,2.15024,5.294419,0,"rapl:package+core,nvml:board-integrated",1.253219,0.404236,0.051412,0.014619,0.406698775548,0.163528010401,1.425024,0.05861,,,5.552076,1.773206,9.304504,
gpu,gpu,double,gt,max,8,524288,uniform,19000165,1,bench/results/raw/energy/measurements/20260825_014636_gpu_double_gt_q19_k8_max_uniform_s19000165_rep1_gpu.txt,0.388323,7.537656,19.410787,16.465421,1.143754,2.945366,0,"rapl:package+core,nvml:board-integrated",0.909706,0.3543,0.040102,0.014156,0.249409687058,0.121215500324,1.067116,0.04739,,,4.41294,0.799787,9.304504,
gpu,gpu,double,gt,max,8,524288,uniform,19000165,2,bench/results/raw/energy/measurements/20260825_014636_gpu_double_gt_q19_k8_max_uniform_s19000165_rep2_gpu.txt,0.390718,7.856824,20.108707,16.465421,1.423496,3.643286,0,"rapl:package+core,nvml:board-integrated",0.921873,0.243121,0.040785,0.014215,0.250330804515,0.009065040485,1.085877,0.047795,,,4.750112,1.114679,9.304504,
gpu,gpu,double,gt,max,8,524288,uniform,19000165,3,bench/results/raw/energy/measurements/20260825_014636_gpu_double_gt_q19_k8_max_uniform_s19000165_rep3_gpu.txt,0.413224,8.783809,21.2568,16.465421,1.97991,4.791379,0,"rapl:package+core,nvml:board-integrated",1.050686,0.437215,0.043527,0.018057,0.333995620133,0.139898893003,1.237647,0.051156,,,5.495405,1.650566,9.304504,
gpu,gpu,double,gt,max,131072,1048576,uniform,20131232,1,bench/results/raw/energy/measurements/20260825_014636_gpu_double_gt_q20_k131072_max_uniform_s20131232_rep1_gpu.txt,0.995529,24.071569,24.179672,16.465421,7.679762,7.714251,0,"rapl:package+core,nvml:board-integrated",13.555181,0.828943,0.539744,0.032639,4.66806880778,0.291528123981,13.940385,0.561123,,,15.654478,6.391573,9.304504,
gpu,gpu,double,gt,max,131072,1048576,uniform,20131232,2,bench/results/raw/energy/measurements/20260825_014636_gpu_double_gt_q20_k131072_max_uniform_s20131232_rep2_gpu.txt,0.992117,20.614986,20.778792,16.465421,4.279367,4.313371,0,"rapl:package+core,nvml:board-integrated",11.395446,0.785959,0.540385,0.033242,2.49777947292,0.238615475118,11.901443,0.560757,,,12.135475,2.904321,9.304504,
gpu,gpu,double,gt,max,131072,1048576,uniform,20131232,3,bench/results/raw/energy/measurements/20260825_014636_gpu_double_gt_q20_k131072_max_uniform_s20131232_rep3_gpu.txt,1.022467,20.60424,20.151489,16.465421,3.768884,3.686068,0,"rapl:package+core,nvml:board-integrated",11.368559,0.897716,0.551861,0.042101,2.28193530152,0.204505310479,11.819519,0.572171,,,11.946072,2.43252,9.304504,
gpu,gpu,double,gt,max,256,1048576,uniform,20000416,1,bench/results/raw/energy/measurements/20260825_014636_gpu_double_gt_q20_k256_max_uniform_s20000416_rep1_gpu.txt,0.44541,10.925569,24.52924,16.465421,3.591706,8.063819,0,"rapl:package+core,nvml:board-integrated",1.754117,0.542141,0.062333,0.021644,0.727777912807,0.185763427876,2.132549,0.0794,,,7.282126,3.137807,9.304504,
gpu,gpu,double,gt,max,256,1048576,uniform,20000416,2,bench/results/raw/energy/measurements/20260825_014636_gpu_double_gt_q20_k256_max_uniform_s20000416_rep2_gpu.txt,0.441437,10.885375,24.658967,16.465421,3.616932,8.193546,0,"rapl:package+core,nvml:board-integrated",1.772342,0.593083,0.065077,0.021087,0.700821797583,0.245876667373,2.287901,0.083549,,,7.245,3.13765,9.304504,
gpu,gpu,double,gt,max,256,1048576,uniform,20000416,3,bench/results/raw/energy/measurements/20260825_014636_gpu_double_gt_q20_k256_max_uniform_s20000416_rep3_gpu.txt,0.473342,11.289838,23.851337,16.465421,3.496064,7.385916,0,"rapl:package+core,nvml:board-integrated",1.88451,0.546546,0.067049,0.021603,0.780519987371,0.190843510137,2.250386,0.084449,,,7.391357,2.987145,9.304504,
gpu,gpu,double,gt,max,4096,1048576,uniform,20004256,1,bench/results/raw/energy/measurements/20260825_014636_gpu_double_gt_q20_k4096_max_uniform_s20004256_rep1_gpu.txt,0.479403,11.303495,23.57825,16.465421,3.409915,7.112829,0,"rapl:package+core,nvml:board-integrated",1.990445,0.707725,0.084582,0.027451,0.597766760978,0.255732728129,2.681772,0.102389,,,7.337071,2.87646,9.304504,
gpu,gpu,double,gt,max,4096,1048576,uniform,20004256,2,bench/results/raw/energy/measurements/20260825_014636_gpu_double_gt_q20_k4096_max_uniform_s20004256_rep2_gpu.txt,0.47208,11.098408,23.509568,16.465421,3.325404,7.044147,0,"rapl:package+core,nvml:board-integrated",2.009978,0.444996,0.077559,0.021464,0.732936412661,0.091582203656,2.506261,0.095447,,,7.226354,2.833879,9.304504,
gpu,gpu,double,gt,max,4096,1048576,uniform,20004256,3,bench/results/raw/energy/measurements/20260825_014636_gpu_double_gt_q20_k4096_max_uniform_s20004256_rep3_gpu.txt,0.467922,11.216941,23.971807,16.465421,3.512405,7.506386,0,"rapl:package+core,nvml:board-integrated",1.961866,0.50776,0.076309,0.021615,0.705406188911,0.151859925085,2.503415,0.093086,,,7.400518,3.046734,9.304504,
gpu,gpu,double,gt,max,8,1048576,uniform,20000168,1,bench/results/raw/energy/measurements/20260825_014636_gpu_double_gt_q20_k8_max_uniform_s20000168_rep1_gpu.txt,0.443399,8.711098,19.646195,16.465421,1.410351,3.180774,0,"rapl:package+core,nvml:board-integrated",1.58037,0.596696,0.071518,0.027518,0.402796020922,0.143600544922,1.969685,0.089737,,,5.018906,0.8933,9.304504,
gpu,gpu,double,gt,max,8,1048576,uniform,20000168,2,bench/results/raw/energy/measurements/20260825_014636_gpu_double_gt_q20_k8_max_uniform_s20000168_rep2_gpu.txt,0.474568,9.907158,20.876176,16.465421,2.093202,4.410755,0,"rapl:package+core,nvml:board-integrated",1.724145,0.657433,0.072757,0.02827,0.526170364303,0.19195554833,2.079841,0.09102,,,6.063699,1.648082,9.304504,
gpu,gpu,double,gt,max,8,1048576,uniform,20000168,3,bench/results/raw/energy/measurements/20260825_014636_gpu_double_gt_q20_k8_max_uniform_s20000168_rep3_gpu.txt,0.439974,9.955763,22.628068,16.465421,2.711405,6.162647,0,"rapl:package+core,nvml:board-integrated",1.700276,0.423568,0.064412,0.021692,0.639705302548,0.066400087668,2.066119,0.081575,,,6.318698,2.224958,9.304504,
gpu,gpu,double,gt,max,131072,2097152,uniform,21131235,1,bench/results/raw/energy/measurements/20260825_014636_gpu_double_gt_q21_k131072_max_uniform_s21131235_rep1_gpu.txt,1.230818,29.458637,23.934203,16.465421,9.192707,7.468782,0,"rapl:package+core,nvml:board-integrated",14.951531,1.340342,0.600881,0.054507,5.0577723641,0.442861297553,18.840664,0.763315,,,19.236784,7.784637,9.304504,
gpu,gpu,double,gt,max,131072,2097152,uniform,21131235,2,bench/results/raw/energy/measurements/20260825_014636_gpu_double_gt_q21_k131072_max_uniform_s21131235_rep2_gpu.txt,1.207922,25.252312,20.90559,16.465421,5.363376,4.440169,0,"rapl:package+core,nvml:board-integrated",13.006522,0.973481,0.601386,0.053587,3.10444832649,0.091148484873,16.000658,0.750733,,,15.107436,3.868325,9.304504,
gpu,gpu,double,gt,max,131072,2097152,uniform,21131235,3,bench/results/raw/energy/measurements/20260825_014636_gpu_double_gt_q21_k131072_max_uniform_s21131235_rep3_gpu.txt,1.147847,23.774848,20.712556,16.465421,4.875061,4.247135,0,"rapl:package+core,nvml:board-integrated",12.669381,1.164303,0.598085,0.053969,2.82165968122,0.275680694051,14.778479,0.695887,,,13.894454,3.214306,9.304504,
gpu,gpu,double,gt,max,256,2097152,uniform,21000419,1,bench/results/raw/energy/measurements/20260825_014636_gpu_double_gt_q21_k256_max_uniform_s21000419_rep1_gpu.txt,0.749634,19.466361,25.967819,16.465421,7.123321,9.502398,0,"rapl:package+core,nvml:board-integrated",3.146675,0.872412,0.122244,0.033974,1.13387607528,0.313015786946,9.58689,0.354394,,,13.225122,6.250149,9.304504,
gpu,gpu,double,gt,max,256,2097152,uniform,21000419,2,bench/results/raw/energy/measurements/20260825_014636_gpu_double_gt_q21_k256_max_uniform_s21000419_rep2_gpu.txt,0.676279,15.47081,22.876385,16.465421,4.335598,6.410964,0,"rapl:package+core,nvml:board-integrated",3.052143,0.992843,0.130031,0.044452,0.911127841949,0.260922105708,6.908492,0.290332,,,9.906843,3.614406,9.304504,
gpu,gpu,double,gt,max,256,2097152,uniform,21000419,3,bench/results/raw/energy/measurements/20260825_014636_gpu_double_gt_q21_k256_max_uniform_s21000419_rep3_gpu.txt,0.653334,15.227303,23.307085,16.465421,4.469889,6.841664,0,"rapl:package+core,nvml:board-integrated",2.686149,0.737941,0.11773,0.034134,0.74767498567,0.175910319586,6.67578,0.275724,,,9.875972,3.797027,9.304504,
gpu,gpu,double,gt,max,4096,2097152,uniform,21004259,1,bench/results/raw/energy/measurements/20260825_014636_gpu_double_gt_q21_k4096_max_uniform_s21004259_rep1_gpu.txt,0.61285,14.965239,24.419082,16.465421,4.874403,7.953661,0,"rapl:package+core,nvml:board-integrated",3.102794,0.782136,0.126559,0.034143,1.01894678366,0.219957130797,5.757243,0.225482,,,9.832509,4.130242,9.304504,
gpu,gpu,double,gt,max,4096,2097152,uniform,21004259,2,bench/results/raw/energy/measurements/20260825_014636_gpu_double_gt_q21_k4096_max_uniform_s21004259_rep2_gpu.txt,0.665207,16.017446,24.078902,16.465421,5.064538,7.613481,0,"rapl:package+core,nvml:board-integrated",3.149197,0.930073,0.132492,0.037078,0.967660440868,0.319568120162,7.31479,0.293837,,,10.460498,4.27108,9.304504,
gpu,gpu,double,gt,max,4096,2097152,uniform,21004259,3,bench/results/raw/energy/measurements/20260825_014636_gpu_double_gt_q21_k4096_max_uniform_s21004259_rep3_gpu.txt,0.618797,15.246896,24.639593,16.465421,5.05815,8.174172,0,"rapl:package+core,nvml:board-integrated",3.225865,0.887871,0.128814,0.033936,1.10488825931,0.329100472944,6.06468,0.239097,,,10.106354,4.348759,9.304504,
gpu,gpu,double,gt,max,8,2097152,uniform,21000171,1,bench/results/raw/energy/measurements/20260825_014636_gpu_double_gt_q21_k8_max_uniform_s21000171_rep1_gpu.txt,0.549967,11.291478,20.531208,16.465421,2.236047,4.065787,0,"rapl:package+core,nvml:board-integrated",2.482891,0.778893,0.112938,0.035984,0.623319283102,0.186401290736,3.507145,0.152274,,,6.462748,1.345582,9.304504,
gpu,gpu,double,gt,max,8,2097152,uniform,21000171,2,bench/results/raw/energy/measurements/20260825_014636_gpu_double_gt_q21_k8_max_uniform_s21000171_rep2_gpu.txt,0.523629,12.168254,23.238314,16.465421,3.546483,6.772893,0,"rapl:package+core,nvml:board-integrated",2.722462,0.80528,0.10738,0.032774,0.95440509302,0.265642292146,3.757298,0.145875,,,7.54183,2.669722,9.304504,
gpu,gpu,double,gt,max,8,2097152,uniform,21000171,3,bench/results/raw/energy/measurements/20260825_014636_gpu_double_gt_q21_k8_max_uniform_s21000171_rep3_gpu.txt,0.512206,13.553898,26.461818,16.465421,5.120213,9.996397,0,"rapl:package+core,nvml:board-integrated",3.261792,1.010958,0.11086,0.033249,1.43643542794,0.463499217171,4.435332,0.149136,,,9.006632,4.240811,9.304504,
gpu,gpu,double,gt,max,131072,4194304,uniform,22131238,1,bench/results/raw/energy/measurements/20260825_014636_gpu_double_gt_q22_k131072_max_uniform_s22131238_rep1_gpu.txt,1.341558,34.726979,25.885569,16.465421,12.63767,9.420148,0,"rapl:package+core,nvml:board-integrated",18.045853,1.717805,0.676704,0.059596,6.90363674762,0.736531770084,22.333665,0.833972,,,22.78471,10.302183,9.304504,
gpu,gpu,double,gt,max,131072,4194304,uniform,22131238,2,bench/results/raw/energy/measurements/20260825_014636_gpu_double_gt_q22_k131072_max_uniform_s22131238_rep2_gpu.txt,1.403588,32.739307,23.325447,16.465421,9.628647,6.860026,0,"rapl:package+core,nvml:board-integrated",16.941482,2.292072,0.717975,0.098741,5.11972135753,0.666259865039,21.552174,0.91042,,,20.019628,6.959942,9.304504,
gpu,gpu,double,gt,max,131072,4194304,uniform,22131238,3,bench/results/raw/energy/measurements/20260825_014636_gpu_double_gt_q22_k131072_max_uniform_s22131238_rep3_gpu.txt,1.398786,30.920259,22.105074,16.465421,7.888665,5.639653,0,"rapl:package+core,nvml:board-integrated",15.785642,1.883471,0.699763,0.080626,4.26374960478,0.555929966454,20.181407,0.895498,,,18.428397,5.413391,9.304504,
gpu,gpu,double,gt,max,256,4194304,uniform,22000422,1,bench/results/raw/energy/measurements/20260825_014636_gpu_double_gt_q22_k256_max_uniform_s22000422_rep1_gpu.txt,0.811217,23.354805,28.789835,16.465421,9.997775,12.324414,0,"rapl:package+core,nvml:board-integrated",6.321017,1.772162,0.206179,0.05766,2.92619296364,0.82276582514,11.737895,0.38602,,,14.459544,6.911572,9.304504,
gpu,gpu,double,gt,max,256,4194304,uniform,22000422,2,bench/results/raw/energy/measurements/20260825_014636_gpu_double_gt_q22_k256_max_uniform_s22000422_rep2_gpu.txt,0.811798,21.852683,26.918873,16.465421,8.48609,10.453452,0,"rapl:package+core,nvml:board-integrated",6.470166,2.339462,0.226394,0.07154,2.74249347813,1.16152578166,11.669241,0.40187,,,13.940799,6.387423,9.304504,
gpu,gpu,double,gt,max,256,4194304,uniform,22000422,3,bench/results/raw/energy/measurements/20260825_014636_gpu_double_gt_q22_k256_max_uniform_s22000422_rep3_gpu.txt,0.79178,20.202338,25.515098,16.465421,7.165351,9.049677,0,"rapl:package+core,nvml:board-integrated",5.89584,1.87142,0.215868,0.064081,2.34148249957,0.816299356899,10.442956,0.382064,,,12.443126,5.076009,9.304504,
gpu,gpu,double,gt,max,4096,4194304,uniform,22004262,1,bench/results/raw/energy/measurements/20260825_014636_gpu_double_gt_q22_k4096_max_uniform_s22004262_rep1_gpu.txt,0.804154,21.336819,26.533236,16.465421,8.096078,10.067815,0,"rapl:package+core,nvml:board-integrated",6.18625,1.730305,0.220503,0.057868,2.55557527324,0.777484017572,11.443621,0.404364,,,13.456032,5.973774,9.304504,
gpu,gpu,double,gt,max,4096,4194304,uniform,22004262,2,bench/results/raw/energy/measurements/20260825_014636_gpu_double_gt_q22_k4096_max_uniform_s22004262_rep2_gpu.txt,0.851543,22.822691,26.801566,16.465421,8.801674,10.336145,0,"rapl:package+core,nvml:board-integrated",6.937741,2.383526,0.245447,0.077475,2.89635281181,1.10786750802,12.318498,0.432496,,,14.829941,6.906754,9.304504,
gpu,gpu,double,gt,max,4096,4194304,uniform,22004262,3,bench/results/raw/energy/measurements/20260825_014636_gpu_double_gt_q22_k4096_max_uniform_s22004262_rep3_gpu.txt,0.825865,20.880206,25.282824,16.465421,7.281987,8.817403,0,"rapl:package+core,nvml:board-integrated",6.377061,1.945771,0.237363,0.071449,2.46877927518,0.769333134971,11.108148,0.416297,,,13.178822,5.494556,9.304504,
gpu,gpu,double,gt,max,8,4194304,uniform,22000174,1,bench/results/raw/energy/measurements/20260825_014636_gpu_double_gt_q22_k8_max_uniform_s22000174_rep1_gpu.txt,0.800915,18.019654,22.498828,16.465421,4.832247,6.033407,0,"rapl:package+core,nvml:board-integrated",5.645033,2.053291,0.233236,0.0797,1.80470406764,0.7409969463,9.853736,0.407153,,,10.107877,2.655758,9.304504,
gpu,gpu,double,gt,max,8,4194304,uniform,22000174,2,bench/results/raw/energy/measurements/20260825_014636_gpu_double_gt_q22_k8_max_uniform_s22000174_rep2_gpu.txt,0.793802,20.543812,25.880272,16.465421,7.473528,9.414851,0,"rapl:package+core,nvml:board-integrated",5.879106,1.678325,0.210981,0.057533,2.405215012,0.731019933607,11.042897,0.396088,,,12.753199,5.367265,9.304504,
gpu,gpu,double,gt,max,8,4194304,uniform,22000174,3,bench/results/raw/energy/measurements/20260825_014636_gpu_double_gt_q22_k8_max_uniform_s22000174_rep3_gpu.txt,0.783143,21.442508,27.380066,16.465421,8.547729,10.914645,0,"rapl:package+core,nvml:board-integrated",6.137529,1.821403,0.207904,0.057153,2.71430211242,0.880354793587,11.481922,0.390027,,,13.671257,6.3845,9.304504,
gpu,gpu,double,gt,max,131072,8388608,uniform,23131241,1,bench/results/raw/energy/measurements/20260825_014636_gpu_double_gt_q23_k131072_max_uniform_s23131241_rep1_gpu.txt,1.710874,52.666983,30.78367,16.465421,24.496721,14.318249,0,"rapl:package+core,nvml:board-integrated",26.915561,3.732303,0.879914,0.120457,12.4274065462,1.7489277826,36.544703,1.187266,,,36.224428,20.305593,9.304504,
gpu,gpu,double,gt,max,131072,8388608,uniform,23131241,2,bench/results/raw/energy/measurements/20260825_014636_gpu_double_gt_q23_k131072_max_uniform_s23131241_rep2_gpu.txt,1.699212,48.32036,28.436917,16.465421,20.342114,11.971496,0,"rapl:package+core,nvml:board-integrated",25.445792,3.774295,0.877289,0.121027,11.0008592763,1.78153449263,33.741867,1.163337,,,32.1463,16.335972,9.304504,
gpu,gpu,double,gt,max,131072,8388608,uniform,23131241,3,bench/results/raw/energy/measurements/20260825_014636_gpu_double_gt_q23_k131072_max_uniform_s23131241_rep3_gpu.txt,1.73038,49.34188,28.51505,16.465421,20.85044,12.049629,0,"rapl:package+core,nvml:board-integrated",25.407824,3.753708,0.878685,0.119855,10.9399055486,1.78024496605,34.555648,1.196038,,,33.019161,16.918831,9.304504,
gpu,gpu,double,gt,max,256,8388608,uniform,23000425,1,bench/results/raw/energy/measurements/20260825_014636_gpu_double_gt_q23_k256_max_uniform_s23000425_rep1_gpu.txt,1.156041,38.744015,33.514384,16.465421,19.709307,17.048963,0,"rapl:package+core,nvml:board-integrated",14.305848,4.449072,0.400808,0.122639,7.70637553983,2.42976923398,25.232722,0.713423,,,26.184575,15.428184,9.304504,
gpu,gpu,double,gt,max,256,8388608,uniform,23000425,2,bench/results/raw/energy/measurements/20260825_014636_gpu_double_gt_q23_k256_max_uniform_s23000425_rep2_gpu.txt,1.179384,38.27922,32.456948,16.465421,18.860158,15.991527,0,"rapl:package+core,nvml:board-integrated",13.98039,4.288581,0.406578,0.124314,7.28591206066,2.24169865381,24.528658,0.723272,,,25.687968,14.714381,9.304504,
gpu,gpu,double,gt,max,256,8388608,uniform,23000425,3,bench/results/raw/energy/measurements/20260825_014636_gpu_double_gt_q23_k256_max_uniform_s23000425_rep3_gpu.txt,1.178512,37.726945,32.012346,16.465421,18.322243,15.546925,0,"rapl:package+core,nvml:board-integrated",13.713693,4.313855,0.405499,0.124202,7.03698124992,2.26881678096,24.17841,0.719962,,,25.065933,14.10046,9.304504,
gpu,gpu,double,gt,max,4096,8388608,uniform,23004265,1,bench/results/raw/energy/measurements/20260825_014636_gpu_double_gt_q23_k4096_max_uniform_s23004265_rep1_gpu.txt,1.19587,38.47091,32.169805,16.465421,18.780404,15.704384,0,"rapl:package+core,nvml:board-integrated",14.213783,4.212115,0.414047,0.123794,7.39632483121,2.17379467273,24.568543,0.731746,,,25.719174,14.592195,9.304504,
gpu,gpu,double,gt,max,4096,8388608,uniform,23004265,2,bench/results/raw/energy/measurements/20260825_014636_gpu_double_gt_q23_k4096_max_uniform_s23004265_rep2_gpu.txt,1.178007,37.661277,31.970343,16.465421,18.264901,15.504922,0,"rapl:package+core,nvml:board-integrated",14.325136,4.397618,0.415217,0.12523,7.48841328864,2.33565332817,24.517173,0.7346,,,25.038761,14.077993,9.304504,
gpu,gpu,double,gt,max,4096,8388608,uniform,23004265,3,bench/results/raw/energy/measurements/20260825_014636_gpu_double_gt_q23_k4096_max_uniform_s23004265_rep3_gpu.txt,1.165083,37.503044,32.189162,16.465421,18.319463,15.723741,0,"rapl:package+core,nvml:board-integrated",13.981703,4.288256,0.408228,0.119167,7.26005711601,2.32612117569,24.438077,0.724971,,,24.672379,13.83186,9.304504,
gpu,gpu,double,gt,max,8,8388608,uniform,23000177,1,bench/results/raw/energy/measurements/20260825_014636_gpu_double_gt_q23_k8_max_uniform_s23000177_rep1_gpu.txt,1.194054,30.816768,25.808529,16.465421,11.156172,9.343108,0,"rapl:package+core,nvml:board-integrated",11.268243,3.726803,0.409016,0.131621,4.53362236426,1.55960782256,19.640481,0.720601,,,17.817242,6.707165,9.304504,
gpu,gpu,double,gt,max,8,8388608,uniform,23000177,2,bench/results/raw/energy/measurements/20260825_014636_gpu_double_gt_q23_k8_max_uniform_s23000177_rep2_gpu.txt,1.168108,38.145572,32.655861,16.465421,18.912182,16.19044,0,"rapl:package+core,nvml:board-integrated",13.970323,4.458914,0.402189,0.122261,7.34811179343,2.44583516312,24.547821,0.71741,,,25.532867,14.664201,9.304504,
gpu,gpu,double,gt,max,8,8388608,uniform,23000177,3,bench/results/raw/energy/measurements/20260825_014636_gpu_double_gt_q23_k8_max_uniform_s23000177_rep3_gpu.txt,1.179525,39.506603,33.493651,16.465421,20.085225,17.02823,0,"rapl:package+core,nvml:board-integrated",13.951541,4.287289,0.395985,0.122267,7.43148126532,2.27411137059,24.600012,0.707062,,,26.674717,15.699821,9.304504,
gpu,gpu,double,gt,max,131072,16777216,uniform,24131244,1,bench/results/raw/energy/measurements/20260825_014636_gpu_double_gt_q24_k131072_max_uniform_s24131244_rep1_gpu.txt,2.40671,97.304858,40.430647,16.465421,57.677358,23.965226,0,"rapl:package+core,nvml:board-integrated",50.820922,9.763089,1.224633,0.232637,30.6568240845,5.93262285482,74.34889,1.809142,,,71.755871,49.362624,9.304504,
gpu,gpu,double,gt,max,131072,16777216,uniform,24131244,2,bench/results/raw/energy/measurements/20260825_014636_gpu_double_gt_q24_k131072_max_uniform_s24131244_rep2_gpu.txt,2.471299,81.791534,33.096576,16.465421,41.100556,16.631155,0,"rapl:package+core,nvml:board-integrated",41.948759,8.262703,1.226078,0.23292,21.7608685512,4.42757714068,61.913417,1.836853,,,55.297467,32.303256,9.304504,
gpu,gpu,double,gt,max,131072,16777216,uniform,24131244,3,bench/results/raw/energy/measurements/20260825_014636_gpu_double_gt_q24_k131072_max_uniform_s24131244_rep3_gpu.txt,2.447293,78.628316,32.128695,16.465421,38.332613,15.663274,0,"rapl:package+core,nvml:board-integrated",40.608409,7.871965,1.221011,0.232186,20.5039488394,4.04892475969,59.619555,1.805413,,,52.834255,30.063411,9.304504,
gpu,gpu,double,gt,max,256,16777216,uniform,24000428,1,bench/results/raw/energy/measurements/20260825_014636_gpu_double_gt_q24_k256_max_uniform_s24000428_rep1_gpu.txt,1.871499,72.992625,39.002219,16.465421,42.177601,22.536798,0,"rapl:package+core,nvml:board-integrated",30.857799,8.938898,0.766888,0.233429,18.2306652202,5.09539124139,53.990315,1.346203,,,51.066573,33.6532,9.304504,
gpu,gpu,double,gt,max,256,16777216,uniform,24000428,2,bench/results/raw/energy/measurements/20260825_014636_gpu_double_gt_q24_k256_max_uniform_s24000428_rep2_gpu.txt,1.831147,70.116562,38.291067,16.465421,39.96596,21.825646,0,"rapl:package+core,nvml:board-integrated",30.2639,8.842124,0.771068,0.235018,17.5679407604,4.97245368742,51.300945,1.322801,,,48.762823,31.724911,9.304504,
gpu,gpu,double,gt,max,256,16777216,uniform,24000428,3,bench/results/raw/energy/measurements/20260825_014636_gpu_double_gt_q24_k256_max_uniform_s24000428_rep3_gpu.txt,1.853317,75.269462,40.613387,16.465421,44.753825,24.147966,0,"rapl:package+core,nvml:board-integrated",31.971998,9.491501,0.769558,0.234174,19.3009015461,5.63572750275,56.075672,1.349912,,,53.677256,36.433065,9.304504,
gpu,gpu,double,gt,max,4096,16777216,uniform,24004268,1,bench/results/raw/energy/measurements/20260825_014636_gpu_double_gt_q24_k4096_max_uniform_s24004268_rep1_gpu.txt,1.879906,73.027395,38.846303,16.465421,42.073953,22.380882,0,"rapl:package+core,nvml:board-integrated",31.221655,9.379337,0.77585,0.232598,18.4469581171,5.54951300624,53.662098,1.349089,,,51.038237,33.546645,9.304504,
gpu,gpu,double,gt,max,4096,16777216,uniform,24004268,2,bench/results/raw/energy/measurements/20260825_014636_gpu_double_gt_q24_k4096_max_uniform_s24004268_rep2_gpu.txt,1.868039,75.673349,40.50952,16.465421,44.915307,24.044099,0,"rapl:package+core,nvml:board-integrated",33.109665,9.834667,0.782916,0.232883,20.2186234524,6.00015036126,56.374892,1.359778,,,53.834025,36.452852,9.304504,
gpu,gpu,double,gt,max,4096,16777216,uniform,24004268,3,bench/results/raw/energy/measurements/20260825_014636_gpu_double_gt_q24_k4096_max_uniform_s24004268_rep3_gpu.txt,1.881711,78.757824,41.854367,16.465421,47.77466,25.388946,0,"rapl:package+core,nvml:board-integrated",33.250051,9.7279,0.778844,0.232392,20.4260566467,5.90146788297,57.80611,1.34843,,,56.896131,39.387743,9.304504,
gpu,gpu,double,gt,max,8,16777216,uniform,24000180,1,bench/results/raw/energy/measurements/20260825_014636_gpu_double_gt_q24_k8_max_uniform_s24000180_rep1_gpu.txt,1.856216,61.429845,33.09413,16.465421,30.866472,16.628709,0,"rapl:package+core,nvml:board-integrated",27.066238,8.01851,0.773451,0.232758,14.3310416621,4.18605153888,46.105507,1.335517,,,39.791484,22.520317,9.304504,
gpu,gpu,double,gt,max,8,16777216,uniform,24000180,2,bench/results/raw/energy/measurements/20260825_014636_gpu_double_gt_q24_k8_max_uniform_s24000180_rep2_gpu.txt,1.869383,72.49302,38.779119,16.465421,41.712845,22.313698,0,"rapl:package+core,nvml:board-integrated",30.319973,9.351276,0.766306,0.232992,17.7024220952,5.51496463037,53.816506,1.360141,,,50.482745,33.089065,9.304504,
gpu,gpu,double,gt,max,8,16777216,uniform,24000180,3,bench/results/raw/energy/measurements/20260825_014636_gpu_double_gt_q24_k8_max_uniform_s24000180_rep3_gpu.txt,1.861357,72.608519,39.00837,16.465421,41.960485,22.542949,0,"rapl:package+core,nvml:board-integrated",30.524661,8.901795,0.768148,0.233404,17.8767807897,5.05869987692,53.289575,1.337484,,,50.681781,33.362774,9.304504,
gpu,gpu,double,map_reduce,max,256,65536,uniform,16000404,1,bench/results/raw/energy/measurements/20260825_014636_gpu_double_map_reduce_q16_k256_max_uniform_s16000404_rep1_gpu.txt,0.426181,9.213952,21.619807,16.465421,2.196702,5.154386,0,"rapl:package+core,nvml:board-integrated",1.441418,0.536922,0.064897,0.025714,0.372861573363,0.113530164406,1.490392,0.065494,,,5.797091,1.831688,9.304504,
gpu,gpu,double,map_reduce,max,256,65536,uniform,16000404,2,bench/results/raw/energy/measurements/20260825_014636_gpu_double_map_reduce_q16_k256_max_uniform_s16000404_rep2_gpu.txt,0.432499,9.668546,22.355051,16.465421,2.547262,5.88963,0,"rapl:package+core,nvml:board-integrated",1.525033,0.673288,0.064609,0.025879,0.461218614611,0.247179369941,1.535042,0.065182,,,6.224983,2.200791,9.304504,
gpu,gpu,double,map_reduce,max,256,65536,uniform,16000404,3,bench/results/raw/energy/measurements/20260825_014636_gpu_double_map_reduce_q16_k256_max_uniform_s16000404_rep3_gpu.txt,0.427257,9.861887,23.081883,16.465421,2.826927,6.616462,0,"rapl:package+core,nvml:board-integrated",1.608719,0.5517,0.06601,0.025824,0.52183655979,0.126496968096,1.618698,0.066604,,,6.449328,2.473917,9.304504,
gpu,gpu,double,map_reduce,max,4096,65536,uniform,16004244,1,bench/results/raw/energy/measurements/20260825_014636_gpu_double_map_reduce_q16_k4096_max_uniform_s16004244_rep1_gpu.txt,0.564545,13.172817,23.333505,16.465421,3.877344,6.868084,0,"rapl:package+core,nvml:board-integrated",4.850742,0.377942,0.201222,0.016076,1.53753705554,0.113243892004,4.850742,0.201877,,,8.577229,3.324417,9.304504,
gpu,gpu,double,map_reduce,max,4096,65536,uniform,16004244,2,bench/results/raw/energy/measurements/20260825_014636_gpu_double_map_reduce_q16_k4096_max_uniform_s16004244_rep2_gpu.txt,0.544899,13.751991,25.237688,16.465421,4.779999,8.772267,0,"rapl:package+core,nvml:board-integrated",4.669262,0.18087,0.177072,0.009843,1.75369697269,0.018800861097,4.669262,0.177705,,,9.374654,4.304639,9.304504,
gpu,gpu,double,map_reduce,max,4096,65536,uniform,16004244,3,bench/results/raw/energy/measurements/20260825_014636_gpu_double_map_reduce_q16_k4096_max_uniform_s16004244_rep3_gpu.txt,0.560796,15.32126,27.32058,16.465421,6.087525,10.855159,0,"rapl:package+core,nvml:board-integrated",5.789101,0.203858,0.20179,0.009701,2.46654369641,0.044126950879,5.789101,0.202421,,,10.769097,5.551172,9.304504,
gpu,gpu,double,map_reduce,max,8,65536,uniform,16000156,1,bench/results/raw/energy/measurements/20260825_014636_gpu_double_map_reduce_q16_k8_max_uniform_s16000156_rep1_gpu.txt,0.367483,15.587988,42.418267,16.465421,9.537227,25.952846,0,"rapl:package+core,nvml:board-integrated",0.904317,0.232945,0.018465,0.005456,0.600283001235,0.143109663024,0.914494,0.019065,,,12.764388,9.345142,9.304504,
gpu,gpu,double,map_reduce,max,8,65536,uniform,16000156,2,bench/results/raw/energy/measurements/20260825_014636_gpu_double_map_reduce_q16_k8_max_uniform_s16000156_rep2_gpu.txt,0.386478,11.136302,28.814827,16.465421,4.772776,12.349406,0,"rapl:package+core,nvml:board-integrated",0.571384,0.195407,0.017612,0.00515,0.281395005348,0.11061008185,0.647325,0.018204,,,8.166362,4.570374,9.304504,
gpu,gpu,double,map_reduce,max,8,65536,uniform,16000156,3,bench/results/raw/energy/measurements/20260825_014636_gpu_double_map_reduce_q16_k8_max_uniform_s16000156_rep3_gpu.txt,0.374447,8.330329,22.247011,16.465421,2.164899,5.78159,0,"rapl:package+core,nvml:board-integrated",0.419805,0.141635,0.017625,0.005144,0.129601954875,0.056936874376,0.452964,0.018216,,,5.415166,1.931121,9.304504,
gpu,gpu,double,map_reduce,max,131072,131072,uniform,17131223,1,bench/results/raw/energy/measurements/20260825_014636_gpu_double_map_reduce_q17_k131072_max_uniform_s17131223_rep1_gpu.txt,1.528213,42.393128,27.740326,16.465421,17.230457,11.274905,0,"rapl:package+core,nvml:board-integrated",28.784686,11.461386,1.038975,0.416442,11.6775252165,4.60449314792,28.902342,1.041308,,,29.636784,15.41752,9.304504,
gpu,gpu,double,map_reduce,max,131072,131072,uniform,17131223,2,bench/results/raw/energy/measurements/20260825_014636_gpu_double_map_reduce_q17_k131072_max_uniform_s17131223_rep2_gpu.txt,1.519148,41.596788,27.381654,16.465421,16.583375,10.916233,0,"rapl:package+core,nvml:board-integrated",28.17008,11.307691,1.03249,0.409569,11.1696974717,4.56396498645,28.279088,1.035197,,,28.697827,14.562907,9.304504,
gpu,gpu,double,map_reduce,max,131072,131072,uniform,17131223,3,bench/results/raw/energy/measurements/20260825_014636_gpu_double_map_reduce_q17_k131072_max_uniform_s17131223_rep3_gpu.txt,1.489024,41.150261,27.635729,16.465421,16.632856,11.170308,0,"rapl:package+core,nvml:board-integrated",27.632835,10.642772,1.000489,0.381452,11.1593624091,4.36200422871,27.725415,1.002988,,,28.635313,14.780684,9.304504,
gpu,gpu,double,map_reduce,max,256,131072,uniform,17000407,1,bench/results/raw/energy/measurements/20260825_014636_gpu_double_map_reduce_q17_k256_max_uniform_s17000407_rep1_gpu.txt,0.481847,10.109794,20.981355,16.465421,2.175987,4.515934,0,"rapl:package+core,nvml:board-integrated",2.132746,1.25176,0.097977,0.050356,0.519513446683,0.422627260124,2.159153,0.098521,,,6.307577,1.824234,9.304504,
gpu,gpu,double,map_reduce,max,256,131072,uniform,17000407,2,bench/results/raw/energy/measurements/20260825_014636_gpu_double_map_reduce_q17_k256_max_uniform_s17000407_rep2_gpu.txt,0.480709,10.827925,22.524925,16.465421,2.912856,6.059504,0,"rapl:package+core,nvml:board-integrated",2.445306,1.320312,0.102639,0.05502,0.755311653981,0.41438453658,2.445306,0.103248,,,6.959916,2.487161,9.304504,
gpu,gpu,double,map_reduce,max,256,131072,uniform,17000407,3,bench/results/raw/energy/measurements/20260825_014636_gpu_double_map_reduce_q17_k256_max_uniform_s17000407_rep3_gpu.txt,0.434888,10.600067,24.374253,16.465421,3.439455,7.908832,0,"rapl:package+core,nvml:board-integrated",2.518882,1.21167,0.094439,0.049449,0.963904106181,0.397471396971,2.518882,0.095033,,,7.113751,3.067335,9.304504,
gpu,gpu,double,map_reduce,max,4096,131072,uniform,17004247,1,bench/results/raw/energy/measurements/20260825_014636_gpu_double_map_reduce_q17_k4096_max_uniform_s17004247_rep1_gpu.txt,0.630944,16.243193,25.744251,16.465421,5.854426,9.27883,0,"rapl:package+core,nvml:board-integrated",6.221717,0.516267,0.232933,0.018589,2.38637709021,0.210191289031,6.231879,0.233654,,,11.163225,5.2926,9.304504,
gpu,gpu,double,map_reduce,max,4096,131072,uniform,17004247,2,bench/results/raw/energy/measurements/20260825_014636_gpu_double_map_reduce_q17_k4096_max_uniform_s17004247_rep2_gpu.txt,0.564393,15.151689,26.845976,16.465421,5.858716,10.380555,0,"rapl:package+core,nvml:board-integrated",6.035229,0.76163,0.215358,0.018059,2.48926886428,0.464280962161,6.035229,0.216,,,10.535381,5.283981,9.304504,
gpu,gpu,double,map_reduce,max,4096,131072,uniform,17004247,3,bench/results/raw/energy/measurements/20260825_014636_gpu_double_map_reduce_q17_k4096_max_uniform_s17004247_rep3_gpu.txt,0.601989,16.617276,27.60394,16.465421,6.705269,11.138519,0,"rapl:package+core,nvml:board-integrated",6.163055,0.437123,0.215227,0.01775,2.61925183443,0.14486177725,6.163055,0.215868,,,11.755574,6.154362,9.304504,
gpu,gpu,double,map_reduce,max,8,131072,uniform,17000159,1,bench/results/raw/energy/measurements/20260825_014636_gpu_double_map_reduce_q17_k8_max_uniform_s17000159_rep1_gpu.txt,0.376356,9.414433,25.014725,16.465421,3.217579,8.549304,0,"rapl:package+core,nvml:board-integrated",0.612029,0.19453,0.021584,0.008413,0.256639353136,0.056006413127,0.633374,0.022174,,,6.48801,2.986208,9.304504,
gpu,gpu,double,map_reduce,max,8,131072,uniform,17000159,2,bench/results/raw/energy/measurements/20260825_014636_gpu_double_map_reduce_q17_k8_max_uniform_s17000159_rep2_gpu.txt,0.375955,8.59483,22.861305,16.465421,2.404567,6.395884,0,"rapl:package+core,nvml:board-integrated",0.557136,0.200154,0.021526,0.008357,0.202701347554,0.062552476703,0.567786,0.022113,,,5.697275,2.199197,9.304504,
gpu,gpu,double,map_reduce,max,8,131072,uniform,17000159,3,bench/results/raw/energy/measurements/20260825_014636_gpu_double_map_reduce_q17_k8_max_uniform_s17000159_rep3_gpu.txt,0.407023,8.697734,21.369149,16.465421,1.99593,4.903728,0,"rapl:package+core,nvml:board-integrated",0.498654,0.164681,0.021471,0.008309,0.145124945709,0.027869816911,0.498654,0.022073,,,5.455989,1.668842,9.304504,
gpu,gpu,double,map_reduce,max,131072,262144,uniform,18131226,1,bench/results/raw/energy/measurements/20260825_014636_gpu_double_map_reduce_q18_k131072_max_uniform_s18131226_rep1_gpu.txt,4.188844,139.80484,33.375517,16.465421,70.833757,16.910096,0,"rapl:package+core,nvml:board-integrated",118.852922,95.608825,3.438298,2.756868,62.2398979065,50.2158327386,119.028086,3.440975,,,103.557676,64.582558,9.304504,
gpu,gpu,double,map_reduce,max,131072,262144,uniform,18131226,2,bench/results/raw/energy/measurements/20260825_014636_gpu_double_map_reduce_q18_k131072_max_uniform_s18131226_rep2_gpu.txt,4.150518,142.82481,34.411318,16.465421,74.484777,17.945897,0,"rapl:package+core,nvml:board-integrated",119.985711,96.533696,3.434463,2.756909,63.4358317961,51.1400286563,120.05109,3.437195,,,106.99393,68.375415,9.304504,
gpu,gpu,double,map_reduce,max,131072,262144,uniform,18131226,3,bench/results/raw/energy/measurements/20260825_014636_gpu_double_map_reduce_q18_k131072_max_uniform_s18131226_rep3_gpu.txt,4.184368,142.870966,34.143974,16.465421,73.973579,17.678553,0,"rapl:package+core,nvml:board-integrated",119.28581,95.925315,3.437217,2.756971,62.6905850266,50.5306268002,119.45333,3.439722,,,107.260244,68.326771,9.304504,
gpu,gpu,double,map_reduce,max,256,262144,uniform,18000410,1,bench/results/raw/energy/measurements/20260825_014636_gpu_double_map_reduce_q18_k256_max_uniform_s18000410_rep1_gpu.txt,0.476531,10.774607,22.610493,16.465421,2.928319,6.145072,0,"rapl:package+core,nvml:board-integrated",2.880676,1.752435,0.124585,0.071891,0.829331524715,0.568719418889,2.880676,0.125201,,,6.930354,2.496467,9.304504,
gpu,gpu,double,map_reduce,max,256,262144,uniform,18000410,2,bench/results/raw/energy/measurements/20260825_014636_gpu_double_map_reduce_q18_k256_max_uniform_s18000410_rep2_gpu.txt,0.479647,12.378738,25.808034,16.465421,4.481153,9.342613,0,"rapl:package+core,nvml:board-integrated",3.204737,1.617007,0.120796,0.072566,1.21578000488,0.422177259714,3.204737,0.121411,,,8.373346,3.910471,9.304504,
gpu,gpu,double,map_reduce,max,256,262144,uniform,18000410,3,bench/results/raw/energy/measurements/20260825_014636_gpu_double_map_reduce_q18_k256_max_uniform_s18000410_rep3_gpu.txt,0.484894,13.567869,27.981101,16.465421,5.583884,11.51568,0,"rapl:package+core,nvml:board-integrated",3.60546,2.184009,0.122383,0.072607,1.59037238176,0.988504177453,3.648472,0.122987,,,9.702178,5.190479,9.304504,
gpu,gpu,double,map_reduce,max,4096,262144,uniform,18004250,1,bench/results/raw/energy/measurements/20260825_014636_gpu_double_map_reduce_q18_k4096_max_uniform_s18004250_rep1_gpu.txt,0.695523,19.772445,28.428158,16.465421,8.320362,11.962737,0,"rapl:package+core,nvml:board-integrated",9.322607,2.581167,0.322691,0.08215,4.00936383209,1.22853266485,9.332754,0.323399,,,13.902097,7.430598,9.304504,
gpu,gpu,double,map_reduce,max,4096,262144,uniform,18004250,2,bench/results/raw/energy/measurements/20260825_014636_gpu_double_map_reduce_q18_k4096_max_uniform_s18004250_rep2_gpu.txt,0.675436,18.772831,27.793639,16.465421,7.651489,11.328218,0,"rapl:package+core,nvml:board-integrated",8.301197,2.294127,0.299261,0.082271,3.37373864612,0.939500348909,8.315402,0.299911,,,13.142354,6.857755,9.304504,
gpu,gpu,double,map_reduce,max,4096,262144,uniform,18004250,3,bench/results/raw/energy/measurements/20260825_014636_gpu_double_map_reduce_q18_k4096_max_uniform_s18004250_rep3_gpu.txt,0.728264,20.207723,27.747804,16.465421,8.216552,11.282383,0,"rapl:package+core,nvml:board-integrated",9.467839,2.470241,0.329223,0.085369,4.04704370212,1.06460447465,9.484135,0.32988,,,14.248604,7.47247,9.304504,
gpu,gpu,double,map_reduce,max,8,262144,uniform,18000162,1,bench/results/raw/energy/measurements/20260825_014636_gpu_double_map_reduce_q18_k8_max_uniform_s18000162_rep1_gpu.txt,0.386597,10.390298,26.876292,16.465421,4.024813,10.410871,0,"rapl:package+core,nvml:board-integrated",0.903598,0.304685,0.03067,0.012189,0.39860353793,0.103987983431,0.903598,0.031265,,,7.368863,3.771768,9.304504,
gpu,gpu,double,map_reduce,max,8,262144,uniform,18000162,2,bench/results/raw/energy/measurements/20260825_014636_gpu_double_map_reduce_q18_k8_max_uniform_s18000162_rep2_gpu.txt,0.407626,9.824775,24.102416,16.465421,3.113039,7.636995,0,"rapl:package+core,nvml:board-integrated",0.806601,0.301404,0.030723,0.012154,0.300733870617,0.101283273166,0.828191,0.031314,,,6.580604,2.787845,9.304504,
gpu,gpu,double,map_reduce,max,8,262144,uniform,18000162,3,bench/results/raw/energy/measurements/20260825_014636_gpu_double_map_reduce_q18_k8_max_uniform_s18000162_rep3_gpu.txt,0.376888,8.209478,21.782301,16.465421,2.003866,5.31688,0,"rapl:package+core,nvml:board-integrated",0.756363,0.236108,0.031191,0.012174,0.242790053589,0.035657964746,0.756363,0.031782,,,5.248037,1.741285,9.304504,
gpu,gpu,double,map_reduce,max,131072,524288,uniform,19131229,1,bench/results/raw/energy/measurements/20260825_014636_gpu_double_map_reduce_q19_k131072_max_uniform_s19131229_rep1_gpu.txt,23.863246,907.873902,38.044861,16.465421,514.955503,21.57944,0,"rapl:package+core,nvml:board-integrated",817.758098,789.971348,21.343937,20.617553,466.321189498,450.494657865,817.768199,21.346392,,,701.426448,479.390776,9.304504,
gpu,gpu,double,map_reduce,max,131072,524288,uniform,19131229,2,bench/results/raw/energy/measurements/20260825_014636_gpu_double_map_reduce_q19_k131072_max_uniform_s19131229_rep2_gpu.txt,23.861228,908.340138,38.067618,16.465421,515.454966,21.602197,0,"rapl:package+core,nvml:board-integrated",820.754788,793.142936,21.343946,20.615859,469.317731309,453.694138288,820.866312,21.346436,,,701.502064,479.485169,9.304504,
gpu,gpu,double,map_reduce,max,131072,524288,uniform,19131229,3,bench/results/raw/energy/measurements/20260825_014636_gpu_double_map_reduce_q19_k131072_max_uniform_s19131229_rep3_gpu.txt,23.868,909.824706,38.119017,16.465421,516.828033,21.653596,0,"rapl:package+core,nvml:board-integrated",820.218592,792.469171,21.335149,20.617231,468.926381617,452.997782731,820.387992,21.338363,,,704.875802,482.795898,9.304504,
gpu,gpu,double,map_reduce,max,256,524288,uniform,19000413,1,bench/results/raw/energy/measurements/20260825_014636_gpu_double_map_reduce_q19_k256_max_uniform_s19000413_rep1_gpu.txt,0.520674,12.320261,23.66213,16.465421,3.747141,7.196709,0,"rapl:package+core,nvml:board-integrated",3.829488,2.462573,0.16026,0.102985,1.19073963054,0.766881618315,3.839924,0.160869,,,8.04796,3.203345,9.304504,
gpu,gpu,double,map_reduce,max,256,524288,uniform,19000413,2,bench/results/raw/energy/measurements/20260825_014636_gpu_double_map_reduce_q19_k256_max_uniform_s19000413_rep2_gpu.txt,0.540361,14.420409,26.6866,16.465421,5.523131,10.221179,0,"rapl:package+core,nvml:board-integrated",4.882794,2.990957,0.173356,0.106094,2.02841447712,1.24407462443,4.922447,0.173966,,,10.006315,4.97852,9.304504,
gpu,gpu,double,map_reduce,max,256,524288,uniform,19000413,3,bench/results/raw/energy/measurements/20260825_014636_gpu_double_map_reduce_q19_k256_max_uniform_s19000413_rep3_gpu.txt,0.526938,15.629667,29.661291,16.465421,6.953408,13.19587,0,"rapl:package+core,nvml:board-integrated",5.285236,3.434993,0.168323,0.106193,2.51372694102,1.68648054775,5.344566,0.168956,,,11.388828,6.48593,9.304504,
gpu,gpu,double,map_reduce,max,4096,524288,uniform,19004253,1,bench/results/raw/energy/measurements/20260825_014636_gpu_double_map_reduce_q19_k4096_max_uniform_s19004253_rep1_gpu.txt,1.09274,33.237626,30.416786,16.465421,15.245209,13.951365,0,"rapl:package+core,nvml:board-integrated",20.026027,12.936094,0.652581,0.425859,9.2810060984,5.92414627836,20.044948,0.653287,,,24.136976,13.969577,9.304504,
gpu,gpu,double,map_reduce,max,4096,524288,uniform,19004253,2,bench/results/raw/energy/measurements/20260825_014636_gpu_double_map_reduce_q19_k4096_max_uniform_s19004253_rep2_gpu.txt,1.053251,37.10081,35.225041,16.465421,19.758589,18.75962,0,"rapl:package+core,nvml:board-integrated",23.406947,15.498893,0.646519,0.425553,12.7617394805,8.49198369719,23.406947,0.647264,,,28.118258,18.31828,9.304504,
gpu,gpu,double,map_reduce,max,4096,524288,uniform,19004253,3,bench/results/raw/energy/measurements/20260825_014636_gpu_double_map_reduce_q19_k4096_max_uniform_s19004253_rep3_gpu.txt,1.099914,39.075617,35.526056,16.465421,20.965065,19.060635,0,"rapl:package+core,nvml:board-integrated",24.000308,15.506124,0.661014,0.425533,13.1164342031,8.49954400561,24.008975,0.661806,,,29.803483,19.569326,9.304504,
gpu,gpu,double,map_reduce,max,8,524288,uniform,19000165,1,bench/results/raw/energy/measurements/20260825_014636_gpu_double_map_reduce_q19_k8_max_uniform_s19000165_rep1_gpu.txt,0.40872,12.233782,29.931904,16.465421,5.504027,13.466483,0,"rapl:package+core,nvml:board-integrated",1.309317,0.515566,0.040019,0.013765,0.650387317001,0.288919479935,1.309317,0.040601,,,8.984224,5.181283,9.304504,
gpu,gpu,double,map_reduce,max,8,524288,uniform,19000165,2,bench/results/raw/energy/measurements/20260825_014636_gpu_double_map_reduce_q19_k8_max_uniform_s19000165_rep2_gpu.txt,0.385921,9.961581,25.812457,16.465421,3.607222,9.347036,0,"rapl:package+core,nvml:board-integrated",1.280445,0.369698,0.044254,0.013779,0.551784259066,0.142820964041,1.320704,0.044859,,,6.945807,3.354999,9.304504,
gpu,gpu,double,map_reduce,max,8,524288,uniform,19000165,3,bench/results/raw/energy/measurements/20260825_014636_gpu_double_map_reduce_q19_k8_max_uniform_s19000165_rep3_gpu.txt,0.389601,8.74621,22.44916,16.465421,2.331269,5.983739,0,"rapl:package+core,nvml:board-integrated",0.99193,0.35355,0.040887,0.013811,0.318708331573,0.126146070569,1.034912,0.041482,,,5.633822,2.00878,9.304504,
gpu,gpu,double,map_reduce,max,131072,1048576,uniform,20131232,1,bench/results/raw/energy/measurements/20260825_014636_gpu_double_map_reduce_q20_k131072_max_uniform_s20131232_rep1_gpu.txt,44.544002,1720.455723,38.623735,16.465421,987.019984,22.158314,0,"rapl:package+core,nvml:board-integrated",1555.378678,1528.027279,40.152585,39.438326,894.249461737,878.658637875,1555.535678,40.155255,,,1337.237931,922.77809,9.304504,
gpu,gpu,double,map_reduce,max,131072,1048576,uniform,20131232,2,bench/results/raw/energy/measurements/20260825_014636_gpu_double_map_reduce_q20_k131072_max_uniform_s20131232_rep2_gpu.txt,44.602952,1722.933357,38.628236,16.465421,988.526974,22.162815,0,"rapl:package+core,nvml:board-integrated",1559.723324,1531.955835,40.154564,39.437131,898.561522669,882.606870053,1559.845918,40.157371,,,1337.47743,922.469085,9.304504,
gpu,gpu,double,map_reduce,max,131072,1048576,uniform,20131232,3,bench/results/raw/energy/measurements/20260825_014636_gpu_double_map_reduce_q20_k131072_max_uniform_s20131232_rep3_gpu.txt,44.59932,1726.584103,38.713238,16.465421,992.237524,22.247817,0,"rapl:package+core,nvml:board-integrated",1562.460796,1534.544525,40.155556,39.438461,901.282660971,885.173661043,1562.533163,40.158304,,,1340.583405,925.608854,9.304504,
gpu,gpu,double,map_reduce,max,256,1048576,uniform,20000416,1,bench/results/raw/energy/measurements/20260825_014636_gpu_double_map_reduce_q20_k256_max_uniform_s20000416_rep1_gpu.txt,0.612715,15.120723,24.678212,16.465421,5.032104,8.212791,0,"rapl:package+core,nvml:board-integrated",5.76675,3.771241,0.23027,0.146797,1.97525750633,1.35416659346,5.76675,0.230893,,,10.028945,4.327931,9.304504,
gpu,gpu,double,map_reduce,max,256,1048576,uniform,20000416,2,bench/results/raw/energy/measurements/20260825_014636_gpu_double_map_reduce_q20_k256_max_uniform_s20000416_rep2_gpu.txt,0.610181,18.141136,29.730729,16.465421,8.094243,13.265308,0,"rapl:package+core,nvml:board-integrated",6.821641,4.375663,0.227195,0.144394,3.0807796759,1.99815500013,6.821641,0.227816,,,13.00096,7.323525,9.304504,
gpu,gpu,double,map_reduce,max,256,1048576,uniform,20000416,3,bench/results/raw/energy/measurements/20260825_014636_gpu_double_map_reduce_q20_k256_max_uniform_s20000416_rep3_gpu.txt,0.600537,19.509747,32.487153,16.465421,9.621648,16.021732,0,"rapl:package+core,nvml:board-integrated",7.209313,4.374133,0.21406,0.137079,3.68472498074,2.11706955474,7.230247,0.214707,,,14.541742,8.954041,9.304504,
gpu,gpu,double,map_reduce,max,4096,1048576,uniform,20004256,1,bench/results/raw/energy/measurements/20260825_014636_gpu_double_map_reduce_q20_k4096_max_uniform_s20004256_rep1_gpu.txt,1.474694,49.750665,33.736252,16.465421,25.4692,17.270831,0,"rapl:package+core,nvml:board-integrated",34.872233,27.094233,1.037112,0.798043,17.7957472958,13.9541190289,34.988605,1.038057,,,37.214311,23.493011,9.304504,
gpu,gpu,double,map_reduce,max,4096,1048576,uniform,20004256,2,bench/results/raw/energy/measurements/20260825_014636_gpu_double_map_reduce_q20_k4096_max_uniform_s20004256_rep2_gpu.txt,1.517056,57.807256,38.104887,16.465421,32.828286,21.639466,0,"rapl:package+core,nvml:board-integrated",39.379194,30.472317,1.036712,0.797823,22.3092944642,17.3358254215,39.379194,1.037504,,,44.761605,30.646149,9.304504,
gpu,gpu,double,map_reduce,max,4096,1048576,uniform,20004256,3,bench/results/raw/energy/measurements/20260825_014636_gpu_double_map_reduce_q20_k4096_max_uniform_s20004256_rep3_gpu.txt,1.507386,54.711086,36.295328,16.465421,29.891333,19.829907,0,"rapl:package+core,nvml:board-integrated",37.563733,28.79349,1.043535,0.797853,20.3814898968,15.6565044589,37.628385,1.044451,,,41.47413,27.448646,9.304504,
gpu,gpu,double,map_reduce,max,8,1048576,uniform,20000168,1,bench/results/raw/energy/measurements/20260825_014636_gpu_double_map_reduce_q20_k8_max_uniform_s20000168_rep1_gpu.txt,0.40497,13.06467,32.26084,16.465421,6.39667,15.795419,0,"rapl:package+core,nvml:board-integrated",2.181837,0.453479,0.061032,0.01727,1.17691942553,0.16912117933,2.193693,0.061631,,,9.773855,6.005811,9.304504,
gpu,gpu,double,map_reduce,max,8,1048576,uniform,20000168,2,bench/results/raw/energy/measurements/20260825_014636_gpu_double_map_reduce_q20_k8_max_uniform_s20000168_rep2_gpu.txt,0.418501,11.067545,26.445691,16.465421,4.176752,9.98027,0,"rapl:package+core,nvml:board-integrated",1.739464,0.563251,0.057776,0.017379,0.788157836304,0.277098448441,1.739464,0.058362,,,7.710877,3.816934,9.304504,
gpu,gpu,double,map_reduce,max,8,1048576,uniform,20000168,3,bench/results/raw/energy/measurements/20260825_014636_gpu_double_map_reduce_q20_k8_max_uniform_s20000168_rep3_gpu.txt,0.415749,10.20786,24.552921,16.465421,3.362372,8.0875,0,"rapl:package+core,nvml:board-integrated",1.702374,0.600587,0.062149,0.017289,0.679064550271,0.315916336331,1.702374,0.062741,,,6.699894,2.831553,9.304504,
gpu,gpu,double,map_reduce,max,131072,2097152,uniform,21131235,1,bench/results/raw/energy/measurements/20260825_014636_gpu_double_map_reduce_q21_k131072_max_uniform_s21131235_rep1_gpu.txt,67.686172,2644.209538,39.065727,16.465421,1529.728216,22.600306,0,"rapl:package+core,nvml:board-integrated",2392.848482,2365.314805,61.167976,60.463252,1385.69200544,1369.76190579,2392.848482,61.17109,,,2053.914137,1424.127876,9.304504,
gpu,gpu,double,map_reduce,max,131072,2097152,uniform,21131235,2,bench/results/raw/energy/measurements/20260825_014636_gpu_double_map_reduce_q21_k131072_max_uniform_s21131235_rep2_gpu.txt,67.706895,2632.912632,38.88692,16.465421,1518.090104,22.421499,0,"rapl:package+core,nvml:board-integrated",2388.53908,2361.077743,61.164102,60.460438,1381.44639048,1365.57117749,2388.631226,61.166757,,,2049.171428,1419.192354,9.304504,
gpu,gpu,double,map_reduce,max,131072,2097152,uniform,21131235,3,bench/results/raw/energy/measurements/20260825_014636_gpu_double_map_reduce_q21_k131072_max_uniform_s21131235_rep3_gpu.txt,67.727374,2636.624243,38.929964,16.465421,1521.464515,22.464543,0,"rapl:package+core,nvml:board-integrated",2388.007183,2361.047268,61.16726,60.460077,1380.86249568,1365.5466465,2388.417422,61.17011,,,2054.122247,1423.952624,9.304504,
gpu,gpu,double,map_reduce,max,256,2097152,uniform,21000419,1,bench/results/raw/energy/measurements/20260825_014636_gpu_double_map_reduce_q21_k256_max_uniform_s21000419_rep1_gpu.txt,0.681704,18.750282,27.505037,16.465421,7.525746,11.039616,0,"rapl:package+core,nvml:board-integrated",8.738867,5.503506,0.308487,0.188378,3.65949867197,2.40178292286,8.79903,0.309128,,,12.876394,6.53348,9.304504,
gpu,gpu,double,map_reduce,max,256,2097152,uniform,21000419,2,bench/results/raw/energy/measurements/20260825_014636_gpu_double_map_reduce_q21_k256_max_uniform_s21000419_rep2_gpu.txt,0.689342,23.834246,34.575344,16.465421,12.483935,18.109923,0,"rapl:package+core,nvml:board-integrated",10.879983,6.788079,0.308016,0.188444,5.80836988526,3.68526920508,10.879983,0.308657,,,17.927294,11.513306,9.304504,
gpu,gpu,double,map_reduce,max,256,2097152,uniform,21000419,3,bench/results/raw/energy/measurements/20260825_014636_gpu_double_map_reduce_q21_k256_max_uniform_s21000419_rep3_gpu.txt,0.695246,25.135375,36.153211,16.465421,13.687857,19.68779,0,"rapl:package+core,nvml:board-integrated",11.983903,7.305509,0.323063,0.189902,6.66453469548,4.17869262126,12.005096,0.323716,,,19.257673,12.788754,9.304504,
gpu,gpu,double,map_reduce,max,4096,2097152,uniform,21004259,1,bench/results/raw/energy/measurements/20260825_014636_gpu_double_map_reduce_q21_k4096_max_uniform_s21004259_rep1_gpu.txt,2.018152,77.388511,38.346221,16.465421,44.158785,21.8808,0,"rapl:package+core,nvml:board-integrated",60.073106,48.579514,1.519551,1.229729,35.053059054,28.3315082991,60.082581,1.520395,,,59.963158,41.185252,9.304504,
gpu,gpu,double,map_reduce,max,4096,2097152,uniform,21004259,2,bench/results/raw/energy/measurements/20260825_014636_gpu_double_map_reduce_q21_k4096_max_uniform_s21004259_rep2_gpu.txt,2.042449,80.314377,39.322582,16.465421,46.68459,22.857161,0,"rapl:package+core,nvml:board-integrated",59.707909,48.1789,1.5258,1.228741,34.5849696382,27.947162135,59.764202,1.526742,,,62.384824,43.380847,9.304504,
gpu,gpu,double,map_reduce,max,4096,2097152,uniform,21004259,3,bench/results/raw/energy/measurements/20260825_014636_gpu_double_map_reduce_q21_k4096_max_uniform_s21004259_rep3_gpu.txt,2.032129,80.82431,39.773217,16.465421,47.364449,23.307796,0,"rapl:package+core,nvml:board-integrated",61.2044,49.365482,1.517178,1.228742,36.2234254981,29.1337276696,61.225746,1.518206,,,63.321889,44.413936,9.304504,
gpu,gpu,double,map_reduce,max,8,2097152,uniform,21000171,1,bench/results/raw/energy/measurements/20260825_014636_gpu_double_map_reduce_q21_k8_max_uniform_s21000171_rep1_gpu.txt,0.4764,15.584492,32.713013,16.465421,7.740359,16.247592,0,"rapl:package+core,nvml:board-integrated",3.928808,0.782622,0.103649,0.025008,2.22218357877,0.370854751632,3.941137,0.104248,,,11.561644,7.128974,9.304504,
gpu,gpu,double,map_reduce,max,8,2097152,uniform,21000171,2,bench/results/raw/energy/measurements/20260825_014636_gpu_double_map_reduce_q21_k8_max_uniform_s21000171_rep2_gpu.txt,0.483084,13.039709,26.992635,16.465421,5.085528,10.527214,0,"rapl:package+core,nvml:board-integrated",3.159922,0.679729,0.103899,0.024893,1.44918122352,0.269855275047,3.201029,0.104502,,,8.949436,4.454579,9.304504,
gpu,gpu,double,map_reduce,max,8,2097152,uniform,21000171,3,bench/results/raw/energy/measurements/20260825_014636_gpu_double_map_reduce_q21_k8_max_uniform_s21000171_rep3_gpu.txt,0.492054,12.172521,24.738169,16.465421,4.070641,8.272748,0,"rapl:package+core,nvml:board-integrated",2.802469,0.563792,0.102258,0.024821,1.11874797938,0.155103785359,2.837518,0.102858,,,8.018805,3.440484,9.304504,
gpu,gpu,double,map_reduce,max,131072,4194304,uniform,22131238,1,bench/results/raw/energy/measurements/20260825_014636_gpu_double_map_reduce_q22_k131072_max_uniform_s22131238_rep1_gpu.txt,98.544957,3871.272061,39.284324,16.465421,2248.687857,22.818903,0,"rapl:package+core,nvml:board-integrated",3507.865303,3477.397459,89.213642,88.432629,2038.92512853,2021.31699238,3508.012457,89.216596,,,3013.80995,2096.898004,9.304504,
gpu,gpu,double,map_reduce,max,131072,4194304,uniform,22131238,2,bench/results/raw/energy/measurements/20260825_014636_gpu_double_map_reduce_q22_k131072_max_uniform_s22131238_rep2_gpu.txt,98.579233,3862.822607,39.184953,16.465421,2239.674027,22.719532,0,"rapl:package+core,nvml:board-integrated",3505.580353,3474.925443,89.199746,88.425897,2036.86898202,2018.95582159,3505.602324,89.203013,,,3006.444013,2089.213142,9.304504,
gpu,gpu,double,map_reduce,max,131072,4194304,uniform,22131238,3,bench/results/raw/energy/measurements/20260825_014636_gpu_double_map_reduce_q22_k131072_max_uniform_s22131238_rep3_gpu.txt,98.572897,3852.782496,39.085617,16.465421,2229.738252,22.620196,0,"rapl:package+core,nvml:board-integrated",3495.716787,3465.718836,89.199082,88.424826,2027.01634906,2009.76684906,3495.823094,89.20202,,,3002.376935,2085.205023,9.304504,
gpu,gpu,double,map_reduce,max,256,4194304,uniform,22000422,1,bench/results/raw/energy/measurements/20260825_014636_gpu_double_map_reduce_q22_k256_max_uniform_s22000422_rep1_gpu.txt,0.974395,28.263892,29.006619,16.465421,12.220075,12.541198,0,"rapl:package+core,nvml:board-integrated",15.263347,10.070647,0.545524,0.355811,6.2810646744,4.21206908857,15.286294,0.5462,,,19.701011,10.634753,9.304504,
gpu,gpu,double,map_reduce,max,256,4194304,uniform,22000422,2,bench/results/raw/energy/measurements/20260825_014636_gpu_double_map_reduce_q22_k256_max_uniform_s22000422_rep2_gpu.txt,0.989743,39.868052,40.281226,16.465421,23.57152,23.815805,0,"rapl:package+core,nvml:board-integrated",22.592296,14.946952,0.552328,0.365091,13.4979829499,8.93557498169,22.592296,0.553102,,,31.035425,21.826359,9.304504,
gpu,gpu,double,map_reduce,max,256,4194304,uniform,22000422,3,bench/results/raw/energy/measurements/20260825_014636_gpu_double_map_reduce_q22_k256_max_uniform_s22000422_rep3_gpu.txt,0.877873,36.480155,41.555154,16.465421,22.025604,25.089733,0,"rapl:package+core,nvml:board-integrated",20.167475,12.631439,0.467552,0.290193,12.4690344806,7.85328908375,20.167475,0.468238,,,28.76899,20.600816,9.304504,
gpu,gpu,double,map_reduce,max,4096,4194304,uniform,22004262,1,bench/results/raw/energy/measurements/20260825_014636_gpu_double_map_reduce_q22_k4096_max_uniform_s22004262_rep1_gpu.txt,2.822278,121.442128,43.029821,16.465421,74.972129,26.5644,0,"rapl:package+core,nvml:board-integrated",98.090702,83.45835,2.243724,1.904855,61.1468417322,52.094110481,98.256616,2.244805,,,96.756271,70.496372,9.304504,
gpu,gpu,double,map_reduce,max,4096,4194304,uniform,22004262,2,bench/results/raw/energy/measurements/20260825_014636_gpu_double_map_reduce_q22_k4096_max_uniform_s22004262_rep2_gpu.txt,2.82143,119.926177,42.505463,16.465421,73.470149,26.040042,0,"rapl:package+core,nvml:board-integrated",96.316212,81.652769,2.246433,1.900961,59.3277469067,50.3526458304,96.326709,2.247503,,,95.368502,69.116498,9.304504,
gpu,gpu,double,map_reduce,max,4096,4194304,uniform,22004262,3,bench/results/raw/energy/measurements/20260825_014636_gpu_double_map_reduce_q22_k4096_max_uniform_s22004262_rep3_gpu.txt,2.853198,123.392317,43.247018,16.465421,76.413206,26.781597,0,"rapl:package+core,nvml:board-integrated",98.306241,83.425322,2.24746,1.905207,61.3008659193,52.0552866529,98.316678,2.248343,,,98.050198,71.502603,9.304504,
gpu,gpu,double,map_reduce,max,8,4194304,uniform,22000174,1,bench/results/raw/energy/measurements/20260825_014636_gpu_double_map_reduce_q22_k8_max_uniform_s22000174_rep1_gpu.txt,0.548827,18.442348,33.603198,16.465421,9.405677,17.137777,0,"rapl:package+core,nvml:board-integrated",6.528197,1.444184,0.175324,0.037531,3.6414135286,0.826220284449,6.528197,0.175929,,,13.151041,8.044476,9.304504,
gpu,gpu,double,map_reduce,max,8,4194304,uniform,22000174,2,bench/results/raw/energy/measurements/20260825_014636_gpu_double_map_reduce_q22_k8_max_uniform_s22000174_rep2_gpu.txt,0.546081,16.231232,29.723145,16.465421,7.239786,13.257724,0,"rapl:package+core,nvml:board-integrated",5.813798,1.23414,0.175697,0.037944,2.92087292656,0.609376065576,5.830048,0.176322,,,11.033625,5.952616,9.304504,
gpu,gpu,double,map_reduce,max,8,4194304,uniform,22000174,3,bench/results/raw/energy/measurements/20260825_014636_gpu_double_map_reduce_q22_k8_max_uniform_s22000174_rep3_gpu.txt,0.555211,15.922672,28.678581,16.465421,6.780885,12.21316,0,"rapl:package+core,nvml:board-integrated",5.7532,1.238579,0.181498,0.03777,2.76475901934,0.61668004883,5.7532,0.182103,,,10.466503,5.300538,9.304504,
gpu,gpu,double,map_reduce,max,131072,8388608,uniform,23131241,1,bench/results/raw/energy/measurements/20260825_014636_gpu_double_map_reduce_q23_k131072_max_uniform_s23131241_rep1_gpu.txt,139.914865,5509.957212,39.380785,16.465421,3206.200048,22.915364,0,"rapl:package+core,nvml:board-integrated",4999.032473,4961.491847,126.816365,125.871597,2910.94763359,2888.96301045,4999.182724,126.818968,,,4292.487321,2990.648895,9.304504,
gpu,gpu,double,map_reduce,max,131072,8388608,uniform,23131241,2,bench/results/raw/energy/measurements/20260825_014636_gpu_double_map_reduce_q23_k131072_max_uniform_s23131241_rep2_gpu.txt,139.981512,5501.384303,39.300792,16.465421,3196.529771,22.835371,0,"rapl:package+core,nvml:board-integrated",4994.412403,4956.990965,126.829623,125.895161,2906.10926503,2884.07413727,4994.482879,126.832128,,,4286.354944,2983.896403,9.304504,
gpu,gpu,double,map_reduce,max,131072,8388608,uniform,23131241,3,bench/results/raw/energy/measurements/20260825_014636_gpu_double_map_reduce_q23_k131072_max_uniform_s23131241_rep3_gpu.txt,139.975526,5499.92165,39.292023,16.465421,3195.165683,22.826602,0,"rapl:package+core,nvml:board-integrated",4993.43083,4956.237561,126.820172,125.884899,2905.28330673,2883.48970142,4993.579703,126.822688,,,4283.028648,2980.625805,9.304504,
gpu,gpu,double,map_reduce,max,256,8388608,uniform,23000425,1,bench/results/raw/energy/measurements/20260825_014636_gpu_double_map_reduce_q23_k256_max_uniform_s23000425_rep1_gpu.txt,1.332794,49.567747,37.190848,16.465421,27.622729,20.725427,0,"rapl:package+core,nvml:board-integrated",33.049513,21.071446,0.85785,0.549428,18.9246515951,12.0248826708,33.049513,0.858558,,,37.313132,24.912143,9.304504,
gpu,gpu,double,map_reduce,max,256,8388608,uniform,23000425,2,bench/results/raw/energy/measurements/20260825_014636_gpu_double_map_reduce_q23_k256_max_uniform_s23000425_rep2_gpu.txt,1.420995,69.527971,48.929067,16.465421,46.130686,32.463646,0,"rapl:package+core,nvml:board-integrated",46.146989,29.801372,0.962039,0.62988,30.3066118466,19.4301326205,46.146989,0.962783,,,56.471181,43.249525,9.304504,
gpu,gpu,double,map_reduce,max,256,8388608,uniform,23000425,3,bench/results/raw/energy/measurements/20260825_014636_gpu_double_map_reduce_q23_k256_max_uniform_s23000425_rep3_gpu.txt,1.472723,71.452634,48.517361,16.465421,47.203629,32.05194,0,"rapl:package+core,nvml:board-integrated",47.262008,31.078084,0.982741,0.650778,31.080763701,20.3627502525,47.272322,0.983447,,,58.005393,44.302435,9.304504,
gpu,gpu,double,map_reduce,max,4096,8388608,uniform,23004265,1,bench/results/raw/energy/measurements/20260825_014636_gpu_double_map_reduce_q23_k4096_max_uniform_s23004265_rep1_gpu.txt,4.172175,187.1693,44.861323,16.465421,118.472679,28.395902,0,"rapl:package+core,nvml:board-integrated",151.601084,128.582384,3.424017,2.908461,95.2232025838,80.6933491729,151.601084,3.424907,,,150.209236,111.389215,9.304504,
gpu,gpu,double,map_reduce,max,4096,8388608,uniform,23004265,2,bench/results/raw/energy/measurements/20260825_014636_gpu_double_map_reduce_q23_k4096_max_uniform_s23004265_rep2_gpu.txt,4.114525,180.606243,43.894802,16.465421,112.858863,27.429381,0,"rapl:package+core,nvml:board-integrated",152.684952,129.919929,3.398534,2.891942,96.7266589072,82.3028864624,152.704528,3.399461,,,144.127645,105.844034,9.304504,
gpu,gpu,double,map_reduce,max,4096,8388608,uniform,23004265,3,bench/results/raw/energy/measurements/20260825_014636_gpu_double_map_reduce_q23_k4096_max_uniform_s23004265_rep3_gpu.txt,4.125727,181.085338,43.891736,16.465421,113.153499,27.426315,0,"rapl:package+core,nvml:board-integrated",152.397279,129.83477,3.400317,2.891865,96.4096280615,82.2189952998,152.489015,3.401322,,,144.380495,105.992647,9.304504,
gpu,gpu,double,map_reduce,max,8,8388608,uniform,23000177,1,bench/results/raw/energy/measurements/20260825_014636_gpu_double_map_reduce_q23_k8_max_uniform_s23000177_rep1_gpu.txt,0.743067,25.17383,33.878298,16.465421,12.938926,17.412877,0,"rapl:package+core,nvml:board-integrated",12.106069,2.349743,0.324331,0.058088,6.76582254165,1.39329962495,12.123097,0.324962,,,17.393501,10.479635,9.304504,
gpu,gpu,double,map_reduce,max,8,8388608,uniform,23000177,2,bench/results/raw/energy/measurements/20260825_014636_gpu_double_map_reduce_q23_k8_max_uniform_s23000177_rep2_gpu.txt,0.727944,21.550912,29.605163,16.465421,9.565002,13.139742,0,"rapl:package+core,nvml:board-integrated",10.081909,1.757132,0.322469,0.056952,4.77232115555,0.819393343208,10.135633,0.323097,,,13.846186,7.073025,9.304504,
gpu,gpu,double,map_reduce,max,8,8388608,uniform,23000177,3,bench/results/raw/energy/measurements/20260825_014636_gpu_double_map_reduce_q23_k8_max_uniform_s23000177_rep3_gpu.txt,0.719305,24.636874,34.25094,16.465421,12.793213,17.785519,0,"rapl:package+core,nvml:board-integrated",12.182008,2.443394,0.3241,0.057866,6.8455650539,1.49060594841,12.182008,0.324732,,,16.900625,10.207848,9.304504,
gpu,gpu,double,map_reduce,max,131072,16777216,uniform,24131244,1,bench/results/raw/energy/measurements/20260825_014636_gpu_double_map_reduce_q24_k131072_max_uniform_s24131244_rep1_gpu.txt,202.916132,8016.681938,39.507366,16.465421,4675.582401,23.041945,0,"rapl:package+core,nvml:board-integrated",7270.348168,7222.685466,184.025765,182.843452,4240.28647243,4212.09105173,7270.495305,184.028628,,,6251.836515,4363.802555,9.304504,
gpu,gpu,double,map_reduce,max,131072,16777216,uniform,24131244,2,bench/results/raw/energy/measurements/20260825_014636_gpu_double_map_reduce_q24_k131072_max_uniform_s24131244_rep2_gpu.txt,202.766926,7990.305044,39.406353,16.465421,4651.662237,22.940932,0,"rapl:package+core,nvml:board-integrated",7256.58136,7208.961705,183.884479,182.701169,4228.8459979,4200.71004022,7256.7202,183.887276,,,6229.578625,4342.932948,9.304504,
gpu,gpu,double,map_reduce,max,131072,16777216,uniform,24131244,3,bench/results/raw/energy/measurements/20260825_014636_gpu_double_map_reduce_q24_k131072_max_uniform_s24131244_rep3_gpu.txt,202.773069,7993.766944,39.422232,16.465421,4655.022993,22.956811,0,"rapl:package+core,nvml:board-integrated",7261.031632,7213.5501,183.897315,182.71747,4233.08491976,4205.0300324,7261.06143,183.900325,,,6227.872686,4341.169853,9.304504,
gpu,gpu,double,map_reduce,max,256,16777216,uniform,24000428,1,bench/results/raw/energy/measurements/20260825_014636_gpu_double_map_reduce_q24_k256_max_uniform_s24000428_rep1_gpu.txt,1.551584,64.229287,41.395958,16.465421,38.681811,24.930537,0,"rapl:package+core,nvml:board-integrated",45.814012,23.049025,1.077512,0.543157,28.0723232874,14.1057163259,45.897568,1.078178,,,48.638556,34.201841,9.304504,
gpu,gpu,double,map_reduce,max,256,16777216,uniform,24000428,2,bench/results/raw/energy/measurements/20260825_014636_gpu_double_map_reduce_q24_k256_max_uniform_s24000428_rep2_gpu.txt,1.707404,83.820463,49.092332,16.465421,55.707331,32.626911,0,"rapl:package+core,nvml:board-integrated",57.584257,30.778624,1.181718,0.634576,38.1267726267,20.3300630035,57.67605,1.182395,,,66.792092,50.905541,9.304504,
gpu,gpu,double,map_reduce,max,256,16777216,uniform,24000428,3,bench/results/raw/energy/measurements/20260825_014636_gpu_double_map_reduce_q24_k256_max_uniform_s24000428_rep3_gpu.txt,1.701619,84.944549,49.919843,16.465421,56.926677,33.454422,0,"rapl:package+core,nvml:board-integrated",59.743907,32.447119,1.198232,0.646882,40.0145126643,21.7959345327,59.904104,1.198952,,,67.891384,52.058664,9.304504,
gpu,gpu,double,map_reduce,max,4096,16777216,uniform,24004268,1,bench/results/raw/energy/measurements/20260825_014636_gpu_double_map_reduce_q24_k4096_max_uniform_s24004268_rep1_gpu.txt,6.23327,292.552259,46.933995,16.465421,189.918845,30.468574,0,"rapl:package+core,nvml:board-integrated",246.334219,210.821665,5.281072,4.525708,159.379145189,136.303977457,246.570675,5.282042,,,236.0519,178.054415,9.304504,
gpu,gpu,double,map_reduce,max,4096,16777216,uniform,24004268,2,bench/results/raw/energy/measurements/20260825_014636_gpu_double_map_reduce_q24_k4096_max_uniform_s24004268_rep2_gpu.txt,6.202231,282.739406,45.586727,16.465421,180.617062,29.121306,0,"rapl:package+core,nvml:board-integrated",243.750479,208.40863,5.253149,4.508713,157.255169139,134.170772287,243.760443,5.253976,,,226.402002,168.693319,9.304504,
gpu,gpu,double,map_reduce,max,4096,16777216,uniform,24004268,3,bench/results/raw/energy/measurements/20260825_014636_gpu_double_map_reduce_q24_k4096_max_uniform_s24004268_rep3_gpu.txt,6.167336,279.537753,45.325527,16.465421,177.98997,28.860106,0,"rapl:package+core,nvml:board-integrated",243.550689,208.094042,5.263063,4.51047,156.892140955,133.827254542,243.641985,5.264072,,,223.735265,166.351263,9.304504,
gpu,gpu,double,map_reduce,max,8,16777216,uniform,24000180,1,bench/results/raw/energy/measurements/20260825_014636_gpu_double_map_reduce_q24_k8_max_uniform_s24000180_rep1_gpu.txt,1.106774,39.060829,35.292511,16.465421,20.837331,18.82709,0,"rapl:package+core,nvml:board-integrated",23.313081,3.705138,0.618083,0.088604,13.1360841921,2.24623583772,23.329117,0.618745,,,26.467043,16.169061,9.304504,
gpu,gpu,double,map_reduce,max,8,16777216,uniform,24000180,2,bench/results/raw/energy/measurements/20260825_014636_gpu_double_map_reduce_q24_k8_max_uniform_s24000180_rep2_gpu.txt,1.060436,38.231697,36.052817,16.465421,20.771176,19.587396,0,"rapl:package+core,nvml:board-integrated",24.089209,3.405323,0.615814,0.088819,13.9495722323,1.9428807722,24.141565,0.61651,,,25.8265,15.959671,9.304504,
gpu,gpu,double,map_reduce,max,8,16777216,uniform,24000180,3,bench/results/raw/energy/measurements/20260825_014636_gpu_double_map_reduce_q24_k8_max_uniform_s24000180_rep3_gpu.txt,1.074792,37.083244,34.502705,16.465421,19.386335,18.037284,0,"rapl:package+core,nvml:board-integrated",22.856717,3.376526,0.61882,0.088776,12.6675851768,1.9147917853,22.905273,0.619471,,,24.805437,14.805027,9.304504,
rapl,npu,double,bitonic,max,256,65536,uniform,16000404,1,bench/results/raw/energy/measurements/20260825_014636_npu_double_bitonic_q16_k256_max_uniform_s16000404_rep1_rapl.txt,0.182252,1.692402,9.286058,5.421215,0.704375,3.864843,0,rapl:package+core,0.372249,0.323135,0.035441,0.032126,0.180115719185,0.14897304691,0.372249,0.036991,0.033324,0.025926,,,,0.040593
rapl,npu,double,bitonic,max,256,65536,uniform,16000404,2,bench/results/raw/energy/measurements/20260825_014636_npu_double_bitonic_q16_k256_max_uniform_s16000404_rep2_rapl.txt,0.195948,1.788955,9.129727,5.421215,0.726677,3.708512,0,rapl:package+core,0.340633,0.30345,0.035212,0.0319,0.14974117742,0.1305132415,0.382197,0.036615,0.050046,0.042092,,,,0.040593
rapl,npu,double,bitonic,max,256,65536,uniform,16000404,3,bench/results/raw/energy/measurements/20260825_014636_npu_double_bitonic_q16_k256_max_uniform_s16000404_rep3_rapl.txt,0.185787,1.732668,9.326077,5.421215,0.725474,3.904862,0,rapl:package+core,0.38293,0.332702,0.035238,0.031953,0.19189722583,0.159477917105,0.38293,0.036717,0.057141,0.049599,,,,0.040593
rapl,npu,double,bitonic,max,4096,65536,uniform,16004244,1,bench/results/raw/energy/measurements/20260825_014636_npu_double_bitonic_q16_k4096_max_uniform_s16004244_rep1_rapl.txt,0.217148,1.995426,9.189262,5.421215,0.818222,3.768047,0,rapl:package+core,0.624083,0.577151,0.063473,0.060244,0.279982220305,0.25055532354,0.624083,0.064968,0.031416,0.022601,,,,0.040593
rapl,npu,double,bitonic,max,4096,65536,uniform,16004244,2,bench/results/raw/energy/measurements/20260825_014636_npu_double_bitonic_q16_k4096_max_uniform_s16004244_rep2_rapl.txt,0.219707,2.027086,9.226315,5.421215,0.836007,3.8051,0,rapl:package+core,0.609588,0.574906,0.06356,0.060327,0.2650155746,0.247860362695,0.644315,0.065089,0.042646,0.033727,,,,0.040593
rapl,npu,double,bitonic,max,4096,65536,uniform,16004244,3,bench/results/raw/energy/measurements/20260825_014636_npu_double_bitonic_q16_k4096_max_uniform_s16004244_rep3_rapl.txt,0.225342,2.162913,9.598376,5.421215,0.941288,4.177161,0,rapl:package+core,0.607544,0.595291,0.06383,0.060494,0.26150784655,0.26734001979,0.642438,0.065393,0.039625,0.030478,,,,0.040593
rapl,npu,double,bitonic,max,8,65536,uniform,16000156,1,bench/results/raw/energy/measurements/20260825_014636_npu_double_bitonic_q16_k8_max_uniform_s16000156_rep1_rapl.txt,0.323786,2.014132,6.220556,5.421215,0.258816,0.799341,0,rapl:package+core,0.33766,0.288285,0.033728,0.030772,0.15481326048,0.12146337202,0.364285,0.035206,0.058667,0.045524,,,,0.040593
rapl,npu,double,bitonic,max,8,65536,uniform,16000156,2,bench/results/raw/energy/measurements/20260825_014636_npu_double_bitonic_q16_k8_max_uniform_s16000156_rep2_rapl.txt,0.187509,1.72269,9.187224,5.421215,0.706162,3.766009,0,rapl:package+core,0.302019,0.276554,0.033006,0.030005,0.12308637771,0.113890443925,0.364559,0.034511,0.038847,0.031235,,,,0.040593
rapl,npu,double,bitonic,max,8,65536,uniform,16000156,3,bench/results/raw/energy/measurements/20260825_014636_npu_double_bitonic_q16_k8_max_uniform_s16000156_rep3_rapl.txt,0.185241,1.720035,9.285415,5.421215,0.715806,3.8642,0,rapl:package+core,0.355817,0.319015,0.034306,0.031073,0.16983679821,0.150561586305,0.368496,0.035759,0.035261,0.027742,,,,0.040593
rapl,npu,double,bitonic,max,131072,131072,uniform,17131223,1,bench/results/raw/energy/measurements/20260825_014636_npu_double_bitonic_q17_k131072_max_uniform_s17131223_rep1_rapl.txt,0.746068,6.350212,8.511578,5.421215,2.30562,3.090363,0,rapl:package+core,4.228968,4.219676,0.507841,0.501206,1.47585275318,1.50253051471,4.228968,0.510726,0.074337,0.044052,,,,0.040593
rapl,npu,double,bitonic,max,131072,131072,uniform,17131223,2,bench/results/raw/energy/measurements/20260825_014636_npu_double_bitonic_q17_k131072_max_uniform_s17131223_rep2_rapl.txt,0.748899,6.403157,8.550092,5.421215,2.343213,3.128877,0,rapl:package+core,4.297294,4.277733,0.508012,0.501469,1.54325172542,1.55916173516,4.306891,0.510786,0.079082,0.048682,,,,0.040593
rapl,npu,double,bitonic,max,131072,131072,uniform,17131223,3,bench/results/raw/energy/measurements/20260825_014636_npu_double_bitonic_q17_k131072_max_uniform_s17131223_rep3_rapl.txt,0.743009,6.31698,8.501888,5.421215,2.288968,3.080673,0,rapl:package+core,4.221125,4.202006,0.50561,0.50072,1.48010448385,1.4874952252,4.249246,0.508081,0.088313,0.058152,,,,0.040593
rapl,npu,double,bitonic,max,256,131072,uniform,17000407,1,bench/results/raw/energy/measurements/20260825_014636_npu_double_bitonic_q17_k256_max_uniform_s17000407_rep1_rapl.txt,0.197515,1.890222,9.570005,5.421215,0.819449,4.14879,0,rapl:package+core,0.450188,0.396343,0.040327,0.037153,0.231566662695,0.194928599105,0.475653,0.042702,0.049161,0.041143,,,,0.040593
rapl,npu,double,bitonic,max,256,131072,uniform,17000407,2,bench/results/raw/energy/measurements/20260825_014636_npu_double_bitonic_q17_k256_max_uniform_s17000407_rep2_rapl.txt,0.196081,1.845059,9.409681,5.421215,0.782062,3.988466,0,rapl:package+core,0.41935,0.357083,0.039265,0.036055,0.206485993025,0.161621093175,0.445396,0.041723,0.063961,0.056001,,,,0.040593
rapl,npu,double,bitonic,max,256,131072,uniform,17000407,3,bench/results/raw/energy/measurements/20260825_014636_npu_double_bitonic_q17_k256_max_uniform_s17000407_rep3_rapl.txt,0.189709,1.788222,9.42611,5.421215,0.759766,4.004895,0,rapl:package+core,0.433877,0.381742,0.040142,0.036871,0.21625858747,0.181856381735,0.464713,0.042581,0.039884,0.032183,,,,0.040593
rapl,npu,double,bitonic,max,4096,131072,uniform,17004247,1,bench/results/raw/energy/measurements/20260825_014636_npu_double_bitonic_q17_k4096_max_uniform_s17004247_rep1_rapl.txt,0.231248,2.183115,9.440593,5.421215,0.929472,4.019378,0,rapl:package+core,0.744208,0.721473,0.074709,0.071209,0.339194448565,0.335433701065,0.767492,0.077235,0.054227,0.04484,,,,0.040593
rapl,npu,double,bitonic,max,4096,131072,uniform,17004247,2,bench/results/raw/energy/measurements/20260825_014636_npu_double_bitonic_q17_k4096_max_uniform_s17004247_rep2_rapl.txt,0.230771,2.121259,9.192049,5.421215,0.870199,3.770834,0,rapl:package+core,0.726067,0.680263,0.073318,0.070041,0.32859435863,0.300555680185,0.737541,0.075743,0.035764,0.026396,,,,0.040593
rapl,npu,double,bitonic,max,4096,131072,uniform,17004247,3,bench/results/raw/energy/measurements/20260825_014636_npu_double_bitonic_q17_k4096_max_uniform_s17004247_rep3_rapl.txt,0.227075,2.099134,9.244228,5.421215,0.868111,3.823013,0,rapl:package+core,0.686428,0.675,0.073141,0.069972,0.289914913685,0.29566674402,0.73243,0.075545,0.033477,0.024259,,,,0.040593
rapl,npu,double,bitonic,max,8,131072,uniform,17000159,1,bench/results/raw/energy/measurements/20260825_014636_npu_double_bitonic_q17_k8_max_uniform_s17000159_rep1_rapl.txt,0.189683,1.778061,9.373845,5.421215,0.749748,3.95263,0,rapl:package+core,0.405726,0.405726,0.038266,0.035293,0.19827778681,0.214395059005,0.418024,0.040614,0.030073,0.022373,,,,0.040593
rapl,npu,double,bitonic,max,8,131072,uniform,17000159,2,bench/results/raw/energy/measurements/20260825_014636_npu_double_bitonic_q17_k8_max_uniform_s17000159_rep2_rapl.txt,0.188496,1.763093,9.353471,5.421215,0.741215,3.932256,0,rapl:package+core,0.367,0.305449,0.037453,0.034402,0.163959234605,0.11894836157,0.418679,0.039813,0.036345,0.028693,,,,0.040593
rapl,npu,double,bitonic,max,8,131072,uniform,17000159,3,bench/results/raw/energy/measurements/20260825_014636_npu_double_bitonic_q17_k8_max_uniform_s17000159_rep3_rapl.txt,0.197616,2.019488,10.219273,5.421215,0.948171,4.798058,0,rapl:package+core,0.411996,0.360515,0.037512,0.034384,0.20863538292,0.17411194344,0.424477,0.039857,0.093669,0.085647,,,,0.040593
rapl,npu,double,bitonic,max,131072,262144,uniform,18131226,1,bench/results/raw/energy/measurements/20260825_014636_npu_double_bitonic_q18_k131072_max_uniform_s18131226_rep1_rapl.txt,1.179728,9.873208,8.369054,5.421215,3.477649,2.947839,0,rapl:package+core,7.121794,7.075699,0.860702,0.852936,2.45574340707,2.45174956276,7.475016,0.906507,0.078777,0.030888,,,,0.040593
rapl,npu,double,bitonic,max,131072,262144,uniform,18131226,2,bench/results/raw/energy/measurements/20260825_014636_npu_double_bitonic_q18_k131072_max_uniform_s18131226_rep2_rapl.txt,1.185091,9.944066,8.390971,5.421215,3.519432,2.969756,0,rapl:package+core,7.181052,7.116862,0.860631,0.853174,2.51538631334,2.49162231359,7.512582,0.907563,0.070385,0.022279,,,,0.040593
rapl,npu,double,bitonic,max,131072,262144,uniform,18131226,3,bench/results/raw/energy/measurements/20260825_014636_npu_double_bitonic_q18_k131072_max_uniform_s18131226_rep3_rapl.txt,1.182233,10.048843,8.499886,5.421215,3.639706,3.078671,0,rapl:package+core,7.297155,7.205332,0.860947,0.853584,2.62977620939,2.57786961544,7.624835,0.906851,0.117471,0.069481,,,,0.040593
rapl,npu,double,bitonic,max,256,262144,uniform,18000410,1,bench/results/raw/energy/measurements/20260825_014636_npu_double_bitonic_q18_k256_max_uniform_s18000410_rep1_rapl.txt,0.203563,1.899453,9.331045,5.421215,0.795896,3.90983,0,rapl:package+core,0.487798,0.475118,0.047861,0.044555,0.228333228885,0.233575765675,0.536196,0.051563,0.04643,0.038167,,,,0.040593
rapl,npu,double,bitonic,max,256,262144,uniform,18000410,2,bench/results/raw/energy/measurements/20260825_014636_npu_double_bitonic_q18_k256_max_uniform_s18000410_rep2_rapl.txt,0.20872,1.958731,9.384482,5.421215,0.827214,3.963267,0,rapl:package+core,0.51482,0.489934,0.04747,0.044448,0.25747492395,0.24897183568,0.539752,0.051434,0.03575,0.027277,,,,0.040593
rapl,npu,double,bitonic,max,256,262144,uniform,18000410,3,bench/results/raw/energy/measurements/20260825_014636_npu_double_bitonic_q18_k256_max_uniform_s18000410_rep3_rapl.txt,0.200528,1.889521,9.422733,5.421215,0.802416,4.001518,0,rapl:package+core,0.507588,0.482213,0.04754,0.044183,0.2498634389,0.242687457655,0.532932,0.05129,0.05293,0.04479,,,,0.040593
rapl,npu,double,bitonic,max,4096,262144,uniform,18004250,1,bench/results/raw/energy/measurements/20260825_014636_npu_double_bitonic_q18_k4096_max_uniform_s18004250_rep1_rapl.txt,0.249677,2.362778,9.463341,5.421215,1.009226,4.042126,0,rapl:package+core,0.928282,0.911926,0.087489,0.084036,0.453985320865,0.45634877626,0.928282,0.090761,0.059796,0.049661,,,,0.040593
rapl,npu,double,bitonic,max,4096,262144,uniform,18004250,2,bench/results/raw/energy/measurements/20260825_014636_npu_double_bitonic_q18_k4096_max_uniform_s18004250_rep2_rapl.txt,0.257328,2.334841,9.07342,5.421215,0.939813,3.652205,0,rapl:package+core,0.854768,0.798467,0.087193,0.08373,0.382076000505,0.34454866805,0.878189,0.091036,0.053739,0.043293,,,,0.040593
rapl,npu,double,bitonic,max,4096,262144,uniform,18004250,3,bench/results/raw/energy/measurements/20260825_014636_npu_double_bitonic_q18_k4096_max_uniform_s18004250_rep3_rapl.txt,0.254436,2.376982,9.342178,5.421215,0.997632,3.920963,0,rapl:package+core,0.852863,0.783546,0.087322,0.083941,0.37947166377,0.328483791685,0.887329,0.091135,0.055997,0.045669,,,,0.040593
rapl,npu,double,bitonic,max,8,262144,uniform,18000162,1,bench/results/raw/energy/measurements/20260825_014636_npu_double_bitonic_q18_k8_max_uniform_s18000162_rep1_rapl.txt,0.208776,1.945532,9.318732,5.421215,0.81371,3.897517,0,rapl:package+core,0.485662,0.448646,0.045843,0.042405,0.237137240755,0.218759377925,0.510563,0.0496,0.038846,0.030371,,,,0.040593
rapl,npu,double,bitonic,max,8,262144,uniform,18000162,2,bench/results/raw/energy/measurements/20260825_014636_npu_double_bitonic_q18_k8_max_uniform_s18000162_rep2_rapl.txt,0.203025,1.909249,9.404005,5.421215,0.808606,3.98279,0,rapl:package+core,0.472709,0.422876,0.045929,0.042545,0.223718016265,0.192230407825,0.510258,0.049675,0.056211,0.04797,,,,0.040593
rapl,npu,double,bitonic,max,8,262144,uniform,18000162,3,bench/results/raw/energy/measurements/20260825_014636_npu_double_bitonic_q18_k8_max_uniform_s18000162_rep3_rapl.txt,0.210224,2.053665,9.76893,5.421215,0.913995,4.347715,0,rapl:package+core,0.494573,0.457877,0.045995,0.042604,0.245224216075,0.22691155614,0.507573,0.049703,0.055661,0.047127,,,,0.040593
rapl,npu,double,bitonic,max,131072,524288,uniform,19131229,1,bench/results/raw/energy/measurements/20260825_014636_npu_double_bitonic_q19_k131072_max_uniform_s19131229_rep1_rapl.txt,1.438399,12.099288,8.411635,5.421215,4.301417,2.99042,0,rapl:package+core,9.392106,9.382936,1.126449,1.117529,3.28538378447,3.32457102227,9.456298,1.135883,0.098429,0.04004,,,,0.040593
rapl,npu,double,bitonic,max,131072,524288,uniform,19131229,2,bench/results/raw/energy/measurements/20260825_014636_npu_double_bitonic_q19_k131072_max_uniform_s19131229_rep2_rapl.txt,1.442615,12.2055,8.460677,5.421215,4.384774,3.039462,0,rapl:package+core,9.464903,9.446594,1.126614,1.118115,3.35728628399,3.38505219027,9.519619,1.135997,0.103175,0.044615,,,,0.040593
rapl,npu,double,bitonic,max,131072,524288,uniform,19131229,3,bench/results/raw/energy/measurements/20260825_014636_npu_double_bitonic_q19_k131072_max_uniform_s19131229_rep3_rapl.txt,1.440552,12.154798,8.437599,5.421215,4.345257,3.016384,0,rapl:package+core,9.437653,9.372975,1.12714,1.117832,3.3271847249,3.31296739412,9.466582,1.136364,0.104579,0.046103,,,,0.040593
rapl,npu,double,bitonic,max,256,524288,uniform,19000413,1,bench/results/raw/energy/measurements/20260825_014636_npu_double_bitonic_q19_k256_max_uniform_s19000413_rep1_rapl.txt,0.232195,2.282856,9.831627,5.421215,1.024076,4.410412,0,rapl:package+core,0.733283,0.681529,0.06613,0.062848,0.37477805205,0.34081647968,0.78327,0.07325,0.04228,0.032855,,,,0.040593
rapl,npu,double,bitonic,max,256,524288,uniform,19000413,2,bench/results/raw/energy/measurements/20260825_014636_npu_double_bitonic_q19_k256_max_uniform_s19000413_rep2_rapl.txt,0.23287,2.239249,9.615862,5.421215,0.976809,4.194647,0,rapl:package+core,0.717491,0.679118,0.065552,0.06228,0.36211951432,0.3414847298,0.796482,0.072784,0.041807,0.032354,,,,0.040593
rapl,npu,double,bitonic,max,256,524288,uniform,19000413,3,bench/results/raw/energy/measurements/20260825_014636_npu_double_bitonic_q19_k256_max_uniform_s19000413_rep3_rapl.txt,0.2262,2.156093,9.531785,5.421215,0.929812,4.11057,0,rapl:package+core,0.683848,0.645245,0.064928,0.061692,0.33185935248,0.31079940422,0.772329,0.071987,0.036299,0.027117,,,,0.040593
rapl,npu,double,bitonic,max,4096,524288,uniform,19004253,1,bench/results/raw/energy/measurements/20260825_014636_npu_double_bitonic_q19_k4096_max_uniform_s19004253_rep1_rapl.txt,0.281062,2.640656,9.395291,5.421215,1.11696,3.974076,0,rapl:package+core,1.145357,1.132571,0.112694,0.108935,0.53441859679,0.542010943975,1.18222,0.119766,0.045209,0.0338,,,,0.040593
rapl,npu,double,bitonic,max,4096,524288,uniform,19004253,2,bench/results/raw/energy/measurements/20260825_014636_npu_double_bitonic_q19_k4096_max_uniform_s19004253_rep2_rapl.txt,0.287814,2.688719,9.341874,5.421215,1.128419,3.920659,0,rapl:package+core,1.162186,1.113878,0.111566,0.107884,0.55736272731,0.52901564094,1.186813,0.118562,0.037626,0.025943,,,,0.040593
rapl,npu,double,bitonic,max,4096,524288,uniform,19004253,3,bench/results/raw/energy/measurements/20260825_014636_npu_double_bitonic_q19_k4096_max_uniform_s19004253_rep3_rapl.txt,0.286185,2.696073,9.420726,5.421215,1.144601,3.999511,0,rapl:package+core,1.119128,1.094152,0.111615,0.108087,0.514039087775,0.508189134295,1.180984,0.119104,0.066266,0.054649,,,,0.040593
rapl,npu,double,bitonic,max,8,524288,uniform,19000165,1,bench/results/raw/energy/measurements/20260825_014636_npu_double_bitonic_q19_k8_max_uniform_s19000165_rep1_rapl.txt,0.227219,2.187677,9.62804,5.421215,0.955872,4.206825,0,rapl:package+core,0.710215,0.642912,0.063506,0.060067,0.36593532021,0.317275878595,0.773413,0.070719,0.037107,0.027883,,,,0.040593
rapl,npu,double,bitonic,max,8,524288,uniform,19000165,2,bench/results/raw/energy/measurements/20260825_014636_npu_double_bitonic_q19_k8_max_uniform_s19000165_rep2_rapl.txt,0.224788,2.226767,9.906078,5.421215,1.008143,4.484863,0,rapl:package+core,0.697565,0.63278,0.063101,0.059739,0.355480912285,0.308922037115,0.749488,0.069846,0.044889,0.035764,,,,0.040593
rapl,npu,double,bitonic,max,8,524288,uniform,19000165,3,bench/results/raw/energy/measurements/20260825_014636_npu_double_bitonic_q19_k8_max_uniform_s19000165_rep3_rapl.txt,0.227086,2.205422,9.711854,5.421215,0.974342,4.290639,0,rapl:package+core,0.689784,0.638412,0.062942,0.059714,0.34856188547,0.31468956749,0.755897,0.070148,0.044171,0.034953,,,,0.040593
rapl,npu,double,bitonic,max,131072,1048576,uniform,20131232,1,bench/results/raw/energy/measurements/20260825_014636_npu_double_bitonic_q20_k131072_max_uniform_s20131232_rep1_rapl.txt,1.804266,15.650558,8.674198,5.421215,5.869246,3.252983,0,rapl:package+core,12.299106,12.225272,1.438953,1.430606,4.49823241211,4.46964929371,12.480922,1.458369,0.221669,0.148428,,,,0.040593
rapl,npu,double,bitonic,max,131072,1048576,uniform,20131232,2,bench/results/raw/energy/measurements/20260825_014636_npu_double_bitonic_q20_k131072_max_uniform_s20131232_rep2_rapl.txt,1.794444,15.110486,8.420707,5.421215,5.38242,2.999492,0,rapl:package+core,12.015053,11.950544,1.438933,1.430684,4.21428783641,4.19449843894,12.162106,1.456787,0.08427,0.011428,,,,0.040593
rapl,npu,double,bitonic,max,131072,1048576,uniform,20131232,3,bench/results/raw/energy/measurements/20260825_014636_npu_double_bitonic_q20_k131072_max_uniform_s20131232_rep3_rapl.txt,1.797066,15.252324,8.487348,5.421215,5.510043,3.066133,0,rapl:package+core,12.158124,12.088106,1.440114,1.432058,4.35095638149,4.32461168953,12.294774,1.458562,0.108072,0.035124,,,,0.040593
rapl,npu,double,bitonic,max,256,1048576,uniform,20000416,1,bench/results/raw/energy/measurements/20260825_014636_npu_double_bitonic_q20_k256_max_uniform_s20000416_rep1_rapl.txt,0.287765,2.887333,10.033656,5.421215,1.327298,4.612441,0,rapl:package+core,1.103719,1.062828,0.105186,0.100932,0.53348307901,0.51565392762,1.355764,0.122609,0.057095,0.045414,,,,0.040593
rapl,npu,double,bitonic,max,256,1048576,uniform,20000416,2,bench/results/raw/energy/measurements/20260825_014636_npu_double_bitonic_q20_k256_max_uniform_s20000416_rep2_rapl.txt,0.290313,2.877811,9.912803,5.421215,1.303964,4.491588,0,rapl:package+core,1.08826,1.0333,0.103018,0.09876,0.52977727313,0.4979008066,1.30372,0.119005,0.054929,0.043144,,,,0.040593
rapl,npu,double,bitonic,max,256,1048576,uniform,20000416,3,bench/results/raw/energy/measurements/20260825_014636_npu_double_bitonic_q20_k256_max_uniform_s20000416_rep3_rapl.txt,0.288924,2.828452,9.789622,5.421215,1.262136,4.368407,0,rapl:package+core,1.135056,1.135056,0.101349,0.097434,0.585621280965,0.60684533769,1.273539,0.115905,0.045622,0.033894,,,,0.040593
rapl,npu,double,bitonic,max,4096,1048576,uniform,20004256,1,bench/results/raw/energy/measurements/20260825_014636_npu_double_bitonic_q20_k4096_max_uniform_s20004256_rep1_rapl.txt,0.347072,3.310299,9.537797,5.421215,1.428749,4.116582,0,rapl:package+core,1.53114,1.495588,0.153882,0.149578,0.69691259337,0.68469350273,1.694111,0.168817,0.049162,0.035073,,,,0.040593
rapl,npu,double,bitonic,max,4096,1048576,uniform,20004256,2,bench/results/raw/energy/measurements/20260825_014636_npu_double_bitonic_q20_k4096_max_uniform_s20004256_rep2_rapl.txt,0.347123,3.393913,9.777253,5.421215,1.512083,4.356038,0,rapl:package+core,1.554332,1.531339,0.154051,0.14969,0.719188408035,0.71983732665,1.74254,0.169608,0.081767,0.067676,,,,0.040593
rapl,npu,double,bitonic,max,4096,1048576,uniform,20004256,3,bench/results/raw/energy/measurements/20260825_014636_npu_double_bitonic_q20_k4096_max_uniform_s20004256_rep3_rapl.txt,0.344808,3.326351,9.646976,5.421215,1.457075,4.225761,0,rapl:package+core,1.594903,1.488298,0.15266,0.148468,0.7673003181,0.68342105138,1.699207,0.167487,0.058088,0.044091,,,,0.040593
rapl,npu,double,bitonic,max,8,1048576,uniform,20000168,1,bench/results/raw/energy/measurements/20260825_014636_npu_double_bitonic_q20_k8_max_uniform_s20000168_rep1_rapl.txt,0.277385,2.764994,9.968073,5.421215,1.26123,4.546858,0,rapl:package+core,1.130635,1.062798,0.098284,0.094799,0.59781630494,0.548872239215,1.239636,0.112992,0.047147,0.035887,,,,0.040593
rapl,npu,double,bitonic,max,8,1048576,uniform,20000168,2,bench/results/raw/energy/measurements/20260825_014636_npu_double_bitonic_q20_k8_max_uniform_s20000168_rep2_rapl.txt,0.283508,2.787637,9.832672,5.421215,1.250681,4.411457,0,rapl:package+core,1.017739,0.991342,0.098583,0.094965,0.483299361655,0.476516317525,1.222883,0.113038,0.040571,0.029063,,,,0.040593
rapl,npu,double,bitonic,max,8,1048576,uniform,20000168,3,bench/results/raw/energy/measurements/20260825_014636_npu_double_bitonic_q20_k8_max_uniform_s20000168_rep3_rapl.txt,0.287207,2.830085,9.853804,5.421215,1.273072,4.432589,0,rapl:package+core,1.145111,1.131531,0.099355,0.095439,0.606486183675,0.614135661615,1.281733,0.115459,0.065945,0.054286,,,,0.040593
rapl,npu,double,bitonic,max,131072,2097152,uniform,21131235,1,bench/results/raw/energy/measurements/20260825_014636_npu_double_bitonic_q21_k131072_max_uniform_s21131235_rep1_rapl.txt,2.246124,19.646628,8.746903,5.421215,7.469908,3.325688,0,rapl:package+core,15.540056,15.35484,1.79337,1.785072,5.81781165545,5.67758089752,16.214402,1.864775,0.191885,0.100708,,,,0.040593
rapl,npu,double,bitonic,max,131072,2097152,uniform,21131235,2,bench/results/raw/energy/measurements/20260825_014636_npu_double_bitonic_q21_k131072_max_uniform_s21131235_rep2_rapl.txt,2.262817,19.491713,8.613913,5.421215,7.224493,3.192698,0,rapl:package+core,15.421246,15.335098,1.794161,1.785479,5.69471347439,5.65563246301,16.102942,1.881025,0.157463,0.065608,,,,0.040593
rapl,npu,double,bitonic,max,131072,2097152,uniform,21131235,3,bench/results/raw/energy/measurements/20260825_014636_npu_double_bitonic_q21_k131072_max_uniform_s21131235_rep3_rapl.txt,2.256248,19.584589,8.680156,5.421215,7.352981,3.258941,0,rapl:package+core,15.470572,15.373001,1.791378,1.783273,5.75912671573,5.70549466331,16.144246,1.866289,0.137383,0.045795,,,,0.040593
rapl,npu,double,bitonic,max,256,2097152,uniform,21000419,1,bench/results/raw/energy/measurements/20260825_014636_npu_double_bitonic_q21_k256_max_uniform_s21000419_rep1_rapl.txt,0.451158,4.701814,10.421656,5.421215,2.255989,5.000441,0,rapl:package+core,2.011969,1.939768,0.178742,0.173779,1.04297018847,0.997674678515,2.899341,0.259313,0.083278,0.064964,,,,0.040593
rapl,npu,double,bitonic,max,256,2097152,uniform,21000419,2,bench/results/raw/energy/measurements/20260825_014636_npu_double_bitonic_q21_k256_max_uniform_s21000419_rep2_rapl.txt,0.446185,4.663272,10.451423,5.421215,2.244405,5.030208,0,rapl:package+core,2.041935,1.990134,0.177697,0.173058,1.07860135815,1.05194937453,2.862538,0.255811,0.080913,0.062801,,,,0.040593
rapl,npu,double,bitonic,max,256,2097152,uniform,21000419,3,bench/results/raw/energy/measurements/20260825_014636_npu_double_bitonic_q21_k256_max_uniform_s21000419_rep3_rapl.txt,0.460575,4.728896,10.267383,5.421215,2.232022,4.846168,0,rapl:package+core,2.015352,1.930518,0.178715,0.17404,1.04649956128,0.9870097414,2.934434,0.266521,0.07394,0.055244,,,,0.040593
rapl,npu,double,bitonic,max,4096,2097152,uniform,21004259,1,bench/results/raw/energy/measurements/20260825_014636_npu_double_bitonic_q21_k4096_max_uniform_s21004259_rep1_rapl.txt,0.490351,5.0446,10.287738,5.421215,2.386303,4.866523,0,rapl:package+core,2.45817,2.408934,0.222548,0.217742,1.25168944418,1.22850780347,3.20061,0.291644,0.096064,0.076159,,,,0.040593
rapl,npu,double,bitonic,max,4096,2097152,uniform,21004259,2,bench/results/raw/energy/measurements/20260825_014636_npu_double_bitonic_q21_k4096_max_uniform_s21004259_rep2_rapl.txt,0.493168,5.141564,10.425591,5.421215,2.467996,5.004376,0,rapl:package+core,2.455773,2.430949,0.223175,0.218223,1.24589334238,1.24791519905,3.297193,0.299764,0.092738,0.072719,,,,0.040593
rapl,npu,double,bitonic,max,4096,2097152,uniform,21004259,3,bench/results/raw/energy/measurements/20260825_014636_npu_double_bitonic_q21_k4096_max_uniform_s21004259_rep3_rapl.txt,0.493764,5.179389,10.489596,5.421215,2.502586,5.068381,0,rapl:package+core,2.506192,2.480772,0.224892,0.219738,1.28700411622,1.28952505833,3.344721,0.300717,0.112268,0.092225,,,,0.040593
rapl,npu,double,bitonic,max,8,2097152,uniform,21000171,1,bench/results/raw/energy/measurements/20260825_014636_npu_double_bitonic_q21_k8_max_uniform_s21000171_rep1_rapl.txt,0.508908,5.046263,9.915874,5.421215,2.287366,4.494659,0,rapl:package+core,1.888146,1.835032,0.178053,0.173375,0.922882405605,0.895128849375,3.255279,0.318164,0.092006,0.071348,,,,0.040593
rapl,npu,double,bitonic,max,8,2097152,uniform,21000171,2,bench/results/raw/energy/measurements/20260825_014636_npu_double_bitonic_q21_k8_max_uniform_s21000171_rep2_rapl.txt,0.574059,5.560854,9.686895,5.421215,2.448754,4.26568,0,rapl:package+core,1.823119,1.761508,0.177645,0.172844,0.860067261325,0.82448351454,3.633769,0.371145,0.112345,0.089042,,,,0.040593
rapl,npu,double,bitonic,max,8,2097152,uniform,21000171,3,bench/results/raw/energy/measurements/20260825_014636_npu_double_bitonic_q21_k8_max_uniform_s21000171_rep3_rapl.txt,0.571072,5.496237,9.624419,5.421215,2.400332,4.203204,0,rapl:package+core,1.838849,1.791,0.179051,0.174085,0.868175033035,0.847247786725,3.642665,0.370464,0.10435,0.081168,,,,0.040593
rapl,npu,double,bitonic,max,131072,4194304,uniform,22131238,1,bench/results/raw/energy/measurements/20260825_014636_npu_double_bitonic_q22_k131072_max_uniform_s22131238_rep1_rapl.txt,2.895317,26.069987,9.004191,5.421215,10.373852,3.582976,0,rapl:package+core,20.487331,20.380692,2.264259,2.253942,8.21229614532,8.16158782047,21.922664,2.437319,0.252657,0.135127,,,,0.040593
rapl,npu,double,bitonic,max,131072,4194304,uniform,22131238,2,bench/results/raw/energy/measurements/20260825_014636_npu_double_bitonic_q22_k131072_max_uniform_s22131238_rep2_rapl.txt,2.88412,25.716916,8.91673,5.421215,10.081483,3.495515,0,rapl:package+core,20.108972,19.995515,2.266288,2.256216,7.82293750008,7.76408297756,21.597836,2.430168,0.236636,0.119561,,,,0.040593
rapl,npu,double,bitonic,max,131072,4194304,uniform,22131238,3,bench/results/raw/energy/measurements/20260825_014636_npu_double_bitonic_q22_k131072_max_uniform_s22131238_rep3_rapl.txt,2.876158,26.110984,9.078423,5.421215,10.518711,3.657208,0,rapl:package+core,20.559512,20.463402,2.265193,2.255074,8.27941373051,8.23816100509,22.029165,2.426547,0.303223,0.186471,,,,0.040593
rapl,npu,double,bitonic,max,256,4194304,uniform,22000422,1,bench/results/raw/energy/measurements/20260825_014636_npu_double_bitonic_q22_k256_max_uniform_s22000422_rep1_rapl.txt,0.733326,8.258912,11.262266,5.421215,4.283394,5.841051,0,rapl:package+core,4.369735,4.252524,0.339231,0.333118,2.53069081434,2.44661970163,6.061454,0.509848,0.165748,0.13598,,,,0.040593
rapl,npu,double,bitonic,max,256,4194304,uniform,22000422,2,bench/results/raw/energy/measurements/20260825_014636_npu_double_bitonic_q22_k256_max_uniform_s22000422_rep2_rapl.txt,0.736434,8.340099,11.324978,5.421215,4.347732,5.903763,0,rapl:package+core,4.247096,4.197615,0.339712,0.333534,2.40544420992,2.38945547619,6.016916,0.510319,0.156578,0.126684,,,,0.040593
rapl,npu,double,bitonic,max,256,4194304,uniform,22000422,3,bench/results/raw/energy/measurements/20260825_014636_npu_double_bitonic_q22_k256_max_uniform_s22000422_rep3_rapl.txt,0.732824,8.404335,11.468428,5.421215,4.431541,6.047213,0,rapl:package+core,4.456177,4.379353,0.340854,0.334724,2.60833418239,2.56474223034,6.221053,0.511427,0.197897,0.168149,,,,0.040593
rapl,npu,double,bitonic,max,4096,4194304,uniform,22004262,1,bench/results/raw/energy/measurements/20260825_014636_npu_double_bitonic_q22_k4096_max_uniform_s22004262_rep1_rapl.txt,0.789763,8.647273,10.949194,5.421215,4.365796,5.527979,0,rapl:package+core,4.743818,4.680438,0.398041,0.391286,2.58595216019,2.55919246751,6.44031,0.564491,0.18302,0.150961,,,,0.040593
rapl,npu,double,bitonic,max,4096,4194304,uniform,22004262,2,bench/results/raw/energy/measurements/20260825_014636_npu_double_bitonic_q22_k4096_max_uniform_s22004262_rep2_rapl.txt,0.795691,8.74996,10.996687,5.421215,4.436351,5.575472,0,rapl:package+core,4.831954,4.780168,0.397079,0.390638,2.67930336901,2.66243541483,6.467668,0.560458,0.156074,0.123775,,,,0.040593
rapl,npu,double,bitonic,max,4096,4194304,uniform,22004262,3,bench/results/raw/energy/measurements/20260825_014636_npu_double_bitonic_q22_k4096_max_uniform_s22004262_rep3_rapl.txt,0.765559,8.507068,11.112231,5.421215,4.356808,5.691016,0,rapl:package+core,4.788172,4.724836,0.395323,0.389165,2.64504102256,2.61508886452,6.266109,0.533111,0.154671,0.123595,,,,0.040593
rapl,npu,double,bitonic,max,8,4194304,uniform,22000174,1,bench/results/raw/energy/measurements/20260825_014636_npu_double_bitonic_q22_k8_max_uniform_s22000174_rep1_rapl.txt,0.726541,8.139212,11.202691,5.421215,4.200478,5.781476,0,rapl:package+core,4.242528,4.114302,0.33709,0.330978,2.41509063565,2.31999910173,5.896118,0.496306,0.146629,0.117137,,,,0.040593
rapl,npu,double,bitonic,max,8,4194304,uniform,22000174,2,bench/results/raw/energy/measurements/20260825_014636_npu_double_bitonic_q22_k8_max_uniform_s22000174_rep2_rapl.txt,0.712517,7.984602,11.206199,5.421215,4.121897,5.784984,0,rapl:package+core,4.229548,4.141707,0.336495,0.330408,2.40533625858,2.35049419428,5.780784,0.486094,0.135338,0.106415,,,,0.040593
rapl,npu,double,bitonic,max,8,4194304,uniform,22000174,3,bench/results/raw/energy/measurements/20260825_014636_npu_double_bitonic_q22_k8_max_uniform_s22000174_rep3_rapl.txt,0.723714,8.252121,11.402456,5.421215,4.32871,5.981241,0,rapl:package+core,4.217814,4.179882,0.336419,0.330443,2.39401427091,2.38847945175,5.977215,0.50397,0.182348,0.15297,,,,0.040593
rapl,npu,double,bitonic,max,131072,8388608,uniform,23131241,1,bench/results/raw/energy/measurements/20260825_014636_npu_double_bitonic_q23_k131072_max_uniform_s23131241_rep1_rapl.txt,3.760054,35.466061,9.432327,5.421215,15.081998,4.011112,0,rapl:package+core,27.280285,27.175386,2.907684,2.896883,11.5171048839,11.4707604272,30.246605,3.205403,0.489492,0.33686,,,,0.040593
rapl,npu,double,bitonic,max,131072,8388608,uniform,23131241,2,bench/results/raw/energy/measurements/20260825_014636_npu_double_bitonic_q23_k131072_max_uniform_s23131241_rep2_rapl.txt,3.788631,35.658694,9.412026,5.421215,15.119711,3.990811,0,rapl:package+core,27.350957,27.238614,2.921375,2.911286,11.5135550294,11.4559066675,30.423033,3.225753,0.430779,0.276987,,,,0.040593
rapl,npu,double,bitonic,max,131072,8388608,uniform,23131241,3,bench/results/raw/energy/measurements/20260825_014636_npu_double_bitonic_q23_k131072_max_uniform_s23131241_rep3_rapl.txt,3.728414,34.976279,9.381007,5.421215,14.763743,3.959792,0,rapl:package+core,27.079243,27.014578,2.908411,2.897616,11.3121216606,11.3059786766,29.743549,3.171299,0.252062,0.100714,,,,0.040593
rapl,npu,double,bitonic,max,256,8388608,uniform,23000425,1,bench/results/raw/energy/measurements/20260825_014636_npu_double_bitonic_q23_k256_max_uniform_s23000425_rep1_rapl.txt,1.23762,14.54208,11.75004,5.421215,7.832678,6.328825,0,rapl:package+core,8.049145,7.94617,0.650938,0.643732,4.52027015033,4.45636042562,11.515563,0.944112,0.26967,0.219431,,,,0.040593
rapl,npu,double,bitonic,max,256,8388608,uniform,23000425,2,bench/results/raw/energy/measurements/20260825_014636_npu_double_bitonic_q23_k256_max_uniform_s23000425_rep2_rapl.txt,1.219229,14.219769,11.662917,5.421215,7.610065,6.241702,0,rapl:package+core,8.210136,8.107297,0.657718,0.649978,4.64450531263,4.58362651673,11.184785,0.923347,0.263734,0.214242,,,,0.040593
rapl,npu,double,bitonic,max,256,8388608,uniform,23000425,3,bench/results/raw/energy/measurements/20260825_014636_npu_double_bitonic_q23_k256_max_uniform_s23000425_rep3_rapl.txt,1.238747,14.477126,11.686908,5.421215,7.76161,6.265693,0,rapl:package+core,8.246292,8.048591,0.655579,0.6481,4.69225729152,4.5351015585,11.503418,0.950138,0.290832,0.240548,,,,0.040593
rapl,npu,double,bitonic,max,4096,8388608,uniform,23004265,1,bench/results/raw/energy/measurements/20260825_014636_npu_double_bitonic_q23_k4096_max_uniform_s23004265_rep1_rapl.txt,1.318018,15.527289,11.780785,5.421215,8.382029,6.35957,0,rapl:package+core,8.902191,8.791814,0.716575,0.709706,5.01748386138,4.94434518721,12.306584,1.014838,0.405222,0.35172,,,,0.040593
rapl,npu,double,bitonic,max,4096,8388608,uniform,23004265,2,bench/results/raw/energy/measurements/20260825_014636_npu_double_bitonic_q23_k4096_max_uniform_s23004265_rep2_rapl.txt,1.276593,14.889382,11.663372,5.421215,7.968696,6.242157,0,rapl:package+core,8.89714,8.75184,0.715874,0.708375,5.01623313309,4.91158682438,11.825789,0.975919,0.286881,0.23506,,,,0.040593
rapl,npu,double,bitonic,max,4096,8388608,uniform,23004265,3,bench/results/raw/energy/measurements/20260825_014636_npu_double_bitonic_q23_k4096_max_uniform_s23004265_rep3_rapl.txt,1.315183,15.273762,11.613413,5.421215,8.143873,6.192198,0,rapl:package+core,8.948468,8.882584,0.71924,0.711083,5.0493133234,5.02765017415,12.215463,1.01571,0.268632,0.215245,,,,0.040593
rapl,npu,double,bitonic,max,8,8388608,uniform,23000177,1,bench/results/raw/energy/measurements/20260825_014636_npu_double_bitonic_q23_k8_max_uniform_s23000177_rep1_rapl.txt,1.241013,14.433824,11.630683,5.421215,7.706028,6.209468,0,rapl:package+core,8.16311,8.005999,0.649962,0.64254,4.63952625617,4.5226515139,11.420491,0.947772,0.296478,0.246102,,,,0.040593
rapl,npu,double,bitonic,max,8,8388608,uniform,23000177,2,bench/results/raw/energy/measurements/20260825_014636_npu_double_bitonic_q23_k8_max_uniform_s23000177_rep2_rapl.txt,1.231199,14.499662,11.776867,5.421215,7.82507,6.355652,0,rapl:package+core,8.266693,8.156424,0.649884,0.642875,4.74353211094,4.67126040687,11.514694,0.942732,0.287125,0.237147,,,,0.040593
rapl,npu,double,bitonic,max,8,8388608,uniform,23000177,3,bench/results/raw/energy/measurements/20260825_014636_npu_double_bitonic_q23_k8_max_uniform_s23000177_rep3_rapl.txt,1.225058,14.696002,11.996168,5.421215,8.054699,6.574953,0,rapl:package+core,8.376249,8.246648,0.650813,0.643573,4.8480518022,4.75770039881,11.533934,0.934372,0.341398,0.291669,,,,0.040593
rapl,npu,double,bitonic,max,131072,16777216,uniform,24131244,1,bench/results/raw/energy/measurements/20260825_014636_npu_double_bitonic_q24_k131072_max_uniform_s24131244_rep1_rapl.txt,5.161906,51.373931,9.952512,5.421215,23.39013,4.531297,0,rapl:package+core,38.363952,38.253576,3.907813,3.897502,17.1788575472,17.1243796951,44.056117,4.432777,0.571595,0.362058,,,,0.040593
rapl,npu,double,bitonic,max,131072,16777216,uniform,24131244,2,bench/results/raw/energy/measurements/20260825_014636_npu_double_bitonic_q24_k131072_max_uniform_s24131244_rep2_rapl.txt,5.147834,51.161767,9.938504,5.421215,23.254254,4.517289,0,rapl:package+core,38.391169,38.29814,3.904309,3.893359,17.2250704846,17.1914037888,43.979064,4.418398,0.581117,0.372151,,,,0.040593
rapl,npu,double,bitonic,max,131072,16777216,uniform,24131244,3,bench/results/raw/energy/measurements/20260825_014636_npu_double_bitonic_q24_k131072_max_uniform_s24131244_rep3_rapl.txt,5.190847,51.637375,9.947775,5.421215,23.496679,4.52656,0,rapl:package+core,38.573095,38.450147,3.910674,3.900215,17.3724904511,17.3062429388,44.592466,4.469549,0.701471,0.490759,,,,0.040593
rapl,npu,double,bitonic,max,256,16777216,uniform,24000428,1,bench/results/raw/energy/measurements/20260825_014636_npu_double_bitonic_q24_k256_max_uniform_s24000428_rep1_rapl.txt,2.269205,26.968545,11.884577,5.421215,14.666695,6.463362,0,rapl:package+core,16.073966,15.999017,1.284602,1.275361,9.10986236857,9.08501081639,22.414857,1.845846,0.416086,0.323972,,,,0.040593
rapl,npu,double,bitonic,max,256,16777216,uniform,24000428,2,bench/results/raw/energy/measurements/20260825_014636_npu_double_bitonic_q24_k256_max_uniform_s24000428_rep2_rapl.txt,2.280265,27.250437,11.950559,5.421215,14.888632,6.529344,0,rapl:package+core,16.21289,16.149494,1.289731,1.28079,9.22098095684,9.20605604015,22.639149,1.852318,0.442985,0.350422,,,,0.040593
rapl,npu,double,bitonic,max,256,16777216,uniform,24000428,3,bench/results/raw/energy/measurements/20260825_014636_npu_double_bitonic_q24_k256_max_uniform_s24000428_rep3_rapl.txt,2.260406,27.047811,11.96591,5.421215,14.793665,6.544695,0,rapl:package+core,16.270565,16.167862,1.287523,1.278609,9.29062599956,9.23624771006,22.476834,1.835765,0.438241,0.346484,,,,0.040593
rapl,npu,double,bitonic,max,4096,16777216,uniform,24004268,1,bench/results/raw/energy/measurements/20260825_014636_npu_double_bitonic_q24_k4096_max_uniform_s24004268_rep1_rapl.txt,2.348594,28.083753,11.957686,5.421215,15.351519,6.536471,0,rapl:package+core,17.105993,17.020107,1.356671,1.347388,9.75118782474,9.71562696358,23.384319,1.91294,0.496892,0.401556,,,,0.040593
rapl,npu,double,bitonic,max,4096,16777216,uniform,24004268,2,bench/results/raw/energy/measurements/20260825_014636_npu_double_bitonic_q24_k4096_max_uniform_s24004268_rep2_rapl.txt,2.331108,27.525188,11.807771,5.421215,14.887751,6.386556,0,rapl:package+core,16.696985,16.543229,1.355229,1.345772,9.34999721677,9.24750964702,22.793789,1.889267,0.38412,0.289493,,,,0.040593
rapl,npu,double,bitonic,max,4096,16777216,uniform,24004268,3,bench/results/raw/energy/measurements/20260825_014636_npu_double_bitonic_q24_k4096_max_uniform_s24004268_rep3_rapl.txt,2.342521,27.791317,11.86385,5.421215,15.092007,6.442635,0,rapl:package+core,16.721625,16.653009,1.352951,1.343251,9.38698674453,9.37095653004,23.110499,1.906528,0.414773,0.319683,,,,0.040593
rapl,npu,double,bitonic,max,8,16777216,uniform,24000180,1,bench/results/raw/energy/measurements/20260825_014636_npu_double_bitonic_q24_k8_max_uniform_s24000180_rep1_rapl.txt,2.227508,26.766621,12.016397,5.421215,14.690821,6.595182,0,rapl:package+core,16.228606,16.152453,1.285463,1.2765,9.25983470245,9.2322720525,22.188153,1.805487,0.427956,0.337535,,,,0.040593
rapl,npu,double,bitonic,max,8,16777216,uniform,24000180,2,bench/results/raw/energy/measurements/20260825_014636_npu_double_bitonic_q24_k8_max_uniform_s24000180_rep2_rapl.txt,2.257202,26.904523,11.919414,5.421215,14.667746,6.498199,0,rapl:package+core,16.061503,15.956726,1.278056,1.26907,9.13288664196,9.07682467995,22.332341,1.830961,0.406886,0.315259,,,,0.040593
rapl,npu,double,bitonic,max,8,16777216,uniform,24000180,3,bench/results/raw/energy/measurements/20260825_014636_npu_double_bitonic_q24_k8_max_uniform_s24000180_rep3_rapl.txt,2.266933,27.269708,12.029339,5.421215,14.980176,6.608124,0,rapl:package+core,16.139211,16.057567,1.27807,1.269585,9.21051874495,9.17487375422,22.577964,1.839779,0.550936,0.458914,,,,0.040593
rapl,npu,double,gt,max,256,65536,uniform,16000404,1,bench/results/raw/energy/measurements/20260825_014636_npu_double_gt_q16_k256_max_uniform_s16000404_rep1_rapl.txt,0.079335,0.761206,9.594806,5.421215,0.331113,4.173591,0,rapl:package+core,0.031752,0.031752,0.003642,0.003642,0.01200793497,0.01200793497,0.042768,0.005037,0.020614,0.017394,,,,0.040593
rapl,npu,double,gt,max,256,65536,uniform,16000404,2,bench/results/raw/energy/measurements/20260825_014636_npu_double_gt_q16_k256_max_uniform_s16000404_rep2_rapl.txt,0.07619,0.720681,9.459057,5.421215,0.307641,4.037842,0,rapl:package+core,0.052976,0.052976,0.00362,0.00362,0.0333512017,0.0333512017,0.052976,0.004962,0.023879,0.020786,,,,0.040593
rapl,npu,double,gt,max,256,65536,uniform,16000404,3,bench/results/raw/energy/measurements/20260825_014636_npu_double_gt_q16_k256_max_uniform_s16000404_rep3_rapl.txt,0.074991,0.746925,9.960134,5.421215,0.34038,4.538919,0,rapl:package+core,0.011062,0.011062,0.003614,0.003614,0,0,0.055234,0.00499,0.020019,0.016975,,,,0.040593
rapl,npu,double,gt,max,4096,65536,uniform,16004244,1,bench/results/raw/energy/measurements/20260825_014636_npu_double_gt_q16_k4096_max_uniform_s16004244_rep1_rapl.txt,0.122134,1.123736,9.200811,5.421215,0.461619,3.779596,0,rapl:package+core,0.347485,0.347485,0.041616,0.041616,0.12187571656,0.12187571656,0.368191,0.043068,0.033521,0.028563,,,,0.040593
rapl,npu,double,gt,max,4096,65536,uniform,16004244,2,bench/results/raw/energy/measurements/20260825_014636_npu_double_gt_q16_k4096_max_uniform_s16004244_rep2_rapl.txt,0.121309,1.174499,9.681856,5.421215,0.516855,4.260641,0,rapl:package+core,0.351956,0.351956,0.040438,0.040438,0.13273290783,0.13273290783,0.373546,0.041846,0.038695,0.033771,,,,0.040593
rapl,npu,double,gt,max,4096,65536,uniform,16004244,3,bench/results/raw/energy/measurements/20260825_014636_npu_double_gt_q16_k4096_max_uniform_s16004244_rep3_rapl.txt,0.120205,1.080159,8.985962,5.421215,0.428501,3.564747,0,rapl:package+core,0.327833,0.327833,0.039772,0.039772,0.11222043702,0.11222043702,0.347928,0.041183,0.020202,0.015323,,,,0.040593
rapl,npu,double,gt,max,8,65536,uniform,16000156,1,bench/results/raw/energy/measurements/20260825_014636_npu_double_gt_q16_k8_max_uniform_s16000156_rep1_rapl.txt,0.078023,0.771215,9.884432,5.421215,0.348234,4.463217,0,rapl:package+core,0.023452,0.023452,0.001919,0.001919,0.013048688415,0.013048688415,0.035048,0.003338,0.02162,0.018453,,,,0.040593
rapl,npu,double,gt,max,8,65536,uniform,16000156,2,bench/results/raw/energy/measurements/20260825_014636_npu_double_gt_q16_k8_max_uniform_s16000156_rep2_rapl.txt,0.077077,0.725091,9.407311,5.421215,0.307238,3.986096,0,rapl:package+core,0,0,0.001882,0.001882,0,0,0.03279,0.003331,0.016662,0.013533,,,,0.040593
rapl,npu,double,gt,max,8,65536,uniform,16000156,3,bench/results/raw/energy/measurements/20260825_014636_npu_double_gt_q16_k8_max_uniform_s16000156_rep3_rapl.txt,0.072939,0.723168,9.914642,5.421215,0.327748,4.493427,0,rapl:package+core,0,0,0.001683,0.001683,0,0,0.022078,0.003043,0.028776,0.025815,,,,0.040593
rapl,npu,double,gt,max,131072,131072,uniform,17131223,1,bench/results/raw/energy/measurements/20260825_014636_npu_double_gt_q17_k131072_max_uniform_s17131223_rep1_rapl.txt,0.605944,5.150262,8.499572,5.421215,1.865311,3.078357,0,rapl:package+core,3.741109,3.741109,0.450296,0.450296,1.29995757036,1.29995757036,3.750798,0.453611,0.028334,0.003737,,,,0.040593
rapl,npu,double,gt,max,131072,131072,uniform,17131223,2,bench/results/raw/energy/measurements/20260825_014636_npu_double_gt_q17_k131072_max_uniform_s17131223_rep2_rapl.txt,0.606477,5.189108,8.556146,5.421215,1.901264,3.134931,0,rapl:package+core,3.718404,3.718404,0.450513,0.450513,1.2760761667,1.2760761667,3.76723,0.453825,0.039076,0.014457,,,,0.040593
rapl,npu,double,gt,max,131072,131072,uniform,17131223,3,bench/results/raw/energy/measurements/20260825_014636_npu_double_gt_q17_k131072_max_uniform_s17131223_rep3_rapl.txt,0.606603,5.167381,8.518556,5.421215,1.878856,3.097341,0,rapl:package+core,3.747212,3.747212,0.450848,0.450848,1.30306805968,1.30306805968,3.756977,0.45415,0.042143,0.017519,,,,0.040593
rapl,npu,double,gt,max,256,131072,uniform,17000407,1,bench/results/raw/energy/measurements/20260825_014636_npu_double_gt_q17_k256_max_uniform_s17000407_rep1_rapl.txt,0.082443,0.933454,11.322417,5.421215,0.486513,5.901202,0,rapl:package+core,0.050306,0.050306,0.00504,0.00504,0.0229830764,0.0229830764,0.073071,0.00717,0.03697,0.033623,,,,0.040593
rapl,npu,double,gt,max,256,131072,uniform,17000407,2,bench/results/raw/energy/measurements/20260825_014636_npu_double_gt_q17_k256_max_uniform_s17000407_rep2_rapl.txt,0.080094,0.782873,9.774415,5.421215,0.348666,4.3532,0,rapl:package+core,0.069211,0.069211,0.00504,0.00504,0.0418880764,0.0418880764,0.069211,0.007241,0.016677,0.013426,,,,0.040593
rapl,npu,double,gt,max,256,131072,uniform,17000407,3,bench/results/raw/energy/measurements/20260825_014636_npu_double_gt_q17_k256_max_uniform_s17000407_rep3_rapl.txt,0.082932,0.790944,9.537287,5.421215,0.341353,4.116072,0,rapl:package+core,0.021896,0.021896,0.005085,0.005085,0,0,0.066509,0.007233,0.020309,0.016943,,,,0.040593
rapl,npu,double,gt,max,4096,131072,uniform,17004247,1,bench/results/raw/energy/measurements/20260825_014636_npu_double_gt_q17_k4096_max_uniform_s17004247_rep1_rapl.txt,0.12799,1.184753,9.256588,5.421215,0.49089,3.835373,0,rapl:package+core,0.443871,0.443871,0.051033,0.051033,0.167210134905,0.167210134905,0.464225,0.053341,0.023085,0.017889,,,,0.040593
rapl,npu,double,gt,max,4096,131072,uniform,17004247,2,bench/results/raw/energy/measurements/20260825_014636_npu_double_gt_q17_k4096_max_uniform_s17004247_rep2_rapl.txt,0.130294,1.196838,9.185683,5.421215,0.490487,3.764468,0,rapl:package+core,0.446053,0.446053,0.050814,0.050814,0.17057938099,0.17057938099,0.456169,0.053152,0.024688,0.019399,,,,0.040593
rapl,npu,double,gt,max,4096,131072,uniform,17004247,3,bench/results/raw/energy/measurements/20260825_014636_npu_double_gt_q17_k4096_max_uniform_s17004247_rep3_rapl.txt,0.130581,1.171647,8.972559,5.421215,0.463739,3.551344,0,rapl:package+core,0.424142,0.424142,0.050781,0.050781,0.148847281085,0.148847281085,0.455055,0.053116,0.024001,0.0187,,,,0.040593
rapl,npu,double,gt,max,8,131072,uniform,17000159,1,bench/results/raw/energy/measurements/20260825_014636_npu_double_gt_q17_k8_max_uniform_s17000159_rep1_rapl.txt,0.075568,0.726738,9.617012,5.421215,0.317068,4.195797,0,rapl:package+core,0.045622,0.045622,0.003003,0.003003,0.029342091355,0.029342091355,0.045622,0.005356,0.017699,0.014631,,,,0.040593
rapl,npu,double,gt,max,8,131072,uniform,17000159,2,bench/results/raw/energy/measurements/20260825_014636_npu_double_gt_q17_k8_max_uniform_s17000159_rep2_rapl.txt,0.076145,0.739998,9.718283,5.421215,0.3272,4.297068,0,rapl:package+core,0.023024,0.023024,0.002782,0.002782,0.00794217987,0.00794217987,0.045744,0.004991,0.02069,0.017599,,,,0.040593
rapl,npu,double,gt,max,8,131072,uniform,17000159,3,bench/results/raw/energy/measurements/20260825_014636_npu_double_gt_q17_k8_max_uniform_s17000159_rep3_rapl.txt,0.076545,0.760565,9.936181,5.421215,0.345598,4.514966,0,rapl:package+core,0.034147,0.034147,0.002874,0.002874,0.01856642809,0.01856642809,0.046613,0.005029,0.01979,0.016683,,,,0.040593
rapl,npu,double,gt,max,131072,262144,uniform,18131226,1,bench/results/raw/energy/measurements/20260825_014636_npu_double_gt_q18_k131072_max_uniform_s18131226_rep1_rapl.txt,1.064504,8.719718,8.191346,5.421215,2.948815,2.770131,0,rapl:package+core,6.936194,6.936194,0.863869,0.863869,2.25297441917,2.25297441917,6.964209,0.869405,0.047788,0.004577,,,,0.040593
rapl,npu,double,gt,max,131072,262144,uniform,18131226,2,bench/results/raw/energy/measurements/20260825_014636_npu_double_gt_q18_k131072_max_uniform_s18131226_rep2_rapl.txt,1.131426,6.947822,6.140764,5.421215,0.814117,0.719549,0,rapl:package+core,5.209661,5.209661,0.863298,0.863298,0.52953693293,0.52953693293,5.235874,0.869063,0.033629,0,,,,0.040593
rapl,npu,double,gt,max,131072,262144,uniform,18131226,3,bench/results/raw/energy/measurements/20260825_014636_npu_double_gt_q18_k131072_max_uniform_s18131226_rep3_rapl.txt,1.064273,6.570964,6.174136,5.421215,0.801313,0.752921,0,rapl:package+core,5.055297,5.055297,0.862121,0.862121,0.381553702985,0.381553702985,5.092678,0.867745,0.051404,0.008202,,,,0.040593
rapl,npu,double,gt,max,256,262144,uniform,18000410,1,bench/results/raw/energy/measurements/20260825_014636_npu_double_gt_q18_k256_max_uniform_s18000410_rep1_rapl.txt,0.085845,0.824176,9.600746,5.421215,0.358792,4.179531,0,rapl:package+core,0.073773,0.073773,0.007922,0.007922,0.03082613477,0.03082613477,0.122598,0.011985,0.023848,0.020363,,,,0.040593
rapl,npu,double,gt,max,256,262144,uniform,18000410,2,bench/results/raw/energy/measurements/20260825_014636_npu_double_gt_q18_k256_max_uniform_s18000410_rep2_rapl.txt,0.085784,0.815159,9.502464,5.421215,0.350106,4.081249,0,rapl:package+core,0.080578,0.080578,0.008015,0.008015,0.037126961775,0.037126961775,0.115061,0.01195,0.022322,0.01884,,,,0.040593
rapl,npu,double,gt,max,256,262144,uniform,18000410,3,bench/results/raw/energy/measurements/20260825_014636_npu_double_gt_q18_k256_max_uniform_s18000410_rep3_rapl.txt,0.086345,0.843065,9.763944,5.421215,0.374972,4.342729,0,rapl:package+core,0.070919,0.070919,0.008097,0.008097,0.027023422145,0.027023422145,0.10705,0.01143,0.01686,0.013355,,,,0.040593
rapl,npu,double,gt,max,4096,262144,uniform,18004250,1,bench/results/raw/energy/measurements/20260825_014636_npu_double_gt_q18_k4096_max_uniform_s18004250_rep1_rapl.txt,0.150071,1.37972,9.193773,5.421215,0.566152,3.772558,0,rapl:package+core,0.544772,0.544772,0.063389,0.063389,0.201126602365,0.201126602365,0.586487,0.067324,0.027617,0.021525,,,,0.040593
rapl,npu,double,gt,max,4096,262144,uniform,18004250,2,bench/results/raw/energy/measurements/20260825_014636_npu_double_gt_q18_k4096_max_uniform_s18004250_rep2_rapl.txt,0.14721,1.485457,10.090742,5.421215,0.687401,4.669527,0,rapl:package+core,0.634872,0.634872,0.062658,0.062658,0.29518951053,0.29518951053,0.669155,0.067206,0.06271,0.056734,,,,0.040593
rapl,npu,double,gt,max,4096,262144,uniform,18004250,3,bench/results/raw/energy/measurements/20260825_014636_npu_double_gt_q18_k4096_max_uniform_s18004250_rep3_rapl.txt,0.151052,1.347541,8.921026,5.421215,0.528654,3.499811,0,rapl:package+core,0.531726,0.531726,0.063128,0.063128,0.18949553948,0.18949553948,0.582886,0.067022,0.021163,0.015031,,,,0.040593
rapl,npu,double,gt,max,8,262144,uniform,18000162,1,bench/results/raw/energy/measurements/20260825_014636_npu_double_gt_q18_k8_max_uniform_s18000162_rep1_rapl.txt,0.083997,0.815876,9.7131,5.421215,0.360508,4.291885,0,rapl:package+core,0.048825,0.048825,0.005389,0.005389,0.019610072365,0.019610072365,0.095332,0.00925,0.020934,0.017524,,,,0.040593
rapl,npu,double,gt,max,8,262144,uniform,18000162,2,bench/results/raw/energy/measurements/20260825_014636_npu_double_gt_q18_k8_max_uniform_s18000162_rep2_rapl.txt,0.083626,0.821766,9.826705,5.421215,0.368413,4.40549,0,rapl:package+core,0.04852,0.04852,0.005307,0.005307,0.019749611995,0.019749611995,0.083843,0.009155,0.024337,0.020942,,,,0.040593
rapl,npu,double,gt,max,8,262144,uniform,18000162,3,bench/results/raw/energy/measurements/20260825_014636_npu_double_gt_q18_k8_max_uniform_s18000162_rep3_rapl.txt,0.087159,0.84865,9.736812,5.421215,0.376143,4.315597,0,rapl:package+core,0.050107,0.050107,0.005342,0.005342,0.02114686947,0.02114686947,0.095088,0.009143,0.021315,0.017777,,,,0.040593
rapl,npu,double,gt,max,131072,524288,uniform,19131229,1,bench/results/raw/energy/measurements/20260825_014636_npu_double_gt_q19_k131072_max_uniform_s19131229_rep1_rapl.txt,1.578216,10.39018,6.583497,5.421215,1.834333,1.162282,0,rapl:package+core,8.44689,8.44689,1.328276,1.328276,1.24602022466,1.24602022466,8.504321,1.337314,0.073299,0.009234,,,,0.040593
rapl,npu,double,gt,max,131072,524288,uniform,19131229,2,bench/results/raw/energy/measurements/20260825_014636_npu_double_gt_q19_k131072_max_uniform_s19131229_rep2_rapl.txt,1.513745,10.014817,6.615922,5.421215,1.808481,1.194707,0,rapl:package+core,7.978348,7.978348,1.264104,1.264104,1.12536843364,1.12536843364,8.045544,1.273464,0.07716,0.015713,,,,0.040593
rapl,npu,double,gt,max,131072,524288,uniform,19131229,3,bench/results/raw/energy/measurements/20260825_014636_npu_double_gt_q19_k131072_max_uniform_s19131229_rep3_rapl.txt,1.555675,9.758193,6.272643,5.421215,1.324545,0.851428,0,rapl:package+core,7.954303,7.954303,1.305961,1.305961,0.874407637385,0.874407637385,7.983825,1.315191,0.053098,0,,,,0.040593
rapl,npu,double,gt,max,256,524288,uniform,19000413,1,bench/results/raw/energy/measurements/20260825_014636_npu_double_gt_q19_k256_max_uniform_s19000413_rep1_rapl.txt,0.097585,0.81908,8.393486,5.421215,0.29005,2.972271,0,rapl:package+core,0.097819,0.097819,0.012822,0.012822,0.02830818127,0.02830818127,0.17266,0.019457,0.040861,0.0369,,,,0.040593
rapl,npu,double,gt,max,256,524288,uniform,19000413,2,bench/results/raw/energy/measurements/20260825_014636_npu_double_gt_q19_k256_max_uniform_s19000413_rep2_rapl.txt,0.097992,0.831287,8.483218,5.421215,0.300052,3.062003,0,rapl:package+core,0.117302,0.117302,0.012691,0.012691,0.048501360435,0.048501360435,0.171438,0.019244,0.047727,0.043749,,,,0.040593
rapl,npu,double,gt,max,256,524288,uniform,19000413,3,bench/results/raw/energy/measurements/20260825_014636_npu_double_gt_q19_k256_max_uniform_s19000413_rep3_rapl.txt,0.096512,0.827533,8.574419,5.421215,0.304322,3.153204,0,rapl:package+core,0.1094,0.1094,0.013223,0.013223,0.037715274055,0.037715274055,0.183889,0.01978,0.020568,0.01665,,,,0.040593
rapl,npu,double,gt,max,4096,524288,uniform,19004253,1,bench/results/raw/energy/measurements/20260825_014636_npu_double_gt_q19_k4096_max_uniform_s19004253_rep1_rapl.txt,0.169983,1.352652,7.957554,5.421215,0.431136,2.536339,0,rapl:package+core,0.605422,0.605422,0.078575,0.078575,0.179450031375,0.179450031375,0.6517,0.085344,0.02693,0.02003,,,,0.040593
rapl,npu,double,gt,max,4096,524288,uniform,19004253,2,bench/results/raw/energy/measurements/20260825_014636_npu_double_gt_q19_k4096_max_uniform_s19004253_rep2_rapl.txt,0.169702,1.372472,8.087528,5.421215,0.452479,2.666313,0,rapl:package+core,0.618057,0.618057,0.078365,0.078365,0.193223486525,0.193223486525,0.66441,0.085224,0.034071,0.027182,,,,0.040593
rapl,npu,double,gt,max,4096,524288,uniform,19004253,3,bench/results/raw/energy/measurements/20260825_014636_npu_double_gt_q19_k4096_max_uniform_s19004253_rep3_rapl.txt,0.170577,1.348639,7.906344,5.421215,0.423905,2.485129,0,rapl:package+core,0.571502,0.571502,0.080164,0.080164,0.13691572074,0.13691572074,0.654644,0.086229,0.029112,0.022188,,,,0.040593
rapl,npu,double,gt,max,8,524288,uniform,19000165,1,bench/results/raw/energy/measurements/20260825_014636_npu_double_gt_q19_k8_max_uniform_s19000165_rep1_rapl.txt,0.095188,0.800175,8.406289,5.421215,0.284142,2.985074,0,rapl:package+core,0.087337,0.087337,0.009611,0.009611,0.035233702635,0.035233702635,0.155952,0.016069,0.023482,0.019618,,,,0.040593
rapl,npu,double,gt,max,8,524288,uniform,19000165,2,bench/results/raw/energy/measurements/20260825_014636_npu_double_gt_q19_k8_max_uniform_s19000165_rep2_rapl.txt,0.095208,0.782873,8.222792,5.421215,0.266732,2.801577,0,rapl:package+core,0.077999,0.077999,0.009526,0.009526,0.02635650591,0.02635650591,0.146248,0.015917,0.02185,0.017985,,,,0.040593
rapl,npu,double,gt,max,8,524288,uniform,19000165,3,bench/results/raw/energy/measurements/20260825_014636_npu_double_gt_q19_k8_max_uniform_s19000165_rep3_rapl.txt,0.097289,0.834292,8.575392,5.421215,0.306867,3.154177,0,rapl:package+core,0.066251,0.066251,0.00947,0.00947,0.01491209395,0.01491209395,0.158515,0.016085,0.023299,0.01935,,,,0.040593
rapl,npu,double,gt,max,131072,1048576,uniform,20131232,1,bench/results/raw/energy/measurements/20260825_014636_npu_double_gt_q20_k131072_max_uniform_s20131232_rep1_rapl.txt,2.09484,14.378926,6.863974,5.421215,3.022349,1.442759,0,rapl:package+core,12.008287,12.008287,1.783099,1.783099,2.34172395471,2.34172395471,12.173656,1.805075,0.084575,0,,,,0.040593
rapl,npu,double,gt,max,131072,1048576,uniform,20131232,2,bench/results/raw/energy/measurements/20260825_014636_npu_double_gt_q20_k131072_max_uniform_s20131232_rep2_rapl.txt,2.120813,14.670781,6.917526,5.421215,3.173396,1.496311,0,rapl:package+core,12.347981,12.347981,1.806055,1.806055,2.55696854318,2.55696854318,12.512949,1.828078,0.082103,0,,,,0.040593
rapl,npu,double,gt,max,131072,1048576,uniform,20131232,3,bench/results/raw/energy/measurements/20260825_014636_npu_double_gt_q20_k131072_max_uniform_s20131232_rep3_rapl.txt,2.024702,14.139955,6.983721,5.421215,3.16361,1.562506,0,rapl:package+core,11.968528,11.968528,1.722483,1.722483,2.63057732315,2.63057732315,12.064882,1.744042,0.108515,0.026326,,,,0.040593
rapl,npu,double,gt,max,256,1048576,uniform,20000416,1,bench/results/raw/energy/measurements/20260825_014636_npu_double_gt_q20_k256_max_uniform_s20000416_rep1_rapl.txt,0.123052,1.162568,9.447787,5.421215,0.495477,4.026572,0,rapl:package+core,0.291854,0.291854,0.025594,0.025594,0.15310342329,0.15310342329,0.483266,0.042878,0.052457,0.047462,,,,0.040593
rapl,npu,double,gt,max,256,1048576,uniform,20000416,2,bench/results/raw/energy/measurements/20260825_014636_npu_double_gt_q20_k256_max_uniform_s20000416_rep2_rapl.txt,0.119732,1.057394,8.83133,5.421215,0.4083,3.410115,0,rapl:package+core,0.184044,0.184044,0.022005,0.022005,0.064750163925,0.064750163925,0.353238,0.038294,0.01953,0.01467,,,,0.040593
rapl,npu,double,gt,max,256,1048576,uniform,20000416,3,bench/results/raw/energy/measurements/20260825_014636_npu_double_gt_q20_k256_max_uniform_s20000416_rep3_rapl.txt,0.11618,0.988138,8.505203,5.421215,0.358299,3.083988,0,rapl:package+core,0.226949,0.226949,0.021906,0.021906,0.10819186421,0.10819186421,0.337172,0.036561,0.018294,0.013578,,,,0.040593
rapl,npu,double,gt,max,4096,1048576,uniform,20004256,1,bench/results/raw/energy/measurements/20260825_014636_npu_double_gt_q20_k4096_max_uniform_s20004256_rep1_rapl.txt,0.204322,1.66297,8.138963,5.421215,0.555296,2.717748,0,rapl:package+core,0.788442,0.788442,0.09781,0.09781,0.25819296085,0.25819296085,0.934354,0.116071,0.030775,0.022481,,,,0.040593
rapl,npu,double,gt,max,4096,1048576,uniform,20004256,2,bench/results/raw/energy/measurements/20260825_014636_npu_double_gt_q20_k4096_max_uniform_s20004256_rep2_rapl.txt,0.203086,1.643729,8.093772,5.421215,0.542758,2.672557,0,rapl:package+core,0.781329,0.781329,0.09733,0.09733,0.25368214405,0.25368214405,0.908675,0.113169,0.030531,0.022287,,,,0.040593
rapl,npu,double,gt,max,4096,1048576,uniform,20004256,3,bench/results/raw/energy/measurements/20260825_014636_npu_double_gt_q20_k4096_max_uniform_s20004256_rep3_rapl.txt,0.207324,1.679142,8.099128,5.421215,0.555195,2.677913,0,rapl:package+core,0.827989,0.827989,0.09772,0.09772,0.2982278702,0.2982278702,0.934232,0.115986,0.027998,0.019582,,,,0.040593
rapl,npu,double,gt,max,8,1048576,uniform,20000168,1,bench/results/raw/energy/measurements/20260825_014636_npu_double_gt_q20_k8_max_uniform_s20000168_rep1_rapl.txt,0.113699,0.979121,8.611539,5.421215,0.362736,3.190324,0,rapl:package+core,0.13804,0.13804,0.018084,0.018084,0.04000274794,0.04000274794,0.308196,0.032548,0.025191,0.020576,,,,0.040593
rapl,npu,double,gt,max,8,1048576,uniform,20000168,2,bench/results/raw/energy/measurements/20260825_014636_npu_double_gt_q20_k8_max_uniform_s20000168_rep2_rapl.txt,0.111455,0.95805,8.595812,5.421215,0.353826,3.174597,0,rapl:package+core,0.273456,0.273456,0.018019,0.018019,0.175771126915,0.175771126915,0.308319,0.032033,0.026945,0.022421,,,,0.040593
rapl,npu,double,gt,max,8,1048576,uniform,20000168,3,bench/results/raw/energy/measurements/20260825_014636_npu_double_gt_q20_k8_max_uniform_s20000168_rep3_rapl.txt,0.117932,1.008752,8.553686,5.421215,0.369418,3.132471,0,rapl:package+core,0.186376,0.186376,0.01808,0.01808,0.0883604328,0.0883604328,0.349317,0.034958,0.021209,0.016422,,,,0.040593
rapl,npu,double,gt,max,131072,2097152,uniform,21131235,1,bench/results/raw/energy/measurements/20260825_014636_npu_double_gt_q21_k131072_max_uniform_s21131235_rep1_rapl.txt,2.720859,18.999979,6.983082,5.421215,4.249618,1.561867,0,rapl:package+core,16.094626,16.094626,2.315241,2.315241,3.54320676219,3.54320676219,16.443226,2.373049,0.104899,0,,,,0.040593
rapl,npu,double,gt,max,131072,2097152,uniform,21131235,2,bench/results/raw/energy/measurements/20260825_014636_npu_double_gt_q21_k131072_max_uniform_s21131235_rep2_rapl.txt,2.70529,18.933363,6.998644,5.421215,4.267404,1.577429,0,rapl:package+core,16.014845,16.014845,2.308423,2.308423,3.50038760606,3.50038760606,16.358041,2.358559,0.097331,0,,,,0.040593
rapl,npu,double,gt,max,131072,2097152,uniform,21131235,3,bench/results/raw/energy/measurements/20260825_014636_npu_double_gt_q21_k131072_max_uniform_s21131235_rep3_rapl.txt,2.713835,19.254437,7.094919,5.421215,4.542155,1.673704,0,rapl:package+core,16.260423,16.260423,2.311964,2.311964,3.72676908374,3.72676908374,16.608623,2.362465,0.107844,0,,,,0.040593
rapl,npu,double,gt,max,256,2097152,uniform,21000419,1,bench/results/raw/energy/measurements/20260825_014636_npu_double_gt_q21_k256_max_uniform_s21000419_rep1_rapl.txt,0.170049,1.565883,9.208412,5.421215,0.64401,3.787197,0,rapl:package+core,0.391476,0.391476,0.039945,0.039945,0.174925566825,0.174925566825,0.799382,0.076193,0.029692,0.022789,,,,0.040593
rapl,npu,double,gt,max,256,2097152,uniform,21000419,2,bench/results/raw/energy/measurements/20260825_014636_npu_double_gt_q21_k256_max_uniform_s21000419_rep2_rapl.txt,0.163037,1.501265,9.208135,5.421215,0.617407,3.78692,0,rapl:package+core,0.389765,0.389765,0.04003,0.04003,0.17275376355,0.17275376355,0.732185,0.074854,0.032515,0.025897,,,,0.040593
rapl,npu,double,gt,max,256,2097152,uniform,21000419,3,bench/results/raw/energy/measurements/20260825_014636_npu_double_gt_q21_k256_max_uniform_s21000419_rep3_rapl.txt,0.164284,1.513258,9.211246,5.421215,0.62264,3.790031,0,rapl:package+core,0.397214,0.397214,0.040217,0.040217,0.179188996345,0.179188996345,0.759193,0.075493,0.030073,0.023404,,,,0.040593
rapl,npu,double,gt,max,4096,2097152,uniform,21004259,1,bench/results/raw/energy/measurements/20260825_014636_npu_double_gt_q21_k4096_max_uniform_s21004259_rep1_rapl.txt,0.264596,2.212715,8.362633,5.421215,0.778286,2.941418,0,rapl:package+core,1.067909,1.067909,0.127879,0.127879,0.374649447015,0.374649447015,1.357123,0.16307,0.04997,0.039229,,,,0.040593
rapl,npu,double,gt,max,4096,2097152,uniform,21004259,2,bench/results/raw/energy/measurements/20260825_014636_npu_double_gt_q21_k4096_max_uniform_s21004259_rep2_rapl.txt,0.265823,2.212792,8.324295,5.421215,0.771706,2.90308,0,rapl:package+core,1.094213,1.094213,0.127796,0.127796,0.40140340786,0.40140340786,1.374624,0.163968,0.01744,0.006649,,,,0.040593
rapl,npu,double,gt,max,4096,2097152,uniform,21004259,3,bench/results/raw/energy/measurements/20260825_014636_npu_double_gt_q21_k4096_max_uniform_s21004259_rep3_rapl.txt,0.264408,2.175043,8.226083,5.421215,0.74163,2.804868,0,rapl:package+core,1.065492,1.065492,0.127322,0.127322,0.37525206377,0.37525206377,1.350287,0.163478,0.03842,0.027687,,,,0.040593
rapl,npu,double,gt,max,8,2097152,uniform,21000171,1,bench/results/raw/energy/measurements/20260825_014636_npu_double_gt_q21_k8_max_uniform_s21000171_rep1_rapl.txt,0.166378,1.531568,9.205337,5.421215,0.629596,3.784122,0,rapl:package+core,0.350201,0.350201,0.035329,0.035329,0.158674895265,0.158674895265,0.75074,0.069526,0.033674,0.02692,,,,0.040593
rapl,npu,double,gt,max,8,2097152,uniform,21000171,2,bench/results/raw/energy/measurements/20260825_014636_npu_double_gt_q21_k8_max_uniform_s21000171_rep2_rapl.txt,0.160926,1.515577,9.41783,5.421215,0.643161,3.996615,0,rapl:package+core,0.355879,0.355879,0.035296,0.035296,0.16453179536,0.16453179536,0.774389,0.070038,0.030181,0.023649,,,,0.040593
rapl,npu,double,gt,max,8,2097152,uniform,21000171,3,bench/results/raw/energy/measurements/20260825_014636_npu_double_gt_q21_k8_max_uniform_s21000171_rep3_rapl.txt,0.160743,1.538861,9.573396,5.421215,0.667436,4.152181,0,rapl:package+core,0.409754,0.409754,0.035575,0.035575,0.216894276375,0.216894276375,0.778967,0.070581,0.030623,0.024098,,,,0.040593
rapl,npu,double,gt,max,131072,4194304,uniform,22131238,1,bench/results/raw/energy/measurements/20260825_014636_npu_double_gt_q22_k131072_max_uniform_s22131238_rep1_rapl.txt,3.45905,24.447909,7.06781,5.421215,5.695656,1.646595,0,rapl:package+core,19.902961,19.902961,2.846239,2.846239,4.47288743962,4.47288743962,21.26007,3.03409,0.116266,0,,,,0.040593
rapl,npu,double,gt,max,131072,4194304,uniform,22131238,2,bench/results/raw/energy/measurements/20260825_014636_npu_double_gt_q22_k131072_max_uniform_s22131238_rep2_rapl.txt,3.308802,23.932493,7.232979,5.421215,5.994768,1.811764,0,rapl:package+core,19.32294,19.32294,2.707356,2.707356,4.64578104246,4.64578104246,20.746929,2.902012,0.145042,0.010728,,,,0.040593
rapl,npu,double,gt,max,131072,4194304,uniform,22131238,3,bench/results/raw/energy/measurements/20260825_014636_npu_double_gt_q22_k131072_max_uniform_s22131238_rep3_rapl.txt,3.46335,24.657721,7.119615,5.421215,5.882154,1.6984,0,rapl:package+core,20.191188,20.191188,2.850278,2.850278,4.73921815223,4.73921815223,21.521332,3.038158,0.133981,0,,,,0.040593
rapl,npu,double,gt,max,256,4194304,uniform,22000422,1,bench/results/raw/energy/measurements/20260825_014636_npu_double_gt_q22_k256_max_uniform_s22000422_rep1_rapl.txt,0.368075,3.289732,8.937659,5.421215,1.294316,3.516444,0,rapl:package+core,0.705849,0.705849,0.076814,0.076814,0.28942379099,0.28942379099,2.318254,0.252006,0.025816,0.010875,,,,0.040593
rapl,npu,double,gt,max,256,4194304,uniform,22000422,2,bench/results/raw/energy/measurements/20260825_014636_npu_double_gt_q22_k256_max_uniform_s22000422_rep2_rapl.txt,0.365,3.346415,9.168254,5.421215,1.36767,3.747039,0,rapl:package+core,0.75095,0.75095,0.07673,0.07673,0.33498017305,0.33498017305,2.385634,0.25224,0.044493,0.029677,,,,0.040593
rapl,npu,double,gt,max,256,4194304,uniform,22000422,3,bench/results/raw/energy/measurements/20260825_014636_npu_double_gt_q22_k256_max_uniform_s22000422_rep3_rapl.txt,0.367123,3.281874,8.939448,5.421215,1.291623,3.518233,0,rapl:package+core,0.752697,0.752697,0.07659,0.07659,0.33748614315,0.33748614315,2.331025,0.25381,0.034544,0.019641,,,,0.040593
rapl,npu,double,gt,max,4096,4194304,uniform,22004262,1,bench/results/raw/energy/measurements/20260825_014636_npu_double_gt_q22_k4096_max_uniform_s22004262_rep1_rapl.txt,0.473629,4.179562,8.824557,5.421215,1.61192,3.403342,0,rapl:package+core,1.571463,1.571463,0.175641,0.175641,0.619275376185,0.619275376185,3.156239,0.350825,0.125665,0.106439,,,,0.040593
rapl,npu,double,gt,max,4096,4194304,uniform,22004262,2,bench/results/raw/energy/measurements/20260825_014636_npu_double_gt_q22_k4096_max_uniform_s22004262_rep2_rapl.txt,0.47425,4.0508,8.541485,5.421215,1.479788,3.12027,0,rapl:package+core,1.502423,1.502423,0.175948,0.175948,0.54857106318,0.54857106318,3.014218,0.350967,0.028945,0.009694,,,,0.040593
rapl,npu,double,gt,max,4096,4194304,uniform,22004262,3,bench/results/raw/energy/measurements/20260825_014636_npu_double_gt_q22_k4096_max_uniform_s22004262_rep3_rapl.txt,0.475306,4.145217,8.721162,5.421215,1.568483,3.299947,0,rapl:package+core,1.538965,1.538965,0.175318,0.175318,0.58852842863,0.58852842863,3.09272,0.352907,0.066891,0.047597,,,,0.040593
rapl,npu,double,gt,max,8,4194304,uniform,22000174,1,bench/results/raw/energy/measurements/20260825_014636_npu_double_gt_q22_k8_max_uniform_s22000174_rep1_rapl.txt,0.367041,3.313915,9.028741,5.421215,1.324109,3.607526,0,rapl:package+core,0.633207,0.633207,0.071201,0.071201,0.247211070785,0.247211070785,2.328051,0.248484,0.027815,0.012916,,,,0.040593
rapl,npu,double,gt,max,8,4194304,uniform,22000174,2,bench/results/raw/energy/measurements/20260825_014636_npu_double_gt_q22_k8_max_uniform_s22000174_rep2_rapl.txt,0.361101,3.320079,9.194319,5.421215,1.362472,3.773104,0,rapl:package+core,0.691734,0.691734,0.070848,0.070848,0.30765175968,0.30765175968,2.332979,0.246205,0.040007,0.025349,,,,0.040593
rapl,npu,double,gt,max,8,4194304,uniform,22000174,3,bench/results/raw/energy/measurements/20260825_014636_npu_double_gt_q22_k8_max_uniform_s22000174_rep3_rapl.txt,0.362007,3.30737,9.136195,5.421215,1.34485,3.71498,0,rapl:package+core,0.652034,0.652034,0.071195,0.071195,0.266070598075,0.266070598075,2.331392,0.249431,0.026884,0.012189,,,,0.040593
rapl,npu,double,gt,max,131072,8388608,uniform,23131241,1,bench/results/raw/energy/measurements/20260825_014636_npu_double_gt_q23_k131072_max_uniform_s23131241_rep1_rapl.txt,4.165131,30.208857,7.252798,5.421215,7.628785,1.831583,0,rapl:package+core,23.606175,23.606175,3.332587,3.332587,5.5395043668,5.5395043668,26.437186,3.661992,0.127969,0,,,,0.040593
rapl,npu,double,gt,max,131072,8388608,uniform,23131241,2,bench/results/raw/energy/measurements/20260825_014636_npu_double_gt_q23_k131072_max_uniform_s23131241_rep2_rapl.txt,4.159196,30.078507,7.231808,5.421215,7.530611,1.810593,0,rapl:package+core,23.65063,23.65063,3.333064,3.333064,5.58137344724,5.58137344724,26.287016,3.660421,0.117884,0,,,,0.040593
rapl,npu,double,gt,max,131072,8388608,uniform,23131241,3,bench/results/raw/energy/measurements/20260825_014636_npu_double_gt_q23_k131072_max_uniform_s23131241_rep3_rapl.txt,4.341786,31.474355,7.249172,5.421215,7.936598,1.827957,0,rapl:package+core,24.813825,24.813825,3.501798,3.501798,5.82982515543,5.82982515543,27.437469,3.820048,0.154456,0,,,,0.040593
rapl,npu,double,gt,max,256,8388608,uniform,23000425,1,bench/results/raw/energy/measurements/20260825_014636_npu_double_gt_q23_k256_max_uniform_s23000425_rep1_rapl.txt,0.585703,6.280376,10.722797,5.421215,3.105153,5.301582,0,rapl:package+core,1.63605,1.63605,0.145191,0.145191,0.848938372935,0.848938372935,4.938175,0.437887,0.046491,0.022716,,,,0.040593
rapl,npu,double,gt,max,256,8388608,uniform,23000425,2,bench/results/raw/energy/measurements/20260825_014636_npu_double_gt_q23_k256_max_uniform_s23000425_rep2_rapl.txt,0.584089,6.205002,10.623379,5.421215,3.038528,5.202164,0,rapl:package+core,1.61115,1.61115,0.145554,0.145554,0.82207047189,0.82207047189,4.89736,0.436674,0.042677,0.018967,,,,0.040593
rapl,npu,double,gt,max,256,8388608,uniform,23000425,3,bench/results/raw/energy/measurements/20260825_014636_npu_double_gt_q23_k256_max_uniform_s23000425_rep3_rapl.txt,0.584242,6.360984,10.887578,5.421215,3.193681,5.466363,0,rapl:package+core,1.577007,1.577007,0.14613,0.14613,0.78480485205,0.78480485205,5.037749,0.437704,0.081844,0.058128,,,,0.040593
rapl,npu,double,gt,max,4096,8388608,uniform,23004265,1,bench/results/raw/energy/measurements/20260825_014636_npu_double_gt_q23_k4096_max_uniform_s23004265_rep1_rapl.txt,0.728021,6.542493,8.98668,5.421215,2.595734,3.565465,0,rapl:package+core,2.259101,2.259101,0.260519,0.260519,0.846771489415,0.846771489415,5.166221,0.56802,0.040205,0.010652,,,,0.040593
rapl,npu,double,gt,max,4096,8388608,uniform,23004265,2,bench/results/raw/energy/measurements/20260825_014636_npu_double_gt_q23_k4096_max_uniform_s23004265_rep2_rapl.txt,0.738889,6.687718,9.051043,5.421215,2.682041,3.629828,0,rapl:package+core,2.252218,2.252218,0.261106,0.261106,0.83670623621,0.83670623621,5.30423,0.580213,0.068111,0.038117,,,,0.040593
rapl,npu,double,gt,max,4096,8388608,uniform,23004265,3,bench/results/raw/energy/measurements/20260825_014636_npu_double_gt_q23_k4096_max_uniform_s23004265_rep3_rapl.txt,0.740221,6.844709,9.246842,5.421215,2.83181,3.825627,0,rapl:package+core,2.32796,2.32796,0.261294,0.261294,0.91142904779,0.91142904779,5.361448,0.580008,0.107813,0.077765,,,,0.040593
rapl,npu,double,gt,max,8,8388608,uniform,23000177,1,bench/results/raw/energy/measurements/20260825_014636_npu_double_gt_q23_k8_max_uniform_s23000177_rep1_rapl.txt,0.57671,6.201263,10.752819,5.421215,3.074792,5.331604,0,rapl:package+core,1.526627,1.526627,0.138834,0.138834,0.77397803669,0.77397803669,4.880302,0.430049,0.050825,0.027415,,,,0.040593
rapl,npu,double,gt,max,8,8388608,uniform,23000177,2,bench/results/raw/energy/measurements/20260825_014636_npu_double_gt_q23_k8_max_uniform_s23000177_rep2_rapl.txt,0.581667,6.224227,10.700667,5.421215,3.070884,5.279452,0,rapl:package+core,1.582806,1.582806,0.138903,0.138903,0.829782972855,0.829782972855,4.896765,0.43415,0.046934,0.023322,,,,0.040593
rapl,npu,double,gt,max,8,8388608,uniform,23000177,3,bench/results/raw/energy/measurements/20260825_014636_npu_double_gt_q23_k8_max_uniform_s23000177_rep3_rapl.txt,0.573351,6.188156,10.792956,5.421215,3.079895,5.371741,0,rapl:package+core,1.592341,1.592341,0.13873,0.13873,0.84025584305,0.84025584305,4.850442,0.428053,0.039839,0.016565,,,,0.040593
rapl,npu,double,gt,max,131072,16777216,uniform,24131244,1,bench/results/raw/energy/measurements/20260825_014636_npu_double_gt_q24_k131072_max_uniform_s24131244_rep1_rapl.txt,5.600612,41.216741,7.359328,5.421215,10.854617,1.938113,0,rapl:package+core,31.002776,31.002776,4.341916,4.341916,7.46431585206,7.46431585206,36.230029,4.944152,0.178595,0,,,,0.040593
rapl,npu,double,gt,max,131072,16777216,uniform,24131244,2,bench/results/raw/energy/measurements/20260825_014636_npu_double_gt_q24_k131072_max_uniform_s24131244_rep2_rapl.txt,5.581613,41.231159,7.386961,5.421215,10.972035,1.965746,0,rapl:package+core,30.998686,30.998686,4.341873,4.341873,7.46045896431,7.46045896431,36.143288,4.92113,0.292678,0.066104,,,,0.040593
rapl,npu,double,gt,max,131072,16777216,uniform,24131244,3,bench/results/raw/energy/measurements/20260825_014636_npu_double_gt_q24_k131072_max_uniform_s24131244_rep3_rapl.txt,5.356266,39.523133,7.378859,5.421215,10.485663,1.957644,0,rapl:package+core,29.471024,29.471024,4.134493,4.134493,7.057048531,7.057048531,34.647179,4.719254,0.162284,0,,,,0.040593
rapl,npu,double,gt,max,256,16777216,uniform,24000428,1,bench/results/raw/energy/measurements/20260825_014636_npu_double_gt_q24_k256_max_uniform_s24000428_rep1_rapl.txt,1.044532,11.555464,11.062814,5.421215,5.892831,5.641599,0,rapl:package+core,3.225829,3.225829,0.283617,0.283617,1.68828026534,1.68828026534,9.505246,0.830073,0.05473,0.012329,,,,0.040593
rapl,npu,double,gt,max,256,16777216,uniform,24000428,2,bench/results/raw/energy/measurements/20260825_014636_npu_double_gt_q24_k256_max_uniform_s24000428_rep2_rapl.txt,1.054037,11.718266,11.117508,5.421215,6.004104,5.696293,0,rapl:package+core,3.416347,3.416347,0.282427,0.282427,1.8852495112,1.8852495112,9.686312,0.84008,0.084347,0.04156,,,,0.040593
rapl,npu,double,gt,max,256,16777216,uniform,24000428,3,bench/results/raw/energy/measurements/20260825_014636_npu_double_gt_q24_k256_max_uniform_s24000428_rep3_rapl.txt,1.040547,11.566266,11.115562,5.421215,5.925236,5.694347,0,rapl:package+core,3.359085,3.359085,0.282585,0.282585,1.82713095923,1.82713095923,9.527156,0.82509,0.064617,0.022378,,,,0.040593
rapl,npu,double,gt,max,4096,16777216,uniform,24004268,1,bench/results/raw/energy/measurements/20260825_014636_npu_double_gt_q24_k4096_max_uniform_s24004268_rep1_rapl.txt,1.222384,12.374421,10.123183,5.421215,5.747612,4.701968,0,rapl:package+core,4.516642,4.516642,0.415759,0.415759,2.26272307282,2.26272307282,10.268771,0.991358,0.086406,0.036786,,,,0.040593
rapl,npu,double,gt,max,4096,16777216,uniform,24004268,2,bench/results/raw/energy/measurements/20260825_014636_npu_double_gt_q24_k4096_max_uniform_s24004268_rep2_rapl.txt,1.198569,12.085068,10.082911,5.421215,5.587366,4.661696,0,rapl:package+core,4.291315,4.291315,0.415481,0.415481,2.03890317058,2.03890317058,9.966846,0.967228,0.043485,0,,,,0.040593
rapl,npu,double,gt,max,4096,16777216,uniform,24004268,3,bench/results/raw/energy/measurements/20260825_014636_npu_double_gt_q24_k4096_max_uniform_s24004268_rep3_rapl.txt,1.225789,12.2732,10.012489,5.421215,5.627934,4.591274,0,rapl:package+core,4.398606,4.398606,0.416495,0.416495,2.14069705857,2.14069705857,10.167946,0.994099,0.111612,0.061854,,,,0.040593
rapl,npu,double,gt,max,8,16777216,uniform,24000180,1,bench/results/raw/energy/measurements/20260825_014636_npu_double_gt_q24_k8_max_uniform_s24000180_rep1_rapl.txt,1.042084,11.604533,11.135896,5.421215,5.955174,5.714681,0,rapl:package+core,3.25818,3.25818,0.275052,0.275052,1.76706397182,1.76706397182,9.541529,0.823161,0.044675,0.002374,,,,0.040593
rapl,npu,double,gt,max,8,16777216,uniform,24000180,2,bench/results/raw/energy/measurements/20260825_014636_npu_double_gt_q24_k8_max_uniform_s24000180_rep2_rapl.txt,1.022646,11.376624,11.124692,5.421215,5.832639,5.703477,0,rapl:package+core,3.22133,3.22133,0.275067,0.275067,1.73013265359,1.73013265359,9.365864,0.808636,0.047972,0.00646,,,,0.040593
rapl,npu,double,gt,max,8,16777216,uniform,24000180,3,bench/results/raw/energy/measurements/20260825_014636_npu_double_gt_q24_k8_max_uniform_s24000180_rep3_rapl.txt,1.037526,11.475511,11.060455,5.421215,5.850859,5.63924,0,rapl:package+core,3.263973,3.263973,0.274856,0.274856,1.77391952996,1.77391952996,9.403917,0.817017,0.04968,0.007564,,,,0.040593
rapl,npu,double,map_reduce,max,256,65536,uniform,16000404,1,bench/results/raw/energy/measurements/20260825_014636_npu_double_map_reduce_q16_k256_max_uniform_s16000404_rep1_rapl.txt,0.153167,1.433092,9.356372,5.421215,0.602738,3.935157,0,rapl:package+core,0.31758,0.292084,0.028907,0.025691,0.160868937995,0.152807565435,0.31758,0.029488,0.026595,0.020377,,,,0.040593
rapl,npu,double,map_reduce,max,256,65536,uniform,16000404,2,bench/results/raw/energy/measurements/20260825_014636_npu_double_map_reduce_q16_k256_max_uniform_s16000404_rep2_rapl.txt,0.147728,1.381765,9.353457,5.421215,0.580901,3.932242,0,rapl:package+core,0.288407,0.226047,0.028884,0.025755,0.13182062594,0.086423607675,0.300888,0.029383,0.037885,0.031888,,,,0.040593
rapl,npu,double,map_reduce,max,256,65536,uniform,16000404,3,bench/results/raw/energy/measurements/20260825_014636_npu_double_map_reduce_q16_k256_max_uniform_s16000404_rep3_rapl.txt,0.141818,1.348181,9.506414,5.421215,0.579355,4.085199,0,rapl:package+core,0.290329,0.251238,0.028407,0.025577,0.136328545495,0.112579583945,0.305312,0.028985,0.032485,0.026728,,,,0.040593
rapl,npu,double,map_reduce,max,4096,65536,uniform,16004244,1,bench/results/raw/energy/measurements/20260825_014636_npu_double_map_reduce_q16_k4096_max_uniform_s16004244_rep1_rapl.txt,0.186243,1.723391,9.253475,5.421215,0.71373,3.83226,0,rapl:package+core,0.620421,0.574921,0.063442,0.060326,0.27648827797,0.24788078391,0.620421,0.064024,0.035505,0.027945,,,,0.040593
rapl,npu,double,map_reduce,max,4096,65536,uniform,16004244,2,bench/results/raw/energy/measurements/20260825_014636_npu_double_map_reduce_q16_k4096_max_uniform_s16004244_rep2_rapl.txt,0.181493,1.695332,9.341018,5.421215,0.711418,3.919803,0,rapl:package+core,0.613524,0.568193,0.064339,0.061274,0.264728448115,0.23601347209,0.613524,0.06493,0.035384,0.028017,,,,0.040593
rapl,npu,double,map_reduce,max,4096,65536,uniform,16004244,3,bench/results/raw/energy/measurements/20260825_014636_npu_double_map_reduce_q16_k4096_max_uniform_s16004244_rep3_rapl.txt,0.182979,1.701679,9.299878,5.421215,0.709713,3.878663,0,rapl:package+core,0.626982,0.566774,0.064581,0.061195,0.276874514085,0.235022748075,0.626982,0.065175,0.033339,0.025911,,,,0.040593
rapl,npu,double,map_reduce,max,8,65536,uniform,16000156,1,bench/results/raw/energy/measurements/20260825_014636_npu_double_map_reduce_q16_k8_max_uniform_s16000156_rep1_rapl.txt,0.147983,1.403217,9.482265,5.421215,0.600968,4.06105,0,rapl:package+core,0.275759,0.251011,0.027631,0.024539,0.125965408335,0.117979805115,0.288194,0.028197,0.030013,0.024006,,,,0.040593
rapl,npu,double,map_reduce,max,8,65536,uniform,16000156,2,bench/results/raw/energy/measurements/20260825_014636_npu_double_map_reduce_q16_k8_max_uniform_s16000156_rep2_rapl.txt,0.149591,1.43416,9.587194,5.421215,0.623194,4.165979,0,rapl:package+core,0.279191,0.229237,0.027835,0.024439,0.128291480475,0.096747926615,0.291946,0.028394,0.037488,0.031416,,,,0.040593
rapl,npu,double,map_reduce,max,8,65536,uniform,16000156,3,bench/results/raw/energy/measurements/20260825_014636_npu_double_map_reduce_q16_k8_max_uniform_s16000156_rep3_rapl.txt,0.145135,1.363288,9.393261,5.421215,0.576482,3.972046,0,rapl:package+core,0.280334,0.240251,0.027548,0.024648,0.13099036918,0.10662889268,0.305266,0.028128,0.025374,0.019483,,,,0.040593
rapl,npu,double,map_reduce,max,131072,131072,uniform,17131223,1,bench/results/raw/energy/measurements/20260825_014636_npu_double_map_reduce_q17_k131072_max_uniform_s17131223_rep1_rapl.txt,0.693224,5.850238,8.439169,5.421215,2.092119,3.017954,0,rapl:package+core,4.109116,4.040439,0.498069,0.492022,1.40897686617,1.37308195327,4.130555,0.49869,0.064114,0.035974,,,,0.040593
rapl,npu,double,map_reduce,max,131072,131072,uniform,17131223,2,bench/results/raw/energy/measurements/20260825_014636_npu_double_map_reduce_q17_k131072_max_uniform_s17131223_rep2_rapl.txt,0.701128,5.899963,8.414961,5.421215,2.098999,2.993746,0,rapl:package+core,4.080432,4.014382,0.499158,0.492362,1.37438916303,1.34518174017,4.08948,0.499771,0.067135,0.038674,,,,0.040593
rapl,npu,double,map_reduce,max,131072,131072,uniform,17131223,3,bench/results/raw/energy/measurements/20260825_014636_npu_double_map_reduce_q17_k131072_max_uniform_s17131223_rep3_rapl.txt,0.695767,5.830967,8.38063,5.421215,2.059064,2.959415,0,rapl:package+core,4.044362,3.994331,0.497416,0.492277,1.34776291956,1.32559154344,4.044362,0.497993,0.085704,0.057461,,,,0.040593
rapl,npu,double,map_reduce,max,256,131072,uniform,17000407,1,bench/results/raw/energy/measurements/20260825_014636_npu_double_map_reduce_q17_k256_max_uniform_s17000407_rep1_rapl.txt,0.153033,1.454148,9.502214,5.421215,0.624526,4.080999,0,rapl:package+core,0.348355,0.29663,0.03393,0.030614,0.16441317505,0.13066492399,0.360302,0.034496,0.028227,0.022015,,,,0.040593
rapl,npu,double,map_reduce,max,256,131072,uniform,17000407,2,bench/results/raw/energy/measurements/20260825_014636_npu_double_map_reduce_q17_k256_max_uniform_s17000407_rep2_rapl.txt,0.152841,1.420581,9.294482,5.421215,0.591995,3.873267,0,rapl:package+core,0.361706,0.349438,0.033929,0.030642,0.177769596265,0.18332112997,0.361706,0.034487,0.030607,0.024403,,,,0.040593
rapl,npu,double,map_reduce,max,256,131072,uniform,17000407,3,bench/results/raw/energy/measurements/20260825_014636_npu_double_map_reduce_q17_k256_max_uniform_s17000407_rep3_rapl.txt,0.152333,1.434801,9.418874,5.421215,0.608974,3.997659,0,rapl:package+core,0.336224,0.336224,0.033618,0.030235,0.15397359413,0.172313564475,0.362896,0.034192,0.034529,0.028345,,,,0.040593
rapl,npu,double,map_reduce,max,4096,131072,uniform,17004247,1,bench/results/raw/energy/measurements/20260825_014636_npu_double_map_reduce_q17_k4096_max_uniform_s17004247_rep1_rapl.txt,0.19675,1.823179,9.266479,5.421215,0.756555,3.845264,0,rapl:package+core,0.729699,0.695765,0.076018,0.072852,0.31758907813,0.30081864482,0.729699,0.076601,0.032759,0.024772,,,,0.040593
rapl,npu,double,map_reduce,max,4096,131072,uniform,17004247,2,bench/results/raw/energy/measurements/20260825_014636_npu_double_map_reduce_q17_k4096_max_uniform_s17004247_rep2_rapl.txt,0.199757,1.923775,9.630583,5.421215,0.84085,4.209368,0,rapl:package+core,0.749046,0.726724,0.07757,0.073998,0.32852235245,0.32556493243,0.759909,0.078154,0.055417,0.047308,,,,0.040593
rapl,npu,double,map_reduce,max,4096,131072,uniform,17004247,3,bench/results/raw/energy/measurements/20260825_014636_npu_double_map_reduce_q17_k4096_max_uniform_s17004247_rep3_rapl.txt,0.196726,1.834439,9.324827,5.421215,0.767943,3.903612,0,rapl:package+core,0.735054,0.701609,0.076593,0.073229,0.319826879505,0.304618846765,0.735054,0.077189,0.051282,0.043296,,,,0.040593
rapl,npu,double,map_reduce,max,8,131072,uniform,17000159,1,bench/results/raw/energy/measurements/20260825_014636_npu_double_map_reduce_q17_k8_max_uniform_s17000159_rep1_rapl.txt,0.147426,1.407062,9.544168,5.421215,0.607832,4.122953,0,rapl:package+core,0.362256,0.337721,0.032327,0.0291,0.187004382695,0.1799636435,0.362256,0.0329,0.023146,0.017162,,,,0.040593
rapl,npu,double,map_reduce,max,8,131072,uniform,17000159,2,bench/results/raw/energy/measurements/20260825_014636_npu_double_map_reduce_q17_k8_max_uniform_s17000159_rep2_rapl.txt,0.150607,1.451844,9.639974,5.421215,0.635373,4.218759,0,rapl:package+core,0.355496,0.343121,0.033155,0.029912,0.175755616675,0.18096161692,0.367946,0.033739,0.035429,0.029315,,,,0.040593
rapl,npu,double,map_reduce,max,8,131072,uniform,17000159,3,bench/results/raw/energy/measurements/20260825_014636_npu_double_map_reduce_q17_k8_max_uniform_s17000159_rep3_rapl.txt,0.150266,1.400806,9.322194,5.421215,0.586183,3.900979,0,rapl:package+core,0.338774,0.288591,0.032375,0.029173,0.163262164375,0.130437894805,0.338774,0.032954,0.033674,0.027574,,,,0.040593
rapl,npu,double,map_reduce,max,131072,262144,uniform,18131226,1,bench/results/raw/energy/measurements/20260825_014636_npu_double_map_reduce_q18_k131072_max_uniform_s18131226_rep1_rapl.txt,1.119934,9.475844,8.461071,5.421215,3.404439,3.039856,0,rapl:package+core,7.349214,7.300801,0.878633,0.872096,2.5859556009,2.57298108336,7.349214,0.879237,0.111093,0.065632,,,,0.040593
rapl,npu,double,map_reduce,max,131072,262144,uniform,18131226,2,bench/results/raw/energy/measurements/20260825_014636_npu_double_map_reduce_q18_k131072_max_uniform_s18131226_rep2_rapl.txt,1.121812,9.583031,8.54246,5.421215,3.501449,3.121245,0,rapl:package+core,7.304784,7.295675,0.877264,0.870399,2.54894724424,2.57705488521,7.31406,0.877894,0.103098,0.05756,,,,0.040593
rapl,npu,double,map_reduce,max,131072,262144,uniform,18131226,3,bench/results/raw/energy/measurements/20260825_014636_npu_double_map_reduce_q18_k131072_max_uniform_s18131226_rep3_rapl.txt,1.103031,9.567728,8.674032,5.421215,3.587959,3.252817,0,rapl:package+core,7.35724,7.328479,0.866157,0.859158,2.66161667925,2.67079876303,7.35724,0.866845,0.115869,0.071094,,,,0.040593
rapl,npu,double,map_reduce,max,256,262144,uniform,18000410,1,bench/results/raw/energy/measurements/20260825_014636_npu_double_map_reduce_q18_k256_max_uniform_s18000410_rep1_rapl.txt,0.162212,1.558116,9.605436,5.421215,0.67873,4.184221,0,rapl:package+core,0.480276,0.413005,0.043272,0.03991,0.24568918452,0.19664430935,0.480276,0.043826,0.036055,0.02947,,,,0.040593
rapl,npu,double,map_reduce,max,256,262144,uniform,18000410,2,bench/results/raw/energy/measurements/20260825_014636_npu_double_map_reduce_q18_k256_max_uniform_s18000410_rep2_rapl.txt,0.164298,1.584788,9.645839,5.421215,0.694095,4.224624,0,rapl:package+core,0.438836,0.377345,0.042355,0.038979,0.209220438675,0.166031460515,0.451271,0.04292,0.039915,0.033246,,,,0.040593
rapl,npu,double,map_reduce,max,256,262144,uniform,18000410,3,bench/results/raw/energy/measurements/20260825_014636_npu_double_map_reduce_q18_k256_max_uniform_s18000410_rep3_rapl.txt,0.161301,1.539181,9.542282,5.421215,0.664733,4.121067,0,rapl:package+core,0.449105,0.411236,0.043393,0.039954,0.213862217505,0.19463677589,0.473944,0.043959,0.031828,0.02528,,,,0.040593
rapl,npu,double,map_reduce,max,4096,262144,uniform,18004250,1,bench/results/raw/energy/measurements/20260825_014636_npu_double_map_reduce_q18_k4096_max_uniform_s18004250_rep1_rapl.txt,0.218705,2.030718,9.285175,5.421215,0.845069,3.86396,0,rapl:package+core,0.897872,0.863526,0.092627,0.089372,0.395721118195,0.37902117302,0.897872,0.093207,0.037687,0.028809,,,,0.040593
rapl,npu,double,map_reduce,max,4096,262144,uniform,18004250,2,bench/results/raw/energy/measurements/20260825_014636_npu_double_map_reduce_q18_k4096_max_uniform_s18004250_rep2_rapl.txt,0.216822,2.014178,9.28955,5.421215,0.83874,3.868335,0,rapl:package+core,0.867737,0.8564,0.092089,0.08865,0.368502731865,0.37580929025,0.879333,0.092664,0.042524,0.033723,,,,0.040593
rapl,npu,double,map_reduce,max,4096,262144,uniform,18004250,3,bench/results/raw/energy/measurements/20260825_014636_npu_double_map_reduce_q18_k4096_max_uniform_s18004250_rep3_rapl.txt,0.218836,2.04268,9.334313,5.421215,0.856325,3.913098,0,rapl:package+core,0.90483,0.870408,0.093136,0.089583,0.39991971976,0.384759296655,0.90483,0.093704,0.044767,0.035884,,,,0.040593
rapl,npu,double,map_reduce,max,8,262144,uniform,18000162,1,bench/results/raw/energy/measurements/20260825_014636_npu_double_map_reduce_q18_k8_max_uniform_s18000162_rep1_rapl.txt,0.161785,1.537381,9.502624,5.421215,0.66031,4.081409,0,rapl:package+core,0.433922,0.360226,0.042253,0.038833,0.204859402605,0.149703957905,0.446342,0.042817,0.028243,0.021676,,,,0.040593
rapl,npu,double,map_reduce,max,8,262144,uniform,18000162,2,bench/results/raw/energy/measurements/20260825_014636_npu_double_map_reduce_q18_k8_max_uniform_s18000162_rep2_rapl.txt,0.163133,1.551541,9.510888,5.421215,0.667161,4.089673,0,rapl:package+core,0.433709,0.40838,0.041217,0.037836,0.210262781345,0.20326290926,0.446144,0.041792,0.029509,0.022887,,,,0.040593
rapl,npu,double,map_reduce,max,8,262144,uniform,18000162,3,bench/results/raw/energy/measurements/20260825_014636_npu_double_map_reduce_q18_k8_max_uniform_s18000162_rep3_rapl.txt,0.161046,1.520795,9.443232,5.421215,0.64773,4.022017,0,rapl:package+core,0.435982,0.423287,0.041255,0.037869,0.212329775175,0.217991009165,0.448402,0.041828,0.028716,0.022179,,,,0.040593
rapl,npu,double,map_reduce,max,131072,524288,uniform,19131229,1,bench/results/raw/energy/measurements/20260825_014636_npu_double_map_reduce_q19_k131072_max_uniform_s19131229_rep1_rapl.txt,1.496922,12.7162,8.494895,5.421215,4.601061,3.07368,0,rapl:package+core,10.282504,10.221824,1.218577,1.212199,3.67633608894,3.65023259821,10.282504,1.219196,0.165519,0.104754,,,,0.040593
rapl,npu,double,map_reduce,max,131072,524288,uniform,19131229,2,bench/results/raw/energy/measurements/20260825_014636_npu_double_map_reduce_q19_k131072_max_uniform_s19131229_rep2_rapl.txt,1.493481,12.664918,8.480135,5.421215,4.568438,3.05892,0,rapl:package+core,10.265613,10.156063,1.21994,1.213102,3.6520559729,3.57957624107,10.265613,1.220599,0.087032,0.026407,,,,0.040593
rapl,npu,double,map_reduce,max,131072,524288,uniform,19131229,3,bench/results/raw/energy/measurements/20260825_014636_npu_double_map_reduce_q19_k131072_max_uniform_s19131229_rep3_rapl.txt,1.499172,13.275208,8.855028,5.421215,5.147876,3.433813,0,rapl:package+core,10.83205,10.758399,1.222234,1.215453,4.20605670569,4.16916696461,10.841098,1.222858,0.145973,0.085117,,,,0.040593
rapl,npu,double,map_reduce,max,256,524288,uniform,19000413,1,bench/results/raw/energy/measurements/20260825_014636_npu_double_map_reduce_q19_k256_max_uniform_s19000413_rep1_rapl.txt,0.184499,1.770905,9.598439,5.421215,0.770695,4.177224,0,rapl:package+core,0.634291,0.596222,0.061035,0.057591,0.303407142475,0.284008806935,0.646955,0.061635,0.043226,0.035737,,,,0.040593
rapl,npu,double,map_reduce,max,256,524288,uniform,19000413,2,bench/results/raw/energy/measurements/20260825_014636_npu_double_map_reduce_q19_k256_max_uniform_s19000413_rep2_rapl.txt,0.179792,1.740969,9.683218,5.421215,0.766276,4.262003,0,rapl:package+core,0.652982,0.577227,0.061204,0.057973,0.32118195714,0.262942902805,0.652982,0.061773,0.037504,0.030206,,,,0.040593
rapl,npu,double,map_reduce,max,256,524288,uniform,19000413,3,bench/results/raw/energy/measurements/20260825_014636_npu_double_map_reduce_q19_k256_max_uniform_s19000413_rep3_rapl.txt,0.18353,1.775086,9.671895,5.421215,0.780129,4.25068,0,rapl:package+core,0.651288,0.601364,0.060225,0.057173,0.324795326625,0.291416874805,0.651288,0.060818,0.049451,0.042001,,,,0.040593
rapl,npu,double,map_reduce,max,4096,524288,uniform,19004253,1,bench/results/raw/energy/measurements/20260825_014636_npu_double_map_reduce_q19_k4096_max_uniform_s19004253_rep1_rapl.txt,0.243171,2.287891,9.408551,5.421215,0.969606,3.987336,0,rapl:package+core,1.156267,1.144061,0.117909,0.113991,0.517056960565,0.526091280935,1.156267,0.118489,0.049756,0.039885,,,,0.040593
rapl,npu,double,map_reduce,max,4096,524288,uniform,19004253,2,bench/results/raw/energy/measurements/20260825_014636_npu_double_map_reduce_q19_k4096_max_uniform_s19004253_rep2_rapl.txt,0.24849,2.315112,9.316726,5.421215,0.967995,3.895511,0,rapl:package+core,1.127292,1.127292,0.118037,0.11408,0.487388045045,0.5088397928,1.138995,0.11862,0.043013,0.032926,,,,0.040593
rapl,npu,double,map_reduce,max,4096,524288,uniform,19004253,3,bench/results/raw/energy/measurements/20260825_014636_npu_double_map_reduce_q19_k4096_max_uniform_s19004253_rep3_rapl.txt,0.242958,2.279759,9.383343,5.421215,0.962631,3.962128,0,rapl:package+core,1.14673,1.111026,0.117072,0.113374,0.51205751752,0.49640117059,1.14673,0.117662,0.043088,0.033226,,,,0.040593
rapl,npu,double,map_reduce,max,8,524288,uniform,19000165,1,bench/results/raw/energy/measurements/20260825_014636_npu_double_map_reduce_q19_k8_max_uniform_s19000165_rep1_rapl.txt,0.181399,1.765015,9.730009,5.421215,0.781611,4.308794,0,rapl:package+core,0.610839,0.491827,0.059051,0.055694,0.290710833035,0.18989785179,0.623503,0.059631,0.043607,0.036243,,,,0.040593
rapl,npu,double,map_reduce,max,8,524288,uniform,19000165,2,bench/results/raw/energy/measurements/20260825_014636_npu_double_map_reduce_q19_k8_max_uniform_s19000165_rep2_rapl.txt,0.187797,1.780883,9.483006,5.421215,0.762793,4.061791,0,rapl:package+core,0.640485,0.640485,0.059768,0.056285,0.31646982188,0.335351913725,0.640485,0.060356,0.037641,0.030018,,,,0.040593
rapl,npu,double,map_reduce,max,8,524288,uniform,19000165,3,bench/results/raw/energy/measurements/20260825_014636_npu_double_map_reduce_q19_k8_max_uniform_s19000165_rep3_rapl.txt,0.180936,1.75943,9.724041,5.421215,0.778537,4.302826,0,rapl:package+core,0.649305,0.611586,0.059874,0.056468,0.32471517309,0.30546083138,0.662152,0.060447,0.039487,0.032142,,,,0.040593
rapl,npu,double,map_reduce,max,131072,1048576,uniform,20131232,1,bench/results/raw/energy/measurements/20260825_014636_npu_double_map_reduce_q20_k131072_max_uniform_s20131232_rep1_rapl.txt,1.88863,16.228652,8.592816,5.421215,5.989982,3.171601,0,rapl:package+core,13.249818,13.176715,1.572511,1.56539,4.72489777913,4.69039925115,13.268021,1.573154,0.117059,0.040394,,,,0.040593
rapl,npu,double,map_reduce,max,131072,1048576,uniform,20131232,2,bench/results/raw/energy/measurements/20260825_014636_npu_double_map_reduce_q20_k131072_max_uniform_s20131232_rep2_rapl.txt,1.887228,16.027339,8.492529,5.421215,5.79627,3.071314,0,rapl:package+core,13.221165,13.175102,1.573394,1.566532,4.69145784629,4.68259522362,13.248507,1.574016,0.146339,0.069731,,,,0.040593
rapl,npu,double,map_reduce,max,131072,1048576,uniform,20131232,3,bench/results/raw/energy/measurements/20260825_014636_npu_double_map_reduce_q20_k131072_max_uniform_s20131232_rep3_rapl.txt,1.891745,16.254912,8.592549,5.421215,5.999355,3.171334,0,rapl:package+core,13.366511,13.329861,1.577641,1.570701,4.81377994618,4.81475317828,13.375544,1.5783,0.098948,0.022156,,,,0.040593
rapl,npu,double,map_reduce,max,256,1048576,uniform,20000416,1,bench/results/raw/energy/measurements/20260825_014636_npu_double_map_reduce_q20_k256_max_uniform_s20000416_rep1_rapl.txt,0.230132,2.25321,9.790932,5.421215,1.005613,4.369717,0,rapl:package+core,1.024499,0.963162,0.097114,0.093511,0.49802312649,0.456218764135,1.036751,0.097706,0.041196,0.031854,,,,0.040593
rapl,npu,double,map_reduce,max,256,1048576,uniform,20000416,2,bench/results/raw/energy/measurements/20260825_014636_npu_double_map_reduce_q20_k256_max_uniform_s20000416_rep2_rapl.txt,0.220694,2.188593,9.916853,5.421215,0.992162,4.495638,0,rapl:package+core,1.027214,1.014535,0.095172,0.091685,0.51126612602,0.517490902725,1.027214,0.095752,0.043668,0.034709,,,,0.040593
rapl,npu,double,map_reduce,max,256,1048576,uniform,20000416,3,bench/results/raw/energy/measurements/20260825_014636_npu_double_map_reduce_q20_k256_max_uniform_s20000416_rep3_rapl.txt,0.22754,2.38388,10.47674,5.421215,1.150335,5.055525,0,rapl:package+core,1.146898,1.074209,0.099165,0.095508,0.609303214525,0.55643959778,1.163453,0.099734,0.056348,0.047111,,,,0.040593
rapl,npu,double,map_reduce,max,4096,1048576,uniform,20004256,1,bench/results/raw/energy/measurements/20260825_014636_npu_double_map_reduce_q20_k4096_max_uniform_s20004256_rep1_rapl.txt,0.292856,2.799782,9.560277,5.421215,1.212148,4.139062,0,rapl:package+core,1.550915,1.515471,0.158561,0.154946,0.691321728385,0.67547542061,1.562541,0.159159,0.050977,0.039089,,,,0.040593
rapl,npu,double,map_reduce,max,4096,1048576,uniform,20004256,2,bench/results/raw/energy/measurements/20260825_014636_npu_double_map_reduce_q20_k4096_max_uniform_s20004256_rep2_rapl.txt,0.295193,2.823615,9.565312,5.421215,1.223309,4.144097,0,rapl:package+core,1.557002,1.511046,0.158549,0.154981,0.697473782965,0.670860678085,1.557002,0.159142,0.050519,0.038536,,,,0.040593
rapl,npu,double,map_reduce,max,4096,1048576,uniform,20004256,3,bench/results/raw/energy/measurements/20260825_014636_npu_double_map_reduce_q20_k4096_max_uniform_s20004256_rep3_rapl.txt,0.2974,2.857701,9.608932,5.421215,1.245429,4.187717,0,rapl:package+core,1.582621,1.559276,0.157887,0.154277,0.726681627295,0.722907213445,1.582621,0.158471,0.056729,0.044657,,,,0.040593
rapl,npu,double,map_reduce,max,8,1048576,uniform,20000168,1,bench/results/raw/energy/measurements/20260825_014636_npu_double_map_reduce_q20_k8_max_uniform_s20000168_rep1_rapl.txt,0.220393,2.169031,9.841632,5.421215,0.974231,4.420417,0,rapl:package+core,1.009621,0.983988,0.095546,0.092034,0.49164559161,0.48505189869,1.02195,0.096128,0.033858,0.024912,,,,0.040593
rapl,npu,double,map_reduce,max,8,1048576,uniform,20000168,2,bench/results/raw/energy/measurements/20260825_014636_npu_double_map_reduce_q20_k8_max_uniform_s20000168_rep2_rapl.txt,0.227675,2.227226,9.782471,5.421215,0.99295,4.361256,0,rapl:package+core,1.005594,0.992671,0.09474,0.091188,0.4919880909,0.49832124658,1.005594,0.095309,0.054151,0.044909,,,,0.040593
rapl,npu,double,map_reduce,max,8,1048576,uniform,20000168,3,bench/results/raw/energy/measurements/20260825_014636_npu_double_map_reduce_q20_k8_max_uniform_s20000168_rep3_rapl.txt,0.222815,2.185831,9.810059,5.421215,0.977901,4.388844,0,rapl:package+core,1.013559,0.964199,0.094298,0.090768,0.50234926793,0.47212615688,1.026009,0.094875,0.039808,0.030763,,,,0.040593
rapl,npu,double,map_reduce,max,131072,2097152,uniform,21131235,1,bench/results/raw/energy/measurements/20260825_014636_npu_double_map_reduce_q21_k131072_max_uniform_s21131235_rep1_rapl.txt,2.324589,20.362503,8.759614,5.421215,7.760406,3.338399,0,rapl:package+core,17.220713,17.184444,1.970039,1.961693,6.54070802262,6.549684483,17.220713,1.970679,0.136864,0.042502,,,,0.040593
rapl,npu,double,map_reduce,max,131072,2097152,uniform,21131235,2,bench/results/raw/energy/measurements/20260825_014636_npu_double_map_reduce_q21_k131072_max_uniform_s21131235_rep2_rapl.txt,2.344546,20.31946,8.666693,5.421215,7.609172,3.245478,0,rapl:package+core,17.0492,16.88382,1.981541,1.974452,6.30684020768,6.17989120082,17.08568,1.98218,0.08546,0,,,,0.040593
rapl,npu,double,map_reduce,max,131072,2097152,uniform,21131235,3,bench/results/raw/energy/measurements/20260825_014636_npu_double_map_reduce_q21_k131072_max_uniform_s21131235_rep3_rapl.txt,2.340973,20.506401,8.759777,5.421215,7.815484,3.338562,0,rapl:package+core,17.201548,17.113598,1.979213,1.972376,6.4718087962,6.42092364316,17.201548,1.979848,0.13572,0.040693,,,,0.040593
rapl,npu,double,map_reduce,max,256,2097152,uniform,21000419,1,bench/results/raw/energy/measurements/20260825_014636_npu_double_map_reduce_q21_k256_max_uniform_s21000419_rep1_rapl.txt,0.322196,3.35116,10.400998,5.421215,1.604466,4.979783,0,rapl:package+core,2.048951,1.990879,0.183248,0.178985,1.05552419368,1.02056283323,2.048951,0.183831,0.054059,0.04098,,,,0.040593
rapl,npu,double,map_reduce,max,256,2097152,uniform,21000419,2,bench/results/raw/energy/measurements/20260825_014636_npu_double_map_reduce_q21_k256_max_uniform_s21000419_rep2_rapl.txt,0.328505,3.419867,10.410387,5.421215,1.638969,4.989172,0,rapl:package+core,2.050354,2.020997,0.183762,0.179513,1.05414068917,1.0478184317,2.050354,0.184344,0.059323,0.045988,,,,0.040593
rapl,npu,double,map_reduce,max,256,2097152,uniform,21000419,3,bench/results/raw/energy/measurements/20260825_014636_npu_double_map_reduce_q21_k256_max_uniform_s21000419_rep3_rapl.txt,0.328846,3.547989,10.78922,5.421215,1.765246,5.368005,0,rapl:package+core,2.020358,1.97701,0.183921,0.179691,1.02328271598,1.00286645543,2.034472,0.1845,0.101831,0.088482,,,,0.040593
rapl,npu,double,map_reduce,max,4096,2097152,uniform,21004259,1,bench/results/raw/energy/measurements/20260825_014636_npu_double_map_reduce_q21_k4096_max_uniform_s21004259_rep1_rapl.txt,0.385504,3.924052,10.179005,5.421215,1.834149,4.75779,0,rapl:package+core,2.543951,2.482095,0.236337,0.231882,1.26271731054,1.22501282337,2.543951,0.23693,0.068646,0.052997,,,,0.040593
rapl,npu,double,map_reduce,max,4096,2097152,uniform,21004259,2,bench/results/raw/energy/measurements/20260825_014636_npu_double_map_reduce_q21_k4096_max_uniform_s21004259_rep2_rapl.txt,0.38404,3.950785,10.287434,5.421215,1.868822,4.866219,0,rapl:package+core,2.529485,2.492056,0.235277,0.230855,1.25399779845,1.24054141117,2.541631,0.235852,0.072735,0.057146,,,,0.040593
rapl,npu,double,map_reduce,max,4096,2097152,uniform,21004259,3,bench/results/raw/energy/measurements/20260825_014636_npu_double_map_reduce_q21_k4096_max_uniform_s21004259_rep3_rapl.txt,0.384853,4.000663,10.395305,5.421215,1.914293,4.97409,0,rapl:package+core,2.542547,2.502908,0.236377,0.231738,1.26109646194,1.24660647833,2.542547,0.236962,0.07423,0.058608,,,,0.040593
rapl,npu,double,map_reduce,max,8,2097152,uniform,21000171,1,bench/results/raw/energy/measurements/20260825_014636_npu_double_map_reduce_q21_k8_max_uniform_s21000171_rep1_rapl.txt,0.323577,3.313671,10.240759,5.421215,1.559492,4.819544,0,rapl:package+core,2.002002,1.931205,0.181813,0.177574,1.01635463721,0.96853816759,2.002002,0.182387,0.053022,0.039887,,,,0.040593
rapl,npu,double,map_reduce,max,8,2097152,uniform,21000171,2,bench/results/raw/energy/measurements/20260825_014636_npu_double_map_reduce_q21_k8_max_uniform_s21000171_rep2_rapl.txt,0.323918,3.313016,10.227958,5.421215,1.556989,4.806743,0,rapl:package+core,1.980015,1.93685,0.182328,0.178054,0.99157571148,0.97158098439,1.993732,0.182906,0.064892,0.051743,,,,0.040593
rapl,npu,double,map_reduce,max,8,2097152,uniform,21000171,3,bench/results/raw/energy/measurements/20260825_014636_npu_double_map_reduce_q21_k8_max_uniform_s21000171_rep3_rapl.txt,0.321933,3.322048,10.319073,5.421215,1.576781,4.897858,0,rapl:package+core,2.038057,1.952398,0.183506,0.179086,1.04323152021,0.98153429051,2.038057,0.184085,0.061001,0.047933,,,,0.040593
rapl,npu,double,map_reduce,max,131072,4194304,uniform,22131238,1,bench/results/raw/energy/measurements/20260825_014636_npu_double_map_reduce_q22_k131072_max_uniform_s22131238_rep1_rapl.txt,2.911497,25.999571,8.929966,5.421215,10.215719,3.508751,0,rapl:package+core,22.188977,22.143005,2.500913,2.492635,8.63098993071,8.62989474847,22.188977,2.501554,0.186086,0.0679,,,,0.040593
rapl,npu,double,map_reduce,max,131072,4194304,uniform,22131238,2,bench/results/raw/energy/measurements/20260825_014636_npu_double_map_reduce_q22_k131072_max_uniform_s22131238_rep2_rapl.txt,2.933524,25.983596,8.857469,5.421215,10.080332,3.436254,0,rapl:package+core,22.240504,22.204113,2.518052,2.508793,8.58960272682,8.60340675651,22.249521,2.518716,0.171393,0.052312,,,,0.040593
rapl,npu,double,map_reduce,max,131072,4194304,uniform,22131238,3,bench/results/raw/energy/measurements/20260825_014636_npu_double_map_reduce_q22_k131072_max_uniform_s22131238_rep3_rapl.txt,2.930574,26.003584,8.873206,5.421215,10.116314,3.451991,0,rapl:package+core,22.25741,22.229823,2.51365,2.504365,8.63037291525,8.65312189652,22.25741,2.514297,0.190511,0.07155,,,,0.040593
rapl,npu,double,map_reduce,max,256,4194304,uniform,22000422,1,bench/results/raw/energy/measurements/20260825_014636_npu_double_map_reduce_q22_k256_max_uniform_s22000422_rep1_rapl.txt,0.512402,5.574464,10.879087,5.421215,2.796624,5.457872,0,rapl:package+core,3.932292,3.895125,0.346095,0.340912,2.05603659457,2.04696775192,3.956918,0.346691,0.115519,0.094719,,,,0.040593
rapl,npu,double,map_reduce,max,256,4194304,uniform,22000422,2,bench/results/raw/energy/measurements/20260825_014636_npu_double_map_reduce_q22_k256_max_uniform_s22000422_rep2_rapl.txt,0.509029,5.628905,11.058124,5.421215,2.86935,5.636909,0,rapl:package+core,4.000327,3.975106,0.343548,0.338447,2.13787942918,2.14031204689,4.012885,0.344141,0.106745,0.086082,,,,0.040593
rapl,npu,double,map_reduce,max,256,4194304,uniform,22000422,3,bench/results/raw/energy/measurements/20260825_014636_npu_double_map_reduce_q22_k256_max_uniform_s22000422_rep3_rapl.txt,0.503166,5.73475,11.397338,5.421215,3.00698,5.976123,0,rapl:package+core,4.170652,4.116517,0.342463,0.337457,2.31408644745,2.28709004975,4.170652,0.343065,0.134682,0.114257,,,,0.040593
rapl,npu,double,map_reduce,max,4096,4194304,uniform,22004262,1,bench/results/raw/energy/measurements/20260825_014636_npu_double_map_reduce_q22_k4096_max_uniform_s22004262_rep1_rapl.txt,0.58444,6.333962,10.837669,5.421215,3.16559,5.416454,0,rapl:package+core,4.63764,4.58706,0.411041,0.405851,2.40929836519,2.38685447103,4.650212,0.411651,0.121683,0.097959,,,,0.040593
rapl,npu,double,map_reduce,max,4096,4194304,uniform,22004262,2,bench/results/raw/energy/measurements/20260825_014636_npu_double_map_reduce_q22_k4096_max_uniform_s22004262_rep2_rapl.txt,0.587506,6.564281,11.173134,5.421215,3.379286,5.751919,0,rapl:package+core,4.804973,4.744352,0.413061,0.407836,2.56568051089,2.53338535926,4.834284,0.413648,0.171775,0.147926,,,,0.040593
rapl,npu,double,map_reduce,max,4096,4194304,uniform,22004262,3,bench/results/raw/energy/measurements/20260825_014636_npu_double_map_reduce_q22_k4096_max_uniform_s22004262_rep3_rapl.txt,0.581428,6.30134,10.837695,5.421215,3.149294,5.41648,0,rapl:package+core,4.641377,4.604087,0.409378,0.404215,2.42205084573,2.41275057877,4.653812,0.409959,0.115351,0.091749,,,,0.040593
rapl,npu,double,map_reduce,max,8,4194304,uniform,22000174,1,bench/results/raw/energy/measurements/20260825_014636_npu_double_map_reduce_q22_k8_max_uniform_s22000174_rep1_rapl.txt,0.521905,5.661802,10.848344,5.421215,2.832444,5.427129,0,rapl:package+core,4.071338,3.960596,0.35925,0.354001,2.12376651125,2.04148046878,4.095934,0.359838,0.118097,0.096911,,,,0.040593
rapl,npu,double,map_reduce,max,8,4194304,uniform,22000174,2,bench/results/raw/energy/measurements/20260825_014636_npu_double_map_reduce_q22_k8_max_uniform_s22000174_rep2_rapl.txt,0.528002,5.773459,10.934535,5.421215,2.911045,5.51332,0,rapl:package+core,4.119858,4.082354,0.356324,0.351471,2.18814898634,2.17695414273,4.119858,0.356919,0.105189,0.083756,,,,0.040593
rapl,npu,double,map_reduce,max,8,4194304,uniform,22000174,3,bench/results/raw/energy/measurements/20260825_014636_npu_double_map_reduce_q22_k8_max_uniform_s22000174_rep3_rapl.txt,0.52239,5.711665,10.93371,5.421215,2.879675,5.512495,0,rapl:package+core,4.08205,4.057134,0.355917,0.351085,2.15254742084,2.15382673172,4.094607,0.356511,0.099894,0.078689,,,,0.040593
rapl,npu,double,map_reduce,max,131072,8388608,uniform,23131241,1,bench/results/raw/energy/measurements/20260825_014636_npu_double_map_reduce_q23_k131072_max_uniform_s23131241_rep1_rapl.txt,3.692779,34.451237,9.329352,5.421215,14.431888,3.908137,0,rapl:package+core,29.65444,29.617271,3.190142,3.181531,12.3599943375,12.3695074198,29.682105,3.190821,0.317732,0.167831,,,,0.040593
rapl,npu,double,map_reduce,max,131072,8388608,uniform,23131241,2,bench/results/raw/energy/measurements/20260825_014636_npu_double_map_reduce_q23_k131072_max_uniform_s23131241_rep2_rapl.txt,3.689393,34.124014,9.249222,5.421215,14.123022,3.828007,0,rapl:package+core,29.515152,29.381476,3.188677,3.179938,12.2286484174,12.1423484153,29.524337,3.189344,0.302719,0.152955,,,,0.040593
rapl,npu,double,map_reduce,max,131072,8388608,uniform,23131241,3,bench/results/raw/energy/measurements/20260825_014636_npu_double_map_reduce_q23_k131072_max_uniform_s23131241_rep3_rapl.txt,3.686855,34.055094,9.236896,5.421215,14.067863,3.815681,0,rapl:package+core,29.40357,29.348535,3.186037,3.177606,12.131378425,12.1220496887,29.422154,3.186706,0.254656,0.104996,,,,0.040593
rapl,npu,double,map_reduce,max,256,8388608,uniform,23000425,1,bench/results/raw/energy/measurements/20260825_014636_npu_double_map_reduce_q23_k256_max_uniform_s23000425_rep1_rapl.txt,0.91094,10.492911,11.518768,5.421215,5.554507,6.097553,0,rapl:package+core,8.340618,8.250579,0.696085,0.68989,4.56699155672,4.51053698365,8.340618,0.6967,0.228153,0.191175,,,,0.040593
rapl,npu,double,map_reduce,max,256,8388608,uniform,23000425,2,bench/results/raw/energy/measurements/20260825_014636_npu_double_map_reduce_q23_k256_max_uniform_s23000425_rep2_rapl.txt,0.911338,10.675977,11.714614,5.421215,5.735416,6.293399,0,rapl:package+core,8.47797,8.439169,0.699069,0.69261,4.68816665116,4.68438127885,8.490924,0.699673,0.262911,0.225917,,,,0.040593
rapl,npu,double,map_reduce,max,256,8388608,uniform,23000425,3,bench/results/raw/energy/measurements/20260825_014636_npu_double_map_reduce_q23_k256_max_uniform_s23000425_rep3_rapl.txt,0.909929,10.609086,11.659242,5.421215,5.676164,6.238027,0,rapl:package+core,8.398918,8.321424,0.696879,0.690568,4.62098711201,4.57770639988,8.398918,0.697485,0.243121,0.206184,,,,0.040593
rapl,npu,double,map_reduce,max,4096,8388608,uniform,23004265,1,bench/results/raw/energy/measurements/20260825_014636_npu_double_map_reduce_q23_k4096_max_uniform_s23004265_rep1_rapl.txt,0.955529,10.912277,11.420145,5.421215,5.73215,5.99893,0,rapl:package+core,8.683633,8.554778,0.738472,0.731753,4.68021751652,4.58778766011,8.683633,0.739063,0.292847,0.254059,,,,0.040593
rapl,npu,double,map_reduce,max,4096,8388608,uniform,23004265,2,bench/results/raw/energy/measurements/20260825_014636_npu_double_map_reduce_q23_k4096_max_uniform_s23004265_rep2_rapl.txt,0.96035,10.985638,11.439199,5.421215,5.779373,6.017984,0,rapl:package+core,8.718299,8.628993,0.738397,0.731864,4.71529010765,4.66140090524,8.718299,0.738995,0.252169,0.213186,,,,0.040593
rapl,npu,double,map_reduce,max,4096,8388608,uniform,23004265,3,bench/results/raw/energy/measurements/20260825_014636_npu_double_map_reduce_q23_k4096_max_uniform_s23004265_rep3_rapl.txt,0.961638,10.999538,11.438339,5.421215,5.786293,6.017124,0,rapl:package+core,8.738393,8.71279,0.739464,0.732564,4.72959967124,4.74140305474,8.738393,0.740065,0.244357,0.205321,,,,0.040593
rapl,npu,double,map_reduce,max,8,8388608,uniform,23000177,1,bench/results/raw/energy/measurements/20260825_014636_npu_double_map_reduce_q23_k8_max_uniform_s23000177_rep1_rapl.txt,0.908047,10.791831,11.884665,5.421215,5.869114,6.46345,0,rapl:package+core,8.540726,8.462893,0.693884,0.687549,4.77903165094,4.73554204796,8.540726,0.694481,0.316374,0.279514,,,,0.040593
rapl,npu,double,map_reduce,max,8,8388608,uniform,23000177,2,bench/results/raw/energy/measurements/20260825_014636_npu_double_map_reduce_q23_k8_max_uniform_s23000177_rep2_rapl.txt,0.914476,10.600815,11.592233,5.421215,5.643246,6.171018,0,rapl:package+core,8.361399,8.332974,0.695747,0.689373,4.5896049274,4.5957347518,8.387139,0.696352,0.25696,0.219839,,,,0.040593
rapl,npu,double,map_reduce,max,8,8388608,uniform,23000177,3,bench/results/raw/energy/measurements/20260825_014636_npu_double_map_reduce_q23_k8_max_uniform_s23000177_rep3_rapl.txt,0.914802,10.536732,11.518052,5.421215,5.577396,6.096837,0,rapl:package+core,8.323696,8.220217,0.693649,0.687071,4.56327563647,4.49545738873,8.323696,0.694245,0.266938,0.229803,,,,0.040593
rapl,npu,double,map_reduce,max,131072,16777216,uniform,24131244,1,bench/results/raw/energy/measurements/20260825_014636_npu_double_map_reduce_q24_k131072_max_uniform_s24131244_rep1_rapl.txt,4.700437,45.907736,9.766696,5.421215,20.425657,4.345481,0,rapl:package+core,39.913235,39.839048,4.080655,4.071649,17.7911269042,17.7657633665,39.913235,4.081315,0.586869,0.396064,,,,0.040593
rapl,npu,double,map_reduce,max,131072,16777216,uniform,24131244,2,bench/results/raw/energy/measurements/20260825_014636_npu_double_map_reduce_q24_k131072_max_uniform_s24131244_rep2_rapl.txt,4.695257,45.995226,9.796104,5.421215,20.541227,4.374889,0,rapl:package+core,39.872053,39.824295,4.068236,4.058565,17.8172709733,17.8219415435,39.881238,4.068905,0.684611,0.494016,,,,0.040593
rapl,npu,double,map_reduce,max,131072,16777216,uniform,24131244,3,bench/results/raw/energy/measurements/20260825_014636_npu_double_map_reduce_q24_k131072_max_uniform_s24131244_rep3_rapl.txt,4.706213,45.991228,9.772449,5.421215,20.477836,4.351234,0,rapl:package+core,39.863218,39.779634,4.085693,4.07694,17.713797823,17.6776657179,39.89079,4.086409,0.51958,0.328541,,,,0.040593
rapl,npu,double,map_reduce,max,256,16777216,uniform,24000428,1,bench/results/raw/energy/measurements/20260825_014636_npu_double_map_reduce_q24_k256_max_uniform_s24000428_rep1_rapl.txt,1.716092,19.957891,11.629852,5.421215,10.654589,6.208637,0,rapl:package+core,16.630976,16.542112,1.397902,1.390485,9.05264870907,9.00399386073,16.630976,1.398549,0.376262,0.306601,,,,0.040593
rapl,npu,double,map_reduce,max,256,16777216,uniform,24000428,2,bench/results/raw/energy/measurements/20260825_014636_npu_double_map_reduce_q24_k256_max_uniform_s24000428_rep2_rapl.txt,1.708991,20.180109,11.808201,5.421215,10.915301,6.386986,0,rapl:package+core,16.800035,16.696875,1.388346,1.381038,9.27351283961,9.20997107883,16.800035,1.388985,0.418772,0.349399,,,,0.040593
rapl,npu,double,map_reduce,max,256,16777216,uniform,24000428,3,bench/results/raw/energy/measurements/20260825_014636_npu_double_map_reduce_q24_k256_max_uniform_s24000428_rep3_rapl.txt,1.695107,19.981877,11.787971,5.421215,10.792335,6.366756,0,rapl:package+core,16.667564,16.629373,1.384094,1.377124,9.16409284579,9.16368771434,16.667564,1.384718,0.459128,0.390319,,,,0.040593
rapl,npu,double,map_reduce,max,4096,16777216,uniform,24004268,1,bench/results/raw/energy/measurements/20260825_014636_npu_double_map_reduce_q24_k4096_max_uniform_s24004268_rep1_rapl.txt,1.732535,20.528938,11.849075,5.421215,11.136493,6.42786,0,rapl:package+core,17.143553,17.026678,1.415856,1.408155,9.46789321496,9.39276699167,17.156385,1.416498,0.470771,0.400442,,,,0.040593
rapl,npu,double,map_reduce,max,4096,16777216,uniform,24004268,2,bench/results/raw/energy/measurements/20260825_014636_npu_double_map_reduce_q24_k4096_max_uniform_s24004268_rep2_rapl.txt,1.73321,20.243826,11.679964,5.421215,10.847724,6.258749,0,rapl:package+core,16.847746,16.771257,1.413457,1.405696,9.18509170975,9.15067675936,16.873028,1.414109,0.377162,0.306806,,,,0.040593
rapl,npu,double,map_reduce,max,4096,16777216,uniform,24004268,3,bench/results/raw/energy/measurements/20260825_014636_npu_double_map_reduce_q24_k4096_max_uniform_s24004268_rep3_rapl.txt,1.735141,20.583393,11.862666,5.421215,11.176823,6.441451,0,rapl:package+core,17.233621,17.157178,1.417222,1.409707,9.55055583527,9.51485326599,17.233621,1.417872,0.401423,0.330988,,,,0.040593
rapl,npu,double,map_reduce,max,8,16777216,uniform,24000180,1,bench/results/raw/energy/measurements/20260825_014636_npu_double_map_reduce_q24_k8_max_uniform_s24000180_rep1_rapl.txt,1.687842,19.891152,11.784962,5.421215,10.740998,6.363747,0,rapl:package+core,16.588696,16.423164,1.371673,1.36423,9.1525617573,9.02737986055,16.588696,1.3723,0.417962,0.349447,,,,0.040593
rapl,npu,double,map_reduce,max,8,16777216,uniform,24000180,2,bench/results/raw/energy/measurements/20260825_014636_npu_double_map_reduce_q24_k8_max_uniform_s24000180_rep2_rapl.txt,1.684978,19.648276,11.660853,5.421215,10.513651,6.239638,0,rapl:package+core,16.361047,16.322246,1.372937,1.365372,8.91806034154,8.92027083302,16.361047,1.373583,0.374264,0.305866,,,,0.040593
rapl,npu,double,map_reduce,max,8,16777216,uniform,24000180,3,bench/results/raw/energy/measurements/20260825_014636_npu_double_map_reduce_q24_k8_max_uniform_s24000180_rep3_rapl.txt,1.687396,19.895516,11.790665,5.421215,10.747782,6.36945,0,rapl:package+core,16.563078,16.499178,1.372261,1.364646,9.12375608289,9.10113863511,16.575971,1.372911,0.412149,0.343653,,,,0.040593
