source,backend,dtype,algorithm,mode,k,n,file_path,elapsed_seconds,energy_joules,average_watts,baseline_watts,net_energy_joules,net_average_watts,command_exit_code,inproc_counters,inproc_e2e_joules,inproc_algo_joules,inproc_e2e_seconds,inproc_algo_seconds,inproc_net_e2e_joules,inproc_net_algo_joules,inproc_loop_joules,inproc_loop_seconds
rapl,cpu,uint,bitonic,max,256,65536,bench/results/raw/energy/measurements/20260801_015012_cpu_uint_bitonic_q16_k256_max_uniform_s16000404_rep1_rapl.txt,0.029045,0.311111,10.711306,4.707117,0.174392,6.004189,0,rapl:package+core,0.245225,0.245225,0.017837,0.017837,0.161264154071,0.161264154071,0.290283,0.022718
rapl,cpu,uint,bitonic,max,256,65536,bench/results/raw/energy/measurements/20260801_015012_cpu_uint_bitonic_q16_k256_max_uniform_s16000404_rep2_rapl.txt,0.028908,0.310302,10.734294,4.707117,0.174231,6.027177,0,,,,,,,,,
rapl,cpu,uint,bitonic,max,256,65536,bench/results/raw/energy/measurements/20260801_015012_cpu_uint_bitonic_q16_k256_max_uniform_s16000404_rep3_rapl.txt,0.029055,0.316726,10.900778,4.707117,0.179959,6.193661,0,,,,,,,,,
rapl,cpu,uint,bitonic,max,4096,65536,bench/results/raw/energy/measurements/20260801_015012_cpu_uint_bitonic_q16_k4096_max_uniform_s16004244_rep1_rapl.txt,0.042701,0.434395,10.173059,4.707117,0.233399,5.465942,0,rapl:package+core,0.304948,0.304948,0.029122,0.029122,0.167867338726,0.167867338726,0.371014,0.034367
rapl,cpu,uint,bitonic,max,4096,65536,bench/results/raw/energy/measurements/20260801_015012_cpu_uint_bitonic_q16_k4096_max_uniform_s16004244_rep2_rapl.txt,0.041425,0.41398,9.993485,4.707117,0.218988,5.286368,0,,,,,,,,,
rapl,cpu,uint,bitonic,max,4096,65536,bench/results/raw/energy/measurements/20260801_015012_cpu_uint_bitonic_q16_k4096_max_uniform_s16004244_rep3_rapl.txt,0.041425,0.453407,10.945253,4.707117,0.258415,6.238136,0,,,,,,,,,
rapl,cpu,uint,bitonic,max,8,65536,bench/results/raw/energy/measurements/20260801_015012_cpu_uint_bitonic_q16_k8_max_uniform_s16000156_rep1_rapl.txt,0.018641,0.207844,11.149977,4.707117,0.1201,6.44286,0,rapl:package+core,0.086436,0.086436,0.008452,0.008452,0.046651447116,0.046651447116,0.133065,0.013248
rapl,cpu,uint,bitonic,max,8,65536,bench/results/raw/energy/measurements/20260801_015012_cpu_uint_bitonic_q16_k8_max_uniform_s16000156_rep2_rapl.txt,0.018504,0.195592,10.570037,4.707117,0.10849,5.86292,0,,,,,,,,,
rapl,cpu,uint,bitonic,max,8,65536,bench/results/raw/energy/measurements/20260801_015012_cpu_uint_bitonic_q16_k8_max_uniform_s16000156_rep3_rapl.txt,0.018662,0.20818,11.155446,4.707117,0.120337,6.448329,0,,,,,,,,,
rapl,cpu,uint,bitonic,max,131072,131072,bench/results/raw/energy/measurements/20260801_015012_cpu_uint_bitonic_q17_k131072_max_uniform_s17131223_rep1_rapl.txt,0.099355,1.10207,11.09222,4.707117,0.634393,6.385103,0,rapl:package+core,0.918242,0.918242,0.082257,0.082257,0.531048676931,0.531048676931,0.931791,0.084751
rapl,cpu,uint,bitonic,max,131072,131072,bench/results/raw/energy/measurements/20260801_015012_cpu_uint_bitonic_q17_k131072_max_uniform_s17131223_rep2_rapl.txt,0.099466,1.111118,11.170796,4.707117,0.642918,6.463679,0,,,,,,,,,
rapl,cpu,uint,bitonic,max,131072,131072,bench/results/raw/energy/measurements/20260801_015012_cpu_uint_bitonic_q17_k131072_max_uniform_s17131223_rep3_rapl.txt,0.100018,1.121372,11.211699,4.707117,0.650575,6.504582,0,,,,,,,,,
rapl,cpu,uint,bitonic,max,256,131072,bench/results/raw/energy/measurements/20260801_015012_cpu_uint_bitonic_q17_k256_max_uniform_s17000407_rep1_rapl.txt,0.040248,0.478506,11.888893,4.707117,0.289053,7.181776,0,rapl:package+core,0.240389,0.240389,0.020379,0.020379,0.144462662657,0.144462662657,0.380656,0.03101
rapl,cpu,uint,bitonic,max,256,131072,bench/results/raw/energy/measurements/20260801_015012_cpu_uint_bitonic_q17_k256_max_uniform_s17000407_rep2_rapl.txt,0.03909,0.477316,12.210793,4.707117,0.293316,7.503676,0,,,,,,,,,
rapl,cpu,uint,bitonic,max,256,131072,bench/results/raw/energy/measurements/20260801_015012_cpu_uint_bitonic_q17_k256_max_uniform_s17000407_rep3_rapl.txt,0.039923,0.468497,11.734889,4.707117,0.280573,7.027772,0,,,,,,,,,
rapl,cpu,uint,bitonic,max,4096,131072,bench/results/raw/energy/measurements/20260801_015012_cpu_uint_bitonic_q17_k4096_max_uniform_s17004247_rep1_rapl.txt,0.049765,0.599533,12.047198,4.707117,0.365282,7.340081,0,rapl:package+core,0.391839,0.391839,0.030577,0.030577,0.247909483491,0.247909483491,0.5024,0.041222
rapl,cpu,uint,bitonic,max,4096,131072,bench/results/raw/energy/measurements/20260801_015012_cpu_uint_bitonic_q17_k4096_max_uniform_s17004247_rep2_rapl.txt,0.050394,0.621077,12.324351,4.707117,0.383865,7.617234,0,,,,,,,,,
rapl,cpu,uint,bitonic,max,4096,131072,bench/results/raw/energy/measurements/20260801_015012_cpu_uint_bitonic_q17_k4096_max_uniform_s17004247_rep3_rapl.txt,0.05072,0.626554,12.353258,4.707117,0.38781,7.646141,0,,,,,,,,,
rapl,cpu,uint,bitonic,max,8,131072,bench/results/raw/energy/measurements/20260801_015012_cpu_uint_bitonic_q17_k8_max_uniform_s17000159_rep1_rapl.txt,0.027216,0.309936,11.387825,4.707117,0.181825,6.680708,0,rapl:package+core,0.147728,0.147728,0.010122,0.010122,0.100082561726,0.100082561726,0.246737,0.020702
rapl,cpu,uint,bitonic,max,8,131072,bench/results/raw/energy/measurements/20260801_015012_cpu_uint_bitonic_q17_k8_max_uniform_s17000159_rep2_rapl.txt,0.027115,0.305084,11.25144,4.707117,0.17745,6.544323,0,,,,,,,,,
rapl,cpu,uint,bitonic,max,8,131072,bench/results/raw/energy/measurements/20260801_015012_cpu_uint_bitonic_q17_k8_max_uniform_s17000159_rep3_rapl.txt,0.027052,0.317062,11.72029,4.707117,0.189723,7.013173,0,,,,,,,,,
rapl,cpu,uint,bitonic,max,131072,262144,bench/results/raw/energy/measurements/20260801_015012_cpu_uint_bitonic_q18_k131072_max_uniform_s18131226_rep1_rapl.txt,0.141335,1.942145,13.741383,4.707117,1.276862,9.034266,0,rapl:package+core,1.380867,1.380867,0.099467,0.099467,0.912664193361,0.912664193361,1.699878,0.121136
rapl,cpu,uint,bitonic,max,131072,262144,bench/results/raw/energy/measurements/20260801_015012_cpu_uint_bitonic_q18_k131072_max_uniform_s18131226_rep2_rapl.txt,0.140834,1.926613,13.680019,4.707117,1.26369,8.972902,0,,,,,,,,,
rapl,cpu,uint,bitonic,max,131072,262144,bench/results/raw/energy/measurements/20260801_015012_cpu_uint_bitonic_q18_k131072_max_uniform_s18131226_rep3_rapl.txt,0.14215,1.947561,13.700776,4.707117,1.278446,8.993659,0,,,,,,,,,
rapl,cpu,uint,bitonic,max,256,262144,bench/results/raw/energy/measurements/20260801_015012_cpu_uint_bitonic_q18_k256_max_uniform_s18000410_rep1_rapl.txt,0.054383,0.733131,13.480817,4.707117,0.477143,8.7737,0,rapl:package+core,0.32611,0.32611,0.021729,0.021729,0.223829054707,0.223829054707,0.572465,0.042572
rapl,cpu,uint,bitonic,max,256,262144,bench/results/raw/energy/measurements/20260801_015012_cpu_uint_bitonic_q18_k256_max_uniform_s18000410_rep2_rapl.txt,0.055614,0.734902,13.214223,4.707117,0.473118,8.507106,0,,,,,,,,,
rapl,cpu,uint,bitonic,max,256,262144,bench/results/raw/energy/measurements/20260801_015012_cpu_uint_bitonic_q18_k256_max_uniform_s18000410_rep3_rapl.txt,0.055102,0.745674,13.532585,4.707117,0.486302,8.825468,0,,,,,,,,,
rapl,cpu,uint,bitonic,max,4096,262144,bench/results/raw/energy/measurements/20260801_015012_cpu_uint_bitonic_q18_k4096_max_uniform_s18004250_rep1_rapl.txt,0.067113,0.976314,14.547281,4.707117,0.660404,9.840164,0,rapl:package+core,0.522511,0.522511,0.032779,0.032779,0.368216411857,0.368216411857,0.813419,0.053915
rapl,cpu,uint,bitonic,max,4096,262144,bench/results/raw/energy/measurements/20260801_015012_cpu_uint_bitonic_q18_k4096_max_uniform_s18004250_rep2_rapl.txt,0.066204,0.971614,14.676099,4.707117,0.659985,9.968982,0,,,,,,,,,
rapl,cpu,uint,bitonic,max,4096,262144,bench/results/raw/energy/measurements/20260801_015012_cpu_uint_bitonic_q18_k4096_max_uniform_s18004250_rep3_rapl.txt,0.066887,0.981409,14.672663,4.707117,0.666565,9.965546,0,,,,,,,,,
rapl,cpu,uint,bitonic,max,8,262144,bench/results/raw/energy/measurements/20260801_015012_cpu_uint_bitonic_q18_k8_max_uniform_s18000162_rep1_rapl.txt,0.042436,0.500752,11.800069,4.707117,0.300999,7.092952,0,rapl:package+core,0.180198,0.180198,0.011987,0.011987,0.123773788521,0.123773788521,0.378902,0.032709
rapl,cpu,uint,bitonic,max,8,262144,bench/results/raw/energy/measurements/20260801_015012_cpu_uint_bitonic_q18_k8_max_uniform_s18000162_rep2_rapl.txt,0.043864,0.497884,11.350688,4.707117,0.291412,6.643571,0,,,,,,,,,
rapl,cpu,uint,bitonic,max,8,262144,bench/results/raw/energy/measurements/20260801_015012_cpu_uint_bitonic_q18_k8_max_uniform_s18000162_rep3_rapl.txt,0.042668,0.518268,12.146633,4.707117,0.317426,7.439516,0,,,,,,,,,
rapl,cpu,uint,bitonic,max,131072,524288,bench/results/raw/energy/measurements/20260801_015012_cpu_uint_bitonic_q19_k131072_max_uniform_s19131229_rep1_rapl.txt,0.1421,2.809486,19.771143,4.707117,2.140603,15.064026,0,rapl:package+core,2.213906,2.213906,0.103693,0.103693,1.72581091692,1.72581091692,2.360718,0.11303
rapl,cpu,uint,bitonic,max,131072,524288,bench/results/raw/energy/measurements/20260801_015012_cpu_uint_bitonic_q19_k131072_max_uniform_s19131229_rep2_rapl.txt,0.142743,2.809486,19.682146,4.707117,2.137579,14.975029,0,,,,,,,,,
rapl,cpu,uint,bitonic,max,131072,524288,bench/results/raw/energy/measurements/20260801_015012_cpu_uint_bitonic_q19_k131072_max_uniform_s19131229_rep3_rapl.txt,0.143087,2.798332,19.556837,4.707117,2.124804,14.84972,0,,,,,,,,,
rapl,cpu,uint,bitonic,max,256,524288,bench/results/raw/energy/measurements/20260801_015012_cpu_uint_bitonic_q19_k256_max_uniform_s19000413_rep1_rapl.txt,0.089919,1.31794,14.657032,4.707117,0.894683,9.949915,0,rapl:package+core,0.421518,0.421518,0.030511,0.030511,0.277899153213,0.277899153213,1.100865,0.072875
rapl,cpu,uint,bitonic,max,256,524288,bench/results/raw/energy/measurements/20260801_015012_cpu_uint_bitonic_q19_k256_max_uniform_s19000413_rep2_rapl.txt,0.092494,1.423434,15.389472,4.707117,0.988054,10.682355,0,,,,,,,,,
rapl,cpu,uint,bitonic,max,256,524288,bench/results/raw/energy/measurements/20260801_015012_cpu_uint_bitonic_q19_k256_max_uniform_s19000413_rep3_rapl.txt,0.088873,1.335335,15.025179,4.707117,0.916999,10.318062,0,,,,,,,,,
rapl,cpu,uint,bitonic,max,4096,524288,bench/results/raw/energy/measurements/20260801_015012_cpu_uint_bitonic_q19_k4096_max_uniform_s19004253_rep1_rapl.txt,0.09905,1.643409,16.591704,4.707117,1.177169,11.884587,0,rapl:package+core,0.699291,0.699291,0.039882,0.039882,0.511561759806,0.511561759806,1.425815,0.082539
rapl,cpu,uint,bitonic,max,4096,524288,bench/results/raw/energy/measurements/20260801_015012_cpu_uint_bitonic_q19_k4096_max_uniform_s19004253_rep2_rapl.txt,0.098465,1.664282,16.902317,4.707117,1.200797,12.1952,0,,,,,,,,,
rapl,cpu,uint,bitonic,max,4096,524288,bench/results/raw/energy/measurements/20260801_015012_cpu_uint_bitonic_q19_k4096_max_uniform_s19004253_rep3_rapl.txt,0.095069,1.596673,16.79494,4.707117,1.149174,12.087823,0,,,,,,,,,
rapl,cpu,uint,bitonic,max,8,524288,bench/results/raw/energy/measurements/20260801_015012_cpu_uint_bitonic_q19_k8_max_uniform_s19000165_rep1_rapl.txt,0.077588,0.924574,11.916444,4.707117,0.559358,7.209327,0,rapl:package+core,0.158026,0.158026,0.019667,0.019667,0.065451129961,0.065451129961,0.727196,0.061623
rapl,cpu,uint,bitonic,max,8,524288,bench/results/raw/energy/measurements/20260801_015012_cpu_uint_bitonic_q19_k8_max_uniform_s19000165_rep2_rapl.txt,0.07764,0.942609,12.140831,4.707117,0.57715,7.433714,0,,,,,,,,,
rapl,cpu,uint,bitonic,max,8,524288,bench/results/raw/energy/measurements/20260801_015012_cpu_uint_bitonic_q19_k8_max_uniform_s19000165_rep3_rapl.txt,0.077081,0.926802,12.02371,4.707117,0.563972,7.316593,0,,,,,,,,,
rapl,cpu,uint,bitonic,max,131072,1048576,bench/results/raw/energy/measurements/20260801_015012_cpu_uint_bitonic_q20_k131072_max_uniform_s20131232_rep1_rapl.txt,0.231414,5.131174,22.173174,4.707117,4.041883,17.466057,0,rapl:package+core,2.617631,2.617631,0.140581,0.140581,1.95589978502,1.95589978502,4.583869,0.197961
rapl,cpu,uint,bitonic,max,131072,1048576,bench/results/raw/energy/measurements/20260801_015012_cpu_uint_bitonic_q20_k131072_max_uniform_s20131232_rep2_rapl.txt,0.230764,5.100749,22.103755,4.707117,4.014516,17.396638,0,,,,,,,,,
rapl,cpu,uint,bitonic,max,131072,1048576,bench/results/raw/energy/measurements/20260801_015012_cpu_uint_bitonic_q20_k131072_max_uniform_s20131232_rep3_rapl.txt,0.230211,5.088757,22.104704,4.707117,4.005125,17.397587,0,,,,,,,,,
rapl,cpu,uint,bitonic,max,256,1048576,bench/results/raw/energy/measurements/20260801_015012_cpu_uint_bitonic_q20_k256_max_uniform_s20000416_rep1_rapl.txt,0.152006,2.478449,16.304951,4.707117,1.762939,11.597834,0,rapl:package+core,1.043616,1.043616,0.051035,0.051035,0.803388283905,0.803388283905,1.79463,0.104107
rapl,cpu,uint,bitonic,max,256,1048576,bench/results/raw/energy/measurements/20260801_015012_cpu_uint_bitonic_q20_k256_max_uniform_s20000416_rep2_rapl.txt,0.136791,2.260045,16.521885,4.707117,1.616154,11.814768,0,,,,,,,,,
rapl,cpu,uint,bitonic,max,256,1048576,bench/results/raw/energy/measurements/20260801_015012_cpu_uint_bitonic_q20_k256_max_uniform_s20000416_rep3_rapl.txt,0.184353,3.38337,18.352636,4.707117,2.515597,13.645519,0,,,,,,,,,
rapl,cpu,uint,bitonic,max,4096,1048576,bench/results/raw/energy/measurements/20260801_015012_cpu_uint_bitonic_q20_k4096_max_uniform_s20004256_rep1_rapl.txt,0.160117,2.986097,18.649451,4.707117,2.232407,13.942334,0,rapl:package+core,1.511978,1.511978,0.070521,0.070521,1.18002740204,1.18002740204,2.435771,0.124425
rapl,cpu,uint,bitonic,max,4096,1048576,bench/results/raw/energy/measurements/20260801_015012_cpu_uint_bitonic_q20_k4096_max_uniform_s20004256_rep2_rapl.txt,0.16371,3.051493,18.639584,4.707117,2.280889,13.932467,0,,,,,,,,,
rapl,cpu,uint,bitonic,max,4096,1048576,bench/results/raw/energy/measurements/20260801_015012_cpu_uint_bitonic_q20_k4096_max_uniform_s20004256_rep3_rapl.txt,0.149845,2.849569,19.016762,4.707117,2.14423,14.309645,0,,,,,,,,,
rapl,cpu,uint,bitonic,max,8,1048576,bench/results/raw/energy/measurements/20260801_015012_cpu_uint_bitonic_q20_k8_max_uniform_s20000168_rep1_rapl.txt,0.10339,1.351661,13.073424,4.707117,0.864992,8.366307,0,rapl:package+core,0.387767,0.387767,0.027685,0.027685,0.257450465855,0.257450465855,1.039985,0.079826
rapl,cpu,uint,bitonic,max,8,1048576,bench/results/raw/energy/measurements/20260801_015012_cpu_uint_bitonic_q20_k8_max_uniform_s20000168_rep2_rapl.txt,0.106974,1.512297,14.137099,4.707117,1.00876,9.429982,0,,,,,,,,,
rapl,cpu,uint,bitonic,max,8,1048576,bench/results/raw/energy/measurements/20260801_015012_cpu_uint_bitonic_q20_k8_max_uniform_s20000168_rep3_rapl.txt,0.10764,1.425601,13.244182,4.707117,0.918928,8.537065,0,,,,,,,,,
rapl,cpu,uint,bitonic,max,131072,2097152,bench/results/raw/energy/measurements/20260801_015012_cpu_uint_bitonic_q21_k131072_max_uniform_s21131235_rep1_rapl.txt,0.301756,8.397698,27.82944,4.707117,6.977298,23.122323,0,rapl:package+core,7.312519,7.312519,0.259438,0.259438,6.09131397975,6.09131397975,8.342556,0.285997
rapl,cpu,uint,bitonic,max,131072,2097152,bench/results/raw/energy/measurements/20260801_015012_cpu_uint_bitonic_q21_k131072_max_uniform_s21131235_rep2_rapl.txt,0.305299,8.481175,27.779872,4.707117,7.044096,23.072755,0,,,,,,,,,
rapl,cpu,uint,bitonic,max,131072,2097152,bench/results/raw/energy/measurements/20260801_015012_cpu_uint_bitonic_q21_k131072_max_uniform_s21131235_rep3_rapl.txt,0.303074,8.435508,27.833174,4.707117,7.008904,23.126057,0,,,,,,,,,
rapl,cpu,uint,bitonic,max,256,2097152,bench/results/raw/energy/measurements/20260801_015012_cpu_uint_bitonic_q21_k256_max_uniform_s21000419_rep1_rapl.txt,0.213612,3.817903,17.873087,4.707117,2.812407,13.16597,0,rapl:package+core,1.466784,1.466784,0.099794,0.099794,0.997041966102,0.997041966102,3.2509,0.173153
rapl,cpu,uint,bitonic,max,256,2097152,bench/results/raw/energy/measurements/20260801_015012_cpu_uint_bitonic_q21_k256_max_uniform_s21000419_rep2_rapl.txt,0.207505,3.73351,17.992428,4.707117,2.756762,13.285311,0,,,,,,,,,
rapl,cpu,uint,bitonic,max,256,2097152,bench/results/raw/energy/measurements/20260801_015012_cpu_uint_bitonic_q21_k256_max_uniform_s21000419_rep3_rapl.txt,0.208214,3.740056,17.962574,4.707117,2.759969,13.255457,0,,,,,,,,,
rapl,cpu,uint,bitonic,max,4096,2097152,bench/results/raw/energy/measurements/20260801_015012_cpu_uint_bitonic_q21_k4096_max_uniform_s21004259_rep1_rapl.txt,0.258423,5.316635,20.573374,4.707117,4.100207,15.866257,0,rapl:package+core,2.851538,2.851538,0.14503,0.14503,2.16886482149,2.16886482149,4.833597,0.221295
rapl,cpu,uint,bitonic,max,4096,2097152,bench/results/raw/energy/measurements/20260801_015012_cpu_uint_bitonic_q21_k4096_max_uniform_s21004259_rep2_rapl.txt,0.259428,5.344481,20.601054,4.707117,4.123325,15.893937,0,,,,,,,,,
rapl,cpu,uint,bitonic,max,4096,2097152,bench/results/raw/energy/measurements/20260801_015012_cpu_uint_bitonic_q21_k4096_max_uniform_s21004259_rep3_rapl.txt,0.262321,5.433786,20.714225,4.707117,4.199008,16.007108,0,,,,,,,,,
rapl,cpu,uint,bitonic,max,8,2097152,bench/results/raw/energy/measurements/20260801_015012_cpu_uint_bitonic_q21_k8_max_uniform_s21000171_rep1_rapl.txt,0.167813,2.303592,13.727112,4.707117,1.513675,9.019995,0,rapl:package+core,0.919248,0.919248,0.0643,0.0643,0.6165803769,0.6165803769,1.943076,0.135031
rapl,cpu,uint,bitonic,max,8,2097152,bench/results/raw/energy/measurements/20260801_015012_cpu_uint_bitonic_q21_k8_max_uniform_s21000171_rep2_rapl.txt,0.157412,2.218025,14.090567,4.707117,1.477068,9.38345,0,,,,,,,,,
rapl,cpu,uint,bitonic,max,8,2097152,bench/results/raw/energy/measurements/20260801_015012_cpu_uint_bitonic_q21_k8_max_uniform_s21000171_rep3_rapl.txt,0.157098,2.185999,13.914912,4.707117,1.446522,9.207795,0,,,,,,,,,
rapl,cpu,uint,bitonic,max,131072,4194304,bench/results/raw/energy/measurements/20260801_015012_cpu_uint_bitonic_q22_k131072_max_uniform_s22131238_rep1_rapl.txt,0.698303,18.140099,25.977422,4.707117,14.853107,21.270305,0,rapl:package+core,13.6482,13.6482,0.471284,0.471284,11.4298110718,11.4298110718,16.086036,0.592246
rapl,cpu,uint,bitonic,max,131072,4194304,bench/results/raw/energy/measurements/20260801_015012_cpu_uint_bitonic_q22_k131072_max_uniform_s22131238_rep2_rapl.txt,0.68615,17.957995,26.172128,4.707117,14.728209,21.465011,0,,,,,,,,,
rapl,cpu,uint,bitonic,max,131072,4194304,bench/results/raw/energy/measurements/20260801_015012_cpu_uint_bitonic_q22_k131072_max_uniform_s22131238_rep3_rapl.txt,0.693148,18.165137,26.206708,4.707117,14.902407,21.499591,0,,,,,,,,,
rapl,cpu,uint,bitonic,max,256,4194304,bench/results/raw/energy/measurements/20260801_015012_cpu_uint_bitonic_q22_k256_max_uniform_s22000422_rep1_rapl.txt,0.372939,7.081253,18.987704,4.707117,5.325786,14.280587,0,rapl:package+core,3.763336,3.763336,0.188087,0.188087,2.87798848482,2.87798848482,5.997736,0.296828
rapl,cpu,uint,bitonic,max,256,4194304,bench/results/raw/energy/measurements/20260801_015012_cpu_uint_bitonic_q22_k256_max_uniform_s22000422_rep2_rapl.txt,0.37052,7.093887,19.145742,4.707117,5.349804,14.438625,0,,,,,,,,,
rapl,cpu,uint,bitonic,max,256,4194304,bench/results/raw/energy/measurements/20260801_015012_cpu_uint_bitonic_q22_k256_max_uniform_s22000422_rep3_rapl.txt,0.359325,6.958121,19.364413,4.707117,5.266735,14.657296,0,,,,,,,,,
rapl,cpu,uint,bitonic,max,4096,4194304,bench/results/raw/energy/measurements/20260801_015012_cpu_uint_bitonic_q22_k4096_max_uniform_s22004262_rep1_rapl.txt,0.476611,10.369276,21.756282,4.707117,8.125814,17.049165,0,rapl:package+core,7.065073,7.065073,0.293628,0.293628,5.68293164952,5.68293164952,9.296013,0.411843
rapl,cpu,uint,bitonic,max,4096,4194304,bench/results/raw/energy/measurements/20260801_015012_cpu_uint_bitonic_q22_k4096_max_uniform_s22004262_rep2_rapl.txt,0.48126,10.440241,21.693564,4.707117,8.174895,16.986447,0,,,,,,,,,
rapl,cpu,uint,bitonic,max,4096,4194304,bench/results/raw/energy/measurements/20260801_015012_cpu_uint_bitonic_q22_k4096_max_uniform_s22004262_rep3_rapl.txt,0.480578,10.428477,21.699844,4.707117,8.166338,16.992727,0,,,,,,,,,
rapl,cpu,uint,bitonic,max,8,4194304,bench/results/raw/energy/measurements/20260801_015012_cpu_uint_bitonic_q22_k8_max_uniform_s22000174_rep1_rapl.txt,0.288103,4.555626,15.812498,4.707117,3.199492,11.105381,0,rapl:package+core,1.407716,1.407716,0.099281,0.099281,0.940388717123,0.940388717123,3.560805,0.208194
rapl,cpu,uint,bitonic,max,8,4194304,bench/results/raw/energy/measurements/20260801_015012_cpu_uint_bitonic_q22_k8_max_uniform_s22000174_rep2_rapl.txt,0.277237,4.399034,15.867417,4.707117,3.094047,11.1603,0,,,,,,,,,
rapl,cpu,uint,bitonic,max,8,4194304,bench/results/raw/energy/measurements/20260801_015012_cpu_uint_bitonic_q22_k8_max_uniform_s22000174_rep3_rapl.txt,0.27384,4.356036,15.907247,4.707117,3.06704,11.20013,0,,,,,,,,,
rapl,cpu,uint,bitonic,max,131072,8388608,bench/results/raw/energy/measurements/20260801_015012_cpu_uint_bitonic_q23_k131072_max_uniform_s23131241_rep1_rapl.txt,1.325226,35.6283,26.884696,4.707117,29.390306,22.177579,0,rapl:package+core,28.110253,28.110253,0.929312,0.929312,23.7358726865,23.7358726865,31.726554,1.139534
rapl,cpu,uint,bitonic,max,131072,8388608,bench/results/raw/energy/measurements/20260801_015012_cpu_uint_bitonic_q23_k131072_max_uniform_s23131241_rep2_rapl.txt,1.329506,35.787319,26.917763,4.707117,29.52918,22.210646,0,,,,,,,,,
rapl,cpu,uint,bitonic,max,131072,8388608,bench/results/raw/energy/measurements/20260801_015012_cpu_uint_bitonic_q23_k131072_max_uniform_s23131241_rep3_rapl.txt,1.319848,35.725737,27.068063,4.707117,29.513057,22.360946,0,,,,,,,,,
rapl,cpu,uint,bitonic,max,256,8388608,bench/results/raw/energy/measurements/20260801_015012_cpu_uint_bitonic_q23_k256_max_uniform_s23000425_rep1_rapl.txt,0.707737,15.063598,21.284176,4.707117,11.732197,16.577059,0,rapl:package+core,9.355074,9.355074,0.383006,0.383006,7.5522199463,7.5522199463,13.139259,0.582043
rapl,cpu,uint,bitonic,max,256,8388608,bench/results/raw/energy/measurements/20260801_015012_cpu_uint_bitonic_q23_k256_max_uniform_s23000425_rep2_rapl.txt,0.722563,15.797081,21.862565,4.707117,12.395892,17.155448,0,,,,,,,,,
rapl,cpu,uint,bitonic,max,256,8388608,bench/results/raw/energy/measurements/20260801_015012_cpu_uint_bitonic_q23_k256_max_uniform_s23000425_rep3_rapl.txt,0.712924,15.200416,21.321222,4.707117,11.844598,16.614105,0,,,,,,,,,
rapl,cpu,uint,bitonic,max,4096,8388608,bench/results/raw/energy/measurements/20260801_015012_cpu_uint_bitonic_q23_k4096_max_uniform_s23004265_rep1_rapl.txt,0.928873,20.808753,22.402155,4.707117,16.43644,17.695038,0,rapl:package+core,14.464963,14.464963,0.566868,0.566868,11.7966490004,11.7966490004,18.066509,0.773389
rapl,cpu,uint,bitonic,max,4096,8388608,bench/results/raw/energy/measurements/20260801_015012_cpu_uint_bitonic_q23_k4096_max_uniform_s23004265_rep2_rapl.txt,0.930659,20.74113,22.286491,4.707117,16.360408,17.579374,0,,,,,,,,,
rapl,cpu,uint,bitonic,max,4096,8388608,bench/results/raw/energy/measurements/20260801_015012_cpu_uint_bitonic_q23_k4096_max_uniform_s23004265_rep3_rapl.txt,0.921833,20.706815,22.462646,4.707117,16.367638,17.755529,0,,,,,,,,,
rapl,cpu,uint,bitonic,max,8,8388608,bench/results/raw/energy/measurements/20260801_015012_cpu_uint_bitonic_q23_k8_max_uniform_s23000177_rep1_rapl.txt,0.536125,8.843506,16.495241,4.707117,6.319904,11.788124,0,rapl:package+core,3.833829,3.833829,0.218429,0.218429,2.80565814081,2.80565814081,7.360063,0.415019
rapl,cpu,uint,bitonic,max,8,8388608,bench/results/raw/energy/measurements/20260801_015012_cpu_uint_bitonic_q23_k8_max_uniform_s23000177_rep2_rapl.txt,0.533991,8.837845,16.550562,4.707117,6.324289,11.843445,0,,,,,,,,,
rapl,cpu,uint,bitonic,max,8,8388608,bench/results/raw/energy/measurements/20260801_015012_cpu_uint_bitonic_q23_k8_max_uniform_s23000177_rep3_rapl.txt,0.53335,8.81499,16.527605,4.707117,6.304451,11.820488,0,,,,,,,,,
rapl,cpu,uint,bitonic,max,131072,16777216,bench/results/raw/energy/measurements/20260801_015012_cpu_uint_bitonic_q24_k131072_max_uniform_s24131244_rep1_rapl.txt,2.557514,70.748066,27.66283,4.707117,58.70955,22.955713,0,rapl:package+core,58.155575,58.155575,1.856038,1.856038,49.4189869776,49.4189869776,63.566034,2.220083
rapl,cpu,uint,bitonic,max,131072,16777216,bench/results/raw/energy/measurements/20260801_015012_cpu_uint_bitonic_q24_k131072_max_uniform_s24131244_rep2_rapl.txt,2.572085,71.077105,27.634038,4.707117,58.969998,22.926921,0,,,,,,,,,
rapl,cpu,uint,bitonic,max,131072,16777216,bench/results/raw/energy/measurements/20260801_015012_cpu_uint_bitonic_q24_k131072_max_uniform_s24131244_rep3_rapl.txt,2.569721,71.101472,27.668941,4.707117,59.005492,22.961824,0,,,,,,,,,
rapl,cpu,uint,bitonic,max,256,16777216,bench/results/raw/energy/measurements/20260801_015012_cpu_uint_bitonic_q24_k256_max_uniform_s24000428_rep1_rapl.txt,1.382963,31.17423,22.541627,4.707117,24.664463,17.83451,0,rapl:package+core,20.401568,20.401568,0.774274,0.774274,16.7569696919,16.7569696919,26.434775,1.129621
rapl,cpu,uint,bitonic,max,256,16777216,bench/results/raw/energy/measurements/20260801_015012_cpu_uint_bitonic_q24_k256_max_uniform_s24000428_rep2_rapl.txt,1.353359,30.189997,22.307449,4.707117,23.819576,17.600332,0,,,,,,,,,
rapl,cpu,uint,bitonic,max,256,16777216,bench/results/raw/energy/measurements/20260801_015012_cpu_uint_bitonic_q24_k256_max_uniform_s24000428_rep3_rapl.txt,1.371947,30.264213,22.059319,4.707117,23.806299,17.352202,0,,,,,,,,,
rapl,cpu,uint,bitonic,max,4096,16777216,bench/results/raw/energy/measurements/20260801_015012_cpu_uint_bitonic_q24_k4096_max_uniform_s24004268_rep1_rapl.txt,1.817644,42.508895,23.386805,4.707117,33.95303,18.679688,0,rapl:package+core,31.083355,31.083355,1.14631,1.14631,25.6875397117,25.6875397117,36.92378,1.496598
rapl,cpu,uint,bitonic,max,4096,16777216,bench/results/raw/energy/measurements/20260801_015012_cpu_uint_bitonic_q24_k4096_max_uniform_s24004268_rep2_rapl.txt,1.782264,41.909195,23.51458,4.707117,33.519869,18.807463,0,,,,,,,,,
rapl,cpu,uint,bitonic,max,4096,16777216,bench/results/raw/energy/measurements/20260801_015012_cpu_uint_bitonic_q24_k4096_max_uniform_s24004268_rep3_rapl.txt,1.796573,42.211425,23.495522,4.707117,33.754745,18.788405,0,,,,,,,,,
rapl,cpu,uint,bitonic,max,8,16777216,bench/results/raw/energy/measurements/20260801_015012_cpu_uint_bitonic_q24_k8_max_uniform_s24000180_rep1_rapl.txt,1.05723,18.000152,17.025767,4.707117,13.023647,12.31865,0,rapl:package+core,9.294519,9.294519,0.488074,0.488074,6.99709757734,6.99709757734,15.183693,0.831059
rapl,cpu,uint,bitonic,max,8,16777216,bench/results/raw/energy/measurements/20260801_015012_cpu_uint_bitonic_q24_k8_max_uniform_s24000180_rep2_rapl.txt,1.055067,17.979158,17.04078,4.707117,13.012836,12.333663,0,,,,,,,,,
rapl,cpu,uint,bitonic,max,8,16777216,bench/results/raw/energy/measurements/20260801_015012_cpu_uint_bitonic_q24_k8_max_uniform_s24000180_rep3_rapl.txt,1.064231,18.17327,17.076427,4.707117,13.163808,12.36931,0,,,,,,,,,
rapl,cpu,uint,gt,max,256,65536,bench/results/raw/energy/measurements/20260801_015012_cpu_uint_gt_q16_k256_max_uniform_s16000404_rep1_rapl.txt,0.009376,0.113733,12.129854,4.707117,0.069598,7.422737,0,rapl:package+core,0.022888,0.022888,0.003374,0.003374,0.007006187242,0.007006187242,0.045973,0.004987
rapl,cpu,uint,gt,max,256,65536,bench/results/raw/energy/measurements/20260801_015012_cpu_uint_gt_q16_k256_max_uniform_s16000404_rep2_rapl.txt,0.009419,0.111505,11.83865,4.707117,0.06717,7.131533,0,,,,,,,,,
rapl,cpu,uint,gt,max,256,65536,bench/results/raw/energy/measurements/20260801_015012_cpu_uint_gt_q16_k256_max_uniform_s16000404_rep3_rapl.txt,0.008833,0.100337,11.359116,4.707117,0.058758,6.651999,0,,,,,,,,,
rapl,cpu,uint,gt,max,4096,65536,bench/results/raw/energy/measurements/20260801_015012_cpu_uint_gt_q16_k4096_max_uniform_s16004244_rep1_rapl.txt,0.034565,0.328123,9.492934,4.707117,0.165422,4.785817,0,rapl:package+core,0.255572,0.255572,0.026151,0.026151,0.132476183333,0.132476183333,0.277711,0.027835
rapl,cpu,uint,gt,max,4096,65536,bench/results/raw/energy/measurements/20260801_015012_cpu_uint_gt_q16_k4096_max_uniform_s16004244_rep2_rapl.txt,0.034694,0.32884,9.478243,4.707117,0.16553,4.771126,0,,,,,,,,,
rapl,cpu,uint,gt,max,4096,65536,bench/results/raw/energy/measurements/20260801_015012_cpu_uint_gt_q16_k4096_max_uniform_s16004244_rep3_rapl.txt,0.035919,0.351804,9.794254,4.707117,0.182727,5.087137,0,,,,,,,,,
rapl,cpu,uint,gt,max,8,65536,bench/results/raw/energy/measurements/20260801_015012_cpu_uint_gt_q16_k8_max_uniform_s16000156_rep1_rapl.txt,0.007793,0.08012,10.280773,4.707117,0.043437,5.573656,0,rapl:package+core,0.041273,0.041273,0.002375,0.002375,0.030093597125,0.030093597125,0.041273,0.004136
rapl,cpu,uint,gt,max,8,65536,bench/results/raw/energy/measurements/20260801_015012_cpu_uint_gt_q16_k8_max_uniform_s16000156_rep2_rapl.txt,0.007964,0.07896,9.914745,4.707117,0.041473,5.207628,0,,,,,,,,,
rapl,cpu,uint,gt,max,8,65536,bench/results/raw/energy/measurements/20260801_015012_cpu_uint_gt_q16_k8_max_uniform_s16000156_rep3_rapl.txt,0.007787,0.089,11.428971,4.707117,0.052345,6.721854,0,,,,,,,,,
rapl,cpu,uint,gt,max,131072,131072,bench/results/raw/energy/measurements/20260801_015012_cpu_uint_gt_q17_k131072_max_uniform_s17131223_rep1_rapl.txt,0.353814,2.634233,7.44524,4.707117,0.968787,2.738123,0,rapl:package+core,2.249288,2.249288,0.312775,0.312775,0.777019480325,0.777019480325,2.283863,0.316152
rapl,cpu,uint,gt,max,131072,131072,bench/results/raw/energy/measurements/20260801_015012_cpu_uint_gt_q17_k131072_max_uniform_s17131223_rep2_rapl.txt,0.353063,2.5965,7.354209,4.707117,0.934591,2.647092,0,,,,,,,,,
rapl,cpu,uint,gt,max,131072,131072,bench/results/raw/energy/measurements/20260801_015012_cpu_uint_gt_q17_k131072_max_uniform_s17131223_rep3_rapl.txt,0.353472,3.185672,9.012528,4.707117,1.52184,4.305411,0,,,,,,,,,
rapl,cpu,uint,gt,max,256,131072,bench/results/raw/energy/measurements/20260801_015012_cpu_uint_gt_q17_k256_max_uniform_s17000407_rep1_rapl.txt,0.012046,0.134514,11.167045,4.707117,0.077814,6.459928,0,rapl:package+core,0.046674,0.046674,0.004555,0.004555,0.025233082065,0.025233082065,0.059079,0.006671
rapl,cpu,uint,gt,max,256,131072,bench/results/raw/energy/measurements/20260801_015012_cpu_uint_gt_q17_k256_max_uniform_s17000407_rep2_rapl.txt,0.012136,0.13871,11.429198,4.707117,0.081582,6.722081,0,,,,,,,,,
rapl,cpu,uint,gt,max,256,131072,bench/results/raw/energy/measurements/20260801_015012_cpu_uint_gt_q17_k256_max_uniform_s17000407_rep3_rapl.txt,0.012133,0.135949,11.204784,4.707117,0.078837,6.497667,0,,,,,,,,,
rapl,cpu,uint,gt,max,4096,131072,bench/results/raw/energy/measurements/20260801_015012_cpu_uint_gt_q17_k4096_max_uniform_s17004247_rep1_rapl.txt,0.042907,0.409189,9.536543,4.707117,0.207218,4.829426,0,rapl:package+core,0.256273,0.256273,0.032907,0.032907,0.101375900881,0.101375900881,0.327757,0.034978
rapl,cpu,uint,gt,max,4096,131072,bench/results/raw/energy/measurements/20260801_015012_cpu_uint_gt_q17_k4096_max_uniform_s17004247_rep2_rapl.txt,0.044438,0.393137,8.846936,4.707117,0.183964,4.139819,0,,,,,,,,,
rapl,cpu,uint,gt,max,4096,131072,bench/results/raw/energy/measurements/20260801_015012_cpu_uint_gt_q17_k4096_max_uniform_s17004247_rep3_rapl.txt,0.043414,0.410486,9.455179,4.707117,0.206132,4.748062,0,,,,,,,,,
rapl,cpu,uint,gt,max,8,131072,bench/results/raw/energy/measurements/20260801_015012_cpu_uint_gt_q17_k8_max_uniform_s17000159_rep1_rapl.txt,0.010225,0.130151,12.729226,4.707117,0.082023,8.022109,0,rapl:package+core,0.048429,0.048429,0.002713,0.002713,0.035658591579,0.035658591579,0.048429,0.004386
rapl,cpu,uint,gt,max,8,131072,bench/results/raw/energy/measurements/20260801_015012_cpu_uint_gt_q17_k8_max_uniform_s17000159_rep2_rapl.txt,0.010255,0.107797,10.512041,4.707117,0.059527,5.804924,0,,,,,,,,,
rapl,cpu,uint,gt,max,8,131072,bench/results/raw/energy/measurements/20260801_015012_cpu_uint_gt_q17_k8_max_uniform_s17000159_rep3_rapl.txt,0.010678,0.114405,10.714271,4.707117,0.064143,6.007154,0,,,,,,,,,
rapl,cpu,uint,gt,max,131072,262144,bench/results/raw/energy/measurements/20260801_015012_cpu_uint_gt_q18_k131072_max_uniform_s18131226_rep1_rapl.txt,0.609042,4.462874,7.327696,4.707117,1.596042,2.620579,0,rapl:package+core,4.273322,4.273322,0.544142,0.544142,1.71198194139,1.71198194139,4.316366,0.54857
rapl,cpu,uint,gt,max,131072,262144,bench/results/raw/energy/measurements/20260801_015012_cpu_uint_gt_q18_k131072_max_uniform_s18131226_rep2_rapl.txt,0.609688,4.455977,7.308624,4.707117,1.586106,2.601507,0,,,,,,,,,
rapl,cpu,uint,gt,max,131072,262144,bench/results/raw/energy/measurements/20260801_015012_cpu_uint_gt_q18_k131072_max_uniform_s18131226_rep3_rapl.txt,0.607346,4.511776,7.42868,4.707117,1.652929,2.721563,0,,,,,,,,,
rapl,cpu,uint,gt,max,256,262144,bench/results/raw/energy/measurements/20260801_015012_cpu_uint_gt_q18_k256_max_uniform_s18000410_rep1_rapl.txt,0.016964,0.180533,10.6423,4.707117,0.100683,5.935183,0,rapl:package+core,0.100733,0.100733,0.007076,0.007076,0.067425440108,0.067425440108,0.125573,0.010216
rapl,cpu,uint,gt,max,256,262144,bench/results/raw/energy/measurements/20260801_015012_cpu_uint_gt_q18_k256_max_uniform_s18000410_rep2_rapl.txt,0.017438,0.191656,10.990601,4.707117,0.109572,6.283484,0,,,,,,,,,
rapl,cpu,uint,gt,max,256,262144,bench/results/raw/energy/measurements/20260801_015012_cpu_uint_gt_q18_k256_max_uniform_s18000410_rep3_rapl.txt,0.017345,0.18485,10.656987,4.707117,0.103203,5.94987,0,,,,,,,,,
rapl,cpu,uint,gt,max,4096,262144,bench/results/raw/energy/measurements/20260801_015012_cpu_uint_gt_q18_k4096_max_uniform_s18004250_rep1_rapl.txt,0.052836,0.479177,9.069149,4.707117,0.230472,4.362032,0,rapl:package+core,0.350217,0.350217,0.039928,0.039928,0.162271232424,0.162271232424,0.386561,0.042981
rapl,cpu,uint,gt,max,4096,262144,bench/results/raw/energy/measurements/20260801_015012_cpu_uint_gt_q18_k4096_max_uniform_s18004250_rep2_rapl.txt,0.054128,0.50356,9.303104,4.707117,0.248772,4.595987,0,,,,,,,,,
rapl,cpu,uint,gt,max,4096,262144,bench/results/raw/energy/measurements/20260801_015012_cpu_uint_gt_q18_k4096_max_uniform_s18004250_rep3_rapl.txt,0.055104,0.523639,9.502655,4.707117,0.264256,4.795538,0,,,,,,,,,
rapl,cpu,uint,gt,max,8,262144,bench/results/raw/energy/measurements/20260801_015012_cpu_uint_gt_q18_k8_max_uniform_s18000162_rep1_rapl.txt,0.015157,0.17858,11.782398,4.707117,0.107237,7.075281,0,rapl:package+core,0.086574,0.086574,0.005878,0.005878,0.058905566274,0.058905566274,0.098109,0.009734
rapl,cpu,uint,gt,max,8,262144,bench/results/raw/energy/measurements/20260801_015012_cpu_uint_gt_q18_k8_max_uniform_s18000162_rep2_rapl.txt,0.015142,0.162483,10.730473,4.707117,0.091207,6.023356,0,,,,,,,,,
rapl,cpu,uint,gt,max,8,262144,bench/results/raw/energy/measurements/20260801_015012_cpu_uint_gt_q18_k8_max_uniform_s18000162_rep3_rapl.txt,0.014887,0.165977,11.149231,4.707117,0.095903,6.442114,0,,,,,,,,,
rapl,cpu,uint,gt,max,131072,524288,bench/results/raw/energy/measurements/20260801_015012_cpu_uint_gt_q19_k131072_max_uniform_s19131229_rep1_rapl.txt,0.925808,6.903543,7.456773,4.707117,2.545654,2.749656,0,rapl:package+core,6.192719,6.192719,0.825109,0.825109,2.30883439925,2.30883439925,6.231612,0.832478
rapl,cpu,uint,gt,max,131072,524288,bench/results/raw/energy/measurements/20260801_015012_cpu_uint_gt_q19_k131072_max_uniform_s19131229_rep2_rapl.txt,0.928636,7.097411,7.642834,4.707117,2.726212,2.935717,0,,,,,,,,,
rapl,cpu,uint,gt,max,131072,524288,bench/results/raw/energy/measurements/20260801_015012_cpu_uint_gt_q19_k131072_max_uniform_s19131229_rep3_rapl.txt,0.926522,6.899194,7.44634,4.707117,2.537949,2.739223,0,,,,,,,,,
rapl,cpu,uint,gt,max,256,524288,bench/results/raw/energy/measurements/20260801_015012_cpu_uint_gt_q19_k256_max_uniform_s19000413_rep1_rapl.txt,0.027218,0.281998,10.360859,4.707117,0.153881,5.653742,0,rapl:package+core,0.093639,0.093639,0.012535,0.012535,0.034635288405,0.034635288405,0.158546,0.017509
rapl,cpu,uint,gt,max,256,524288,bench/results/raw/energy/measurements/20260801_015012_cpu_uint_gt_q19_k256_max_uniform_s19000413_rep2_rapl.txt,0.025676,0.274049,10.673546,4.707117,0.153191,5.966429,0,,,,,,,,,
rapl,cpu,uint,gt,max,256,524288,bench/results/raw/energy/measurements/20260801_015012_cpu_uint_gt_q19_k256_max_uniform_s19000413_rep3_rapl.txt,0.025699,0.335294,13.046775,4.707117,0.214324,8.339658,0,,,,,,,,,
rapl,cpu,uint,gt,max,4096,524288,bench/results/raw/energy/measurements/20260801_015012_cpu_uint_gt_q19_k4096_max_uniform_s19004253_rep1_rapl.txt,0.067255,0.630995,9.382125,4.707117,0.314418,4.675008,0,rapl:package+core,0.431572,0.431572,0.049413,0.049413,0.198979227679,0.198979227679,0.462104,0.054115
rapl,cpu,uint,gt,max,4096,524288,bench/results/raw/energy/measurements/20260801_015012_cpu_uint_gt_q19_k4096_max_uniform_s19004253_rep2_rapl.txt,0.067766,0.659329,9.729434,4.707117,0.340344,5.022317,0,,,,,,,,,
rapl,cpu,uint,gt,max,4096,524288,bench/results/raw/energy/measurements/20260801_015012_cpu_uint_gt_q19_k4096_max_uniform_s19004253_rep3_rapl.txt,0.067143,0.629255,9.371802,4.707117,0.313203,4.664685,0,,,,,,,,,
rapl,cpu,uint,gt,max,8,524288,bench/results/raw/energy/measurements/20260801_015012_cpu_uint_gt_q19_k8_max_uniform_s19000165_rep1_rapl.txt,0.023318,0.246539,10.572989,4.707117,0.136779,5.865872,0,rapl:package+core,0.118279,0.118279,0.008587,0.008587,0.077858986321,0.077858986321,0.154655,0.013351
rapl,cpu,uint,gt,max,8,524288,bench/results/raw/energy/measurements/20260801_015012_cpu_uint_gt_q19_k8_max_uniform_s19000165_rep2_rapl.txt,0.023477,0.272919,11.624914,4.707117,0.16241,6.917797,0,,,,,,,,,
rapl,cpu,uint,gt,max,8,524288,bench/results/raw/energy/measurements/20260801_015012_cpu_uint_gt_q19_k8_max_uniform_s19000165_rep3_rapl.txt,0.022958,0.241702,10.528208,4.707117,0.133638,5.821091,0,,,,,,,,,
rapl,cpu,uint,gt,max,131072,1048576,bench/results/raw/energy/measurements/20260801_015012_cpu_uint_gt_q20_k131072_max_uniform_s20131232_rep1_rapl.txt,1.254228,9.586204,7.643109,4.707117,3.682404,2.935992,0,rapl:package+core,8.439625,8.439625,1.10975,1.10975,3.21590190925,3.21590190925,8.543824,1.123463
rapl,cpu,uint,gt,max,131072,1048576,bench/results/raw/energy/measurements/20260801_015012_cpu_uint_gt_q20_k131072_max_uniform_s20131232_rep2_rapl.txt,1.20692,9.185454,7.610656,4.707117,3.50434,2.903539,0,,,,,,,,,
rapl,cpu,uint,gt,max,131072,1048576,bench/results/raw/energy/measurements/20260801_015012_cpu_uint_gt_q20_k131072_max_uniform_s20131232_rep3_rapl.txt,1.250939,10.294038,8.229049,4.707117,4.405722,3.521932,0,,,,,,,,,
rapl,cpu,uint,gt,max,256,1048576,bench/results/raw/energy/measurements/20260801_015012_cpu_uint_gt_q20_k256_max_uniform_s20000416_rep1_rapl.txt,0.040418,0.427239,10.570412,4.707117,0.236985,5.863295,0,rapl:package+core,0.218647,0.218647,0.01876,0.01876,0.13034148508,0.13034148508,0.352841,0.027318
rapl,cpu,uint,gt,max,256,1048576,bench/results/raw/energy/measurements/20260801_015012_cpu_uint_gt_q20_k256_max_uniform_s20000416_rep2_rapl.txt,0.041398,0.43496,10.506715,4.707117,0.240093,5.799598,0,,,,,,,,,
rapl,cpu,uint,gt,max,256,1048576,bench/results/raw/energy/measurements/20260801_015012_cpu_uint_gt_q20_k256_max_uniform_s20000416_rep3_rapl.txt,0.043115,0.479712,11.126424,4.707117,0.276766,6.419307,0,,,,,,,,,
rapl,cpu,uint,gt,max,4096,1048576,bench/results/raw/energy/measurements/20260801_015012_cpu_uint_gt_q20_k4096_max_uniform_s20004256_rep1_rapl.txt,0.089741,0.850679,9.479319,4.707117,0.42826,4.772202,0,rapl:package+core,0.553589,0.553589,0.062869,0.062869,0.257657261327,0.257657261327,0.634565,0.070591
rapl,cpu,uint,gt,max,4096,1048576,bench/results/raw/energy/measurements/20260801_015012_cpu_uint_gt_q20_k4096_max_uniform_s20004256_rep2_rapl.txt,0.089593,0.838686,9.361023,4.707117,0.416959,4.653906,0,,,,,,,,,
rapl,cpu,uint,gt,max,4096,1048576,bench/results/raw/energy/measurements/20260801_015012_cpu_uint_gt_q20_k4096_max_uniform_s20004256_rep3_rapl.txt,0.089363,0.828891,9.27559,4.707117,0.408251,4.568473,0,,,,,,,,,
rapl,cpu,uint,gt,max,8,1048576,bench/results/raw/energy/measurements/20260801_015012_cpu_uint_gt_q20_k8_max_uniform_s20000168_rep1_rapl.txt,0.037706,0.389842,10.338954,4.707117,0.212355,5.631837,0,rapl:package+core,0.131829,0.131829,0.01584,0.01584,0.05726826672,0.05726826672,0.214146,0.023135
rapl,cpu,uint,gt,max,8,1048576,bench/results/raw/energy/measurements/20260801_015012_cpu_uint_gt_q20_k8_max_uniform_s20000168_rep2_rapl.txt,0.038091,0.402537,10.567721,4.707117,0.223237,5.860604,0,,,,,,,,,
rapl,cpu,uint,gt,max,8,1048576,bench/results/raw/energy/measurements/20260801_015012_cpu_uint_gt_q20_k8_max_uniform_s20000168_rep3_rapl.txt,0.03907,0.415628,10.638064,4.707117,0.231721,5.930947,0,,,,,,,,,
rapl,cpu,uint,gt,max,131072,2097152,bench/results/raw/energy/measurements/20260801_015012_cpu_uint_gt_q21_k131072_max_uniform_s21131235_rep1_rapl.txt,1.602946,12.301717,7.674441,4.707117,4.756461,2.967324,0,rapl:package+core,11.089908,11.089908,1.424802,1.424802,4.38319828417,4.38319828417,11.288525,1.450556
rapl,cpu,uint,gt,max,131072,2097152,bench/results/raw/energy/measurements/20260801_015012_cpu_uint_gt_q21_k131072_max_uniform_s21131235_rep2_rapl.txt,1.607641,12.494638,7.772035,4.707117,4.927286,3.064918,0,,,,,,,,,
rapl,cpu,uint,gt,max,131072,2097152,bench/results/raw/energy/measurements/20260801_015012_cpu_uint_gt_q21_k131072_max_uniform_s21131235_rep3_rapl.txt,1.604052,12.181301,7.594082,4.707117,4.630841,2.886965,0,,,,,,,,,
rapl,cpu,uint,gt,max,256,2097152,bench/results/raw/energy/measurements/20260801_015012_cpu_uint_gt_q21_k256_max_uniform_s21000419_rep1_rapl.txt,0.074649,0.804921,10.782695,4.707117,0.453538,6.075578,0,rapl:package+core,0.286879,0.286879,0.032975,0.032975,0.131661816925,0.131661816925,0.493443,0.050883
rapl,cpu,uint,gt,max,256,2097152,bench/results/raw/energy/measurements/20260801_015012_cpu_uint_gt_q21_k256_max_uniform_s21000419_rep2_rapl.txt,0.074316,0.766424,10.313005,4.707117,0.416609,5.605888,0,,,,,,,,,
rapl,cpu,uint,gt,max,256,2097152,bench/results/raw/energy/measurements/20260801_015012_cpu_uint_gt_q21_k256_max_uniform_s21000419_rep3_rapl.txt,0.074077,0.766272,10.344212,4.707117,0.417581,5.637095,0,,,,,,,,,
rapl,cpu,uint,gt,max,4096,2097152,bench/results/raw/energy/measurements/20260801_015012_cpu_uint_gt_q21_k4096_max_uniform_s21004259_rep1_rapl.txt,0.13229,1.262523,9.543592,4.707117,0.639818,4.836475,0,rapl:package+core,0.739343,0.739343,0.085134,0.085134,0.338607301322,0.338607301322,0.905578,0.10324
rapl,cpu,uint,gt,max,4096,2097152,bench/results/raw/energy/measurements/20260801_015012_cpu_uint_gt_q21_k4096_max_uniform_s21004259_rep2_rapl.txt,0.133172,1.230283,9.238282,4.707117,0.603426,4.531165,0,,,,,,,,,
rapl,cpu,uint,gt,max,4096,2097152,bench/results/raw/energy/measurements/20260801_015012_cpu_uint_gt_q21_k4096_max_uniform_s21004259_rep3_rapl.txt,0.13054,1.237149,9.477172,4.707117,0.622682,4.770055,0,,,,,,,,,
rapl,cpu,uint,gt,max,8,2097152,bench/results/raw/energy/measurements/20260801_015012_cpu_uint_gt_q21_k8_max_uniform_s21000171_rep1_rapl.txt,0.071044,0.728661,10.256445,4.707117,0.394248,5.549328,0,rapl:package+core,0.289081,0.289081,0.029818,0.029818,0.148724185294,0.148724185294,0.455771,0.046577
rapl,cpu,uint,gt,max,8,2097152,bench/results/raw/energy/measurements/20260801_015012_cpu_uint_gt_q21_k8_max_uniform_s21000171_rep2_rapl.txt,0.070116,0.748573,10.676201,4.707117,0.418529,5.969084,0,,,,,,,,,
rapl,cpu,uint,gt,max,8,2097152,bench/results/raw/energy/measurements/20260801_015012_cpu_uint_gt_q21_k8_max_uniform_s21000171_rep3_rapl.txt,0.07188,0.755057,10.50436,4.707117,0.416708,5.797243,0,,,,,,,,,
rapl,cpu,uint,gt,max,131072,4194304,bench/results/raw/energy/measurements/20260801_015012_cpu_uint_gt_q22_k131072_max_uniform_s22131238_rep1_rapl.txt,2.023275,15.560063,7.690533,4.707117,6.036271,2.983416,0,rapl:package+core,12.792839,12.792839,1.665928,1.665928,4.95112099042,4.95112099042,13.134864,1.713737
rapl,cpu,uint,gt,max,131072,4194304,bench/results/raw/energy/measurements/20260801_015012_cpu_uint_gt_q22_k131072_max_uniform_s22131238_rep2_rapl.txt,2.015923,15.424968,7.651565,4.707117,5.935781,2.944448,0,,,,,,,,,
rapl,cpu,uint,gt,max,131072,4194304,bench/results/raw/energy/measurements/20260801_015012_cpu_uint_gt_q22_k131072_max_uniform_s22131238_rep3_rapl.txt,2.0293,15.728862,7.750879,4.707117,6.176707,3.043762,0,,,,,,,,,
rapl,cpu,uint,gt,max,256,4194304,bench/results/raw/energy/measurements/20260801_015012_cpu_uint_gt_q22_k256_max_uniform_s22000422_rep1_rapl.txt,0.147334,1.475876,10.017238,4.707117,0.782359,5.310121,0,rapl:package+core,0.618479,0.618479,0.062047,0.062047,0.326416511501,0.326416511501,1.025688,0.100991
rapl,cpu,uint,gt,max,256,4194304,bench/results/raw/energy/measurements/20260801_015012_cpu_uint_gt_q22_k256_max_uniform_s22000422_rep2_rapl.txt,0.145519,1.474396,10.131998,4.707117,0.789422,5.424881,0,,,,,,,,,
rapl,cpu,uint,gt,max,256,4194304,bench/results/raw/energy/measurements/20260801_015012_cpu_uint_gt_q22_k256_max_uniform_s22000422_rep3_rapl.txt,0.147936,1.483627,10.028853,4.707117,0.787276,5.321736,0,,,,,,,,,
rapl,cpu,uint,gt,max,4096,4194304,bench/results/raw/energy/measurements/20260801_015012_cpu_uint_gt_q22_k4096_max_uniform_s22004262_rep1_rapl.txt,0.210705,2.004215,9.511968,4.707117,1.012404,4.804851,0,rapl:package+core,1.130697,1.130697,0.119639,0.119639,0.567542229237,0.567542229237,1.51634,0.161173
rapl,cpu,uint,gt,max,4096,4194304,bench/results/raw/energy/measurements/20260801_015012_cpu_uint_gt_q22_k4096_max_uniform_s22004262_rep2_rapl.txt,0.209103,1.97524,9.446249,4.707117,0.990967,4.739132,0,,,,,,,,,
rapl,cpu,uint,gt,max,4096,4194304,bench/results/raw/energy/measurements/20260801_015012_cpu_uint_gt_q22_k4096_max_uniform_s22004262_rep3_rapl.txt,0.211506,2.07785,9.824087,4.707117,1.082268,5.11697,0,,,,,,,,,
rapl,cpu,uint,gt,max,8,4194304,bench/results/raw/energy/measurements/20260801_015012_cpu_uint_gt_q22_k8_max_uniform_s22000174_rep1_rapl.txt,0.143517,1.465698,10.212678,4.707117,0.790144,5.505561,0,rapl:package+core,0.567554,0.567554,0.058774,0.058774,0.290897905442,0.290897905442,1.007501,0.100031
rapl,cpu,uint,gt,max,8,4194304,bench/results/raw/energy/measurements/20260801_015012_cpu_uint_gt_q22_k8_max_uniform_s22000174_rep2_rapl.txt,0.14407,1.448061,10.051083,4.707117,0.769906,5.343966,0,,,,,,,,,
rapl,cpu,uint,gt,max,8,4194304,bench/results/raw/energy/measurements/20260801_015012_cpu_uint_gt_q22_k8_max_uniform_s22000174_rep3_rapl.txt,0.143341,1.440874,10.05205,4.707117,0.76615,5.344933,0,,,,,,,,,
rapl,cpu,uint,gt,max,131072,8388608,bench/results/raw/energy/measurements/20260801_015012_cpu_uint_gt_q23_k131072_max_uniform_s23131241_rep1_rapl.txt,2.490496,19.520872,7.838147,4.707117,7.797817,3.13103,0,rapl:package+core,16.315079,16.315079,2.026057,2.026057,6.77819165233,6.77819165233,17.912114,2.219564
rapl,cpu,uint,gt,max,131072,8388608,bench/results/raw/energy/measurements/20260801_015012_cpu_uint_gt_q23_k131072_max_uniform_s23131241_rep2_rapl.txt,2.494143,19.568202,7.845661,4.707117,7.827978,3.138544,0,,,,,,,,,
rapl,cpu,uint,gt,max,131072,8388608,bench/results/raw/energy/measurements/20260801_015012_cpu_uint_gt_q23_k131072_max_uniform_s23131241_rep3_rapl.txt,2.491611,19.746507,7.925195,4.707117,8.0182,3.218078,0,,,,,,,,,
rapl,cpu,uint,gt,max,256,8388608,bench/results/raw/energy/measurements/20260801_015012_cpu_uint_gt_q23_k256_max_uniform_s23000425_rep1_rapl.txt,0.389067,3.745442,9.626729,4.707117,1.914058,4.919612,0,rapl:package+core,1.260036,1.260036,0.121054,0.121054,0.690220658682,0.690220658682,3.322933,0.306383
rapl,cpu,uint,gt,max,256,8388608,bench/results/raw/energy/measurements/20260801_015012_cpu_uint_gt_q23_k256_max_uniform_s23000425_rep2_rapl.txt,0.393268,3.736837,9.502014,4.707117,1.885679,4.794897,0,,,,,,,,,
rapl,cpu,uint,gt,max,256,8388608,bench/results/raw/energy/measurements/20260801_015012_cpu_uint_gt_q23_k256_max_uniform_s23000425_rep3_rapl.txt,0.388901,3.696418,9.504785,4.707117,1.865817,4.797668,0,,,,,,,,,
rapl,cpu,uint,gt,max,4096,8388608,bench/results/raw/energy/measurements/20260801_015012_cpu_uint_gt_q23_k4096_max_uniform_s23004265_rep1_rapl.txt,0.461755,4.29885,9.309802,4.707117,2.125314,4.602685,0,rapl:package+core,1.723512,1.723512,0.186399,0.186399,0.846110098317,0.846110098317,3.452138,0.362306
rapl,cpu,uint,gt,max,4096,8388608,bench/results/raw/energy/measurements/20260801_015012_cpu_uint_gt_q23_k4096_max_uniform_s23004265_rep2_rapl.txt,0.460129,4.315649,9.37921,4.707117,2.149767,4.672093,0,,,,,,,,,
rapl,cpu,uint,gt,max,4096,8388608,bench/results/raw/energy/measurements/20260801_015012_cpu_uint_gt_q23_k4096_max_uniform_s23004265_rep3_rapl.txt,0.459703,4.322973,9.40383,4.707117,2.159095,4.696713,0,,,,,,,,,
rapl,cpu,uint,gt,max,8,8388608,bench/results/raw/energy/measurements/20260801_015012_cpu_uint_gt_q23_k8_max_uniform_s23000177_rep1_rapl.txt,0.391323,3.725805,9.521051,4.707117,1.883803,4.813934,0,rapl:package+core,1.219324,1.219324,0.116343,0.116343,0.671683886869,0.671683886869,2.918032,0.299585
rapl,cpu,uint,gt,max,8,8388608,bench/results/raw/energy/measurements/20260801_015012_cpu_uint_gt_q23_k8_max_uniform_s23000177_rep2_rapl.txt,0.384504,3.927058,10.213313,4.707117,2.117153,5.506196,0,,,,,,,,,
rapl,cpu,uint,gt,max,8,8388608,bench/results/raw/energy/measurements/20260801_015012_cpu_uint_gt_q23_k8_max_uniform_s23000177_rep3_rapl.txt,0.391859,3.739858,9.54388,4.707117,1.89533,4.836763,0,,,,,,,,,
rapl,cpu,uint,gt,max,131072,16777216,bench/results/raw/energy/measurements/20260801_015012_cpu_uint_gt_q24_k131072_max_uniform_s24131244_rep1_rapl.txt,3.223014,25.985564,8.062503,4.707117,10.814458,3.355386,0,rapl:package+core,20.103222,20.103222,2.500371,2.500371,8.33368315959,8.33368315959,23.256274,2.829335
rapl,cpu,uint,gt,max,131072,16777216,bench/results/raw/energy/measurements/20260801_015012_cpu_uint_gt_q24_k131072_max_uniform_s24131244_rep2_rapl.txt,3.211825,25.783732,8.027751,4.707117,10.665295,3.320634,0,,,,,,,,,
rapl,cpu,uint,gt,max,131072,16777216,bench/results/raw/energy/measurements/20260801_015012_cpu_uint_gt_q24_k131072_max_uniform_s24131244_rep3_rapl.txt,3.211344,25.579992,7.965511,4.707117,10.463822,3.258394,0,,,,,,,,,
rapl,cpu,uint,gt,max,256,16777216,bench/results/raw/energy/measurements/20260801_015012_cpu_uint_gt_q24_k256_max_uniform_s24000428_rep1_rapl.txt,0.732086,7.232993,9.879978,4.707117,3.786979,5.172861,0,rapl:package+core,2.391662,2.391662,0.236781,0.236781,1.27710612962,1.27710612962,5.560122,0.561946
rapl,cpu,uint,gt,max,256,16777216,bench/results/raw/energy/measurements/20260801_015012_cpu_uint_gt_q24_k256_max_uniform_s24000428_rep2_rapl.txt,0.730938,7.204217,9.85613,4.707117,3.763608,5.149013,0,,,,,,,,,
rapl,cpu,uint,gt,max,256,16777216,bench/results/raw/energy/measurements/20260801_015012_cpu_uint_gt_q24_k256_max_uniform_s24000428_rep3_rapl.txt,0.735259,7.843055,10.667067,4.707117,4.382106,5.95995,0,,,,,,,,,
rapl,cpu,uint,gt,max,4096,16777216,bench/results/raw/energy/measurements/20260801_015012_cpu_uint_gt_q24_k4096_max_uniform_s24004268_rep1_rapl.txt,0.800867,7.63045,9.527736,4.707117,3.860675,4.820619,0,rapl:package+core,2.824986,2.824986,0.309904,0.309904,1.36623161323,1.36623161323,5.952894,0.632467
rapl,cpu,uint,gt,max,4096,16777216,bench/results/raw/energy/measurements/20260801_015012_cpu_uint_gt_q24_k4096_max_uniform_s24004268_rep2_rapl.txt,0.807396,7.555548,9.357925,4.707117,3.755042,4.650808,0,,,,,,,,,
rapl,cpu,uint,gt,max,4096,16777216,bench/results/raw/energy/measurements/20260801_015012_cpu_uint_gt_q24_k4096_max_uniform_s24004268_rep3_rapl.txt,0.808952,7.579442,9.369457,4.707117,3.77161,4.66234,0,,,,,,,,,
rapl,cpu,uint,gt,max,8,16777216,bench/results/raw/energy/measurements/20260801_015012_cpu_uint_gt_q24_k8_max_uniform_s24000180_rep1_rapl.txt,0.718495,7.087234,9.864001,4.707117,3.705194,5.156884,0,rapl:package+core,2.486322,2.486322,0.231781,0.231781,1.39530171462,1.39530171462,5.704448,0.552569
rapl,cpu,uint,gt,max,8,16777216,bench/results/raw/energy/measurements/20260801_015012_cpu_uint_gt_q24_k8_max_uniform_s24000180_rep2_rapl.txt,0.719489,7.089614,9.853685,4.707117,3.702897,5.146568,0,,,,,,,,,
rapl,cpu,uint,gt,max,8,16777216,bench/results/raw/energy/measurements/20260801_015012_cpu_uint_gt_q24_k8_max_uniform_s24000180_rep3_rapl.txt,0.725045,7.124723,9.826595,4.707117,3.711852,5.119478,0,,,,,,,,,
rapl,cpu,uint,map_reduce,max,256,65536,bench/results/raw/energy/measurements/20260801_015012_cpu_uint_map_reduce_q16_k256_max_uniform_s16000404_rep1_rapl.txt,0.007425,0.084957,11.441913,4.707117,0.050006,6.734796,0,rapl:package+core,0.030684,0.030684,0.002416,0.002416,0.019311605328,0.019311605328,0.040937,0.003642
rapl,cpu,uint,map_reduce,max,256,65536,bench/results/raw/energy/measurements/20260801_015012_cpu_uint_map_reduce_q16_k256_max_uniform_s16000404_rep2_rapl.txt,0.007974,0.102244,12.822318,4.707117,0.06471,8.115201,0,,,,,,,,,
rapl,cpu,uint,map_reduce,max,256,65536,bench/results/raw/energy/measurements/20260801_015012_cpu_uint_map_reduce_q16_k256_max_uniform_s16000404_rep3_rapl.txt,0.007567,0.090663,11.980724,4.707117,0.055042,7.273607,0,,,,,,,,,
rapl,cpu,uint,map_reduce,max,4096,65536,bench/results/raw/energy/measurements/20260801_015012_cpu_uint_map_reduce_q16_k4096_max_uniform_s16004244_rep1_rapl.txt,0.048819,0.491888,10.075785,4.707117,0.262092,5.368668,0,rapl:package+core,0.34837,0.34837,0.039736,0.039736,0.161327998888,0.161327998888,0.36105,0.040967
rapl,cpu,uint,map_reduce,max,4096,65536,bench/results/raw/energy/measurements/20260801_015012_cpu_uint_map_reduce_q16_k4096_max_uniform_s16004244_rep2_rapl.txt,0.050083,0.454139,9.067655,4.707117,0.218391,4.360538,0,,,,,,,,,
rapl,cpu,uint,map_reduce,max,4096,65536,bench/results/raw/energy/measurements/20260801_015012_cpu_uint_map_reduce_q16_k4096_max_uniform_s16004244_rep3_rapl.txt,0.050355,0.469336,9.320464,4.707117,0.232307,4.613347,0,,,,,,,,,
rapl,cpu,uint,map_reduce,max,8,65536,bench/results/raw/energy/measurements/20260801_015012_cpu_uint_map_reduce_q16_k8_max_uniform_s16000156_rep1_rapl.txt,0.006256,0.075253,12.02965,4.707117,0.045807,7.322533,0,rapl:package+core,0.009811,0.009811,0.001393,0.001393,0.003253986019,0.003253986019,0.022673,0.002598
rapl,cpu,uint,map_reduce,max,8,65536,bench/results/raw/energy/measurements/20260801_015012_cpu_uint_map_reduce_q16_k8_max_uniform_s16000156_rep2_rapl.txt,0.006493,0.07893,12.15555,4.707117,0.048365,7.448433,0,,,,,,,,,
rapl,cpu,uint,map_reduce,max,8,65536,bench/results/raw/energy/measurements/20260801_015012_cpu_uint_map_reduce_q16_k8_max_uniform_s16000156_rep3_rapl.txt,0.00631,0.07777,12.324443,4.707117,0.048067,7.617326,0,,,,,,,,,
rapl,cpu,uint,map_reduce,max,131072,131072,bench/results/raw/energy/measurements/20260801_015012_cpu_uint_map_reduce_q17_k131072_max_uniform_s17131223_rep1_rapl.txt,0.368187,2.726178,7.404321,4.707117,0.993077,2.697204,0,rapl:package+core,2.437207,2.437207,0.322897,0.322897,0.917293042051,0.917293042051,2.453792,0.324296
rapl,cpu,uint,map_reduce,max,131072,131072,bench/results/raw/energy/measurements/20260801_015012_cpu_uint_map_reduce_q17_k131072_max_uniform_s17131223_rep2_rapl.txt,0.365013,2.76156,7.565656,4.707117,1.043403,2.858539,0,,,,,,,,,
rapl,cpu,uint,map_reduce,max,131072,131072,bench/results/raw/energy/measurements/20260801_015012_cpu_uint_map_reduce_q17_k131072_max_uniform_s17131223_rep3_rapl.txt,0.365331,2.712582,7.424995,4.707117,0.992925,2.717878,0,,,,,,,,,
rapl,cpu,uint,map_reduce,max,256,131072,bench/results/raw/energy/measurements/20260801_015012_cpu_uint_map_reduce_q17_k256_max_uniform_s17000407_rep1_rapl.txt,0.00816,0.096247,11.795155,4.707117,0.057838,7.088038,0,rapl:package+core,0.040708,0.040708,0.002916,0.002916,0.026982046828,0.026982046828,0.040708,0.00418
rapl,cpu,uint,map_reduce,max,256,131072,bench/results/raw/energy/measurements/20260801_015012_cpu_uint_map_reduce_q17_k256_max_uniform_s17000407_rep2_rapl.txt,0.008745,0.099192,11.343078,4.707117,0.05803,6.635961,0,,,,,,,,,
rapl,cpu,uint,map_reduce,max,256,131072,bench/results/raw/energy/measurements/20260801_015012_cpu_uint_map_reduce_q17_k256_max_uniform_s17000407_rep3_rapl.txt,0.00827,0.090114,10.896146,4.707117,0.051185,6.189029,0,,,,,,,,,
rapl,cpu,uint,map_reduce,max,4096,131072,bench/results/raw/energy/measurements/20260801_015012_cpu_uint_map_reduce_q17_k4096_max_uniform_s17004247_rep1_rapl.txt,0.058755,0.54735,9.31574,4.707117,0.270781,4.608623,0,rapl:package+core,0.943143,0.943143,0.049473,0.049473,0.710267800659,0.710267800659,0.968196,0.05087
rapl,cpu,uint,map_reduce,max,4096,131072,bench/results/raw/energy/measurements/20260801_015012_cpu_uint_map_reduce_q17_k4096_max_uniform_s17004247_rep2_rapl.txt,0.060167,0.548403,9.114633,4.707117,0.265188,4.407516,0,,,,,,,,,
rapl,cpu,uint,map_reduce,max,4096,131072,bench/results/raw/energy/measurements/20260801_015012_cpu_uint_map_reduce_q17_k4096_max_uniform_s17004247_rep3_rapl.txt,0.060183,0.543551,9.031701,4.707117,0.260265,4.324584,0,,,,,,,,,
rapl,cpu,uint,map_reduce,max,8,131072,bench/results/raw/energy/measurements/20260801_015012_cpu_uint_map_reduce_q17_k8_max_uniform_s17000159_rep1_rapl.txt,0.006651,0.083919,12.618096,4.707117,0.052613,7.910979,0,rapl:package+core,0.019378,0.019378,0.001643,0.001643,0.011644206769,0.011644206769,0.019378,0.00288
rapl,cpu,uint,map_reduce,max,8,131072,bench/results/raw/energy/measurements/20260801_015012_cpu_uint_map_reduce_q17_k8_max_uniform_s17000159_rep2_rapl.txt,0.006094,0.065625,10.768405,4.707117,0.036939,6.061288,0,,,,,,,,,
rapl,cpu,uint,map_reduce,max,8,131072,bench/results/raw/energy/measurements/20260801_015012_cpu_uint_map_reduce_q17_k8_max_uniform_s17000159_rep3_rapl.txt,0.007269,0.09492,13.05879,4.707117,0.060706,8.351673,0,,,,,,,,,
rapl,cpu,uint,map_reduce,max,131072,262144,bench/results/raw/energy/measurements/20260801_015012_cpu_uint_map_reduce_q18_k131072_max_uniform_s18131226_rep1_rapl.txt,0.757422,5.977397,7.891769,4.707117,2.412124,3.184652,0,rapl:package+core,5.925932,5.925932,0.68211,0.68211,2.71516042313,2.71516042313,5.953137,0.684945
rapl,cpu,uint,map_reduce,max,131072,262144,bench/results/raw/energy/measurements/20260801_015012_cpu_uint_map_reduce_q18_k131072_max_uniform_s18131226_rep2_rapl.txt,0.758444,5.922927,7.809315,4.707117,2.352843,3.102198,0,,,,,,,,,
rapl,cpu,uint,map_reduce,max,131072,262144,bench/results/raw/energy/measurements/20260801_015012_cpu_uint_map_reduce_q18_k131072_max_uniform_s18131226_rep3_rapl.txt,0.758644,5.908553,7.788307,4.707117,2.337526,3.08119,0,,,,,,,,,
rapl,cpu,uint,map_reduce,max,256,262144,bench/results/raw/energy/measurements/20260801_015012_cpu_uint_map_reduce_q18_k256_max_uniform_s18000410_rep1_rapl.txt,0.010054,0.10232,10.177414,4.707117,0.054996,5.470297,0,rapl:package+core,0.038404,0.038404,0.003236,0.003236,0.023171769388,0.023171769388,0.038404,0.004442
rapl,cpu,uint,map_reduce,max,256,262144,bench/results/raw/energy/measurements/20260801_015012_cpu_uint_map_reduce_q18_k256_max_uniform_s18000410_rep2_rapl.txt,0.010176,0.156196,15.349535,4.707117,0.108297,10.642418,0,,,,,,,,,
rapl,cpu,uint,map_reduce,max,256,262144,bench/results/raw/energy/measurements/20260801_015012_cpu_uint_map_reduce_q18_k256_max_uniform_s18000410_rep3_rapl.txt,0.009911,0.105357,10.630757,4.707117,0.058707,5.92364,0,,,,,,,,,
rapl,cpu,uint,map_reduce,max,4096,262144,bench/results/raw/energy/measurements/20260801_015012_cpu_uint_map_reduce_q18_k4096_max_uniform_s18004250_rep1_rapl.txt,0.069148,0.654324,9.462716,4.707117,0.328838,4.755599,0,rapl:package+core,0.4941,0.4941,0.057126,0.057126,0.225201234258,0.225201234258,0.506291,0.058364
rapl,cpu,uint,map_reduce,max,4096,262144,bench/results/raw/energy/measurements/20260801_015012_cpu_uint_map_reduce_q18_k4096_max_uniform_s18004250_rep2_rapl.txt,0.069345,0.664471,9.582104,4.707117,0.338056,4.874987,0,,,,,,,,,
rapl,cpu,uint,map_reduce,max,4096,262144,bench/results/raw/energy/measurements/20260801_015012_cpu_uint_map_reduce_q18_k4096_max_uniform_s18004250_rep3_rapl.txt,0.069039,0.653271,9.4623,4.707117,0.328295,4.755183,0,,,,,,,,,
rapl,cpu,uint,map_reduce,max,8,262144,bench/results/raw/energy/measurements/20260801_015012_cpu_uint_map_reduce_q18_k8_max_uniform_s18000162_rep1_rapl.txt,0.008554,0.08752,10.232063,4.707117,0.047258,5.524946,0,rapl:package+core,0.020003,0.020003,0.00251,0.00251,0.00818813633,0.00818813633,0.032728,0.003759
rapl,cpu,uint,map_reduce,max,8,262144,bench/results/raw/energy/measurements/20260801_015012_cpu_uint_map_reduce_q18_k8_max_uniform_s18000162_rep2_rapl.txt,0.008746,0.098079,11.213661,4.707117,0.056909,6.506544,0,,,,,,,,,
rapl,cpu,uint,map_reduce,max,8,262144,bench/results/raw/energy/measurements/20260801_015012_cpu_uint_map_reduce_q18_k8_max_uniform_s18000162_rep3_rapl.txt,0.009005,0.101709,11.295236,4.707117,0.059323,6.588119,0,,,,,,,,,
rapl,cpu,uint,map_reduce,max,131072,524288,bench/results/raw/energy/measurements/20260801_015012_cpu_uint_map_reduce_q19_k131072_max_uniform_s19131229_rep1_rapl.txt,1.160685,9.080738,7.823602,4.707117,3.617258,3.116485,0,rapl:package+core,8.279205,8.279205,1.045914,1.045914,3.35596543006,3.35596543006,8.303907,1.047989
rapl,cpu,uint,map_reduce,max,131072,524288,bench/results/raw/energy/measurements/20260801_015012_cpu_uint_map_reduce_q19_k131072_max_uniform_s19131229_rep2_rapl.txt,1.161103,9.982562,8.59748,4.707117,4.517113,3.890363,0,,,,,,,,,
rapl,cpu,uint,map_reduce,max,131072,524288,bench/results/raw/energy/measurements/20260801_015012_cpu_uint_map_reduce_q19_k131072_max_uniform_s19131229_rep3_rapl.txt,1.162133,9.357395,8.051911,4.707117,3.887097,3.344794,0,,,,,,,,,
rapl,cpu,uint,map_reduce,max,256,524288,bench/results/raw/energy/measurements/20260801_015012_cpu_uint_map_reduce_q19_k256_max_uniform_s19000413_rep1_rapl.txt,0.012612,0.144768,11.478931,4.707117,0.085404,6.771814,0,rapl:package+core,0.043974,0.043974,0.004128,0.004128,0.024543021024,0.024543021024,0.060528,0.00535
rapl,cpu,uint,map_reduce,max,256,524288,bench/results/raw/energy/measurements/20260801_015012_cpu_uint_map_reduce_q19_k256_max_uniform_s19000413_rep2_rapl.txt,0.012531,0.134469,10.731075,4.707117,0.075485,6.023958,0,,,,,,,,,
rapl,cpu,uint,map_reduce,max,256,524288,bench/results/raw/energy/measurements/20260801_015012_cpu_uint_map_reduce_q19_k256_max_uniform_s19000413_rep3_rapl.txt,0.012275,0.141731,11.546556,4.707117,0.083952,6.839439,0,,,,,,,,,
rapl,cpu,uint,map_reduce,max,4096,524288,bench/results/raw/energy/measurements/20260801_015012_cpu_uint_map_reduce_q19_k4096_max_uniform_s19004253_rep1_rapl.txt,0.082922,0.763556,9.208099,4.707117,0.373231,4.500982,0,rapl:package+core,0.579546,0.579546,0.068526,0.068526,0.256986100458,0.256986100458,0.59845,0.069757
rapl,cpu,uint,map_reduce,max,4096,524288,bench/results/raw/energy/measurements/20260801_015012_cpu_uint_map_reduce_q19_k4096_max_uniform_s19004253_rep2_rapl.txt,0.081566,0.730965,8.96168,4.707117,0.347026,4.254563,0,,,,,,,,,
rapl,cpu,uint,map_reduce,max,4096,524288,bench/results/raw/energy/measurements/20260801_015012_cpu_uint_map_reduce_q19_k4096_max_uniform_s19004253_rep3_rapl.txt,0.08166,0.738777,9.046958,4.707117,0.354393,4.339841,0,,,,,,,,,
rapl,cpu,uint,map_reduce,max,8,524288,bench/results/raw/energy/measurements/20260801_015012_cpu_uint_map_reduce_q19_k8_max_uniform_s19000165_rep1_rapl.txt,0.011047,0.150306,13.605893,4.707117,0.098306,8.898776,0,rapl:package+core,0.014922,0.014922,0.004062,0.004062,0,0,0.041639,0.005732
rapl,cpu,uint,map_reduce,max,8,524288,bench/results/raw/energy/measurements/20260801_015012_cpu_uint_map_reduce_q19_k8_max_uniform_s19000165_rep2_rapl.txt,0.010712,0.135263,12.627067,4.707117,0.08484,7.91995,0,,,,,,,,,
rapl,cpu,uint,map_reduce,max,8,524288,bench/results/raw/energy/measurements/20260801_015012_cpu_uint_map_reduce_q19_k8_max_uniform_s19000165_rep3_rapl.txt,0.010697,0.123193,11.516201,4.707117,0.072839,6.809084,0,,,,,,,,,
rapl,cpu,uint,map_reduce,max,131072,1048576,bench/results/raw/energy/measurements/20260801_015012_cpu_uint_map_reduce_q20_k131072_max_uniform_s20131232_rep1_rapl.txt,1.561075,12.425337,7.959476,4.707117,5.077176,3.252359,0,rapl:package+core,11.093648,11.093648,1.402287,1.402287,4.49291902342,4.49291902342,11.122838,1.404416
rapl,cpu,uint,map_reduce,max,131072,1048576,bench/results/raw/energy/measurements/20260801_015012_cpu_uint_map_reduce_q20_k131072_max_uniform_s20131232_rep2_rapl.txt,1.561101,12.534234,8.029096,4.707117,5.185947,3.321979,0,,,,,,,,,
rapl,cpu,uint,map_reduce,max,131072,1048576,bench/results/raw/energy/measurements/20260801_015012_cpu_uint_map_reduce_q20_k131072_max_uniform_s20131232_rep3_rapl.txt,1.56604,12.56539,8.023672,4.707117,5.193857,3.316555,0,,,,,,,,,
rapl,cpu,uint,map_reduce,max,256,1048576,bench/results/raw/energy/measurements/20260801_015012_cpu_uint_map_reduce_q20_k256_max_uniform_s20000416_rep1_rapl.txt,0.01787,0.195928,10.964105,4.707117,0.111812,6.256988,0,rapl:package+core,0.033507,0.033507,0.005513,0.005513,0.007556663979,0.007556663979,0.084835,0.006737
rapl,cpu,uint,map_reduce,max,256,1048576,bench/results/raw/energy/measurements/20260801_015012_cpu_uint_map_reduce_q20_k256_max_uniform_s20000416_rep2_rapl.txt,0.017627,0.206761,11.729472,4.707117,0.123786,7.022355,0,,,,,,,,,
rapl,cpu,uint,map_reduce,max,256,1048576,bench/results/raw/energy/measurements/20260801_015012_cpu_uint_map_reduce_q20_k256_max_uniform_s20000416_rep3_rapl.txt,0.018068,0.20876,11.554233,4.707117,0.123713,6.847116,0,,,,,,,,,
rapl,cpu,uint,map_reduce,max,4096,1048576,bench/results/raw/energy/measurements/20260801_015012_cpu_uint_map_reduce_q20_k4096_max_uniform_s20004256_rep1_rapl.txt,0.097584,0.876297,8.979946,4.707117,0.416959,4.272829,0,rapl:package+core,0.680476,0.680476,0.078105,0.078105,0.312826626715,0.312826626715,0.680476,0.079348
rapl,cpu,uint,map_reduce,max,4096,1048576,bench/results/raw/energy/measurements/20260801_015012_cpu_uint_map_reduce_q20_k4096_max_uniform_s20004256_rep2_rapl.txt,0.097506,0.863237,8.853142,4.707117,0.404264,4.146025,0,,,,,,,,,
rapl,cpu,uint,map_reduce,max,4096,1048576,bench/results/raw/energy/measurements/20260801_015012_cpu_uint_map_reduce_q20_k4096_max_uniform_s20004256_rep3_rapl.txt,0.097579,0.889206,9.112678,4.707117,0.42989,4.405561,0,,,,,,,,,
rapl,cpu,uint,map_reduce,max,8,1048576,bench/results/raw/energy/measurements/20260801_015012_cpu_uint_map_reduce_q20_k8_max_uniform_s20000168_rep1_rapl.txt,0.016462,0.195318,11.864545,4.707117,0.117828,7.157428,0,rapl:package+core,0.074047,0.074047,0.004188,0.004188,0.054333594004,0.054333594004,0.074047,0.005391
rapl,cpu,uint,map_reduce,max,8,1048576,bench/results/raw/energy/measurements/20260801_015012_cpu_uint_map_reduce_q20_k8_max_uniform_s20000168_rep2_rapl.txt,0.015696,0.171927,10.953521,4.707117,0.098044,6.246404,0,,,,,,,,,
rapl,cpu,uint,map_reduce,max,8,1048576,bench/results/raw/energy/measurements/20260801_015012_cpu_uint_map_reduce_q20_k8_max_uniform_s20000168_rep3_rapl.txt,0.015906,0.193838,12.186215,4.707117,0.118965,7.479098,0,,,,,,,,,
rapl,cpu,uint,map_reduce,max,131072,2097152,bench/results/raw/energy/measurements/20260801_015012_cpu_uint_map_reduce_q21_k131072_max_uniform_s21131235_rep1_rapl.txt,2.098464,20.197564,9.624925,4.707117,10.319846,4.917808,0,rapl:package+core,19.002589,19.002589,1.88618,1.88618,10.1241190569,10.1241190569,19.024896,1.888281
rapl,cpu,uint,map_reduce,max,131072,2097152,bench/results/raw/energy/measurements/20260801_015012_cpu_uint_map_reduce_q21_k131072_max_uniform_s21131235_rep2_rapl.txt,2.089365,20.5315,9.826669,4.707117,10.696613,5.119552,0,,,,,,,,,
rapl,cpu,uint,map_reduce,max,131072,2097152,bench/results/raw/energy/measurements/20260801_015012_cpu_uint_map_reduce_q21_k131072_max_uniform_s21131235_rep3_rapl.txt,2.093094,20.181833,9.642105,4.707117,10.329394,4.934988,0,,,,,,,,,
rapl,cpu,uint,map_reduce,max,256,2097152,bench/results/raw/energy/measurements/20260801_015012_cpu_uint_map_reduce_q21_k256_max_uniform_s21000419_rep1_rapl.txt,0.029169,0.32707,11.212808,4.707117,0.189767,6.505691,0,rapl:package+core,0.119515,0.119515,0.010743,0.010743,0.068946442069,0.068946442069,0.132164,0.011976
rapl,cpu,uint,map_reduce,max,256,2097152,bench/results/raw/energy/measurements/20260801_015012_cpu_uint_map_reduce_q21_k256_max_uniform_s21000419_rep2_rapl.txt,0.02771,0.333509,12.035604,4.707117,0.203074,7.328487,0,,,,,,,,,
rapl,cpu,uint,map_reduce,max,256,2097152,bench/results/raw/energy/measurements/20260801_015012_cpu_uint_map_reduce_q21_k256_max_uniform_s21000419_rep3_rapl.txt,0.027582,0.322539,11.693751,4.707117,0.192707,6.986634,0,,,,,,,,,
rapl,cpu,uint,map_reduce,max,4096,2097152,bench/results/raw/energy/measurements/20260801_015012_cpu_uint_map_reduce_q21_k4096_max_uniform_s21004259_rep1_rapl.txt,0.117216,1.285319,10.965378,4.707117,0.733569,6.258261,0,rapl:package+core,0.982035,0.982035,0.090902,0.090902,0.554148650466,0.554148650466,0.99473,0.092185
rapl,cpu,uint,map_reduce,max,4096,2097152,bench/results/raw/energy/measurements/20260801_015012_cpu_uint_map_reduce_q21_k4096_max_uniform_s21004259_rep2_rapl.txt,0.117274,1.301492,11.097846,4.707117,0.749468,6.390729,0,,,,,,,,,
rapl,cpu,uint,map_reduce,max,4096,2097152,bench/results/raw/energy/measurements/20260801_015012_cpu_uint_map_reduce_q21_k4096_max_uniform_s21004259_rep3_rapl.txt,0.117982,1.290156,10.935158,4.707117,0.734799,6.228041,0,,,,,,,,,
rapl,cpu,uint,map_reduce,max,8,2097152,bench/results/raw/energy/measurements/20260801_015012_cpu_uint_map_reduce_q21_k8_max_uniform_s21000171_rep1_rapl.txt,0.024136,0.283479,11.745037,4.707117,0.169868,7.03792,0,rapl:package+core,0.073407,0.073407,0.006166,0.006166,0.044382916578,0.044382916578,0.089183,0.007392
rapl,cpu,uint,map_reduce,max,8,2097152,bench/results/raw/energy/measurements/20260801_015012_cpu_uint_map_reduce_q21_k8_max_uniform_s21000171_rep2_rapl.txt,0.024048,0.286759,11.92428,4.707117,0.173561,7.217163,0,,,,,,,,,
rapl,cpu,uint,map_reduce,max,8,2097152,bench/results/raw/energy/measurements/20260801_015012_cpu_uint_map_reduce_q21_k8_max_uniform_s21000171_rep3_rapl.txt,0.024042,0.294632,12.254943,4.707117,0.181464,7.547826,0,,,,,,,,,
rapl,cpu,uint,map_reduce,max,131072,4194304,bench/results/raw/energy/measurements/20260801_015012_cpu_uint_map_reduce_q22_k131072_max_uniform_s22131238_rep1_rapl.txt,2.534448,30.758922,12.136339,4.707117,18.828978,7.429222,0,rapl:package+core,27.469467,27.469467,2.269453,2.269453,16.786886203,16.786886203,27.485944,2.271331
rapl,cpu,uint,map_reduce,max,131072,4194304,bench/results/raw/energy/measurements/20260801_015012_cpu_uint_map_reduce_q22_k131072_max_uniform_s22131238_rep2_rapl.txt,2.530295,30.394973,12.012422,4.707117,18.484578,7.305305,0,,,,,,,,,
rapl,cpu,uint,map_reduce,max,131072,4194304,bench/results/raw/energy/measurements/20260801_015012_cpu_uint_map_reduce_q22_k131072_max_uniform_s22131238_rep3_rapl.txt,2.526406,30.8933,12.228161,4.707117,19.001211,7.521044,0,,,,,,,,,
rapl,cpu,uint,map_reduce,max,256,4194304,bench/results/raw/energy/measurements/20260801_015012_cpu_uint_map_reduce_q22_k256_max_uniform_s22000422_rep1_rapl.txt,0.04748,0.599731,12.631269,4.707117,0.376238,7.924152,0,rapl:package+core,0.194052,0.194052,0.012309,0.012309,0.136112096847,0.136112096847,0.215291,0.01356
rapl,cpu,uint,map_reduce,max,256,4194304,bench/results/raw/energy/measurements/20260801_015012_cpu_uint_map_reduce_q22_k256_max_uniform_s22000422_rep2_rapl.txt,0.045877,0.57541,12.542586,4.707117,0.359464,7.835469,0,,,,,,,,,
rapl,cpu,uint,map_reduce,max,256,4194304,bench/results/raw/energy/measurements/20260801_015012_cpu_uint_map_reduce_q22_k256_max_uniform_s22000422_rep3_rapl.txt,0.046628,0.579987,12.4386,4.707117,0.360504,7.731483,0,,,,,,,,,
rapl,cpu,uint,map_reduce,max,4096,4194304,bench/results/raw/energy/measurements/20260801_015012_cpu_uint_map_reduce_q22_k4096_max_uniform_s22004262_rep1_rapl.txt,0.14298,1.990208,13.919499,4.707117,1.317185,9.212382,0,rapl:package+core,1.498777,1.498777,0.099884,0.099884,1.02861132557,1.02861132557,1.513837,0.101153
rapl,cpu,uint,map_reduce,max,4096,4194304,bench/results/raw/energy/measurements/20260801_015012_cpu_uint_map_reduce_q22_k4096_max_uniform_s22004262_rep2_rapl.txt,0.140726,2.006183,14.255991,4.707117,1.343771,9.548874,0,,,,,,,,,
rapl,cpu,uint,map_reduce,max,4096,4194304,bench/results/raw/energy/measurements/20260801_015012_cpu_uint_map_reduce_q22_k4096_max_uniform_s22004262_rep3_rapl.txt,0.141811,2.004367,14.134083,4.707117,1.336847,9.426966,0,,,,,,,,,
rapl,cpu,uint,map_reduce,max,8,4194304,bench/results/raw/energy/measurements/20260801_015012_cpu_uint_map_reduce_q22_k8_max_uniform_s22000174_rep1_rapl.txt,0.040787,0.476355,11.678958,4.707117,0.284364,6.971841,0,rapl:package+core,0.091029,0.091029,0.008183,0.008183,0.052510661589,0.052510661589,0.152336,0.009445
rapl,cpu,uint,map_reduce,max,8,4194304,bench/results/raw/energy/measurements/20260801_015012_cpu_uint_map_reduce_q22_k8_max_uniform_s22000174_rep2_rapl.txt,0.041982,0.517215,12.319802,4.707117,0.319599,7.612685,0,,,,,,,,,
rapl,cpu,uint,map_reduce,max,8,4194304,bench/results/raw/energy/measurements/20260801_015012_cpu_uint_map_reduce_q22_k8_max_uniform_s22000174_rep3_rapl.txt,0.040714,0.490545,12.048621,4.707117,0.2989,7.341504,0,,,,,,,,,
rapl,cpu,uint,map_reduce,max,131072,8388608,bench/results/raw/energy/measurements/20260801_015012_cpu_uint_map_reduce_q23_k131072_max_uniform_s23131241_rep1_rapl.txt,3.075552,49.138664,15.977184,4.707117,34.66168,11.270067,0,rapl:package+core,43.052797,43.052797,2.712732,2.712732,30.2836500864,30.2836500864,43.07843,2.714401
rapl,cpu,uint,map_reduce,max,131072,8388608,bench/results/raw/energy/measurements/20260801_015012_cpu_uint_map_reduce_q23_k131072_max_uniform_s23131241_rep2_rapl.txt,3.060997,48.029163,15.690694,4.707117,33.620693,10.983577,0,,,,,,,,,
rapl,cpu,uint,map_reduce,max,131072,8388608,bench/results/raw/energy/measurements/20260801_015012_cpu_uint_map_reduce_q23_k131072_max_uniform_s23131241_rep3_rapl.txt,3.054282,48.147534,15.763943,4.707117,33.770669,11.056826,0,,,,,,,,,
rapl,cpu,uint,map_reduce,max,256,8388608,bench/results/raw/energy/measurements/20260801_015012_cpu_uint_map_reduce_q23_k256_max_uniform_s23000425_rep1_rapl.txt,0.091326,1.261761,13.815975,4.707117,0.831878,9.108858,0,rapl:package+core,0.630125,0.630125,0.028193,0.028193,0.497417250419,0.497417250419,0.630125,0.029437
rapl,cpu,uint,map_reduce,max,256,8388608,bench/results/raw/energy/measurements/20260801_015012_cpu_uint_map_reduce_q23_k256_max_uniform_s23000425_rep2_rapl.txt,0.091645,1.283091,14.000592,4.707117,0.851705,9.293475,0,,,,,,,,,
rapl,cpu,uint,map_reduce,max,256,8388608,bench/results/raw/energy/measurements/20260801_015012_cpu_uint_map_reduce_q23_k256_max_uniform_s23000425_rep3_rapl.txt,0.091464,1.270107,13.886372,4.707117,0.839574,9.179255,0,,,,,,,,,
rapl,cpu,uint,map_reduce,max,4096,8388608,bench/results/raw/energy/measurements/20260801_015012_cpu_uint_map_reduce_q23_k4096_max_uniform_s23004265_rep1_rapl.txt,0.190274,3.353937,17.62688,4.707117,2.458295,12.919763,0,rapl:package+core,2.404951,2.404951,0.119286,0.119286,1.84345784154,1.84345784154,2.509773,0.120546
rapl,cpu,uint,map_reduce,max,4096,8388608,bench/results/raw/energy/measurements/20260801_015012_cpu_uint_map_reduce_q23_k4096_max_uniform_s23004265_rep2_rapl.txt,0.190177,3.27548,17.223305,4.707117,2.380294,12.516188,0,,,,,,,,,
rapl,cpu,uint,map_reduce,max,4096,8388608,bench/results/raw/energy/measurements/20260801_015012_cpu_uint_map_reduce_q23_k4096_max_uniform_s23004265_rep3_rapl.txt,0.189648,3.302594,17.414344,4.707117,2.409899,12.707227,0,,,,,,,,,
rapl,cpu,uint,map_reduce,max,8,8388608,bench/results/raw/energy/measurements/20260801_015012_cpu_uint_map_reduce_q23_k8_max_uniform_s23000177_rep1_rapl.txt,0.087907,1.155183,13.140991,4.707117,0.741395,8.433874,0,rapl:package+core,0.486135,0.486135,0.025058,0.025058,0.368184062214,0.368184062214,0.512485,0.02641
rapl,cpu,uint,map_reduce,max,8,8388608,bench/results/raw/energy/measurements/20260801_015012_cpu_uint_map_reduce_q23_k8_max_uniform_s23000177_rep2_rapl.txt,0.086585,1.116183,12.891246,4.707117,0.708619,8.184129,0,,,,,,,,,
rapl,cpu,uint,map_reduce,max,8,8388608,bench/results/raw/energy/measurements/20260801_015012_cpu_uint_map_reduce_q23_k8_max_uniform_s23000177_rep3_rapl.txt,0.088784,1.161287,13.079951,4.707117,0.743372,8.372834,0,,,,,,,,,
rapl,cpu,uint,map_reduce,max,131072,16777216,bench/results/raw/energy/measurements/20260801_015012_cpu_uint_map_reduce_q24_k131072_max_uniform_s24131244_rep1_rapl.txt,3.549021,60.114399,16.938302,4.707117,43.40874,12.231185,0,rapl:package+core,54.886734,54.886734,3.145302,3.145302,40.0814294857,40.0814294857,54.91284,3.147208
rapl,cpu,uint,map_reduce,max,131072,16777216,bench/results/raw/energy/measurements/20260801_015012_cpu_uint_map_reduce_q24_k131072_max_uniform_s24131244_rep2_rapl.txt,3.556588,60.297342,16.953704,4.707117,43.556065,12.246587,0,,,,,,,,,
rapl,cpu,uint,map_reduce,max,131072,16777216,bench/results/raw/energy/measurements/20260801_015012_cpu_uint_map_reduce_q24_k131072_max_uniform_s24131244_rep3_rapl.txt,3.558551,60.170197,16.908621,4.707117,43.41968,12.201504,0,,,,,,,,,
rapl,cpu,uint,map_reduce,max,256,16777216,bench/results/raw/energy/measurements/20260801_015012_cpu_uint_map_reduce_q24_k256_max_uniform_s24000428_rep1_rapl.txt,0.193239,2.717679,14.06379,4.707117,1.808078,9.356673,0,rapl:package+core,1.457718,1.457718,0.069857,0.069857,1.12889292773,1.12889292773,1.51222,0.071126
rapl,cpu,uint,map_reduce,max,256,16777216,bench/results/raw/energy/measurements/20260801_015012_cpu_uint_map_reduce_q24_k256_max_uniform_s24000428_rep2_rapl.txt,0.191561,2.720928,14.20396,4.707117,1.819227,9.496843,0,,,,,,,,,
rapl,cpu,uint,map_reduce,max,256,16777216,bench/results/raw/energy/measurements/20260801_015012_cpu_uint_map_reduce_q24_k256_max_uniform_s24000428_rep3_rapl.txt,0.192932,2.743449,14.21978,4.707117,1.835296,9.512663,0,,,,,,,,,
rapl,cpu,uint,map_reduce,max,4096,16777216,bench/results/raw/energy/measurements/20260801_015012_cpu_uint_map_reduce_q24_k4096_max_uniform_s24004268_rep1_rapl.txt,0.298152,4.924367,16.516312,4.707117,3.520932,11.809195,0,rapl:package+core,3.440434,3.440434,0.167672,0.167672,2.65118227838,2.65118227838,3.501772,0.168998
rapl,cpu,uint,map_reduce,max,4096,16777216,bench/results/raw/energy/measurements/20260801_015012_cpu_uint_map_reduce_q24_k4096_max_uniform_s24004268_rep2_rapl.txt,0.298614,4.918416,16.470814,4.707117,3.512805,11.763697,0,,,,,,,,,
rapl,cpu,uint,map_reduce,max,4096,16777216,bench/results/raw/energy/measurements/20260801_015012_cpu_uint_map_reduce_q24_k4096_max_uniform_s24004268_rep3_rapl.txt,0.299237,5.007508,16.734227,4.707117,3.598962,12.02711,0,,,,,,,,,
rapl,cpu,uint,map_reduce,max,8,16777216,bench/results/raw/energy/measurements/20260801_015012_cpu_uint_map_reduce_q24_k8_max_uniform_s24000180_rep1_rapl.txt,0.18951,2.563542,13.527239,4.707117,1.671498,8.820122,0,rapl:package+core,1.323114,1.323114,0.066566,0.066566,1.00978004978,1.00978004978,1.3729,0.067834
rapl,cpu,uint,map_reduce,max,8,16777216,bench/results/raw/energy/measurements/20260801_015012_cpu_uint_map_reduce_q24_k8_max_uniform_s24000180_rep2_rapl.txt,0.189303,2.597979,13.723925,4.707117,1.706908,9.016808,0,,,,,,,,,
rapl,cpu,uint,map_reduce,max,8,16777216,bench/results/raw/energy/measurements/20260801_015012_cpu_uint_map_reduce_q24_k8_max_uniform_s24000180_rep3_rapl.txt,0.189509,2.583576,13.633005,4.707117,1.691535,8.925888,0,,,,,,,,,
gpu,gpu,uint,bitonic,max,256,65536,bench/results/raw/energy/measurements/20260801_015012_gpu_uint_bitonic_q16_k256_max_uniform_s16000404_rep1_gpu.txt,0.435655,9.034365,20.737447,17.221318,1.531818,3.516129,0,"rapl:package+core,nvml:board-integrated",0.389771,0.101527,0.016647,0.004469,0.103087719254,0.024564929858,0.427579,0.018404
gpu,gpu,uint,bitonic,max,256,65536,bench/results/raw/energy/measurements/20260801_015012_gpu_uint_bitonic_q16_k256_max_uniform_s16000404_rep2_gpu.txt,0.432949,8.896971,20.549718,17.221318,1.441026,3.3284,0,,,,,,,,,
gpu,gpu,uint,bitonic,max,256,65536,bench/results/raw/energy/measurements/20260801_015012_gpu_uint_bitonic_q16_k256_max_uniform_s16000404_rep3_gpu.txt,0.431862,8.595461,19.903263,17.221318,1.15823,2.681945,0,,,,,,,,,
gpu,gpu,uint,bitonic,max,4096,65536,bench/results/raw/energy/measurements/20260801_015012_gpu_uint_bitonic_q16_k4096_max_uniform_s16004244_rep1_gpu.txt,0.370642,7.297925,19.68996,17.221318,0.914982,2.468642,0,"rapl:package+core,nvml:board-integrated",0.388546,0.110999,0.016458,0.004581,0.105117548356,0.032108142242,0.40942,0.018206
gpu,gpu,uint,bitonic,max,4096,65536,bench/results/raw/energy/measurements/20260801_015012_gpu_uint_bitonic_q16_k4096_max_uniform_s16004244_rep2_gpu.txt,0.352833,6.977168,19.774727,17.221318,0.900926,2.553409,0,,,,,,,,,
gpu,gpu,uint,bitonic,max,4096,65536,bench/results/raw/energy/measurements/20260801_015012_gpu_uint_bitonic_q16_k4096_max_uniform_s16004244_rep3_gpu.txt,0.384613,7.680012,19.968166,17.221318,1.056473,2.746848,0,,,,,,,,,
gpu,gpu,uint,bitonic,max,8,65536,bench/results/raw/energy/measurements/20260801_015012_gpu_uint_bitonic_q16_k8_max_uniform_s16000156_rep1_gpu.txt,0.379837,8.766641,23.079992,17.221318,2.225343,5.858674,0,"rapl:package+core,nvml:board-integrated",0.358858,0.071641,0.016927,0.004069,0.067352750214,0.001567457058,0.407255,0.018634
gpu,gpu,uint,bitonic,max,8,65536,bench/results/raw/energy/measurements/20260801_015012_gpu_uint_bitonic_q16_k8_max_uniform_s16000156_rep2_gpu.txt,0.364011,8.066413,22.159817,17.221318,1.797667,4.938499,0,,,,,,,,,
gpu,gpu,uint,bitonic,max,8,65536,bench/results/raw/energy/measurements/20260801_015012_gpu_uint_bitonic_q16_k8_max_uniform_s16000156_rep3_gpu.txt,0.380186,8.016706,21.086269,17.221318,1.469401,3.864951,0,,,,,,,,,
gpu,gpu,uint,bitonic,max,131072,131072,bench/results/raw/energy/measurements/20260801_015012_gpu_uint_bitonic_q17_k131072_max_uniform_s17131223_rep1_gpu.txt,0.443992,9.003569,20.278669,17.221318,1.35744,3.057351,0,"rapl:package+core,nvml:board-integrated",0.382347,0.182625,0.021933,0.006444,0.004631832306,0.071650826808,0.521489,0.024291
gpu,gpu,uint,bitonic,max,131072,131072,bench/results/raw/energy/measurements/20260801_015012_gpu_uint_bitonic_q17_k131072_max_uniform_s17131223_rep2_gpu.txt,0.428303,8.803396,20.554153,17.221318,1.427462,3.332835,0,,,,,,,,,
gpu,gpu,uint,bitonic,max,131072,131072,bench/results/raw/energy/measurements/20260801_015012_gpu_uint_bitonic_q17_k131072_max_uniform_s17131223_rep3_gpu.txt,0.44067,8.781829,19.928377,17.221318,1.192918,2.707059,0,,,,,,,,,
gpu,gpu,uint,bitonic,max,256,131072,bench/results/raw/energy/measurements/20260801_015012_gpu_uint_bitonic_q17_k256_max_uniform_s17000407_rep1_gpu.txt,0.421208,8.3289,19.773856,17.221318,1.075148,2.552538,0,"rapl:package+core,nvml:board-integrated",0.370457,0.111325,0.017749,0.004951,0.064795826818,0.026062254582,0.455474,0.019979
gpu,gpu,uint,bitonic,max,256,131072,bench/results/raw/energy/measurements/20260801_015012_gpu_uint_bitonic_q17_k256_max_uniform_s17000407_rep2_gpu.txt,0.439525,8.615014,19.600752,17.221318,1.04582,2.379434,0,,,,,,,,,
gpu,gpu,uint,bitonic,max,256,131072,bench/results/raw/energy/measurements/20260801_015012_gpu_uint_bitonic_q17_k256_max_uniform_s17000407_rep3_gpu.txt,0.434709,8.579211,19.735513,17.221318,1.092944,2.514195,0,,,,,,,,,
gpu,gpu,uint,bitonic,max,4096,131072,bench/results/raw/energy/measurements/20260801_015012_gpu_uint_bitonic_q17_k4096_max_uniform_s17004247_rep1_gpu.txt,0.433086,8.508124,19.645337,17.221318,1.049809,2.424019,0,"rapl:package+core,nvml:board-integrated",0.389386,0.091357,0.017784,0.00554,0.083122080688,0,0.4379,0.020058
gpu,gpu,uint,bitonic,max,4096,131072,bench/results/raw/energy/measurements/20260801_015012_gpu_uint_bitonic_q17_k4096_max_uniform_s17004247_rep2_gpu.txt,0.385091,7.594921,19.722414,17.221318,0.963149,2.501096,0,,,,,,,,,
gpu,gpu,uint,bitonic,max,4096,131072,bench/results/raw/energy/measurements/20260801_015012_gpu_uint_bitonic_q17_k4096_max_uniform_s17004247_rep3_gpu.txt,0.38449,7.675462,19.962721,17.221318,1.054042,2.741403,0,,,,,,,,,
gpu,gpu,uint,bitonic,max,8,131072,bench/results/raw/energy/measurements/20260801_015012_gpu_uint_bitonic_q17_k8_max_uniform_s17000159_rep1_gpu.txt,0.437426,8.760234,20.026797,17.221318,1.227188,2.805479,0,"rapl:package+core,nvml:board-integrated",0.388689,0.10698,0.018005,0.004374,0.07861916941,0.031653955068,0.464429,0.020251
gpu,gpu,uint,bitonic,max,8,131072,bench/results/raw/energy/measurements/20260801_015012_gpu_uint_bitonic_q17_k8_max_uniform_s17000159_rep2_gpu.txt,0.432439,8.475355,19.598958,17.221318,1.028184,2.37764,0,,,,,,,,,
gpu,gpu,uint,bitonic,max,8,131072,bench/results/raw/energy/measurements/20260801_015012_gpu_uint_bitonic_q17_k8_max_uniform_s17000159_rep3_gpu.txt,0.430509,8.518416,19.786866,17.221318,1.104491,2.565548,0,,,,,,,,,
gpu,gpu,uint,bitonic,max,131072,262144,bench/results/raw/energy/measurements/20260801_015012_gpu_uint_bitonic_q18_k131072_max_uniform_s18131226_rep1_gpu.txt,0.448831,9.261196,20.634056,17.221318,1.531741,3.412738,0,"rapl:package+core,nvml:board-integrated",0.586934,0.218531,0.025439,0.009335,0.148840891398,0.05776999647,0.661418,0.028611
gpu,gpu,uint,bitonic,max,131072,262144,bench/results/raw/energy/measurements/20260801_015012_gpu_uint_bitonic_q18_k131072_max_uniform_s18131226_rep2_gpu.txt,0.414595,8.513793,20.535209,17.221318,1.373922,3.313891,0,,,,,,,,,
gpu,gpu,uint,bitonic,max,131072,262144,bench/results/raw/energy/measurements/20260801_015012_gpu_uint_bitonic_q18_k131072_max_uniform_s18131226_rep3_gpu.txt,0.434588,8.982275,20.668463,17.221318,1.49809,3.447145,0,,,,,,,,,
gpu,gpu,uint,bitonic,max,256,262144,bench/results/raw/energy/measurements/20260801_015012_gpu_uint_bitonic_q18_k256_max_uniform_s18000410_rep1_gpu.txt,0.394329,7.847839,19.901776,17.221318,1.056981,2.680458,0,"rapl:package+core,nvml:board-integrated",0.43651,0.12366,0.019748,0.006216,0.096423412136,0.016612287312,0.52189,0.022765
gpu,gpu,uint,bitonic,max,256,262144,bench/results/raw/energy/measurements/20260801_015012_gpu_uint_bitonic_q18_k256_max_uniform_s18000410_rep2_gpu.txt,0.436367,8.649982,19.822711,17.221318,1.135163,2.601393,0,,,,,,,,,
gpu,gpu,uint,bitonic,max,256,262144,bench/results/raw/energy/measurements/20260801_015012_gpu_uint_bitonic_q18_k256_max_uniform_s18000410_rep3_gpu.txt,0.389033,7.965136,20.474187,17.221318,1.265474,3.252869,0,,,,,,,,,
gpu,gpu,uint,bitonic,max,4096,262144,bench/results/raw/energy/measurements/20260801_015012_gpu_uint_bitonic_q18_k4096_max_uniform_s18004250_rep1_gpu.txt,0.440397,8.827198,20.043739,17.221318,1.242985,2.822421,0,"rapl:package+core,nvml:board-integrated",0.481655,0.127341,0.020814,0.007611,0.123210487148,0,0.554306,0.023942
gpu,gpu,uint,bitonic,max,4096,262144,bench/results/raw/energy/measurements/20260801_015012_gpu_uint_bitonic_q18_k4096_max_uniform_s18004250_rep2_gpu.txt,0.433354,8.735294,20.157402,17.221318,1.272364,2.936084,0,,,,,,,,,
gpu,gpu,uint,bitonic,max,4096,262144,bench/results/raw/energy/measurements/20260801_015012_gpu_uint_bitonic_q18_k4096_max_uniform_s18004250_rep3_gpu.txt,0.397689,8.056101,20.257271,17.221318,1.207366,3.035953,0,,,,,,,,,
gpu,gpu,uint,bitonic,max,8,262144,bench/results/raw/energy/measurements/20260801_015012_gpu_uint_bitonic_q18_k8_max_uniform_s18000162_rep1_gpu.txt,0.438634,8.839991,20.153449,17.221318,1.286133,2.932131,0,"rapl:package+core,nvml:board-integrated",0.425232,0.142641,0.018863,0.004821,0.100386278566,0.059617025922,0.514388,0.021893
gpu,gpu,uint,bitonic,max,8,262144,bench/results/raw/energy/measurements/20260801_015012_gpu_uint_bitonic_q18_k8_max_uniform_s18000162_rep2_gpu.txt,0.436154,8.733238,20.023306,17.221318,1.222097,2.801988,0,,,,,,,,,
gpu,gpu,uint,bitonic,max,8,262144,bench/results/raw/energy/measurements/20260801_015012_gpu_uint_bitonic_q18_k8_max_uniform_s18000162_rep3_gpu.txt,0.434564,8.569237,19.719177,17.221318,1.085478,2.497859,0,,,,,,,,,
gpu,gpu,uint,bitonic,max,131072,524288,bench/results/raw/energy/measurements/20260801_015012_gpu_uint_bitonic_q19_k131072_max_uniform_s19131229_rep1_gpu.txt,0.418127,8.94955,21.403888,17.221318,1.748847,4.18257,0,"rapl:package+core,nvml:board-integrated",0.936331,0.42707,0.040209,0.017789,0.243879024538,0.120719974098,1.059189,0.045202
gpu,gpu,uint,bitonic,max,131072,524288,bench/results/raw/energy/measurements/20260801_015012_gpu_uint_bitonic_q19_k131072_max_uniform_s19131229_rep2_gpu.txt,0.408294,8.922409,21.852879,17.221318,1.891041,4.631561,0,,,,,,,,,
gpu,gpu,uint,bitonic,max,131072,524288,bench/results/raw/energy/measurements/20260801_015012_gpu_uint_bitonic_q19_k131072_max_uniform_s19131229_rep3_gpu.txt,0.415511,9.251476,22.265278,17.221318,2.095823,5.04396,0,,,,,,,,,
gpu,gpu,uint,bitonic,max,256,524288,bench/results/raw/energy/measurements/20260801_015012_gpu_uint_bitonic_q19_k256_max_uniform_s19000413_rep1_gpu.txt,0.412457,8.424284,20.424626,17.221318,1.321227,3.203308,0,"rapl:package+core,nvml:board-integrated",0.80822,0.274746,0.032907,0.01332,0.241518088574,0.04535804424,0.877049,0.037527
gpu,gpu,uint,bitonic,max,256,524288,bench/results/raw/energy/measurements/20260801_015012_gpu_uint_bitonic_q19_k256_max_uniform_s19000413_rep2_gpu.txt,0.420184,8.703354,20.713178,17.221318,1.467225,3.49186,0,,,,,,,,,
gpu,gpu,uint,bitonic,max,256,524288,bench/results/raw/energy/measurements/20260801_015012_gpu_uint_bitonic_q19_k256_max_uniform_s19000413_rep3_gpu.txt,0.418762,8.799827,21.013924,17.221318,1.588198,3.792606,0,,,,,,,,,
gpu,gpu,uint,bitonic,max,4096,524288,bench/results/raw/energy/measurements/20260801_015012_gpu_uint_bitonic_q19_k4096_max_uniform_s19004253_rep1_gpu.txt,0.412322,8.707304,21.117752,17.221318,1.606584,3.896434,0,"rapl:package+core,nvml:board-integrated",0.778936,0.291662,0.034671,0.015694,0.181855683622,0.021390635308,0.891474,0.039234
gpu,gpu,uint,bitonic,max,4096,524288,bench/results/raw/energy/measurements/20260801_015012_gpu_uint_bitonic_q19_k4096_max_uniform_s19004253_rep2_gpu.txt,0.415358,8.822801,21.241434,17.221318,1.669788,4.020116,0,,,,,,,,,
gpu,gpu,uint,bitonic,max,4096,524288,bench/results/raw/energy/measurements/20260801_015012_gpu_uint_bitonic_q19_k4096_max_uniform_s19004253_rep3_gpu.txt,0.467552,10.058197,21.51248,17.221318,2.00634,4.291162,0,,,,,,,,,
gpu,gpu,uint,bitonic,max,8,524288,bench/results/raw/energy/measurements/20260801_015012_gpu_uint_bitonic_q19_k8_max_uniform_s19000165_rep1_gpu.txt,0.407912,8.535889,20.925797,17.221318,1.511102,3.704479,0,"rapl:package+core,nvml:board-integrated",0.766654,0.219229,0.035053,0.014983,0.162995140146,0,0.915807,0.039762
gpu,gpu,uint,bitonic,max,8,524288,bench/results/raw/energy/measurements/20260801_015012_gpu_uint_bitonic_q19_k8_max_uniform_s19000165_rep2_gpu.txt,0.411122,8.557609,20.815262,17.221318,1.477549,3.593944,0,,,,,,,,,
gpu,gpu,uint,bitonic,max,8,524288,bench/results/raw/energy/measurements/20260801_015012_gpu_uint_bitonic_q19_k8_max_uniform_s19000165_rep3_gpu.txt,0.437991,9.108054,20.795087,17.221318,1.565277,3.573769,0,,,,,,,,,
gpu,gpu,uint,bitonic,max,131072,1048576,bench/results/raw/energy/measurements/20260801_015012_gpu_uint_bitonic_q20_k131072_max_uniform_s20131232_rep1_gpu.txt,0.472042,10.673563,22.611476,17.221318,2.54438,5.390158,0,"rapl:package+core,nvml:board-integrated",1.413014,0.631572,0.059773,0.02773,0.383644159186,0.15402485186,1.686355,0.068069
gpu,gpu,uint,bitonic,max,131072,1048576,bench/results/raw/energy/measurements/20260801_015012_gpu_uint_bitonic_q20_k131072_max_uniform_s20131232_rep2_gpu.txt,0.467218,10.87777,23.282018,17.221318,2.831666,6.0607,0,,,,,,,,,
gpu,gpu,uint,bitonic,max,131072,1048576,bench/results/raw/energy/measurements/20260801_015012_gpu_uint_bitonic_q20_k131072_max_uniform_s20131232_rep3_gpu.txt,0.463221,11.105335,23.974169,17.221318,3.128061,6.752851,0,,,,,,,,,
gpu,gpu,uint,bitonic,max,256,1048576,bench/results/raw/energy/measurements/20260801_015012_gpu_uint_bitonic_q20_k256_max_uniform_s20000416_rep1_gpu.txt,0.421556,9.308189,22.080539,17.221318,2.048435,4.859221,0,"rapl:package+core,nvml:board-integrated",1.16459,0.235674,0.0438,0.015242,0.4102962716,0,1.309829,0.05182
gpu,gpu,uint,bitonic,max,256,1048576,bench/results/raw/energy/measurements/20260801_015012_gpu_uint_bitonic_q20_k256_max_uniform_s20000416_rep2_gpu.txt,0.427173,9.437361,22.092603,17.221318,2.080881,4.871285,0,,,,,,,,,
gpu,gpu,uint,bitonic,max,256,1048576,bench/results/raw/energy/measurements/20260801_015012_gpu_uint_bitonic_q20_k256_max_uniform_s20000416_rep3_gpu.txt,0.425566,9.469649,22.251907,17.221318,2.140846,5.030589,0,,,,,,,,,
gpu,gpu,uint,bitonic,max,4096,1048576,bench/results/raw/energy/measurements/20260801_015012_gpu_uint_bitonic_q20_k4096_max_uniform_s20004256_rep1_gpu.txt,0.424076,9.602218,22.642666,17.221318,2.299065,5.421348,0,"rapl:package+core,nvml:board-integrated",1.136406,0.484402,0.048764,0.020564,0.296625649048,0.130262816648,1.330346,0.056672
gpu,gpu,uint,bitonic,max,4096,1048576,bench/results/raw/energy/measurements/20260801_015012_gpu_uint_bitonic_q20_k4096_max_uniform_s20004256_rep2_gpu.txt,0.472884,10.815527,22.871431,17.221318,2.671846,5.650113,0,,,,,,,,,
gpu,gpu,uint,bitonic,max,4096,1048576,bench/results/raw/energy/measurements/20260801_015012_gpu_uint_bitonic_q20_k4096_max_uniform_s20004256_rep3_gpu.txt,0.435546,9.920327,22.776776,17.221318,2.419656,5.555458,0,,,,,,,,,
gpu,gpu,uint,bitonic,max,8,1048576,bench/results/raw/energy/measurements/20260801_015012_gpu_uint_bitonic_q20_k8_max_uniform_s20000168_rep1_gpu.txt,0.429587,9.627582,22.411232,17.221318,2.229522,5.189914,0,"rapl:package+core,nvml:board-integrated",1.022063,0.241651,0.04029,0.011235,0.32821609778,0.04816949227,1.223723,0.048113
gpu,gpu,uint,bitonic,max,8,1048576,bench/results/raw/energy/measurements/20260801_015012_gpu_uint_bitonic_q20_k8_max_uniform_s20000168_rep2_gpu.txt,0.430411,9.42669,21.901596,17.221318,2.014444,4.680278,0,,,,,,,,,
gpu,gpu,uint,bitonic,max,8,1048576,bench/results/raw/energy/measurements/20260801_015012_gpu_uint_bitonic_q20_k8_max_uniform_s20000168_rep3_gpu.txt,0.420258,9.211003,21.917506,17.221318,1.97361,4.696188,0,,,,,,,,,
gpu,gpu,uint,bitonic,max,131072,2097152,bench/results/raw/energy/measurements/20260801_015012_gpu_uint_bitonic_q21_k131072_max_uniform_s21131235_rep1_gpu.txt,0.559845,13.97741,24.966551,17.221318,4.336133,7.745233,0,"rapl:package+core,nvml:board-integrated",2.634423,1.091001,0.097546,0.043439,0.954552314372,0.342924167398,3.302078,0.118461
gpu,gpu,uint,bitonic,max,131072,2097152,bench/results/raw/energy/measurements/20260801_015012_gpu_uint_bitonic_q21_k131072_max_uniform_s21131235_rep2_gpu.txt,0.570918,15.936582,27.913967,17.221318,6.104624,10.692649,0,,,,,,,,,
gpu,gpu,uint,bitonic,max,131072,2097152,bench/results/raw/energy/measurements/20260801_015012_gpu_uint_bitonic_q21_k131072_max_uniform_s21131235_rep3_gpu.txt,0.554292,16.10159,29.048921,17.221318,6.555948,11.827603,0,,,,,,,,,
gpu,gpu,uint,bitonic,max,256,2097152,bench/results/raw/energy/measurements/20260801_015012_gpu_uint_bitonic_q21_k256_max_uniform_s21000419_rep1_gpu.txt,0.461749,11.134989,24.114818,17.221318,3.183066,6.8935,0,"rapl:package+core,nvml:board-integrated",1.777819,0.529534,0.067056,0.019729,0.623026300192,0.189774617178,2.251058,0.085792
gpu,gpu,uint,bitonic,max,256,2097152,bench/results/raw/energy/measurements/20260801_015012_gpu_uint_bitonic_q21_k256_max_uniform_s21000419_rep2_gpu.txt,0.474,11.533352,24.331955,17.221318,3.370444,7.110637,0,,,,,,,,,
gpu,gpu,uint,bitonic,max,256,2097152,bench/results/raw/energy/measurements/20260801_015012_gpu_uint_bitonic_q21_k256_max_uniform_s21000419_rep3_gpu.txt,0.495813,12.628775,25.470824,17.221318,4.090215,8.249506,0,,,,,,,,,
gpu,gpu,uint,bitonic,max,4096,2097152,bench/results/raw/energy/measurements/20260801_015012_gpu_uint_bitonic_q21_k4096_max_uniform_s21004259_rep1_gpu.txt,0.484323,12.148382,25.08321,17.221318,3.807697,7.861892,0,"rapl:package+core,nvml:board-integrated",2.053823,0.721978,0.075683,0.026966,0.750461989806,0.257587938812,2.553626,0.095941
gpu,gpu,uint,bitonic,max,4096,2097152,bench/results/raw/energy/measurements/20260801_015012_gpu_uint_bitonic_q21_k4096_max_uniform_s21004259_rep2_gpu.txt,0.553267,14.110491,25.503967,17.221318,4.582512,8.282649,0,,,,,,,,,
gpu,gpu,uint,bitonic,max,4096,2097152,bench/results/raw/energy/measurements/20260801_015012_gpu_uint_bitonic_q21_k4096_max_uniform_s21004259_rep3_gpu.txt,0.543408,13.311925,24.497102,17.221318,3.95372,7.275784,0,,,,,,,,,
gpu,gpu,uint,bitonic,max,8,2097152,bench/results/raw/energy/measurements/20260801_015012_gpu_uint_bitonic_q21_k8_max_uniform_s21000171_rep1_gpu.txt,0.542647,12.912451,23.795299,17.221318,3.567352,6.573981,0,"rapl:package+core,nvml:board-integrated",1.658449,0.476168,0.064342,0.01586,0.550394957244,0.20303789652,2.199976,0.083077
gpu,gpu,uint,bitonic,max,8,2097152,bench/results/raw/energy/measurements/20260801_015012_gpu_uint_bitonic_q21_k8_max_uniform_s21000171_rep2_gpu.txt,0.472401,11.086371,23.468117,17.221318,2.950997,6.246799,0,,,,,,,,,
gpu,gpu,uint,bitonic,max,8,2097152,bench/results/raw/energy/measurements/20260801_015012_gpu_uint_bitonic_q21_k8_max_uniform_s21000171_rep3_gpu.txt,0.479797,11.32041,23.594172,17.221318,3.057676,6.372854,0,,,,,,,,,
gpu,gpu,uint,bitonic,max,131072,4194304,bench/results/raw/energy/measurements/20260801_015012_gpu_uint_bitonic_q22_k131072_max_uniform_s22131238_rep1_gpu.txt,0.915895,24.699612,26.967727,17.221318,8.926689,9.746409,0,"rapl:package+core,nvml:board-integrated",4.685179,2.318148,0.173472,0.081639,1.6977625239,0.912216819798,8.931122,0.337301
gpu,gpu,uint,bitonic,max,131072,4194304,bench/results/raw/energy/measurements/20260801_015012_gpu_uint_bitonic_q22_k131072_max_uniform_s22131238_rep2_gpu.txt,0.853094,25.34597,29.710629,17.221318,10.654561,12.489311,0,,,,,,,,,
gpu,gpu,uint,bitonic,max,131072,4194304,bench/results/raw/energy/measurements/20260801_015012_gpu_uint_bitonic_q22_k131072_max_uniform_s22131238_rep3_gpu.txt,0.785118,23.546846,29.991461,17.221318,10.026073,12.770143,0,,,,,,,,,
gpu,gpu,uint,bitonic,max,256,4194304,bench/results/raw/energy/measurements/20260801_015012_gpu_uint_bitonic_q22_k256_max_uniform_s22000422_rep1_gpu.txt,0.594603,13.985419,23.520587,17.221318,3.745566,6.299269,0,"rapl:package+core,nvml:board-integrated",3.172373,1.215454,0.134398,0.049499,0.857862303436,0.363015980318,4.231218,0.177605
gpu,gpu,uint,bitonic,max,256,4194304,bench/results/raw/energy/measurements/20260801_015012_gpu_uint_bitonic_q22_k256_max_uniform_s22000422_rep2_gpu.txt,0.547195,13.994973,25.575822,17.221318,4.571547,8.354504,0,,,,,,,,,
gpu,gpu,uint,bitonic,max,256,4194304,bench/results/raw/energy/measurements/20260801_015012_gpu_uint_bitonic_q22_k256_max_uniform_s22000422_rep3_gpu.txt,0.561041,15.87952,28.303654,17.221318,6.217649,11.082336,0,,,,,,,,,
gpu,gpu,uint,bitonic,max,4096,4194304,bench/results/raw/energy/measurements/20260801_015012_gpu_uint_bitonic_q22_k4096_max_uniform_s22004262_rep1_gpu.txt,0.677272,20.094435,29.669664,17.221318,8.430917,12.448346,0,"rapl:package+core,nvml:board-integrated",3.146333,1.07207,0.132205,0.045195,0.86958865381,0.29375253299,5.635688,0.232137
gpu,gpu,uint,bitonic,max,4096,4194304,bench/results/raw/energy/measurements/20260801_015012_gpu_uint_bitonic_q22_k4096_max_uniform_s22004262_rep2_gpu.txt,0.666891,19.13283,28.689597,17.221318,7.64809,11.468279,0,,,,,,,,,
gpu,gpu,uint,bitonic,max,4096,4194304,bench/results/raw/energy/measurements/20260801_015012_gpu_uint_bitonic_q22_k4096_max_uniform_s22004262_rep3_gpu.txt,0.65804,19.067766,28.976615,17.221318,7.735453,11.755297,0,,,,,,,,,
gpu,gpu,uint,bitonic,max,8,4194304,bench/results/raw/energy/measurements/20260801_015012_gpu_uint_bitonic_q22_k8_max_uniform_s22000174_rep1_gpu.txt,0.728436,20.939122,28.745314,17.221318,8.394494,11.523996,0,"rapl:package+core,nvml:board-integrated",2.841487,0.576645,0.112621,0.022795,0.902004945522,0.18408505619,9.0572,0.342338
gpu,gpu,uint,bitonic,max,8,4194304,bench/results/raw/energy/measurements/20260801_015012_gpu_uint_bitonic_q22_k8_max_uniform_s22000174_rep2_gpu.txt,0.716253,16.919422,23.62213,17.221318,4.584601,6.400812,0,,,,,,,,,
gpu,gpu,uint,bitonic,max,8,4194304,bench/results/raw/energy/measurements/20260801_015012_gpu_uint_bitonic_q22_k8_max_uniform_s22000174_rep3_gpu.txt,0.801829,18.808994,23.457624,17.221318,5.000449,6.236306,0,,,,,,,,,
gpu,gpu,uint,bitonic,max,131072,8388608,bench/results/raw/energy/measurements/20260801_015012_gpu_uint_bitonic_q23_k131072_max_uniform_s23131241_rep1_gpu.txt,1.044025,34.609538,33.150099,17.221318,16.630049,15.928781,0,"rapl:package+core,nvml:board-integrated",10.949753,5.589412,0.349895,0.176255,4.92409993839,2.55406859591,15.524429,0.499359
gpu,gpu,uint,bitonic,max,131072,8388608,bench/results/raw/energy/measurements/20260801_015012_gpu_uint_bitonic_q23_k131072_max_uniform_s23131241_rep2_gpu.txt,1.070325,39.233887,36.656046,17.221318,20.801478,19.434728,0,,,,,,,,,
gpu,gpu,uint,bitonic,max,131072,8388608,bench/results/raw/energy/measurements/20260801_015012_gpu_uint_bitonic_q23_k131072_max_uniform_s23131241_rep3_gpu.txt,1.040135,37.868467,36.407265,17.221318,19.955973,19.185947,0,,,,,,,,,
gpu,gpu,uint,bitonic,max,256,8388608,bench/results/raw/energy/measurements/20260801_015012_gpu_uint_bitonic_q23_k256_max_uniform_s23000425_rep1_gpu.txt,0.857675,23.736459,27.675351,17.221318,8.966164,10.454033,0,"rapl:package+core,nvml:board-integrated",5.400535,1.634841,0.216973,0.052269,1.66397396959,0.734699929458,10.52189,0.411016
gpu,gpu,uint,bitonic,max,256,8388608,bench/results/raw/energy/measurements/20260801_015012_gpu_uint_bitonic_q23_k256_max_uniform_s23000425_rep2_gpu.txt,0.916896,26.933151,29.374275,17.221318,11.142996,12.152957,0,,,,,,,,,
gpu,gpu,uint,bitonic,max,256,8388608,bench/results/raw/energy/measurements/20260801_015012_gpu_uint_bitonic_q23_k256_max_uniform_s23000425_rep3_gpu.txt,0.923008,26.65041,28.873442,17.221318,10.755001,11.652124,0,,,,,,,,,
gpu,gpu,uint,bitonic,max,4096,8388608,bench/results/raw/energy/measurements/20260801_015012_gpu_uint_bitonic_q23_k4096_max_uniform_s23004265_rep1_gpu.txt,0.908246,26.864189,29.578096,17.221318,11.222995,12.356778,0,"rapl:package+core,nvml:board-integrated",7.040031,2.434126,0.252887,0.087635,2.68498355493,0.92493579707,12.264915,0.443483
gpu,gpu,uint,bitonic,max,4096,8388608,bench/results/raw/energy/measurements/20260801_015012_gpu_uint_bitonic_q23_k4096_max_uniform_s23004265_rep2_gpu.txt,0.956162,30.028229,31.404968,17.221318,13.561863,14.18365,0,,,,,,,,,
gpu,gpu,uint,bitonic,max,4096,8388608,bench/results/raw/energy/measurements/20260801_015012_gpu_uint_bitonic_q23_k4096_max_uniform_s23004265_rep3_gpu.txt,0.907338,29.396764,32.398898,17.221318,13.771201,15.17758,0,,,,,,,,,
gpu,gpu,uint,bitonic,max,8,8388608,bench/results/raw/energy/measurements/20260801_015012_gpu_uint_bitonic_q23_k8_max_uniform_s23000177_rep1_gpu.txt,0.910574,27.135705,29.80066,17.221318,11.454421,12.579342,0,"rapl:package+core,nvml:board-integrated",6.384461,1.536117,0.20832,0.045465,2.79691603424,0.75314977713,11.828223,0.380252
gpu,gpu,uint,bitonic,max,8,8388608,bench/results/raw/energy/measurements/20260801_015012_gpu_uint_bitonic_q23_k8_max_uniform_s23000177_rep2_gpu.txt,0.8451,22.664594,26.818826,17.221318,8.110855,9.597508,0,,,,,,,,,
gpu,gpu,uint,bitonic,max,8,8388608,bench/results/raw/energy/measurements/20260801_015012_gpu_uint_bitonic_q23_k8_max_uniform_s23000177_rep3_gpu.txt,0.836968,22.189122,26.511302,17.221318,7.775423,9.289984,0,,,,,,,,,
gpu,gpu,uint,bitonic,max,131072,16777216,bench/results/raw/energy/measurements/20260801_015012_gpu_uint_bitonic_q24_k131072_max_uniform_s24131244_rep1_gpu.txt,1.658876,60.836499,36.673326,17.221318,32.268469,19.452008,0,"rapl:package+core,nvml:board-integrated",24.171282,13.735985,0.718873,0.410436,11.7913414654,6.66773612535,33.576586,1.00651
gpu,gpu,uint,bitonic,max,131072,16777216,bench/results/raw/energy/measurements/20260801_015012_gpu_uint_bitonic_q24_k131072_max_uniform_s24131244_rep2_gpu.txt,1.682997,71.671621,42.585721,17.221318,42.688203,25.364403,0,,,,,,,,,
gpu,gpu,uint,bitonic,max,131072,16777216,bench/results/raw/energy/measurements/20260801_015012_gpu_uint_bitonic_q24_k131072_max_uniform_s24131244_rep3_gpu.txt,1.665273,71.049289,42.665251,17.221318,42.371094,25.443933,0,,,,,,,,,
gpu,gpu,uint,bitonic,max,256,16777216,bench/results/raw/energy/measurements/20260801_015012_gpu_uint_bitonic_q24_k256_max_uniform_s24000428_rep1_gpu.txt,1.285722,40.284825,31.332453,17.221318,18.142997,14.111135,0,"rapl:package+core,nvml:board-integrated",12.214075,3.419895,0.399491,0.108679,5.33431345086,1.54829938108,21.417601,0.71412
gpu,gpu,uint,bitonic,max,256,16777216,bench/results/raw/energy/measurements/20260801_015012_gpu_uint_bitonic_q24_k256_max_uniform_s24000428_rep2_gpu.txt,1.296484,43.467874,33.527512,17.221318,21.140715,16.306194,0,,,,,,,,,
gpu,gpu,uint,bitonic,max,256,16777216,bench/results/raw/energy/measurements/20260801_015012_gpu_uint_bitonic_q24_k256_max_uniform_s24000428_rep3_gpu.txt,1.291365,45.102795,34.926453,17.221318,22.86379,17.705135,0,,,,,,,,,
gpu,gpu,uint,bitonic,max,4096,16777216,bench/results/raw/energy/measurements/20260801_015012_gpu_uint_bitonic_q24_k4096_max_uniform_s24004268_rep1_gpu.txt,1.379011,49.567083,35.943944,17.221318,25.818701,18.722626,0,"rapl:package+core,nvml:board-integrated",14.301244,5.395485,0.480956,0.180986,6.01854777999,2.27866754045,23.641077,0.818272
gpu,gpu,uint,bitonic,max,4096,16777216,bench/results/raw/energy/measurements/20260801_015012_gpu_uint_bitonic_q24_k4096_max_uniform_s24004268_rep2_gpu.txt,1.438796,52.782021,36.684853,17.221318,28.004057,19.463535,0,,,,,,,,,
gpu,gpu,uint,bitonic,max,4096,16777216,bench/results/raw/energy/measurements/20260801_015012_gpu_uint_bitonic_q24_k4096_max_uniform_s24004268_rep3_gpu.txt,1.434126,50.790428,35.415587,17.221318,26.092882,18.194269,0,,,,,,,,,
gpu,gpu,uint,bitonic,max,8,16777216,bench/results/raw/energy/measurements/20260801_015012_gpu_uint_bitonic_q24_k8_max_uniform_s24000180_rep1_gpu.txt,1.282349,46.271665,36.083523,17.221318,24.187928,18.862205,0,"rapl:package+core,nvml:board-integrated",11.35687,2.090833,0.355865,0.065436,5.22840566993,0.963938835352,20.547757,0.659006
gpu,gpu,uint,bitonic,max,8,16777216,bench/results/raw/energy/measurements/20260801_015012_gpu_uint_bitonic_q24_k8_max_uniform_s24000180_rep2_gpu.txt,1.300712,39.663589,30.493755,17.221318,17.263616,13.272437,0,,,,,,,,,
gpu,gpu,uint,bitonic,max,8,16777216,bench/results/raw/energy/measurements/20260801_015012_gpu_uint_bitonic_q24_k8_max_uniform_s24000180_rep3_gpu.txt,1.297291,40.983286,31.591447,17.221318,18.642233,14.370129,0,,,,,,,,,
gpu,gpu,uint,gt,max,256,65536,bench/results/raw/energy/measurements/20260801_015012_gpu_uint_gt_q16_k256_max_uniform_s16000404_rep1_gpu.txt,0.365271,7.789546,21.32537,17.221318,1.499092,4.104052,0,"rapl:package+core,nvml:board-integrated",0.286923,0.020598,0.013107,0.002859,0.061203184974,0,0.317545,0.014812
gpu,gpu,uint,gt,max,256,65536,bench/results/raw/energy/measurements/20260801_015012_gpu_uint_gt_q16_k256_max_uniform_s16000404_rep2_gpu.txt,0.382779,7.966611,20.812567,17.221318,1.374654,3.591249,0,,,,,,,,,
gpu,gpu,uint,gt,max,256,65536,bench/results/raw/energy/measurements/20260801_015012_gpu_uint_gt_q16_k256_max_uniform_s16000404_rep3_gpu.txt,0.428454,8.944685,20.876645,17.221318,1.56614,3.655327,0,,,,,,,,,
gpu,gpu,uint,gt,max,4096,65536,bench/results/raw/energy/measurements/20260801_015012_gpu_uint_gt_q16_k4096_max_uniform_s16004244_rep1_gpu.txt,0.433619,8.676099,20.008554,17.221318,1.2086,2.787236,0,"rapl:package+core,nvml:board-integrated",0.433268,0.030042,0.020161,0.00287,0.086069007802,0,0.460225,0.021869
gpu,gpu,uint,gt,max,4096,65536,bench/results/raw/energy/measurements/20260801_015012_gpu_uint_gt_q16_k4096_max_uniform_s16004244_rep2_gpu.txt,0.431348,8.544013,19.807721,17.221318,1.115639,2.586403,0,,,,,,,,,
gpu,gpu,uint,gt,max,4096,65536,bench/results/raw/energy/measurements/20260801_015012_gpu_uint_gt_q16_k4096_max_uniform_s16004244_rep3_gpu.txt,0.363665,7.316155,20.117823,17.221318,1.053359,2.896505,0,,,,,,,,,
gpu,gpu,uint,gt,max,8,65536,bench/results/raw/energy/measurements/20260801_015012_gpu_uint_gt_q16_k8_max_uniform_s16000156_rep1_gpu.txt,0.37657,12.309225,32.68777,17.221318,5.824198,15.466452,0,"rapl:package+core,nvml:board-integrated",0.261975,0.079352,0.012543,0.002876,0.045968008326,0.029823489432,0.326117,0.014378
gpu,gpu,uint,gt,max,8,65536,bench/results/raw/energy/measurements/20260801_015012_gpu_uint_gt_q16_k8_max_uniform_s16000156_rep2_gpu.txt,0.377544,9.97,26.407506,17.221318,3.468192,9.186188,0,,,,,,,,,
gpu,gpu,uint,gt,max,8,65536,bench/results/raw/energy/measurements/20260801_015012_gpu_uint_gt_q16_k8_max_uniform_s16000156_rep3_gpu.txt,0.367474,8.146505,22.168952,17.221318,1.818125,4.947634,0,,,,,,,,,
gpu,gpu,uint,gt,max,131072,131072,bench/results/raw/energy/measurements/20260801_015012_gpu_uint_gt_q17_k131072_max_uniform_s17131223_rep1_gpu.txt,0.735324,15.029446,20.439205,17.221318,2.366191,3.217887,0,"rapl:package+core,nvml:board-integrated",7.15103,0.101728,0.331688,0.0053,1.43892547522,0.0104550146,7.17076,0.334063
gpu,gpu,uint,gt,max,131072,131072,bench/results/raw/energy/measurements/20260801_015012_gpu_uint_gt_q17_k131072_max_uniform_s17131223_rep2_gpu.txt,0.791431,15.706075,19.845149,17.221318,2.076583,2.623831,0,,,,,,,,,
gpu,gpu,uint,gt,max,131072,131072,bench/results/raw/energy/measurements/20260801_015012_gpu_uint_gt_q17_k131072_max_uniform_s17131223_rep3_gpu.txt,0.740875,14.772972,19.939911,17.221318,2.014136,2.718593,0,,,,,,,,,
gpu,gpu,uint,gt,max,256,131072,bench/results/raw/energy/measurements/20260801_015012_gpu_uint_gt_q17_k256_max_uniform_s17000407_rep1_gpu.txt,0.429128,8.461581,19.718084,17.221318,1.071432,2.496766,0,"rapl:package+core,nvml:board-integrated",0.266829,0.06341,0.013457,0.003,0.035081723674,0.011746046,0.369227,0.01574
gpu,gpu,uint,gt,max,256,131072,bench/results/raw/energy/measurements/20260801_015012_gpu_uint_gt_q17_k256_max_uniform_s17000407_rep2_gpu.txt,0.380552,7.580751,19.920416,17.221318,1.027147,2.699098,0,,,,,,,,,
gpu,gpu,uint,gt,max,256,131072,bench/results/raw/energy/measurements/20260801_015012_gpu_uint_gt_q17_k256_max_uniform_s17000407_rep3_gpu.txt,0.384192,7.56797,19.698407,17.221318,0.951678,2.477089,0,,,,,,,,,
gpu,gpu,uint,gt,max,4096,131072,bench/results/raw/energy/measurements/20260801_015012_gpu_uint_gt_q17_k4096_max_uniform_s17004247_rep1_gpu.txt,0.434849,8.593368,19.761717,17.221318,1.104691,2.540399,0,"rapl:package+core,nvml:board-integrated",0.454524,0.09822,0.020577,0.003059,0.100160939514,0.045539988238,0.504927,0.022828
gpu,gpu,uint,gt,max,4096,131072,bench/results/raw/energy/measurements/20260801_015012_gpu_uint_gt_q17_k4096_max_uniform_s17004247_rep2_gpu.txt,0.448875,9.05585,20.174551,17.221318,1.325632,2.953233,0,,,,,,,,,
gpu,gpu,uint,gt,max,4096,131072,bench/results/raw/energy/measurements/20260801_015012_gpu_uint_gt_q17_k4096_max_uniform_s17004247_rep3_gpu.txt,0.434288,8.702403,20.03831,17.221318,1.223387,2.816992,0,,,,,,,,,
gpu,gpu,uint,gt,max,8,131072,bench/results/raw/energy/measurements/20260801_015012_gpu_uint_gt_q17_k8_max_uniform_s17000159_rep1_gpu.txt,0.357862,7.248188,20.254156,17.221318,1.085337,3.032838,0,"rapl:package+core,nvml:board-integrated",0.267216,0.080558,0.013174,0.002996,0.040342356668,0.028962931272,0.338233,0.015437
gpu,gpu,uint,gt,max,8,131072,bench/results/raw/energy/measurements/20260801_015012_gpu_uint_gt_q17_k8_max_uniform_s17000159_rep2_gpu.txt,0.445959,9.111078,20.430289,17.221318,1.431071,3.208971,0,,,,,,,,,
gpu,gpu,uint,gt,max,8,131072,bench/results/raw/energy/measurements/20260801_015012_gpu_uint_gt_q17_k8_max_uniform_s17000159_rep3_gpu.txt,0.436087,8.726816,20.011633,17.221318,1.216821,2.790315,0,,,,,,,,,
gpu,gpu,uint,gt,max,131072,262144,bench/results/raw/energy/measurements/20260801_015012_gpu_uint_gt_q18_k131072_max_uniform_s18131226_rep1_gpu.txt,0.797865,16.304536,20.435214,17.221318,2.564254,3.213896,0,"rapl:package+core,nvml:board-integrated",7.170922,0.121573,0.331922,0.006049,1.4547876868,0.017401247418,7.266056,0.335351
gpu,gpu,uint,gt,max,131072,262144,bench/results/raw/energy/measurements/20260801_015012_gpu_uint_gt_q18_k131072_max_uniform_s18131226_rep2_gpu.txt,0.794026,15.784425,19.878968,17.221318,2.110244,2.65765,0,,,,,,,,,
gpu,gpu,uint,gt,max,131072,262144,bench/results/raw/energy/measurements/20260801_015012_gpu_uint_gt_q18_k131072_max_uniform_s18131226_rep3_gpu.txt,0.745985,14.823598,19.871179,17.221318,1.976756,2.649861,0,,,,,,,,,
gpu,gpu,uint,gt,max,256,262144,bench/results/raw/energy/measurements/20260801_015012_gpu_uint_gt_q18_k256_max_uniform_s18000410_rep1_gpu.txt,0.369825,7.543007,20.396131,17.221318,1.174126,3.174813,0,"rapl:package+core,nvml:board-integrated",0.329376,0.096829,0.016289,0.005185,0.048857951098,0.00753646617,0.419173,0.019298
gpu,gpu,uint,gt,max,256,262144,bench/results/raw/energy/measurements/20260801_015012_gpu_uint_gt_q18_k256_max_uniform_s18000410_rep2_gpu.txt,0.356544,7.469121,20.948665,17.221318,1.328963,3.727347,0,,,,,,,,,
gpu,gpu,uint,gt,max,256,262144,bench/results/raw/energy/measurements/20260801_015012_gpu_uint_gt_q18_k256_max_uniform_s18000410_rep3_gpu.txt,0.355757,7.341601,20.636589,17.221318,1.215005,3.415271,0,,,,,,,,,
gpu,gpu,uint,gt,max,4096,262144,bench/results/raw/energy/measurements/20260801_015012_gpu_uint_gt_q18_k4096_max_uniform_s18004250_rep1_gpu.txt,0.434359,8.87551,20.433601,17.221318,1.395283,3.212283,0,"rapl:package+core,nvml:board-integrated",0.534588,0.143772,0.023679,0.005331,0.126804411078,0.051965153742,0.594515,0.026695
gpu,gpu,uint,gt,max,4096,262144,bench/results/raw/energy/measurements/20260801_015012_gpu_uint_gt_q18_k4096_max_uniform_s18004250_rep2_gpu.txt,0.416408,8.510667,20.438297,17.221318,1.339575,3.216979,0,,,,,,,,,
gpu,gpu,uint,gt,max,4096,262144,bench/results/raw/energy/measurements/20260801_015012_gpu_uint_gt_q18_k4096_max_uniform_s18004250_rep3_gpu.txt,0.442453,8.789519,19.865433,17.221318,1.169896,2.644115,0,,,,,,,,,
gpu,gpu,uint,gt,max,8,262144,bench/results/raw/energy/measurements/20260801_015012_gpu_uint_gt_q18_k8_max_uniform_s18000162_rep1_gpu.txt,0.361593,7.018368,19.409578,17.221318,0.79126,2.18826,0,"rapl:package+core,nvml:board-integrated",0.367356,0.125344,0.016514,0.005271,0.082963154548,0.034570432822,0.483153,0.01963
gpu,gpu,uint,gt,max,8,262144,bench/results/raw/energy/measurements/20260801_015012_gpu_uint_gt_q18_k8_max_uniform_s18000162_rep2_gpu.txt,0.444368,8.847087,19.909375,17.221318,1.194486,2.688057,0,,,,,,,,,
gpu,gpu,uint,gt,max,8,262144,bench/results/raw/energy/measurements/20260801_015012_gpu_uint_gt_q18_k8_max_uniform_s18000162_rep3_gpu.txt,0.386483,8.032979,20.784822,17.221318,1.377234,3.563504,0,,,,,,,,,
gpu,gpu,uint,gt,max,131072,524288,bench/results/raw/energy/measurements/20260801_015012_gpu_uint_gt_q19_k131072_max_uniform_s19131229_rep1_gpu.txt,0.806107,17.078493,21.18639,17.221318,3.196271,3.965072,0,"rapl:package+core,nvml:board-integrated",7.684953,0.500306,0.350406,0.019931,1.65049984489,0.157067910942,7.745116,0.355458
gpu,gpu,uint,gt,max,131072,524288,bench/results/raw/energy/measurements/20260801_015012_gpu_uint_gt_q19_k131072_max_uniform_s19131229_rep2_gpu.txt,0.796755,16.451435,20.648046,17.221318,2.730263,3.426728,0,,,,,,,,,
gpu,gpu,uint,gt,max,131072,524288,bench/results/raw/energy/measurements/20260801_015012_gpu_uint_gt_q19_k131072_max_uniform_s19131229_rep3_gpu.txt,0.774492,15.601672,20.144388,17.221318,2.263895,2.92307,0,,,,,,,,,
gpu,gpu,uint,gt,max,256,524288,bench/results/raw/energy/measurements/20260801_015012_gpu_uint_gt_q19_k256_max_uniform_s19000413_rep1_gpu.txt,0.439928,8.928669,20.295737,17.221318,1.352524,3.074419,0,"rapl:package+core,nvml:board-integrated",0.498928,0.151772,0.025181,0.008277,0.065277991442,0.009231150914,0.654901,0.029774
gpu,gpu,uint,gt,max,256,524288,bench/results/raw/energy/measurements/20260801_015012_gpu_uint_gt_q19_k256_max_uniform_s19000413_rep2_gpu.txt,0.411225,8.381378,20.381496,17.221318,1.299544,3.160178,0,,,,,,,,,
gpu,gpu,uint,gt,max,256,524288,bench/results/raw/energy/measurements/20260801_015012_gpu_uint_gt_q19_k256_max_uniform_s19000413_rep3_gpu.txt,0.414688,8.415813,20.294318,17.221318,1.274337,3.073,0,,,,,,,,,
gpu,gpu,uint,gt,max,4096,524288,bench/results/raw/energy/measurements/20260801_015012_gpu_uint_gt_q19_k4096_max_uniform_s19004253_rep1_gpu.txt,0.412753,8.443723,20.457067,17.221318,1.335566,3.235749,0,"rapl:package+core,nvml:board-integrated",0.693926,0.187933,0.031911,0.008187,0.144376521302,0.046942069534,0.804788,0.036548
gpu,gpu,uint,gt,max,4096,524288,bench/results/raw/energy/measurements/20260801_015012_gpu_uint_gt_q19_k4096_max_uniform_s19004253_rep2_gpu.txt,0.411265,8.372387,20.357626,17.221318,1.289855,3.136308,0,,,,,,,,,
gpu,gpu,uint,gt,max,4096,524288,bench/results/raw/energy/measurements/20260801_015012_gpu_uint_gt_q19_k4096_max_uniform_s19004253_rep3_gpu.txt,0.412725,8.504012,20.60456,17.221318,1.396348,3.383242,0,,,,,,,,,
gpu,gpu,uint,gt,max,8,524288,bench/results/raw/energy/measurements/20260801_015012_gpu_uint_gt_q19_k8_max_uniform_s19000165_rep1_gpu.txt,0.436874,8.485468,19.42313,17.221318,0.961915,2.201812,0,"rapl:package+core,nvml:board-integrated",0.571915,0.160817,0.024858,0.008083,0.143827477156,0.021617086606,0.658923,0.029409
gpu,gpu,uint,gt,max,8,524288,bench/results/raw/energy/measurements/20260801_015012_gpu_uint_gt_q19_k8_max_uniform_s19000165_rep2_gpu.txt,0.435836,8.642688,19.830124,17.221318,1.137012,2.608806,0,,,,,,,,,
gpu,gpu,uint,gt,max,8,524288,bench/results/raw/energy/measurements/20260801_015012_gpu_uint_gt_q19_k8_max_uniform_s19000165_rep3_gpu.txt,0.41215,8.336763,20.227479,17.221318,1.23899,3.006161,0,,,,,,,,,
gpu,gpu,uint,gt,max,131072,1048576,bench/results/raw/energy/measurements/20260801_015012_gpu_uint_gt_q20_k131072_max_uniform_s20131232_rep1_gpu.txt,0.781423,16.499972,21.115285,17.221318,3.042836,3.893967,0,"rapl:package+core,nvml:board-integrated",7.935426,0.541502,0.364747,0.023715,1.65400192345,0.13309844363,8.385508,0.375281
gpu,gpu,uint,gt,max,131072,1048576,bench/results/raw/energy/measurements/20260801_015012_gpu_uint_gt_q20_k131072_max_uniform_s20131232_rep2_gpu.txt,0.78296,15.814356,20.198167,17.221318,2.330754,2.976849,0,,,,,,,,,
gpu,gpu,uint,gt,max,131072,1048576,bench/results/raw/energy/measurements/20260801_015012_gpu_uint_gt_q20_k131072_max_uniform_s20131232_rep3_gpu.txt,0.79356,15.739454,19.833986,17.221318,2.073308,2.612668,0,,,,,,,,,
gpu,gpu,uint,gt,max,256,1048576,bench/results/raw/energy/measurements/20260801_015012_gpu_uint_gt_q20_k256_max_uniform_s20000416_rep1_gpu.txt,0.417168,8.618079,20.658549,17.221318,1.433902,3.437231,0,"rapl:package+core,nvml:board-integrated",0.613679,0.310028,0.03313,0.008143,0.04313673466,0.169794807526,0.94573,0.040787
gpu,gpu,uint,gt,max,256,1048576,bench/results/raw/energy/measurements/20260801_015012_gpu_uint_gt_q20_k256_max_uniform_s20000416_rep2_gpu.txt,0.422311,8.778513,20.78684,17.221318,1.50576,3.565522,0,,,,,,,,,
gpu,gpu,uint,gt,max,256,1048576,bench/results/raw/energy/measurements/20260801_015012_gpu_uint_gt_q20_k256_max_uniform_s20000416_rep3_gpu.txt,0.411772,8.64231,20.988081,17.221318,1.551049,3.766763,0,,,,,,,,,
gpu,gpu,uint,gt,max,4096,1048576,bench/results/raw/energy/measurements/20260801_015012_gpu_uint_gt_q20_k4096_max_uniform_s20004256_rep1_gpu.txt,0.425647,8.867964,20.834069,17.221318,1.537757,3.612751,0,"rapl:package+core,nvml:board-integrated",0.948018,0.253676,0.041871,0.008578,0.226944194022,0.105951534196,1.144439,0.04969
gpu,gpu,uint,gt,max,4096,1048576,bench/results/raw/energy/measurements/20260801_015012_gpu_uint_gt_q20_k4096_max_uniform_s20004256_rep2_gpu.txt,0.424506,8.835604,20.81384,17.221318,1.525048,3.592522,0,,,,,,,,,
gpu,gpu,uint,gt,max,4096,1048576,bench/results/raw/energy/measurements/20260801_015012_gpu_uint_gt_q20_k4096_max_uniform_s20004256_rep3_gpu.txt,0.429111,9.041328,21.069905,17.221318,1.651471,3.848587,0,,,,,,,,,
gpu,gpu,uint,gt,max,8,1048576,bench/results/raw/energy/measurements/20260801_015012_gpu_uint_gt_q20_k8_max_uniform_s20000168_rep1_gpu.txt,0.415264,8.292687,19.969669,17.221318,1.141291,2.748351,0,"rapl:package+core,nvml:board-integrated",0.808408,0.211394,0.033505,0.0082,0.23140774041,0.0701791924,0.972823,0.041521
gpu,gpu,uint,gt,max,8,1048576,bench/results/raw/energy/measurements/20260801_015012_gpu_uint_gt_q20_k8_max_uniform_s20000168_rep2_gpu.txt,0.424481,8.7267,20.55851,17.221318,1.416575,3.337192,0,,,,,,,,,
gpu,gpu,uint,gt,max,8,1048576,bench/results/raw/energy/measurements/20260801_015012_gpu_uint_gt_q20_k8_max_uniform_s20000168_rep3_gpu.txt,0.416565,8.740219,20.981636,17.221318,1.566418,3.760318,0,,,,,,,,,
gpu,gpu,uint,gt,max,131072,2097152,bench/results/raw/energy/measurements/20260801_015012_gpu_uint_gt_q21_k131072_max_uniform_s21131235_rep1_gpu.txt,0.836193,17.818752,21.309387,17.221318,3.418413,4.088069,0,"rapl:package+core,nvml:board-integrated",8.553762,0.955047,0.402176,0.03896,1.62776121203,0.28410445072,9.126478,0.426357
gpu,gpu,uint,gt,max,131072,2097152,bench/results/raw/energy/measurements/20260801_015012_gpu_uint_gt_q21_k131072_max_uniform_s21131235_rep2_gpu.txt,0.915076,18.65555,20.386897,17.221318,2.896743,3.165579,0,,,,,,,,,
gpu,gpu,uint,gt,max,131072,2097152,bench/results/raw/energy/measurements/20260801_015012_gpu_uint_gt_q21_k131072_max_uniform_s21131235_rep3_gpu.txt,0.798777,16.424104,20.561567,17.221318,2.668113,3.340249,0,,,,,,,,,
gpu,gpu,uint,gt,max,256,2097152,bench/results/raw/energy/measurements/20260801_015012_gpu_uint_gt_q21_k256_max_uniform_s21000419_rep1_gpu.txt,0.484931,10.265009,21.167979,17.221318,1.913858,3.946661,0,"rapl:package+core,nvml:board-integrated",1.414339,0.422656,0.059392,0.015006,0.391530481344,0.164232902092,1.810623,0.077983
gpu,gpu,uint,gt,max,256,2097152,bench/results/raw/energy/measurements/20260801_015012_gpu_uint_gt_q21_k256_max_uniform_s21000419_rep2_gpu.txt,0.488321,10.601169,21.709435,17.221318,2.191641,4.488117,0,,,,,,,,,
gpu,gpu,uint,gt,max,256,2097152,bench/results/raw/energy/measurements/20260801_015012_gpu_uint_gt_q21_k256_max_uniform_s21000419_rep3_gpu.txt,0.491071,10.479347,21.33977,17.221318,2.022453,4.118452,0,,,,,,,,,
gpu,gpu,uint,gt,max,4096,2097152,bench/results/raw/energy/measurements/20260801_015012_gpu_uint_gt_q21_k4096_max_uniform_s21004259_rep1_gpu.txt,0.488114,10.385216,21.276215,17.221318,1.979252,4.054897,0,"rapl:package+core,nvml:board-integrated",1.772113,0.58147,0.078001,0.025208,0.428832974682,0.147355015856,2.352145,0.097527
gpu,gpu,uint,gt,max,4096,2097152,bench/results/raw/energy/measurements/20260801_015012_gpu_uint_gt_q21_k4096_max_uniform_s21004259_rep2_gpu.txt,0.49147,10.539648,21.445136,17.221318,2.075881,4.223818,0,,,,,,,,,
gpu,gpu,uint,gt,max,4096,2097152,bench/results/raw/energy/measurements/20260801_015012_gpu_uint_gt_q21_k4096_max_uniform_s21004259_rep3_gpu.txt,0.490319,10.469741,21.352918,17.221318,2.025802,4.1316,0,,,,,,,,,
gpu,gpu,uint,gt,max,8,2097152,bench/results/raw/energy/measurements/20260801_015012_gpu_uint_gt_q21_k8_max_uniform_s21000171_rep1_gpu.txt,0.479445,10.43196,21.75843,17.221318,2.175294,4.537112,0,"rapl:package+core,nvml:board-integrated",1.528886,0.404823,0.063811,0.01955,0.429976477102,0.0681462331,1.880536,0.082232
gpu,gpu,uint,gt,max,8,2097152,bench/results/raw/energy/measurements/20260801_015012_gpu_uint_gt_q21_k8_max_uniform_s21000171_rep2_gpu.txt,0.471857,9.7537,20.670868,17.221318,1.627696,3.44955,0,,,,,,,,,
gpu,gpu,uint,gt,max,8,2097152,bench/results/raw/energy/measurements/20260801_015012_gpu_uint_gt_q21_k8_max_uniform_s21000171_rep3_gpu.txt,0.491605,10.580407,21.522159,17.221318,2.114316,4.300841,0,,,,,,,,,
gpu,gpu,uint,gt,max,131072,4194304,bench/results/raw/energy/measurements/20260801_015012_gpu_uint_gt_q22_k131072_max_uniform_s22131238_rep1_gpu.txt,0.895474,21.372029,23.86671,17.221318,5.950779,6.645392,0,"rapl:package+core,nvml:board-integrated",9.619548,0.529259,0.418448,0.021121,2.41332192554,0.165527542522,10.746108,0.4654
gpu,gpu,uint,gt,max,131072,4194304,bench/results/raw/energy/measurements/20260801_015012_gpu_uint_gt_q22_k131072_max_uniform_s22131238_rep2_gpu.txt,0.900918,20.717784,22.996291,17.221318,5.20278,5.774973,0,,,,,,,,,
gpu,gpu,uint,gt,max,131072,4194304,bench/results/raw/energy/measurements/20260801_015012_gpu_uint_gt_q22_k131072_max_uniform_s22131238_rep3_gpu.txt,0.907187,20.102265,22.158887,17.221318,4.479301,4.937569,0,,,,,,,,,
gpu,gpu,uint,gt,max,256,4194304,bench/results/raw/energy/measurements/20260801_015012_gpu_uint_gt_q22_k256_max_uniform_s22000422_rep1_gpu.txt,0.538344,13.273645,24.656452,17.221318,4.002657,7.435134,0,"rapl:package+core,nvml:board-integrated",2.314249,0.347061,0.084514,0.010881,0.858806530548,0.159675838842,3.45717,0.125521
gpu,gpu,uint,gt,max,256,4194304,bench/results/raw/energy/measurements/20260801_015012_gpu_uint_gt_q22_k256_max_uniform_s22000422_rep2_gpu.txt,0.541288,12.978781,23.977593,17.221318,3.65709,6.756275,0,,,,,,,,,
gpu,gpu,uint,gt,max,256,4194304,bench/results/raw/energy/measurements/20260801_015012_gpu_uint_gt_q22_k256_max_uniform_s22000422_rep3_gpu.txt,0.544549,13.087879,24.034357,17.221318,3.710032,6.813039,0,,,,,,,,,
gpu,gpu,uint,gt,max,4096,4194304,bench/results/raw/energy/measurements/20260801_015012_gpu_uint_gt_q22_k4096_max_uniform_s22004262_rep1_gpu.txt,0.534275,12.908842,24.161438,17.221318,3.70793,6.94012,0,"rapl:package+core,nvml:board-integrated",2.682687,0.209593,0.091792,0.010803,1.10190777814,0.023551101646,3.696937,0.130842
gpu,gpu,uint,gt,max,4096,4194304,bench/results/raw/energy/measurements/20260801_015012_gpu_uint_gt_q22_k4096_max_uniform_s22004262_rep2_gpu.txt,0.543339,13.519534,24.882329,17.221318,4.162525,7.661011,0,,,,,,,,,
gpu,gpu,uint,gt,max,4096,4194304,bench/results/raw/energy/measurements/20260801_015012_gpu_uint_gt_q22_k4096_max_uniform_s22004262_rep3_gpu.txt,0.539729,13.352468,24.739214,17.221318,4.057626,7.517896,0,,,,,,,,,
gpu,gpu,uint,gt,max,8,4194304,bench/results/raw/energy/measurements/20260801_015012_gpu_uint_gt_q22_k8_max_uniform_s22000174_rep1_gpu.txt,0.535516,11.736081,21.915482,17.221318,2.513798,4.694164,0,"rapl:package+core,nvml:board-integrated",2.299641,0.56907,0.100554,0.025104,0.567968589828,0.136746032928,3.418283,0.141741
gpu,gpu,uint,gt,max,8,4194304,bench/results/raw/energy/measurements/20260801_015012_gpu_uint_gt_q22_k8_max_uniform_s22000174_rep2_gpu.txt,0.523253,12.422714,23.741317,17.221318,3.411609,6.519999,0,,,,,,,,,
gpu,gpu,uint,gt,max,8,4194304,bench/results/raw/energy/measurements/20260801_015012_gpu_uint_gt_q22_k8_max_uniform_s22000174_rep3_gpu.txt,0.536613,13.670054,25.474709,17.221318,4.428875,8.253391,0,,,,,,,,,
gpu,gpu,uint,gt,max,131072,8388608,bench/results/raw/energy/measurements/20260801_015012_gpu_uint_gt_q23_k131072_max_uniform_s23131241_rep1_gpu.txt,1.150524,27.391806,23.808106,17.221318,7.57826,6.586788,0,"rapl:package+core,nvml:board-integrated",11.274265,0.34951,0.477297,0.015259,3.05458158255,0.086729908638,15.463506,0.655508
gpu,gpu,uint,gt,max,131072,8388608,bench/results/raw/energy/measurements/20260801_015012_gpu_uint_gt_q23_k131072_max_uniform_s23131241_rep2_gpu.txt,1.196912,27.290531,22.800777,17.221318,6.678124,5.579459,0,,,,,,,,,
gpu,gpu,uint,gt,max,131072,8388608,bench/results/raw/energy/measurements/20260801_015012_gpu_uint_gt_q23_k131072_max_uniform_s23131241_rep3_gpu.txt,1.19835,25.574808,21.34169,17.221318,4.937647,4.120372,0,,,,,,,,,
gpu,gpu,uint,gt,max,256,8388608,bench/results/raw/energy/measurements/20260801_015012_gpu_uint_gt_q23_k256_max_uniform_s23000425_rep1_gpu.txt,0.793328,19.76414,24.91294,17.221318,6.101981,7.691622,0,"rapl:package+core,nvml:board-integrated",4.121057,0.38181,0.156982,0.013472,1.41762005772,0.149804403904,8.802376,0.33091
gpu,gpu,uint,gt,max,256,8388608,bench/results/raw/energy/measurements/20260801_015012_gpu_uint_gt_q23_k256_max_uniform_s23000425_rep2_gpu.txt,0.799762,19.823481,24.78674,17.221318,6.050533,7.565422,0,,,,,,,,,
gpu,gpu,uint,gt,max,256,8388608,bench/results/raw/energy/measurements/20260801_015012_gpu_uint_gt_q23_k256_max_uniform_s23000425_rep3_gpu.txt,0.773496,19.523146,25.240141,17.221318,6.202527,8.018823,0,,,,,,,,,
gpu,gpu,uint,gt,max,4096,8388608,bench/results/raw/energy/measurements/20260801_015012_gpu_uint_gt_q23_k4096_max_uniform_s23004265_rep1_gpu.txt,0.779371,20.005516,25.668796,17.221318,6.58372,8.447478,0,"rapl:package+core,nvml:board-integrated",4.365864,0.487341,0.167562,0.013402,1.48022551328,0.256540896164,9.366914,0.350999
gpu,gpu,uint,gt,max,4096,8388608,bench/results/raw/energy/measurements/20260801_015012_gpu_uint_gt_q23_k4096_max_uniform_s23004265_rep2_gpu.txt,0.78152,19.975549,25.559864,17.221318,6.516742,8.338546,0,,,,,,,,,
gpu,gpu,uint,gt,max,4096,8388608,bench/results/raw/energy/measurements/20260801_015012_gpu_uint_gt_q23_k4096_max_uniform_s23004265_rep3_gpu.txt,0.83139,20.331451,24.454759,17.221318,6.013813,7.233441,0,,,,,,,,,
gpu,gpu,uint,gt,max,8,8388608,bench/results/raw/energy/measurements/20260801_015012_gpu_uint_gt_q23_k8_max_uniform_s23000177_rep1_gpu.txt,0.835006,19.524941,23.383008,17.221318,5.145045,6.16169,0,"rapl:package+core,nvml:board-integrated",4.376054,0.424862,0.172288,0.024453,1.40902756442,0.003749110946,8.834497,0.342253
gpu,gpu,uint,gt,max,8,8388608,bench/results/raw/energy/measurements/20260801_015012_gpu_uint_gt_q23_k8_max_uniform_s23000177_rep2_gpu.txt,0.779985,19.877221,25.484093,17.221318,6.444844,8.262775,0,,,,,,,,,
gpu,gpu,uint,gt,max,8,8388608,bench/results/raw/energy/measurements/20260801_015012_gpu_uint_gt_q23_k8_max_uniform_s23000177_rep3_gpu.txt,0.781775,19.815885,25.347291,17.221318,6.352685,8.125973,0,,,,,,,,,
gpu,gpu,uint,gt,max,131072,16777216,bench/results/raw/energy/measurements/20260801_015012_gpu_uint_gt_q24_k131072_max_uniform_s24131244_rep1_gpu.txt,1.463521,40.715593,27.8203,17.221318,15.511832,10.598982,0,"rapl:package+core,nvml:board-integrated",18.461194,1.079226,0.623358,0.034085,7.72614765416,0.49223737597,28.134824,0.955634
gpu,gpu,uint,gt,max,131072,16777216,bench/results/raw/energy/measurements/20260801_015012_gpu_uint_gt_q24_k131072_max_uniform_s24131244_rep2_gpu.txt,1.516919,39.973872,26.352021,17.221318,13.850533,9.130703,0,,,,,,,,,
gpu,gpu,uint,gt,max,131072,16777216,bench/results/raw/energy/measurements/20260801_015012_gpu_uint_gt_q24_k131072_max_uniform_s24131244_rep3_gpu.txt,1.493544,38.8026,25.980221,17.221318,13.081806,8.758903,0,,,,,,,,,
gpu,gpu,uint,gt,max,256,16777216,bench/results/raw/energy/measurements/20260801_015012_gpu_uint_gt_q24_k256_max_uniform_s24000428_rep1_gpu.txt,1.170345,31.49035,26.906904,17.221318,11.335473,9.685586,0,"rapl:package+core,nvml:board-integrated",8.217293,1.021211,0.299993,0.031828,3.05101814923,0.473090890696,15.760199,0.589424
gpu,gpu,uint,gt,max,256,16777216,bench/results/raw/energy/measurements/20260801_015012_gpu_uint_gt_q24_k256_max_uniform_s24000428_rep2_gpu.txt,1.186878,32.757953,27.600102,17.221318,12.318351,10.378784,0,,,,,,,,,
gpu,gpu,uint,gt,max,256,16777216,bench/results/raw/energy/measurements/20260801_015012_gpu_uint_gt_q24_k256_max_uniform_s24000428_rep3_gpu.txt,1.175719,32.795124,27.89368,17.221318,12.547697,10.672362,0,,,,,,,,,
gpu,gpu,uint,gt,max,4096,16777216,bench/results/raw/energy/measurements/20260801_015012_gpu_uint_gt_q24_k4096_max_uniform_s24004268_rep1_gpu.txt,1.174468,31.416433,26.7495,17.221318,11.190545,9.528182,0,"rapl:package+core,nvml:board-integrated",9.713105,0.801159,0.3042,0.027669,4.4743800644,0.324662352258,19.60662,0.619221
gpu,gpu,uint,gt,max,4096,16777216,bench/results/raw/energy/measurements/20260801_015012_gpu_uint_gt_q24_k4096_max_uniform_s24004268_rep2_gpu.txt,1.198246,32.484873,27.110348,17.221318,11.849493,9.88903,0,,,,,,,,,
gpu,gpu,uint,gt,max,4096,16777216,bench/results/raw/energy/measurements/20260801_015012_gpu_uint_gt_q24_k4096_max_uniform_s24004268_rep3_gpu.txt,1.186799,33.319153,28.074817,17.221318,12.880917,10.853499,0,,,,,,,,,
gpu,gpu,uint,gt,max,8,16777216,bench/results/raw/energy/measurements/20260801_015012_gpu_uint_gt_q24_k8_max_uniform_s24000180_rep1_gpu.txt,1.189565,29.082536,24.448044,17.221318,8.59666,7.226726,0,"rapl:package+core,nvml:board-integrated",8.099044,0.827542,0.305304,0.036803,2.84130672933,0.193745833646,15.296741,0.587118
gpu,gpu,uint,gt,max,8,16777216,bench/results/raw/energy/measurements/20260801_015012_gpu_uint_gt_q24_k8_max_uniform_s24000180_rep2_gpu.txt,1.186738,34.145899,28.77291,17.221318,13.70871,11.551592,0,,,,,,,,,
gpu,gpu,uint,gt,max,8,16777216,bench/results/raw/energy/measurements/20260801_015012_gpu_uint_gt_q24_k8_max_uniform_s24000180_rep3_gpu.txt,1.115293,31.199719,27.974471,17.221318,11.992911,10.753153,0,,,,,,,,,
gpu,gpu,uint,map_reduce,max,256,65536,bench/results/raw/energy/measurements/20260801_015012_gpu_uint_map_reduce_q16_k256_max_uniform_s16000404_rep1_gpu.txt,0.452146,10.009048,22.136782,17.221318,2.222505,4.915464,0,"rapl:package+core,nvml:board-integrated",1.324368,0.36835,0.04565,0.012639,0.5382148333,0.150689761798,1.346584,0.046919
gpu,gpu,uint,map_reduce,max,256,65536,bench/results/raw/energy/measurements/20260801_015012_gpu_uint_map_reduce_q16_k256_max_uniform_s16000404_rep2_gpu.txt,0.413086,9.123404,22.085983,17.221318,2.009523,4.864665,0,,,,,,,,,
gpu,gpu,uint,map_reduce,max,256,65536,bench/results/raw/energy/measurements/20260801_015012_gpu_uint_map_reduce_q16_k256_max_uniform_s16000404_rep3_gpu.txt,0.452899,10.274849,22.686869,17.221318,2.47534,5.465551,0,,,,,,,,,
gpu,gpu,uint,map_reduce,max,4096,65536,bench/results/raw/energy/measurements/20260801_015012_gpu_uint_map_reduce_q16_k4096_max_uniform_s16004244_rep1_gpu.txt,0.57308,13.275527,23.165231,17.221318,3.406337,5.943913,0,"rapl:package+core,nvml:board-integrated",5.429427,0.27465,0.185266,0.008209,2.23890229941,0.133280200538,5.440459,0.18654
gpu,gpu,uint,map_reduce,max,4096,65536,bench/results/raw/energy/measurements/20260801_015012_gpu_uint_map_reduce_q16_k4096_max_uniform_s16004244_rep2_gpu.txt,0.546716,13.969043,25.550801,17.221318,4.553866,8.329483,0,,,,,,,,,
gpu,gpu,uint,map_reduce,max,4096,65536,bench/results/raw/energy/measurements/20260801_015012_gpu_uint_map_reduce_q16_k4096_max_uniform_s16004244_rep3_gpu.txt,0.568681,15.920763,27.995946,17.221318,6.127327,10.774628,0,,,,,,,,,
gpu,gpu,uint,map_reduce,max,8,65536,bench/results/raw/energy/measurements/20260801_015012_gpu_uint_map_reduce_q16_k8_max_uniform_s16000156_rep1_gpu.txt,0.369795,14.32899,38.748436,17.221318,7.960628,21.527118,0,"rapl:package+core,nvml:board-integrated",0.420835,0.084578,0.013524,0.003525,0.187933895368,0.02387285405,0.420835,0.014839
gpu,gpu,uint,map_reduce,max,8,65536,bench/results/raw/energy/measurements/20260801_015012_gpu_uint_map_reduce_q16_k8_max_uniform_s16000156_rep2_gpu.txt,0.363719,10.67753,29.356556,17.221318,4.413814,12.135238,0,,,,,,,,,
gpu,gpu,uint,map_reduce,max,8,65536,bench/results/raw/energy/measurements/20260801_015012_gpu_uint_map_reduce_q16_k8_max_uniform_s16000156_rep3_gpu.txt,0.36054,7.747916,21.489774,17.221318,1.538948,4.268456,0,,,,,,,,,
gpu,gpu,uint,map_reduce,max,131072,131072,bench/results/raw/energy/measurements/20260801_015012_gpu_uint_map_reduce_q17_k131072_max_uniform_s17131223_rep1_gpu.txt,1.068372,34.701153,32.48041,17.221318,16.302383,15.259092,0,"rapl:package+core,nvml:board-integrated",20.359888,5.871629,0.625818,0.154609,9.58247721188,3.20905824534,20.380486,0.628842
gpu,gpu,uint,map_reduce,max,131072,131072,bench/results/raw/energy/measurements/20260801_015012_gpu_uint_map_reduce_q17_k131072_max_uniform_s17131223_rep2_gpu.txt,1.052986,28.206592,26.787252,17.221318,10.072791,9.565934,0,,,,,,,,,
gpu,gpu,uint,map_reduce,max,131072,131072,bench/results/raw/energy/measurements/20260801_015012_gpu_uint_map_reduce_q17_k131072_max_uniform_s17131223_rep3_gpu.txt,1.098951,30.599558,27.844337,17.221318,11.674176,10.623019,0,,,,,,,,,
gpu,gpu,uint,map_reduce,max,256,131072,bench/results/raw/energy/measurements/20260801_015012_gpu_uint_map_reduce_q17_k256_max_uniform_s17000407_rep1_gpu.txt,0.45006,10.202511,22.669217,17.221318,2.451882,5.447899,0,"rapl:package+core,nvml:board-integrated",1.706616,0.719787,0.053733,0.022343,0.781262919906,0.335011091926,1.717145,0.054992
gpu,gpu,uint,map_reduce,max,256,131072,bench/results/raw/energy/measurements/20260801_015012_gpu_uint_map_reduce_q17_k256_max_uniform_s17000407_rep2_gpu.txt,0.396448,9.205472,23.219864,17.221318,2.378112,5.998546,0,,,,,,,,,
gpu,gpu,uint,map_reduce,max,256,131072,bench/results/raw/energy/measurements/20260801_015012_gpu_uint_map_reduce_q17_k256_max_uniform_s17000407_rep3_gpu.txt,0.419308,9.941681,23.709724,17.221318,2.720642,6.488406,0,,,,,,,,,
gpu,gpu,uint,map_reduce,max,4096,131072,bench/results/raw/energy/measurements/20260801_015012_gpu_uint_map_reduce_q17_k4096_max_uniform_s17004247_rep1_gpu.txt,0.601816,14.575222,24.218738,17.221318,4.211159,6.99742,0,"rapl:package+core,nvml:board-integrated",5.847209,0.414723,0.189385,0.009645,2.58574969057,0.24862338789,5.857646,0.190649
gpu,gpu,uint,map_reduce,max,4096,131072,bench/results/raw/energy/measurements/20260801_015012_gpu_uint_map_reduce_q17_k4096_max_uniform_s17004247_rep2_gpu.txt,0.510554,13.74467,26.921085,17.221318,4.952256,9.699767,0,,,,,,,,,
gpu,gpu,uint,map_reduce,max,4096,131072,bench/results/raw/energy/measurements/20260801_015012_gpu_uint_map_reduce_q17_k4096_max_uniform_s17004247_rep3_gpu.txt,0.55356,17.938005,32.404833,17.221318,8.40498,15.183515,0,,,,,,,,,
gpu,gpu,uint,map_reduce,max,8,131072,bench/results/raw/energy/measurements/20260801_015012_gpu_uint_map_reduce_q17_k8_max_uniform_s17000159_rep1_gpu.txt,0.337748,8.742214,25.883833,17.221318,2.925748,8.662515,0,"rapl:package+core,nvml:board-integrated",0.480708,0.105419,0.014452,0.004441,0.231825512264,0.028939126762,0.480708,0.015694
gpu,gpu,uint,map_reduce,max,8,131072,bench/results/raw/energy/measurements/20260801_015012_gpu_uint_map_reduce_q17_k8_max_uniform_s17000159_rep2_gpu.txt,0.353017,8.370127,23.710259,17.221318,2.290707,6.488941,0,,,,,,,,,
gpu,gpu,uint,map_reduce,max,8,131072,bench/results/raw/energy/measurements/20260801_015012_gpu_uint_map_reduce_q17_k8_max_uniform_s17000159_rep3_gpu.txt,0.348081,7.639722,21.948094,17.221318,1.645303,4.726776,0,,,,,,,,,
gpu,gpu,uint,map_reduce,max,131072,262144,bench/results/raw/energy/measurements/20260801_015012_gpu_uint_map_reduce_q18_k131072_max_uniform_s18131226_rep1_gpu.txt,1.201406,36.599275,30.463709,17.221318,15.909485,13.242391,0,"rapl:package+core,nvml:board-integrated",23.013421,8.958291,0.7714,0.289866,9.7288962948,3.96641643661,23.193278,0.774428
gpu,gpu,uint,map_reduce,max,131072,262144,bench/results/raw/energy/measurements/20260801_015012_gpu_uint_map_reduce_q18_k131072_max_uniform_s18131226_rep2_gpu.txt,1.193619,37.057388,31.046257,17.221318,16.501704,13.824939,0,,,,,,,,,
gpu,gpu,uint,map_reduce,max,131072,262144,bench/results/raw/energy/measurements/20260801_015012_gpu_uint_map_reduce_q18_k131072_max_uniform_s18131226_rep3_gpu.txt,1.283439,37.057829,28.873844,17.221318,14.955311,11.652526,0,,,,,,,,,
gpu,gpu,uint,map_reduce,max,256,262144,bench/results/raw/energy/measurements/20260801_015012_gpu_uint_map_reduce_q18_k256_max_uniform_s18000410_rep1_gpu.txt,0.417336,9.016647,21.605259,17.221318,1.829575,4.383941,0,"rapl:package+core,nvml:board-integrated",2.110531,0.771979,0.060585,0.0326,1.06717744897,0.2105640332,2.134212,0.061822
gpu,gpu,uint,map_reduce,max,256,262144,bench/results/raw/energy/measurements/20260801_015012_gpu_uint_map_reduce_q18_k256_max_uniform_s18000410_rep2_gpu.txt,0.426152,9.760023,22.902707,17.221318,2.421133,5.681389,0,,,,,,,,,
gpu,gpu,uint,map_reduce,max,256,262144,bench/results/raw/energy/measurements/20260801_015012_gpu_uint_map_reduce_q18_k256_max_uniform_s18000410_rep3_gpu.txt,0.422254,10.024691,23.740884,17.221318,2.752915,6.519566,0,,,,,,,,,
gpu,gpu,uint,map_reduce,max,4096,262144,bench/results/raw/energy/measurements/20260801_015012_gpu_uint_map_reduce_q18_k4096_max_uniform_s18004250_rep1_gpu.txt,0.593381,13.999056,23.592003,17.221318,3.780246,6.370685,0,"rapl:package+core,nvml:board-integrated",6.329203,0.456142,0.212581,0.015844,2.66827799824,0.183287437608,6.36123,0.213849
gpu,gpu,uint,map_reduce,max,4096,262144,bench/results/raw/energy/measurements/20260801_015012_gpu_uint_map_reduce_q18_k4096_max_uniform_s18004250_rep2_gpu.txt,0.589102,15.978764,27.123922,17.221318,5.833646,9.902604,0,,,,,,,,,
gpu,gpu,uint,map_reduce,max,4096,262144,bench/results/raw/energy/measurements/20260801_015012_gpu_uint_map_reduce_q18_k4096_max_uniform_s18004250_rep3_gpu.txt,0.603864,19.508635,32.306354,17.221318,9.109306,15.085036,0,,,,,,,,,
gpu,gpu,uint,map_reduce,max,8,262144,bench/results/raw/energy/measurements/20260801_015012_gpu_uint_map_reduce_q18_k8_max_uniform_s18000162_rep1_gpu.txt,0.432183,10.828708,25.055837,17.221318,3.385946,7.834519,0,"rapl:package+core,nvml:board-integrated",0.905248,0.372263,0.023046,0.007685,0.508365505372,0.23991717117,0.905248,0.024304
gpu,gpu,uint,map_reduce,max,8,262144,bench/results/raw/energy/measurements/20260801_015012_gpu_uint_map_reduce_q18_k8_max_uniform_s18000162_rep2_gpu.txt,0.402551,9.171423,22.783247,17.221318,2.238961,5.561929,0,,,,,,,,,
gpu,gpu,uint,map_reduce,max,8,262144,bench/results/raw/energy/measurements/20260801_015012_gpu_uint_map_reduce_q18_k8_max_uniform_s18000162_rep3_gpu.txt,0.429868,9.355428,21.763492,17.221318,1.952535,4.542174,0,,,,,,,,,
gpu,gpu,uint,map_reduce,max,131072,524288,bench/results/raw/energy/measurements/20260801_015012_gpu_uint_map_reduce_q19_k131072_max_uniform_s19131229_rep1_gpu.txt,2.710786,86.138555,31.776224,17.221318,39.455241,14.554906,0,"rapl:package+core,nvml:board-integrated",68.795462,51.870444,2.082475,1.56422,32.9324977979,24.932513958,69.006411,2.085774
gpu,gpu,uint,map_reduce,max,131072,524288,bench/results/raw/energy/measurements/20260801_015012_gpu_uint_map_reduce_q19_k131072_max_uniform_s19131229_rep2_gpu.txt,2.625661,88.882678,33.851545,17.221318,43.665336,16.630227,0,,,,,,,,,
gpu,gpu,uint,map_reduce,max,131072,524288,bench/results/raw/energy/measurements/20260801_015012_gpu_uint_map_reduce_q19_k131072_max_uniform_s19131229_rep3_gpu.txt,2.624601,89.717085,34.183128,17.221318,44.51799,16.96181,0,,,,,,,,,
gpu,gpu,uint,map_reduce,max,256,524288,bench/results/raw/energy/measurements/20260801_015012_gpu_uint_map_reduce_q19_k256_max_uniform_s19000413_rep1_gpu.txt,0.47401,10.429743,22.003203,17.221318,2.266663,4.781885,0,"rapl:package+core,nvml:board-integrated",2.818713,1.519832,0.086738,0.04765,1.32497031932,0.6992361973,2.828967,0.08798
gpu,gpu,uint,map_reduce,max,256,524288,bench/results/raw/energy/measurements/20260801_015012_gpu_uint_map_reduce_q19_k256_max_uniform_s19000413_rep2_gpu.txt,0.474674,11.553949,24.340822,17.221318,3.379441,7.119504,0,,,,,,,,,
gpu,gpu,uint,map_reduce,max,256,524288,bench/results/raw/energy/measurements/20260801_015012_gpu_uint_map_reduce_q19_k256_max_uniform_s19000413_rep3_gpu.txt,0.492797,13.24464,26.876481,17.221318,4.758032,9.655163,0,,,,,,,,,
gpu,gpu,uint,map_reduce,max,4096,524288,bench/results/raw/energy/measurements/20260801_015012_gpu_uint_map_reduce_q19_k4096_max_uniform_s19004253_rep1_gpu.txt,0.661645,17.733426,26.802028,17.221318,6.339028,9.58071,0,"rapl:package+core,nvml:board-integrated",6.998716,1.403692,0.237431,0.04961,2.90984124594,0.54934241402,7.051444,0.23871
gpu,gpu,uint,map_reduce,max,4096,524288,bench/results/raw/energy/measurements/20260801_015012_gpu_uint_map_reduce_q19_k4096_max_uniform_s19004253_rep2_gpu.txt,0.726544,18.505165,25.470118,17.221318,5.993118,8.2488,0,,,,,,,,,
gpu,gpu,uint,map_reduce,max,4096,524288,bench/results/raw/energy/measurements/20260801_015012_gpu_uint_map_reduce_q19_k4096_max_uniform_s19004253_rep3_gpu.txt,0.686833,16.580021,24.139817,17.221318,4.751853,6.918499,0,,,,,,,,,
gpu,gpu,uint,map_reduce,max,8,524288,bench/results/raw/energy/measurements/20260801_015012_gpu_uint_map_reduce_q19_k8_max_uniform_s19000165_rep1_gpu.txt,0.443601,11.912748,26.854667,17.221318,4.27336,9.633349,0,"rapl:package+core,nvml:board-integrated",0.875096,0.470479,0.027654,0.011306,0.398857672028,0.275774778692,1.002232,0.028882
gpu,gpu,uint,map_reduce,max,8,524288,bench/results/raw/energy/measurements/20260801_015012_gpu_uint_map_reduce_q19_k8_max_uniform_s19000165_rep2_gpu.txt,0.431149,10.056939,23.325876,17.221318,2.631977,6.104558,0,,,,,,,,,
gpu,gpu,uint,map_reduce,max,8,524288,bench/results/raw/energy/measurements/20260801_015012_gpu_uint_map_reduce_q19_k8_max_uniform_s19000165_rep3_gpu.txt,0.434198,9.66188,22.252225,17.221318,2.184412,5.030907,0,,,,,,,,,
gpu,gpu,uint,map_reduce,max,131072,1048576,bench/results/raw/energy/measurements/20260801_015012_gpu_uint_map_reduce_q20_k131072_max_uniform_s20131232_rep1_gpu.txt,11.952811,460.604126,38.535213,17.221318,254.760963,21.313895,0,"rapl:package+core,nvml:board-integrated",404.16958,384.712032,10.488542,9.979897,223.543062862,212.845052156,404.304972,10.492065
gpu,gpu,uint,map_reduce,max,131072,1048576,bench/results/raw/energy/measurements/20260801_015012_gpu_uint_map_reduce_q20_k131072_max_uniform_s20131232_rep2_gpu.txt,11.952801,464.313184,38.845555,17.221318,258.470197,21.624237,0,,,,,,,,,
gpu,gpu,uint,map_reduce,max,131072,1048576,bench/results/raw/energy/measurements/20260801_015012_gpu_uint_map_reduce_q20_k131072_max_uniform_s20131232_rep3_gpu.txt,11.95168,465.786958,38.972508,17.221318,259.963269,21.75119,0,,,,,,,,,
gpu,gpu,uint,map_reduce,max,256,1048576,bench/results/raw/energy/measurements/20260801_015012_gpu_uint_map_reduce_q20_k256_max_uniform_s20000416_rep1_gpu.txt,0.541907,12.713077,23.459904,17.221318,3.380731,6.238586,0,"rapl:package+core,nvml:board-integrated",3.456264,2.159214,0.11539,0.07147,1.46909611598,0.92840640254,3.467098,0.116661
gpu,gpu,uint,map_reduce,max,256,1048576,bench/results/raw/energy/measurements/20260801_015012_gpu_uint_map_reduce_q20_k256_max_uniform_s20000416_rep2_gpu.txt,0.538518,15.305494,28.421511,17.221318,6.031505,11.200193,0,,,,,,,,,
gpu,gpu,uint,map_reduce,max,256,1048576,bench/results/raw/energy/measurements/20260801_015012_gpu_uint_map_reduce_q20_k256_max_uniform_s20000416_rep3_gpu.txt,0.548829,15.736409,28.672683,17.221318,6.284845,11.451365,0,,,,,,,,,
gpu,gpu,uint,map_reduce,max,4096,1048576,bench/results/raw/energy/measurements/20260801_015012_gpu_uint_map_reduce_q20_k4096_max_uniform_s20004256_rep1_gpu.txt,0.915591,27.121128,29.621437,17.221318,11.35344,12.400119,0,"rapl:package+core,nvml:board-integrated",13.0179,5.800546,0.458489,0.19925,5.1221151315,2.3691983885,13.171902,0.460158
gpu,gpu,uint,map_reduce,max,4096,1048576,bench/results/raw/energy/measurements/20260801_015012_gpu_uint_map_reduce_q20_k4096_max_uniform_s20004256_rep2_gpu.txt,0.922385,28.67754,31.090625,17.221318,12.792847,13.869307,0,,,,,,,,,
gpu,gpu,uint,map_reduce,max,4096,1048576,bench/results/raw/energy/measurements/20260801_015012_gpu_uint_map_reduce_q20_k4096_max_uniform_s20004256_rep3_gpu.txt,0.90421,27.509098,30.423363,17.221318,11.937416,13.202045,0,,,,,,,,,
gpu,gpu,uint,map_reduce,max,8,1048576,bench/results/raw/energy/measurements/20260801_015012_gpu_uint_map_reduce_q20_k8_max_uniform_s20000168_rep1_gpu.txt,0.437717,13.301711,30.388823,17.221318,5.763643,13.167505,0,"rapl:package+core,nvml:board-integrated",1.31937,0.552716,0.035501,0.011491,0.707995989682,0.354825834862,1.31937,0.036728
gpu,gpu,uint,map_reduce,max,8,1048576,bench/results/raw/energy/measurements/20260801_015012_gpu_uint_map_reduce_q20_k8_max_uniform_s20000168_rep2_gpu.txt,0.432063,10.713209,24.795473,17.221318,3.272513,7.574155,0,,,,,,,,,
gpu,gpu,uint,map_reduce,max,8,1048576,bench/results/raw/energy/measurements/20260801_015012_gpu_uint_map_reduce_q20_k8_max_uniform_s20000168_rep3_gpu.txt,0.437762,9.758169,22.291035,17.221318,2.21933,5.069717,0,,,,,,,,,
gpu,gpu,uint,map_reduce,max,131072,2097152,bench/results/raw/energy/measurements/20260801_015012_gpu_uint_map_reduce_q21_k131072_max_uniform_s21131235_rep1_gpu.txt,21.744387,864.509481,39.757823,17.221318,490.042479,22.536505,0,"rapl:package+core,nvml:board-integrated",758.325292,734.16143,19.399433,18.781633,424.241487287,410.716955548,758.366839,19.402663
gpu,gpu,uint,map_reduce,max,131072,2097152,bench/results/raw/energy/measurements/20260801_015012_gpu_uint_map_reduce_q21_k131072_max_uniform_s21131235_rep2_gpu.txt,21.852425,867.939243,39.718212,17.221318,491.611681,22.496894,0,,,,,,,,,
gpu,gpu,uint,map_reduce,max,131072,2097152,bench/results/raw/energy/measurements/20260801_015012_gpu_uint_map_reduce_q21_k131072_max_uniform_s21131235_rep3_gpu.txt,21.84672,869.40857,39.795839,17.221318,493.179254,22.574521,0,,,,,,,,,
gpu,gpu,uint,map_reduce,max,256,2097152,bench/results/raw/energy/measurements/20260801_015012_gpu_uint_map_reduce_q21_k256_max_uniform_s21000419_rep1_gpu.txt,0.594339,14.789044,24.883194,17.221318,4.553749,7.661876,0,"rapl:package+core,nvml:board-integrated",4.584648,2.971736,0.167455,0.109793,1.70085219431,1.08095583283,4.64802,0.168694
gpu,gpu,uint,map_reduce,max,256,2097152,bench/results/raw/energy/measurements/20260801_015012_gpu_uint_map_reduce_q21_k256_max_uniform_s21000419_rep2_gpu.txt,0.604493,18.387651,30.418307,17.221318,7.977486,13.196989,0,,,,,,,,,
gpu,gpu,uint,map_reduce,max,256,2097152,bench/results/raw/energy/measurements/20260801_015012_gpu_uint_map_reduce_q21_k256_max_uniform_s21000419_rep3_gpu.txt,0.598849,20.506997,34.24403,17.221318,10.194031,17.022712,0,,,,,,,,,
gpu,gpu,uint,map_reduce,max,4096,2097152,bench/results/raw/energy/measurements/20260801_015012_gpu_uint_map_reduce_q21_k4096_max_uniform_s21004259_rep1_gpu.txt,1.087548,36.430481,33.497807,17.221318,17.701467,16.276489,0,"rapl:package+core,nvml:board-integrated",20.053802,11.825832,0.622486,0.362094,9.33377264345,5.59009608011,20.183457,0.625053
gpu,gpu,uint,map_reduce,max,4096,2097152,bench/results/raw/energy/measurements/20260801_015012_gpu_uint_map_reduce_q21_k4096_max_uniform_s21004259_rep2_gpu.txt,1.091239,39.038337,35.774309,17.221318,20.245756,18.552991,0,,,,,,,,,
gpu,gpu,uint,map_reduce,max,4096,2097152,bench/results/raw/energy/measurements/20260801_015012_gpu_uint_map_reduce_q21_k4096_max_uniform_s21004259_rep3_gpu.txt,1.087247,39.09549,35.958245,17.221318,20.371666,18.736927,0,,,,,,,,,
gpu,gpu,uint,map_reduce,max,8,2097152,bench/results/raw/energy/measurements/20260801_015012_gpu_uint_map_reduce_q21_k8_max_uniform_s21000171_rep1_gpu.txt,0.428159,14.413998,33.66506,17.221318,7.040536,16.443742,0,"rapl:package+core,nvml:board-integrated",1.982976,0.374432,0.053523,0.013908,1.06123939669,0.134917909256,1.995061,0.054756
gpu,gpu,uint,map_reduce,max,8,2097152,bench/results/raw/energy/measurements/20260801_015012_gpu_uint_map_reduce_q21_k8_max_uniform_s21000171_rep2_gpu.txt,0.415935,11.71186,28.157923,17.221318,4.548915,10.936605,0,,,,,,,,,
gpu,gpu,uint,map_reduce,max,8,2097152,bench/results/raw/energy/measurements/20260801_015012_gpu_uint_map_reduce_q21_k8_max_uniform_s21000171_rep3_gpu.txt,0.427526,10.654651,24.921659,17.221318,3.292094,7.700341,0,,,,,,,,,
gpu,gpu,uint,map_reduce,max,131072,4194304,bench/results/raw/energy/measurements/20260801_015012_gpu_uint_map_reduce_q22_k131072_max_uniform_s22131238_rep1_gpu.txt,32.566935,1318.97095,40.500309,17.221318,758.125401,23.278991,0,"rapl:package+core,nvml:board-integrated",1152.204891,1129.61103,29.201914,28.625384,649.309443797,636.644189264,1152.420792,29.204924
gpu,gpu,uint,map_reduce,max,131072,4194304,bench/results/raw/energy/measurements/20260801_015012_gpu_uint_map_reduce_q22_k131072_max_uniform_s22131238_rep2_gpu.txt,32.607894,1317.335799,40.399291,17.221318,755.784884,23.177973,0,,,,,,,,,
gpu,gpu,uint,map_reduce,max,131072,4194304,bench/results/raw/energy/measurements/20260801_015012_gpu_uint_map_reduce_q22_k131072_max_uniform_s22131238_rep3_gpu.txt,32.607065,1309.413901,40.157368,17.221318,747.877271,22.93605,0,,,,,,,,,
gpu,gpu,uint,map_reduce,max,256,4194304,bench/results/raw/energy/measurements/20260801_015012_gpu_uint_map_reduce_q22_k256_max_uniform_s22000422_rep1_gpu.txt,0.674712,17.976152,26.642687,17.221318,6.356714,9.421369,0,"rapl:package+core,nvml:board-integrated",7.066116,4.459024,0.272999,0.170255,2.36471340732,1.52700850391,7.078582,0.274278
gpu,gpu,uint,map_reduce,max,256,4194304,bench/results/raw/energy/measurements/20260801_015012_gpu_uint_map_reduce_q22_k256_max_uniform_s22000422_rep2_gpu.txt,0.777426,28.272576,36.36688,17.221318,14.884267,19.145562,0,,,,,,,,,
gpu,gpu,uint,map_reduce,max,256,4194304,bench/results/raw/energy/measurements/20260801_015012_gpu_uint_map_reduce_q22_k256_max_uniform_s22000422_rep3_gpu.txt,0.78493,28.915632,36.838474,17.221318,15.398099,19.617156,0,,,,,,,,,
gpu,gpu,uint,map_reduce,max,4096,4194304,bench/results/raw/energy/measurements/20260801_015012_gpu_uint_map_reduce_q22_k4096_max_uniform_s22004262_rep1_gpu.txt,1.320511,49.031227,37.130492,17.221318,26.290286,19.909174,0,"rapl:package+core,nvml:board-integrated",28.124106,19.080609,0.817748,0.557617,14.0414076481,9.47770932079,28.195776,0.819965
gpu,gpu,uint,map_reduce,max,4096,4194304,bench/results/raw/energy/measurements/20260801_015012_gpu_uint_map_reduce_q22_k4096_max_uniform_s22004262_rep2_gpu.txt,1.329438,53.995497,40.615274,17.221318,31.100819,23.393956,0,,,,,,,,,
gpu,gpu,uint,map_reduce,max,4096,4194304,bench/results/raw/energy/measurements/20260801_015012_gpu_uint_map_reduce_q22_k4096_max_uniform_s22004262_rep3_gpu.txt,1.305778,52.879694,40.496695,17.221318,30.392475,23.275377,0,,,,,,,,,
gpu,gpu,uint,map_reduce,max,8,4194304,bench/results/raw/energy/measurements/20260801_015012_gpu_uint_map_reduce_q22_k8_max_uniform_s22000174_rep1_gpu.txt,0.483387,16.414573,33.957433,17.221318,8.090016,16.736115,0,"rapl:package+core,nvml:board-integrated",3.1486,0.592994,0.086926,0.015362,1.65161971153,0.328440112884,3.197647,0.088202
gpu,gpu,uint,map_reduce,max,8,4194304,bench/results/raw/energy/measurements/20260801_015012_gpu_uint_map_reduce_q22_k8_max_uniform_s22000174_rep2_gpu.txt,0.479321,12.76051,26.622054,17.221318,4.50597,9.400736,0,,,,,,,,,
gpu,gpu,uint,map_reduce,max,8,4194304,bench/results/raw/energy/measurements/20260801_015012_gpu_uint_map_reduce_q22_k8_max_uniform_s22000174_rep3_gpu.txt,0.482296,12.026051,24.934989,17.221318,3.720274,7.713671,0,,,,,,,,,
gpu,gpu,uint,map_reduce,max,131072,8388608,bench/results/raw/energy/measurements/20260801_015012_gpu_uint_map_reduce_q23_k131072_max_uniform_s23131241_rep1_gpu.txt,47.235575,1921.016174,40.668842,17.221318,1107.557309,23.447524,0,"rapl:package+core,nvml:board-integrated",1702.046267,1675.215471,42.557082,41.88417,969.157224726,953.914860264,1702.13177,42.560117
gpu,gpu,uint,map_reduce,max,131072,8388608,bench/results/raw/energy/measurements/20260801_015012_gpu_uint_map_reduce_q23_k131072_max_uniform_s23131241_rep2_gpu.txt,47.313267,1909.913332,40.367394,17.221318,1095.116507,23.146076,0,,,,,,,,,
gpu,gpu,uint,map_reduce,max,131072,8388608,bench/results/raw/energy/measurements/20260801_015012_gpu_uint_map_reduce_q23_k131072_max_uniform_s23131241_rep3_gpu.txt,47.159453,1903.671618,40.366702,17.221318,1091.523674,23.145384,0,,,,,,,,,
gpu,gpu,uint,map_reduce,max,256,8388608,bench/results/raw/energy/measurements/20260801_015012_gpu_uint_map_reduce_q23_k256_max_uniform_s23000425_rep1_gpu.txt,1.030116,30.91794,30.014035,17.221318,13.177983,12.792717,0,"rapl:package+core,nvml:board-integrated",13.548101,9.081286,0.517622,0.350385,4.6339679342,3.04719449257,13.560902,0.519089
gpu,gpu,uint,map_reduce,max,256,8388608,bench/results/raw/energy/measurements/20260801_015012_gpu_uint_map_reduce_q23_k256_max_uniform_s23000425_rep2_gpu.txt,1.123098,50.730433,45.17009,17.221318,31.389207,27.948772,0,,,,,,,,,
gpu,gpu,uint,map_reduce,max,256,8388608,bench/results/raw/energy/measurements/20260801_015012_gpu_uint_map_reduce_q23_k256_max_uniform_s23000425_rep3_gpu.txt,1.152684,53.659077,46.551402,17.221318,33.808332,29.330084,0,,,,,,,,,
gpu,gpu,uint,map_reduce,max,4096,8388608,bench/results/raw/energy/measurements/20260801_015012_gpu_uint_map_reduce_q23_k4096_max_uniform_s23004265_rep1_gpu.txt,1.82932,87.251209,47.695968,17.221318,55.7479,30.47465,0,"rapl:package+core,nvml:board-integrated",43.907519,30.871864,1.243751,0.874936,22.4884875162,15.8043129144,43.936554,1.245868
gpu,gpu,uint,map_reduce,max,4096,8388608,bench/results/raw/energy/measurements/20260801_015012_gpu_uint_map_reduce_q23_k4096_max_uniform_s23004265_rep2_gpu.txt,1.811055,76.531513,42.257974,17.221318,45.342759,25.036656,0,,,,,,,,,
gpu,gpu,uint,map_reduce,max,4096,8388608,bench/results/raw/energy/measurements/20260801_015012_gpu_uint_map_reduce_q23_k4096_max_uniform_s23004265_rep3_gpu.txt,1.804089,75.488204,41.842831,17.221318,44.419408,24.621513,0,,,,,,,,,
gpu,gpu,uint,map_reduce,max,8,8388608,bench/results/raw/energy/measurements/20260801_015012_gpu_uint_map_reduce_q23_k8_max_uniform_s23000177_rep1_gpu.txt,0.59385,20.288632,34.164594,17.221318,10.061758,16.943276,0,"rapl:package+core,nvml:board-integrated",5.392134,0.718992,0.151024,0.019359,2.79130167037,0.385604504838,5.500641,0.152282
gpu,gpu,uint,map_reduce,max,8,8388608,bench/results/raw/energy/measurements/20260801_015012_gpu_uint_map_reduce_q23_k8_max_uniform_s23000177_rep2_gpu.txt,0.590146,16.365129,27.730642,17.221318,6.202036,10.509324,0,,,,,,,,,
gpu,gpu,uint,map_reduce,max,8,8388608,bench/results/raw/energy/measurements/20260801_015012_gpu_uint_map_reduce_q23_k8_max_uniform_s23000177_rep3_gpu.txt,0.608037,15.889153,26.131876,17.221318,5.417951,8.910558,0,,,,,,,,,
gpu,gpu,uint,map_reduce,max,131072,16777216,bench/results/raw/energy/measurements/20260801_015012_gpu_uint_map_reduce_q24_k131072_max_uniform_s24131244_rep1_gpu.txt,67.010596,2733.8979,40.797994,17.221318,1579.88712,23.576676,0,"rapl:package+core,nvml:board-integrated",2443.915553,2410.59693,60.474857,59.656584,1402.4588096,1383.23192614,2444.066246,60.478275
gpu,gpu,uint,map_reduce,max,131072,16777216,bench/results/raw/energy/measurements/20260801_015012_gpu_uint_map_reduce_q24_k131072_max_uniform_s24131244_rep2_gpu.txt,67.048144,2717.194176,40.526016,17.221318,1562.536761,23.304698,0,,,,,,,,,
gpu,gpu,uint,map_reduce,max,131072,16777216,bench/results/raw/energy/measurements/20260801_015012_gpu_uint_map_reduce_q24_k131072_max_uniform_s24131244_rep3_gpu.txt,66.905326,2714.764282,40.576206,17.221318,1562.566381,23.354888,0,,,,,,,,,
gpu,gpu,uint,map_reduce,max,256,16777216,bench/results/raw/energy/measurements/20260801_015012_gpu_uint_map_reduce_q24_k256_max_uniform_s24000428_rep1_gpu.txt,1.34057,42.44449,31.661514,17.221318,19.3581,14.440196,0,"rapl:package+core,nvml:board-integrated",18.884345,10.411952,0.609135,0.336098,8.39423746007,4.62390146284,18.884345,0.610919
gpu,gpu,uint,map_reduce,max,256,16777216,bench/results/raw/energy/measurements/20260801_015012_gpu_uint_map_reduce_q24_k256_max_uniform_s24000428_rep2_gpu.txt,1.334514,60.283748,45.172813,17.221318,37.301659,27.951495,0,,,,,,,,,
gpu,gpu,uint,map_reduce,max,256,16777216,bench/results/raw/energy/measurements/20260801_015012_gpu_uint_map_reduce_q24_k256_max_uniform_s24000428_rep3_gpu.txt,1.325018,60.473752,45.639958,17.221318,37.655201,28.41864,0,,,,,,,,,
gpu,gpu,uint,map_reduce,max,4096,16777216,bench/results/raw/energy/measurements/20260801_015012_gpu_uint_map_reduce_q24_k4096_max_uniform_s24004268_rep1_gpu.txt,2.527629,126.300581,49.968003,17.221318,82.771476,32.746685,0,"rapl:package+core,nvml:board-integrated",81.830729,60.139531,1.846314,1.348719,50.0347684781,36.9128122084,81.894852,1.848489
gpu,gpu,uint,map_reduce,max,4096,16777216,bench/results/raw/energy/measurements/20260801_015012_gpu_uint_map_reduce_q24_k4096_max_uniform_s24004268_rep2_gpu.txt,2.515063,112.498679,44.729968,17.221318,69.185983,27.50865,0,,,,,,,,,
gpu,gpu,uint,map_reduce,max,4096,16777216,bench/results/raw/energy/measurements/20260801_015012_gpu_uint_map_reduce_q24_k4096_max_uniform_s24004268_rep3_gpu.txt,2.549559,117.343246,46.024921,17.221318,73.436482,28.803603,0,,,,,,,,,
gpu,gpu,uint,map_reduce,max,8,16777216,bench/results/raw/energy/measurements/20260801_015012_gpu_uint_map_reduce_q24_k8_max_uniform_s24000180_rep1_gpu.txt,0.814186,28.027579,34.424045,17.221318,14.006221,17.202727,0,"rapl:package+core,nvml:board-integrated",8.455104,0.633974,0.281928,0.023401,3.5999322589,0.230977937482,8.490091,0.283207
gpu,gpu,uint,map_reduce,max,8,16777216,bench/results/raw/energy/measurements/20260801_015012_gpu_uint_map_reduce_q24_k8_max_uniform_s24000180_rep2_gpu.txt,0.817572,23.652567,28.930251,17.221318,9.572897,11.708933,0,,,,,,,,,
gpu,gpu,uint,map_reduce,max,8,16777216,bench/results/raw/energy/measurements/20260801_015012_gpu_uint_map_reduce_q24_k8_max_uniform_s24000180_rep3_gpu.txt,0.804895,26.067984,32.386826,17.221318,12.206637,15.165508,0,,,,,,,,,
rapl,npu,uint,bitonic,max,256,65536,bench/results/raw/energy/measurements/20260801_015012_npu_uint_bitonic_q16_k256_max_uniform_s16000404_rep1_rapl.txt,0.184783,1.875239,10.148319,4.707117,1.005443,5.441202,0,rapl:package+core,0.395243,0.343046,0.03357,0.028956,0.23722508231,0.206746720148,0.408487,0.035255
rapl,npu,uint,bitonic,max,256,65536,bench/results/raw/energy/measurements/20260801_015012_npu_uint_bitonic_q16_k256_max_uniform_s16000404_rep2_rapl.txt,0.187226,1.888361,10.08602,4.707117,1.007068,5.378903,0,,,,,,,,,
rapl,npu,uint,bitonic,max,256,65536,bench/results/raw/energy/measurements/20260801_015012_npu_uint_bitonic_q16_k256_max_uniform_s16000404_rep3_rapl.txt,0.179871,1.800872,10.012015,4.707117,0.954198,5.304898,0,,,,,,,,,
rapl,npu,uint,bitonic,max,4096,65536,bench/results/raw/energy/measurements/20260801_015012_npu_uint_bitonic_q16_k4096_max_uniform_s16004244_rep1_rapl.txt,0.214145,2.139401,9.990412,4.707117,1.131393,5.283295,0,rapl:package+core,0.602646,0.510991,0.057657,0.053244,0.331247755131,0.260365262452,0.615111,0.05933
rapl,npu,uint,bitonic,max,4096,65536,bench/results/raw/energy/measurements/20260801_015012_npu_uint_bitonic_q16_k4096_max_uniform_s16004244_rep2_rapl.txt,0.209785,2.130398,10.155162,4.707117,1.142917,5.448045,0,,,,,,,,,
rapl,npu,uint,bitonic,max,4096,65536,bench/results/raw/energy/measurements/20260801_015012_npu_uint_bitonic_q16_k4096_max_uniform_s16004244_rep3_rapl.txt,0.214762,2.150219,10.012103,4.707117,1.139309,5.304986,0,,,,,,,,,
rapl,npu,uint,bitonic,max,8,65536,bench/results/raw/energy/measurements/20260801_015012_npu_uint_bitonic_q16_k8_max_uniform_s16000156_rep1_rapl.txt,0.316336,2.384627,7.538263,4.707117,0.895595,2.831146,0,rapl:package+core,0.343975,0.315489,0.031451,0.027459,0.195931463233,0.186236274297,0.384928,0.032878
rapl,npu,uint,bitonic,max,8,65536,bench/results/raw/energy/measurements/20260801_015012_npu_uint_bitonic_q16_k8_max_uniform_s16000156_rep2_rapl.txt,0.179607,1.818677,10.125847,4.707117,0.973244,5.41873,0,,,,,,,,,
rapl,npu,uint,bitonic,max,8,65536,bench/results/raw/energy/measurements/20260801_015012_npu_uint_bitonic_q16_k8_max_uniform_s16000156_rep3_rapl.txt,0.187136,1.895852,10.130895,4.707117,1.014982,5.423778,0,,,,,,,,,
rapl,npu,uint,bitonic,max,131072,131072,bench/results/raw/energy/measurements/20260801_015012_npu_uint_bitonic_q17_k131072_max_uniform_s17131223_rep1_rapl.txt,0.569348,5.350889,9.398281,4.707117,2.670903,4.691164,0,rapl:package+core,3.383674,3.312343,0.367827,0.36199,1.65226927524,1.60841371717,3.476368,0.378923
rapl,npu,uint,bitonic,max,131072,131072,bench/results/raw/energy/measurements/20260801_015012_npu_uint_bitonic_q17_k131072_max_uniform_s17131223_rep2_rapl.txt,0.569692,5.256091,9.226195,4.707117,2.574483,4.519078,0,,,,,,,,,
rapl,npu,uint,bitonic,max,131072,131072,bench/results/raw/energy/measurements/20260801_015012_npu_uint_bitonic_q17_k131072_max_uniform_s17131223_rep3_rapl.txt,0.568086,5.287111,9.306886,4.707117,2.613064,4.599769,0,,,,,,,,,
rapl,npu,uint,bitonic,max,256,131072,bench/results/raw/energy/measurements/20260801_015012_npu_uint_bitonic_q17_k256_max_uniform_s17000407_rep1_rapl.txt,0.185981,1.894357,10.185754,4.707117,1.018923,5.478637,0,rapl:package+core,0.4033,0.342268,0.034935,0.030255,0.238856867605,0.199854175165,0.42991,0.037097
rapl,npu,uint,bitonic,max,256,131072,bench/results/raw/energy/measurements/20260801_015012_npu_uint_bitonic_q17_k256_max_uniform_s17000407_rep2_rapl.txt,0.183686,1.860438,10.128333,4.707117,0.995804,5.421216,0,,,,,,,,,
rapl,npu,uint,bitonic,max,256,131072,bench/results/raw/energy/measurements/20260801_015012_npu_uint_bitonic_q17_k256_max_uniform_s17000407_rep3_rapl.txt,0.184773,1.867625,10.107661,4.707117,0.997876,5.400544,0,,,,,,,,,
rapl,npu,uint,bitonic,max,4096,131072,bench/results/raw/energy/measurements/20260801_015012_npu_uint_bitonic_q17_k4096_max_uniform_s17004247_rep1_rapl.txt,0.2277,2.338166,10.268604,4.707117,1.266353,5.561487,0,rapl:package+core,0.709757,0.646633,0.066009,0.06135,0.399044913947,0.35785137205,0.721749,0.068225
rapl,npu,uint,bitonic,max,4096,131072,bench/results/raw/energy/measurements/20260801_015012_npu_uint_bitonic_q17_k4096_max_uniform_s17004247_rep2_rapl.txt,0.22467,2.229621,9.923985,4.707117,1.172073,5.216868,0,,,,,,,,,
rapl,npu,uint,bitonic,max,4096,131072,bench/results/raw/energy/measurements/20260801_015012_npu_uint_bitonic_q17_k4096_max_uniform_s17004247_rep3_rapl.txt,0.218138,2.182596,10.005586,4.707117,1.155796,5.298469,0,,,,,,,,,
rapl,npu,uint,bitonic,max,8,131072,bench/results/raw/energy/measurements/20260801_015012_npu_uint_bitonic_q17_k8_max_uniform_s17000159_rep1_rapl.txt,0.185023,1.885355,10.189864,4.707117,1.014432,5.482747,0,rapl:package+core,0.332091,0.275224,0.033919,0.029364,0.172430298477,0.137004216412,0.41311,0.036132
rapl,npu,uint,bitonic,max,8,131072,bench/results/raw/energy/measurements/20260801_015012_npu_uint_bitonic_q17_k8_max_uniform_s17000159_rep2_rapl.txt,0.187323,1.877207,10.021251,4.707117,0.995458,5.314134,0,,,,,,,,,
rapl,npu,uint,bitonic,max,8,131072,bench/results/raw/energy/measurements/20260801_015012_npu_uint_bitonic_q17_k8_max_uniform_s17000159_rep3_rapl.txt,0.183218,1.845776,10.07418,4.707117,0.983345,5.367063,0,,,,,,,,,
rapl,npu,uint,bitonic,max,131072,262144,bench/results/raw/energy/measurements/20260801_015012_npu_uint_bitonic_q18_k131072_max_uniform_s18131226_rep1_rapl.txt,0.854039,7.895512,9.244906,4.707117,3.87545,4.537789,0,rapl:package+core,5.700037,5.647839,0.631861,0.625138,2.72579334526,2.70524129285,5.743248,0.635135
rapl,npu,uint,bitonic,max,131072,262144,bench/results/raw/energy/measurements/20260801_015012_npu_uint_bitonic_q18_k131072_max_uniform_s18131226_rep2_rapl.txt,0.852343,8.577467,10.0634,4.707117,4.56539,5.356283,0,,,,,,,,,
rapl,npu,uint,bitonic,max,131072,262144,bench/results/raw/energy/measurements/20260801_015012_npu_uint_bitonic_q18_k131072_max_uniform_s18131226_rep3_rapl.txt,0.849966,7.76742,9.138504,4.707117,3.766529,4.431387,0,,,,,,,,,
rapl,npu,uint,bitonic,max,256,262144,bench/results/raw/energy/measurements/20260801_015012_npu_uint_bitonic_q18_k256_max_uniform_s18000410_rep1_rapl.txt,0.191054,2.153682,11.272643,4.707117,1.254369,6.565526,0,rapl:package+core,0.465613,0.439217,0.037719,0.033212,0.288065253877,0.282884230196,0.479025,0.040685
rapl,npu,uint,bitonic,max,256,262144,bench/results/raw/energy/measurements/20260801_015012_npu_uint_bitonic_q18_k256_max_uniform_s18000410_rep2_rapl.txt,0.196241,1.967641,10.026673,4.707117,1.043913,5.319556,0,,,,,,,,,
rapl,npu,uint,bitonic,max,256,262144,bench/results/raw/energy/measurements/20260801_015012_npu_uint_bitonic_q18_k256_max_uniform_s18000410_rep3_rapl.txt,0.19911,2.015307,10.121562,4.707117,1.078072,5.414445,0,,,,,,,,,
rapl,npu,uint,bitonic,max,4096,262144,bench/results/raw/energy/measurements/20260801_015012_npu_uint_bitonic_q18_k4096_max_uniform_s18004250_rep1_rapl.txt,0.230411,2.313585,10.041109,4.707117,1.229012,5.333992,0,rapl:package+core,0.89418,0.834706,0.075084,0.070129,0.540750827172,0.504600591907,0.938993,0.078189
rapl,npu,uint,bitonic,max,4096,262144,bench/results/raw/energy/measurements/20260801_015012_npu_uint_bitonic_q18_k4096_max_uniform_s18004250_rep2_rapl.txt,0.232004,2.294437,9.889627,4.707117,1.202365,5.18251,0,,,,,,,,,
rapl,npu,uint,bitonic,max,4096,262144,bench/results/raw/energy/measurements/20260801_015012_npu_uint_bitonic_q18_k4096_max_uniform_s18004250_rep3_rapl.txt,0.235851,2.380629,10.093792,4.707117,1.270452,5.386675,0,,,,,,,,,
rapl,npu,uint,bitonic,max,8,262144,bench/results/raw/energy/measurements/20260801_015012_npu_uint_bitonic_q18_k8_max_uniform_s18000162_rep1_rapl.txt,0.189266,1.931556,10.205486,4.707117,1.040657,5.498369,0,rapl:package+core,0.410563,0.366559,0.036713,0.031957,0.237750613579,0.216133662031,0.451317,0.03971
rapl,npu,uint,bitonic,max,8,262144,bench/results/raw/energy/measurements/20260801_015012_npu_uint_bitonic_q18_k8_max_uniform_s18000162_rep2_rapl.txt,0.192293,1.95342,10.158576,4.707117,1.048276,5.451459,0,,,,,,,,,
rapl,npu,uint,bitonic,max,8,262144,bench/results/raw/energy/measurements/20260801_015012_npu_uint_bitonic_q18_k8_max_uniform_s18000162_rep3_rapl.txt,0.186362,1.908532,10.241018,4.707117,1.031306,5.533901,0,,,,,,,,,
rapl,npu,uint,bitonic,max,131072,524288,bench/results/raw/energy/measurements/20260801_015012_npu_uint_bitonic_q19_k131072_max_uniform_s19131229_rep1_rapl.txt,1.157531,10.566028,9.128071,4.707117,5.117393,4.420954,0,rapl:package+core,8.326183,8.254837,0.908244,0.900164,4.05097222745,4.01765973281,8.374521,0.914544
rapl,npu,uint,bitonic,max,131072,524288,bench/results/raw/energy/measurements/20260801_015012_npu_uint_bitonic_q19_k131072_max_uniform_s19131229_rep2_rapl.txt,1.162006,10.623871,9.142696,4.707117,5.154171,4.435579,0,,,,,,,,,
rapl,npu,uint,bitonic,max,131072,524288,bench/results/raw/energy/measurements/20260801_015012_npu_uint_bitonic_q19_k131072_max_uniform_s19131229_rep3_rapl.txt,1.156232,10.428141,9.019076,4.707117,4.985623,4.311959,0,,,,,,,,,
rapl,npu,uint,bitonic,max,256,524288,bench/results/raw/energy/measurements/20260801_015012_npu_uint_bitonic_q19_k256_max_uniform_s19000413_rep1_rapl.txt,0.200118,2.064942,10.318619,4.707117,1.122963,5.611502,0,rapl:package+core,0.513904,0.455162,0.042503,0.037512,0.313837406149,0.278588627096,0.554536,0.047085
rapl,npu,uint,bitonic,max,256,524288,bench/results/raw/energy/measurements/20260801_015012_npu_uint_bitonic_q19_k256_max_uniform_s19000413_rep2_rapl.txt,0.203746,2.061188,10.116478,4.707117,1.102134,5.409361,0,,,,,,,,,
rapl,npu,uint,bitonic,max,256,524288,bench/results/raw/energy/measurements/20260801_015012_npu_uint_bitonic_q19_k256_max_uniform_s19000413_rep3_rapl.txt,0.199732,2.080825,10.418107,4.707117,1.140665,5.71099,0,,,,,,,,,
rapl,npu,uint,bitonic,max,4096,524288,bench/results/raw/energy/measurements/20260801_015012_npu_uint_bitonic_q19_k4096_max_uniform_s19004253_rep1_rapl.txt,0.251617,2.561116,10.17863,4.707117,1.376726,5.471513,0,rapl:package+core,0.884796,0.849366,0.08469,0.080117,0.48615026127,0.472245907311,0.952541,0.089431
rapl,npu,uint,bitonic,max,4096,524288,bench/results/raw/energy/measurements/20260801_015012_npu_uint_bitonic_q19_k4096_max_uniform_s19004253_rep2_rapl.txt,0.249688,2.541754,10.179705,4.707117,1.366442,5.472588,0,,,,,,,,,
rapl,npu,uint,bitonic,max,4096,524288,bench/results/raw/energy/measurements/20260801_015012_npu_uint_bitonic_q19_k4096_max_uniform_s19004253_rep3_rapl.txt,0.248445,2.536535,10.209662,4.707117,1.367077,5.502545,0,,,,,,,,,
rapl,npu,uint,bitonic,max,8,524288,bench/results/raw/energy/measurements/20260801_015012_npu_uint_bitonic_q19_k8_max_uniform_s19000165_rep1_rapl.txt,0.200501,2.079665,10.372319,4.707117,1.135881,5.665202,0,rapl:package+core,0.465508,0.395,0.040759,0.035807,0.273650618197,0.226452261581,0.52045,0.045399
rapl,npu,uint,bitonic,max,8,524288,bench/results/raw/energy/measurements/20260801_015012_npu_uint_bitonic_q19_k8_max_uniform_s19000165_rep2_rapl.txt,0.197348,2.041612,10.345244,4.707117,1.112672,5.638127,0,,,,,,,,,
rapl,npu,uint,bitonic,max,8,524288,bench/results/raw/energy/measurements/20260801_015012_npu_uint_bitonic_q19_k8_max_uniform_s19000165_rep3_rapl.txt,0.198723,2.045304,10.29222,4.707117,1.10989,5.585103,0,,,,,,,,,
rapl,npu,uint,bitonic,max,131072,1048576,bench/results/raw/energy/measurements/20260801_015012_npu_uint_bitonic_q20_k131072_max_uniform_s20131232_rep1_rapl.txt,1.488014,13.505344,9.076085,4.707117,6.501087,4.368968,0,rapl:package+core,10.957748,10.851094,1.195775,1.186562,5.32909516932,5.26580783825,11.091071,1.207278
rapl,npu,uint,bitonic,max,131072,1048576,bench/results/raw/energy/measurements/20260801_015012_npu_uint_bitonic_q20_k131072_max_uniform_s20131232_rep2_rapl.txt,1.478267,13.298598,8.99607,4.707117,6.34022,4.288953,0,,,,,,,,,
rapl,npu,uint,bitonic,max,131072,1048576,bench/results/raw/energy/measurements/20260801_015012_npu_uint_bitonic_q20_k131072_max_uniform_s20131232_rep3_rapl.txt,1.46693,13.235918,9.022867,4.707117,6.330905,4.31575,0,,,,,,,,,
rapl,npu,uint,bitonic,max,256,1048576,bench/results/raw/energy/measurements/20260801_015012_npu_uint_bitonic_q20_k256_max_uniform_s20000416_rep1_rapl.txt,0.222762,2.374511,10.659403,4.707117,1.325944,5.952286,0,rapl:package+core,0.276353,0.200902,0.052294,0.047479,0.030199023602,0,0.730019,0.060402
rapl,npu,uint,bitonic,max,256,1048576,bench/results/raw/energy/measurements/20260801_015012_npu_uint_bitonic_q20_k256_max_uniform_s20000416_rep2_rapl.txt,0.221778,2.376326,10.714902,4.707117,1.332393,6.007785,0,,,,,,,,,
rapl,npu,uint,bitonic,max,256,1048576,bench/results/raw/energy/measurements/20260801_015012_npu_uint_bitonic_q20_k256_max_uniform_s20000416_rep3_rapl.txt,0.218963,2.313388,10.565182,4.707117,1.282702,5.858065,0,,,,,,,,,
rapl,npu,uint,bitonic,max,4096,1048576,bench/results/raw/energy/measurements/20260801_015012_npu_uint_bitonic_q20_k4096_max_uniform_s20004256_rep1_rapl.txt,0.277228,2.869053,10.34906,4.707117,1.564107,5.641943,0,rapl:package+core,1.10001,1.057531,0.101929,0.096502,0.620218271307,0.603284795266,1.243314,0.110635
rapl,npu,uint,bitonic,max,4096,1048576,bench/results/raw/energy/measurements/20260801_015012_npu_uint_bitonic_q20_k4096_max_uniform_s20004256_rep2_rapl.txt,0.278512,2.888095,10.369733,4.707117,1.577106,5.662616,0,,,,,,,,,
rapl,npu,uint,bitonic,max,4096,1048576,bench/results/raw/energy/measurements/20260801_015012_npu_uint_bitonic_q20_k4096_max_uniform_s20004256_rep3_rapl.txt,0.276198,2.866979,10.380171,4.707117,1.566884,5.673054,0,,,,,,,,,
rapl,npu,uint,bitonic,max,8,1048576,bench/results/raw/energy/measurements/20260801_015012_npu_uint_bitonic_q20_k8_max_uniform_s20000168_rep1_rapl.txt,0.216799,2.266088,10.45246,4.707117,1.245587,5.745343,0,rapl:package+core,0.531726,0.471457,0.050193,0.045157,0.295461676419,0.258897717631,0.706324,0.05836
rapl,npu,uint,bitonic,max,8,1048576,bench/results/raw/energy/measurements/20260801_015012_npu_uint_bitonic_q20_k8_max_uniform_s20000168_rep2_rapl.txt,0.219267,2.28725,10.431363,4.707117,1.255136,5.724246,0,,,,,,,,,
rapl,npu,uint,bitonic,max,8,1048576,bench/results/raw/energy/measurements/20260801_015012_npu_uint_bitonic_q20_k8_max_uniform_s20000168_rep3_rapl.txt,0.21542,2.450313,11.374559,4.707117,1.436304,6.667442,0,,,,,,,,,
rapl,npu,uint,bitonic,max,131072,2097152,bench/results/raw/energy/measurements/20260801_015012_npu_uint_bitonic_q21_k131072_max_uniform_s21131235_rep1_rapl.txt,1.829322,16.943918,9.262405,4.707117,8.333087,4.555288,0,rapl:package+core,13.607375,13.524996,1.487043,1.478009,6.60768961497,6.56783470995,13.812197,1.509944
rapl,npu,uint,bitonic,max,131072,2097152,bench/results/raw/energy/measurements/20260801_015012_npu_uint_bitonic_q21_k131072_max_uniform_s21131235_rep2_rapl.txt,1.835636,16.977836,9.249019,4.707117,8.337281,4.541902,0,,,,,,,,,
rapl,npu,uint,bitonic,max,131072,2097152,bench/results/raw/energy/measurements/20260801_015012_npu_uint_bitonic_q21_k131072_max_uniform_s21131235_rep3_rapl.txt,1.81331,16.694403,9.206592,4.707117,8.158942,4.499475,0,,,,,,,,,
rapl,npu,uint,bitonic,max,256,2097152,bench/results/raw/energy/measurements/20260801_015012_npu_uint_bitonic_q21_k256_max_uniform_s21000419_rep1_rapl.txt,0.26816,3.046168,11.359502,4.707117,1.783906,6.652385,0,rapl:package+core,1.073706,0.994212,0.07645,0.070866,0.71384690535,0.660637446678,1.290949,0.095009
rapl,npu,uint,bitonic,max,256,2097152,bench/results/raw/energy/measurements/20260801_015012_npu_uint_bitonic_q21_k256_max_uniform_s21000419_rep2_rapl.txt,0.263238,3.019604,11.471016,4.707117,1.780513,6.763899,0,,,,,,,,,
rapl,npu,uint,bitonic,max,256,2097152,bench/results/raw/energy/measurements/20260801_015012_npu_uint_bitonic_q21_k256_max_uniform_s21000419_rep3_rapl.txt,0.265009,3.109473,11.733444,4.707117,1.862043,7.026327,0,,,,,,,,,
rapl,npu,uint,bitonic,max,4096,2097152,bench/results/raw/energy/measurements/20260801_015012_npu_uint_bitonic_q21_k4096_max_uniform_s21004259_rep1_rapl.txt,0.318143,3.551437,11.163016,4.707117,2.0539,6.455899,0,rapl:package+core,1.490725,1.425588,0.120118,0.114389,0.925315520194,0.887145593487,1.777924,0.140566
rapl,npu,uint,bitonic,max,4096,2097152,bench/results/raw/energy/measurements/20260801_015012_npu_uint_bitonic_q21_k4096_max_uniform_s21004259_rep2_rapl.txt,0.317532,3.565902,11.230045,4.707117,2.07124,6.522928,0,,,,,,,,,
rapl,npu,uint,bitonic,max,4096,2097152,bench/results/raw/energy/measurements/20260801_015012_npu_uint_bitonic_q21_k4096_max_uniform_s21004259_rep3_rapl.txt,0.316816,3.575926,11.28708,4.707117,2.084637,6.579963,0,,,,,,,,,
rapl,npu,uint,bitonic,max,8,2097152,bench/results/raw/energy/measurements/20260801_015012_npu_uint_bitonic_q21_k8_max_uniform_s21000171_rep1_rapl.txt,0.264924,2.993055,11.297806,4.707117,1.746029,6.590689,0,rapl:package+core,1.065023,1.000696,0.077038,0.071386,0.702396120554,0.664673745838,1.334556,0.09687
rapl,npu,uint,bitonic,max,8,2097152,bench/results/raw/energy/measurements/20260801_015012_npu_uint_bitonic_q21_k8_max_uniform_s21000171_rep2_rapl.txt,0.275053,3.201312,11.6389,4.707117,1.906606,6.931783,0,,,,,,,,,
rapl,npu,uint,bitonic,max,8,2097152,bench/results/raw/energy/measurements/20260801_015012_npu_uint_bitonic_q21_k8_max_uniform_s21000171_rep3_rapl.txt,0.27188,3.060389,11.25638,4.707117,1.780616,6.549263,0,,,,,,,,,
rapl,npu,uint,bitonic,max,131072,4194304,bench/results/raw/energy/measurements/20260801_015012_npu_uint_bitonic_q22_k131072_max_uniform_s22131238_rep1_rapl.txt,2.284742,21.640345,9.471681,4.707117,10.885799,4.764564,0,rapl:package+core,17.616045,17.56571,1.862379,1.852886,8.84960914866,8.84395881034,18.040373,1.909476
rapl,npu,uint,bitonic,max,131072,4194304,bench/results/raw/energy/measurements/20260801_015012_npu_uint_bitonic_q22_k131072_max_uniform_s22131238_rep2_rapl.txt,2.266277,21.599148,9.530673,4.707117,10.931516,4.823556,0,,,,,,,,,
rapl,npu,uint,bitonic,max,131072,4194304,bench/results/raw/energy/measurements/20260801_015012_npu_uint_bitonic_q22_k131072_max_uniform_s22131238_rep3_rapl.txt,2.282532,21.460484,9.402053,4.707117,10.71634,4.694936,0,,,,,,,,,
rapl,npu,uint,bitonic,max,256,4194304,bench/results/raw/energy/measurements/20260801_015012_npu_uint_bitonic_q22_k256_max_uniform_s22000422_rep1_rapl.txt,0.384032,4.681154,12.189504,4.707117,2.873473,7.482387,0,rapl:package+core,1.822461,1.731858,0.135682,0.129362,1.18378995121,1.12293593065,2.513573,0.177596
rapl,npu,uint,bitonic,max,256,4194304,bench/results/raw/energy/measurements/20260801_015012_npu_uint_bitonic_q22_k256_max_uniform_s22000422_rep2_rapl.txt,0.383388,4.625097,12.063741,4.707117,2.820444,7.356624,0,,,,,,,,,
rapl,npu,uint,bitonic,max,256,4194304,bench/results/raw/energy/measurements/20260801_015012_npu_uint_bitonic_q22_k256_max_uniform_s22000422_rep3_rapl.txt,0.384259,4.743529,12.34463,4.707117,2.934779,7.637513,0,,,,,,,,,
rapl,npu,uint,bitonic,max,4096,4194304,bench/results/raw/energy/measurements/20260801_015012_npu_uint_bitonic_q22_k4096_max_uniform_s22004262_rep1_rapl.txt,0.435777,5.163917,11.849896,4.707117,3.112662,7.142779,0,rapl:package+core,2.683643,2.583323,0.187536,0.181028,1.80088910629,1.73120302372,3.319118,0.231769
rapl,npu,uint,bitonic,max,4096,4194304,bench/results/raw/energy/measurements/20260801_015012_npu_uint_bitonic_q22_k4096_max_uniform_s22004262_rep2_rapl.txt,0.433982,5.122324,11.803076,4.707117,3.079519,7.095959,0,,,,,,,,,
rapl,npu,uint,bitonic,max,4096,4194304,bench/results/raw/energy/measurements/20260801_015012_npu_uint_bitonic_q22_k4096_max_uniform_s22004262_rep3_rapl.txt,0.435554,5.220753,11.986478,4.707117,3.170551,7.279361,0,,,,,,,,,
rapl,npu,uint,bitonic,max,8,4194304,bench/results/raw/energy/measurements/20260801_015012_npu_uint_bitonic_q22_k8_max_uniform_s22000174_rep1_rapl.txt,0.379053,4.552316,12.00972,4.707117,2.768071,7.302603,0,rapl:package+core,2.19674,2.061645,0.139184,0.132142,1.54158462747,1.43963714539,2.996473,0.186288
rapl,npu,uint,bitonic,max,8,4194304,bench/results/raw/energy/measurements/20260801_015012_npu_uint_bitonic_q22_k8_max_uniform_s22000174_rep2_rapl.txt,0.398198,5.479835,13.761579,4.707117,3.60547,9.054462,0,,,,,,,,,
rapl,npu,uint,bitonic,max,8,4194304,bench/results/raw/energy/measurements/20260801_015012_npu_uint_bitonic_q22_k8_max_uniform_s22000174_rep3_rapl.txt,0.374414,4.551782,12.157068,4.707117,2.789369,7.449951,0,,,,,,,,,
rapl,npu,uint,bitonic,max,131072,8388608,bench/results/raw/energy/measurements/20260801_015012_npu_uint_bitonic_q23_k131072_max_uniform_s23131241_rep1_rapl.txt,2.956486,29.228438,9.88621,4.707117,15.311915,5.179093,0,rapl:package+core,22.792786,22.657859,2.309851,2.301414,11.9200470904,11.8248340366,24.575389,2.488955
rapl,npu,uint,bitonic,max,131072,8388608,bench/results/raw/energy/measurements/20260801_015012_npu_uint_bitonic_q23_k131072_max_uniform_s23131241_rep2_rapl.txt,2.939314,29.029291,9.876213,4.707117,15.193596,5.169096,0,,,,,,,,,
rapl,npu,uint,bitonic,max,131072,8388608,bench/results/raw/energy/measurements/20260801_015012_npu_uint_bitonic_q23_k131072_max_uniform_s23131241_rep3_rapl.txt,2.930947,29.054085,9.912867,4.707117,15.257775,5.20575,0,,,,,,,,,
rapl,npu,uint,bitonic,max,256,8388608,bench/results/raw/energy/measurements/20260801_015012_npu_uint_bitonic_q23_k256_max_uniform_s23000425_rep1_rapl.txt,0.669439,8.717063,13.021453,4.707117,5.565937,8.314336,0,rapl:package+core,3.503974,3.410808,0.246981,0.2393,2.34140553622,2.2843949019,5.632689,0.393082
rapl,npu,uint,bitonic,max,256,8388608,bench/results/raw/energy/measurements/20260801_015012_npu_uint_bitonic_q23_k256_max_uniform_s23000425_rep2_rapl.txt,0.681157,8.68992,12.757594,4.707117,5.483636,8.050477,0,,,,,,,,,
rapl,npu,uint,bitonic,max,256,8388608,bench/results/raw/energy/measurements/20260801_015012_npu_uint_bitonic_q23_k256_max_uniform_s23000425_rep3_rapl.txt,0.648118,8.45101,13.039302,4.707117,5.400242,8.332185,0,,,,,,,,,
rapl,npu,uint,bitonic,max,4096,8388608,bench/results/raw/energy/measurements/20260801_015012_npu_uint_bitonic_q23_k4096_max_uniform_s23004265_rep1_rapl.txt,0.732036,9.265573,12.65727,4.707117,5.819796,7.950153,0,rapl:package+core,4.196618,4.127239,0.308025,0.300281,2.74670828608,2.71378120012,6.272915,0.455166
rapl,npu,uint,bitonic,max,4096,8388608,bench/results/raw/energy/measurements/20260801_015012_npu_uint_bitonic_q23_k4096_max_uniform_s23004265_rep2_rapl.txt,0.723642,9.372761,12.952214,4.707117,5.966495,8.245097,0,,,,,,,,,
rapl,npu,uint,bitonic,max,4096,8388608,bench/results/raw/energy/measurements/20260801_015012_npu_uint_bitonic_q23_k4096_max_uniform_s23004265_rep3_rapl.txt,0.742353,9.293068,12.518396,4.707117,5.798726,7.811279,0,,,,,,,,,
rapl,npu,uint,bitonic,max,8,8388608,bench/results/raw/energy/measurements/20260801_015012_npu_uint_bitonic_q23_k8_max_uniform_s23000177_rep1_rapl.txt,0.678492,8.533998,12.577889,4.707117,5.340256,7.870772,0,rapl:package+core,3.561567,3.406818,0.245882,0.238116,2.40417165781,2.28597812843,5.993663,0.42549
rapl,npu,uint,bitonic,max,8,8388608,bench/results/raw/energy/measurements/20260801_015012_npu_uint_bitonic_q23_k8_max_uniform_s23000177_rep2_rapl.txt,0.67004,8.613614,12.855379,4.707117,5.459659,8.148262,0,,,,,,,,,
rapl,npu,uint,bitonic,max,8,8388608,bench/results/raw/energy/measurements/20260801_015012_npu_uint_bitonic_q23_k8_max_uniform_s23000177_rep3_rapl.txt,0.634789,8.37678,13.19616,4.707117,5.388753,8.489043,0,,,,,,,,,
rapl,npu,uint,bitonic,max,131072,16777216,bench/results/raw/energy/measurements/20260801_015012_npu_uint_bitonic_q24_k131072_max_uniform_s24131244_rep1_rapl.txt,3.797951,39.625255,10.433324,4.707117,21.747855,5.726207,0,rapl:package+core,30.956636,30.834741,2.902979,2.895227,17.2919741985,17.2065687694,34.507112,3.214721
rapl,npu,uint,bitonic,max,131072,16777216,bench/results/raw/energy/measurements/20260801_015012_npu_uint_bitonic_q24_k131072_max_uniform_s24131244_rep2_rapl.txt,3.809,39.722189,10.428507,4.707117,21.792778,5.72139,0,,,,,,,,,
rapl,npu,uint,bitonic,max,131072,16777216,bench/results/raw/energy/measurements/20260801_015012_npu_uint_bitonic_q24_k131072_max_uniform_s24131244_rep3_rapl.txt,3.804964,39.84349,10.47145,4.707117,21.93308,5.764333,0,,,,,,,,,
rapl,npu,uint,bitonic,max,256,16777216,bench/results/raw/energy/measurements/20260801_015012_npu_uint_bitonic_q24_k256_max_uniform_s24000428_rep1_rapl.txt,1.106198,15.013902,13.572523,4.707117,9.806897,8.865406,0,rapl:package+core,7.268665,7.121548,0.466459,0.458514,5.0729879113,4.96326895586,11.385229,0.779835
rapl,npu,uint,bitonic,max,256,16777216,bench/results/raw/energy/measurements/20260801_015012_npu_uint_bitonic_q24_k256_max_uniform_s24000428_rep2_rapl.txt,1.137551,15.833089,13.918577,4.707117,10.478504,9.21146,0,,,,,,,,,
rapl,npu,uint,bitonic,max,256,16777216,bench/results/raw/energy/measurements/20260801_015012_npu_uint_bitonic_q24_k256_max_uniform_s24000428_rep3_rapl.txt,1.125385,15.374083,13.661182,4.707117,10.076766,8.954065,0,,,,,,,,,
rapl,npu,uint,bitonic,max,4096,16777216,bench/results/raw/energy/measurements/20260801_015012_npu_uint_bitonic_q24_k4096_max_uniform_s24004268_rep1_rapl.txt,1.194522,16.608241,13.903672,4.707117,10.985487,9.196555,0,rapl:package+core,7.862111,7.68858,0.52461,0.516876,5.39271035063,5.25558419351,12.007192,0.826808
rapl,npu,uint,bitonic,max,4096,16777216,bench/results/raw/energy/measurements/20260801_015012_npu_uint_bitonic_q24_k4096_max_uniform_s24004268_rep2_rapl.txt,1.207964,15.743876,13.033399,4.707117,10.057848,8.326282,0,,,,,,,,,
rapl,npu,uint,bitonic,max,4096,16777216,bench/results/raw/energy/measurements/20260801_015012_npu_uint_bitonic_q24_k4096_max_uniform_s24004268_rep3_rapl.txt,1.190775,16.081413,13.505001,4.707117,10.476297,8.797884,0,,,,,,,,,
rapl,npu,uint,bitonic,max,8,16777216,bench/results/raw/energy/measurements/20260801_015012_npu_uint_bitonic_q24_k8_max_uniform_s24000180_rep1_rapl.txt,1.091815,14.852427,13.603434,4.707117,9.713128,8.896317,0,rapl:package+core,7.106214,6.979387,0.46155,0.453835,4.93364414865,4.84313255631,11.454227,0.777689
rapl,npu,uint,bitonic,max,8,16777216,bench/results/raw/energy/measurements/20260801_015012_npu_uint_bitonic_q24_k8_max_uniform_s24000180_rep2_rapl.txt,1.122215,15.249806,13.589023,4.707117,9.967409,8.881906,0,,,,,,,,,
rapl,npu,uint,bitonic,max,8,16777216,bench/results/raw/energy/measurements/20260801_015012_npu_uint_bitonic_q24_k8_max_uniform_s24000180_rep3_rapl.txt,1.109162,15.133403,13.644002,4.707117,9.91245,8.936885,0,,,,,,,,,
rapl,npu,uint,gt,max,256,65536,bench/results/raw/energy/measurements/20260801_015012_npu_uint_gt_q16_k256_max_uniform_s16000404_rep1_rapl.txt,0.074821,0.778356,10.402975,4.707117,0.426167,5.695858,0,rapl:package+core,0.047926,0.047926,0.00335,0.00335,0.03215715805,0.03215715805,0.047926,0.004972
rapl,npu,uint,gt,max,256,65536,bench/results/raw/energy/measurements/20260801_015012_npu_uint_gt_q16_k256_max_uniform_s16000404_rep2_rapl.txt,0.078721,0.809483,10.282992,4.707117,0.438936,5.575875,0,,,,,,,,,
rapl,npu,uint,gt,max,256,65536,bench/results/raw/energy/measurements/20260801_015012_npu_uint_gt_q16_k256_max_uniform_s16000404_rep3_rapl.txt,0.075039,0.784155,10.450012,4.707117,0.430939,5.742895,0,,,,,,,,,
rapl,npu,uint,gt,max,4096,65536,bench/results/raw/energy/measurements/20260801_015012_npu_uint_gt_q16_k4096_max_uniform_s16004244_rep1_rapl.txt,0.100952,1.01571,10.061301,4.707117,0.540516,5.354184,0,rapl:package+core,0.234744,0.234744,0.025924,0.025924,0.112716698892,0.112716698892,0.268694,0.027528
rapl,npu,uint,gt,max,4096,65536,bench/results/raw/energy/measurements/20260801_015012_npu_uint_gt_q16_k4096_max_uniform_s16004244_rep2_rapl.txt,0.098365,0.989604,10.060571,4.707117,0.52659,5.353454,0,,,,,,,,,
rapl,npu,uint,gt,max,4096,65536,bench/results/raw/energy/measurements/20260801_015012_npu_uint_gt_q16_k4096_max_uniform_s16004244_rep3_rapl.txt,0.098102,1.025414,10.452545,4.707117,0.563637,5.745428,0,,,,,,,,,
rapl,npu,uint,gt,max,8,65536,bench/results/raw/energy/measurements/20260801_015012_npu_uint_gt_q16_k8_max_uniform_s16000156_rep1_rapl.txt,0.074281,0.783651,10.549889,4.707117,0.434004,5.842772,0,rapl:package+core,0.017761,0.017761,0.002168,0.002168,0.007555970344,0.007555970344,0.042586,0.003776
rapl,npu,uint,gt,max,8,65536,bench/results/raw/energy/measurements/20260801_015012_npu_uint_gt_q16_k8_max_uniform_s16000156_rep2_rapl.txt,0.076442,0.810474,10.602436,4.707117,0.450651,5.895319,0,,,,,,,,,
rapl,npu,uint,gt,max,8,65536,bench/results/raw/energy/measurements/20260801_015012_npu_uint_gt_q16_k8_max_uniform_s16000156_rep3_rapl.txt,0.077779,0.802647,10.319641,4.707117,0.436534,5.612524,0,,,,,,,,,
rapl,npu,uint,gt,max,131072,131072,bench/results/raw/energy/measurements/20260801_015012_npu_uint_gt_q17_k131072_max_uniform_s17131223_rep1_rapl.txt,0.420161,3.70565,8.819595,4.707117,1.727903,4.112478,0,rapl:package+core,2.651719,2.651719,0.315062,0.315062,1.16868530375,1.16868530375,2.701597,0.318034
rapl,npu,uint,gt,max,131072,131072,bench/results/raw/energy/measurements/20260801_015012_npu_uint_gt_q17_k131072_max_uniform_s17131223_rep2_rapl.txt,0.420607,3.732824,8.874853,4.707117,1.752978,4.167736,0,,,,,,,,,
rapl,npu,uint,gt,max,131072,131072,bench/results/raw/energy/measurements/20260801_015012_npu_uint_gt_q17_k131072_max_uniform_s17131223_rep3_rapl.txt,0.420541,3.899792,9.273268,4.707117,1.920255,4.566151,0,,,,,,,,,
rapl,npu,uint,gt,max,256,131072,bench/results/raw/energy/measurements/20260801_015012_npu_uint_gt_q17_k256_max_uniform_s17000407_rep1_rapl.txt,0.078476,0.81876,10.43326,4.707117,0.449365,5.726143,0,rapl:package+core,0.060467,0.060467,0.004587,0.004587,0.038875454321,0.038875454321,0.07246,0.006772
rapl,npu,uint,gt,max,256,131072,bench/results/raw/energy/measurements/20260801_015012_npu_uint_gt_q17_k256_max_uniform_s17000407_rep2_rapl.txt,0.077811,0.829791,10.664186,4.707117,0.463526,5.957069,0,,,,,,,,,
rapl,npu,uint,gt,max,256,131072,bench/results/raw/energy/measurements/20260801_015012_npu_uint_gt_q17_k256_max_uniform_s17000407_rep3_rapl.txt,0.076845,0.802601,10.444391,4.707117,0.440882,5.737274,0,,,,,,,,,
rapl,npu,uint,gt,max,4096,131072,bench/results/raw/energy/measurements/20260801_015012_npu_uint_gt_q17_k4096_max_uniform_s17004247_rep1_rapl.txt,0.107891,1.108295,10.272396,4.707117,0.600441,5.565279,0,rapl:package+core,0.305938,0.305938,0.03235,0.03235,0.15366276505,0.15366276505,0.316314,0.034457
rapl,npu,uint,gt,max,4096,131072,bench/results/raw/energy/measurements/20260801_015012_npu_uint_gt_q17_k4096_max_uniform_s17004247_rep2_rapl.txt,0.111023,1.130923,10.186368,4.707117,0.608324,5.479251,0,,,,,,,,,
rapl,npu,uint,gt,max,4096,131072,bench/results/raw/energy/measurements/20260801_015012_npu_uint_gt_q17_k4096_max_uniform_s17004247_rep3_rapl.txt,0.10623,1.054786,9.929287,4.707117,0.55475,5.22217,0,,,,,,,,,
rapl,npu,uint,gt,max,8,131072,bench/results/raw/energy/measurements/20260801_015012_npu_uint_gt_q17_k8_max_uniform_s17000159_rep1_rapl.txt,0.076066,0.799733,10.51367,4.707117,0.441681,5.806553,0,rapl:package+core,0.046827,0.046827,0.003191,0.003191,0.031806589653,0.031806589653,0.046827,0.005369
rapl,npu,uint,gt,max,8,131072,bench/results/raw/energy/measurements/20260801_015012_npu_uint_gt_q17_k8_max_uniform_s17000159_rep2_rapl.txt,0.075729,0.794652,10.493346,4.707117,0.438186,5.786229,0,,,,,,,,,
rapl,npu,uint,gt,max,8,131072,bench/results/raw/energy/measurements/20260801_015012_npu_uint_gt_q17_k8_max_uniform_s17000159_rep3_rapl.txt,0.075285,0.806477,10.71236,4.707117,0.452103,6.005243,0,,,,,,,,,
rapl,npu,uint,gt,max,131072,262144,bench/results/raw/energy/measurements/20260801_015012_npu_uint_gt_q18_k131072_max_uniform_s18131226_rep1_rapl.txt,0.67332,5.886445,8.742417,4.707117,2.717049,4.0353,0,rapl:package+core,4.99106,4.99106,0.547598,0.547598,2.41345214503,2.41345214503,5.020981,0.551794
rapl,npu,uint,gt,max,131072,262144,bench/results/raw/energy/measurements/20260801_015012_npu_uint_gt_q18_k131072_max_uniform_s18131226_rep2_rapl.txt,0.675272,5.933485,8.786808,4.707117,2.754901,4.079691,0,,,,,,,,,
rapl,npu,uint,gt,max,131072,262144,bench/results/raw/energy/measurements/20260801_015012_npu_uint_gt_q18_k131072_max_uniform_s18131226_rep3_rapl.txt,0.674956,5.745385,8.512241,4.707117,2.56829,3.805124,0,,,,,,,,,
rapl,npu,uint,gt,max,256,262144,bench/results/raw/energy/measurements/20260801_015012_npu_uint_gt_q18_k256_max_uniform_s18000410_rep1_rapl.txt,0.082221,0.860353,10.463935,4.707117,0.47333,5.756818,0,rapl:package+core,0.058331,0.058331,0.006849,0.006849,0.026091955667,0.026091955667,0.094371,0.009814
rapl,npu,uint,gt,max,256,262144,bench/results/raw/energy/measurements/20260801_015012_npu_uint_gt_q18_k256_max_uniform_s18000410_rep2_rapl.txt,0.082336,0.860689,10.45332,4.707117,0.473122,5.746203,0,,,,,,,,,
rapl,npu,uint,gt,max,256,262144,bench/results/raw/energy/measurements/20260801_015012_npu_uint_gt_q18_k256_max_uniform_s18000410_rep3_rapl.txt,0.083218,0.872651,10.486373,4.707117,0.480936,5.779256,0,,,,,,,,,
rapl,npu,uint,gt,max,4096,262144,bench/results/raw/energy/measurements/20260801_015012_npu_uint_gt_q18_k4096_max_uniform_s18004250_rep1_rapl.txt,0.121101,1.220442,10.077874,4.707117,0.650405,5.370757,0,rapl:package+core,0.386684,0.386684,0.040523,0.040523,0.195937497809,0.195937497809,0.3995,0.043603
rapl,npu,uint,gt,max,4096,262144,bench/results/raw/energy/measurements/20260801_015012_npu_uint_gt_q18_k4096_max_uniform_s18004250_rep2_rapl.txt,0.119799,1.224195,10.21875,4.707117,0.660288,5.511633,0,,,,,,,,,
rapl,npu,uint,gt,max,4096,262144,bench/results/raw/energy/measurements/20260801_015012_npu_uint_gt_q18_k4096_max_uniform_s18004250_rep3_rapl.txt,0.118747,1.196639,10.077255,4.707117,0.637685,5.370138,0,,,,,,,,,
rapl,npu,uint,gt,max,8,262144,bench/results/raw/energy/measurements/20260801_015012_npu_uint_gt_q18_k8_max_uniform_s18000162_rep1_rapl.txt,0.082422,0.867295,10.522613,4.707117,0.479325,5.815496,0,rapl:package+core,0.045484,0.045484,0.005365,0.005365,0.020230317295,0.020230317295,0.080318,0.008304
rapl,npu,uint,gt,max,8,262144,bench/results/raw/energy/measurements/20260801_015012_npu_uint_gt_q18_k8_max_uniform_s18000162_rep2_rapl.txt,0.080813,0.846758,10.478032,4.707117,0.466363,5.770915,0,,,,,,,,,
rapl,npu,uint,gt,max,8,262144,bench/results/raw/energy/measurements/20260801_015012_npu_uint_gt_q18_k8_max_uniform_s18000162_rep3_rapl.txt,0.084051,0.84096,10.005395,4.707117,0.445324,5.298278,0,,,,,,,,,
rapl,npu,uint,gt,max,131072,524288,bench/results/raw/energy/measurements/20260801_015012_npu_uint_gt_q19_k131072_max_uniform_s19131229_rep1_rapl.txt,0.999346,7.534446,7.539375,4.707117,2.830406,2.832258,0,rapl:package+core,7.063492,7.063492,0.825835,0.825835,3.17619003231,3.17619003231,7.102782,0.832252
rapl,npu,uint,gt,max,131072,524288,bench/results/raw/energy/measurements/20260801_015012_npu_uint_gt_q19_k131072_max_uniform_s19131229_rep2_rapl.txt,0.995995,7.481623,7.511707,4.707117,2.793358,2.80459,0,,,,,,,,,
rapl,npu,uint,gt,max,131072,524288,bench/results/raw/energy/measurements/20260801_015012_npu_uint_gt_q19_k131072_max_uniform_s19131229_rep3_rapl.txt,0.995871,7.372009,7.402576,4.707117,2.684328,2.695459,0,,,,,,,,,
rapl,npu,uint,gt,max,256,524288,bench/results/raw/energy/measurements/20260801_015012_npu_uint_gt_q19_k256_max_uniform_s19000413_rep1_rapl.txt,0.094424,0.858415,9.091113,4.707117,0.413952,4.383996,0,rapl:package+core,0.111902,0.111902,0.010652,0.010652,0.061761789716,0.061761789716,0.158226,0.015189
rapl,npu,uint,gt,max,256,524288,bench/results/raw/energy/measurements/20260801_015012_npu_uint_gt_q19_k256_max_uniform_s19000413_rep2_rapl.txt,0.092575,0.980357,10.589832,4.707117,0.544594,5.882715,0,,,,,,,,,
rapl,npu,uint,gt,max,256,524288,bench/results/raw/energy/measurements/20260801_015012_npu_uint_gt_q19_k256_max_uniform_s19000413_rep3_rapl.txt,0.091865,0.841143,9.156265,4.707117,0.408722,4.449148,0,,,,,,,,,
rapl,npu,uint,gt,max,4096,524288,bench/results/raw/energy/measurements/20260801_015012_npu_uint_gt_q19_k4096_max_uniform_s19004253_rep1_rapl.txt,0.133626,1.139956,8.530946,4.707117,0.510963,3.823829,0,rapl:package+core,0.448021,0.448021,0.049027,0.049027,0.217245174841,0.217245174841,0.503834,0.053502
rapl,npu,uint,gt,max,4096,524288,bench/results/raw/energy/measurements/20260801_015012_npu_uint_gt_q19_k4096_max_uniform_s19004253_rep2_rapl.txt,0.134307,1.171616,8.723439,4.707117,0.539419,4.016322,0,,,,,,,,,
rapl,npu,uint,gt,max,4096,524288,bench/results/raw/energy/measurements/20260801_015012_npu_uint_gt_q19_k4096_max_uniform_s19004253_rep3_rapl.txt,0.137714,1.16948,8.492069,4.707117,0.521242,3.784952,0,,,,,,,,,
rapl,npu,uint,gt,max,8,524288,bench/results/raw/energy/measurements/20260801_015012_npu_uint_gt_q19_k8_max_uniform_s19000165_rep1_rapl.txt,0.089535,0.802326,8.961056,4.707117,0.380875,4.253939,0,rapl:package+core,0.079326,0.079326,0.00871,0.00871,0.03832701093,0.03832701093,0.13665,0.012654
rapl,npu,uint,gt,max,8,524288,bench/results/raw/energy/measurements/20260801_015012_npu_uint_gt_q19_k8_max_uniform_s19000165_rep2_rapl.txt,0.094648,0.81583,8.619633,4.707117,0.370311,3.912516,0,,,,,,,,,
rapl,npu,uint,gt,max,8,524288,bench/results/raw/energy/measurements/20260801_015012_npu_uint_gt_q19_k8_max_uniform_s19000165_rep3_rapl.txt,0.088823,0.805317,9.066504,4.707117,0.387215,4.359387,0,,,,,,,,,
rapl,npu,uint,gt,max,131072,1048576,bench/results/raw/energy/measurements/20260801_015012_npu_uint_gt_q20_k131072_max_uniform_s20131232_rep1_rapl.txt,1.319404,9.989824,7.571469,4.707117,3.779237,2.864352,0,rapl:package+core,8.291716,8.291716,1.114407,1.114407,3.04607186538,3.04607186538,8.402794,1.126441
rapl,npu,uint,gt,max,131072,1048576,bench/results/raw/energy/measurements/20260801_015012_npu_uint_gt_q20_k131072_max_uniform_s20131232_rep2_rapl.txt,1.31089,9.906989,7.557451,4.707117,3.736475,2.850334,0,,,,,,,,,
rapl,npu,uint,gt,max,131072,1048576,bench/results/raw/energy/measurements/20260801_015012_npu_uint_gt_q20_k131072_max_uniform_s20131232_rep3_rapl.txt,1.317928,10.725001,8.137774,4.707117,4.521359,3.430657,0,,,,,,,,,
rapl,npu,uint,gt,max,256,1048576,bench/results/raw/energy/measurements/20260801_015012_npu_uint_gt_q20_k256_max_uniform_s20000416_rep1_rapl.txt,0.104269,0.966884,9.273017,4.707117,0.47608,4.5659,0,rapl:package+core,0.192221,0.192221,0.019961,0.019961,0.098262237563,0.098262237563,0.247149,0.027233
rapl,npu,uint,gt,max,256,1048576,bench/results/raw/energy/measurements/20260801_015012_npu_uint_gt_q20_k256_max_uniform_s20000416_rep2_rapl.txt,0.108086,0.972835,9.000595,4.707117,0.464063,4.293478,0,,,,,,,,,
rapl,npu,uint,gt,max,256,1048576,bench/results/raw/energy/measurements/20260801_015012_npu_uint_gt_q20_k256_max_uniform_s20000416_rep3_rapl.txt,0.107247,0.956997,8.923289,4.707117,0.452172,4.216172,0,,,,,,,,,
rapl,npu,uint,gt,max,4096,1048576,bench/results/raw/energy/measurements/20260801_015012_npu_uint_gt_q20_k4096_max_uniform_s20004256_rep1_rapl.txt,0.154914,1.347495,8.698348,4.707117,0.618297,3.991231,0,rapl:package+core,0.567477,0.567477,0.063742,0.063742,0.267435948186,0.267435948186,0.618605,0.07226
rapl,npu,uint,gt,max,4096,1048576,bench/results/raw/energy/measurements/20260801_015012_npu_uint_gt_q20_k4096_max_uniform_s20004256_rep2_rapl.txt,0.15507,1.345374,8.67591,4.707117,0.615441,3.968793,0,,,,,,,,,
rapl,npu,uint,gt,max,4096,1048576,bench/results/raw/energy/measurements/20260801_015012_npu_uint_gt_q20_k4096_max_uniform_s20004256_rep3_rapl.txt,0.159018,1.383901,8.702806,4.707117,0.635386,3.995689,0,,,,,,,,,
rapl,npu,uint,gt,max,8,1048576,bench/results/raw/energy/measurements/20260801_015012_npu_uint_gt_q20_k8_max_uniform_s20000168_rep1_rapl.txt,0.104394,0.951916,9.118476,4.707117,0.46052,4.411359,0,rapl:package+core,0.137046,0.137046,0.015803,0.015803,0.062659430049,0.062659430049,0.218937,0.023109
rapl,npu,uint,gt,max,8,1048576,bench/results/raw/energy/measurements/20260801_015012_npu_uint_gt_q20_k8_max_uniform_s20000168_rep2_rapl.txt,0.104211,0.928892,8.913562,4.707117,0.438358,4.206445,0,,,,,,,,,
rapl,npu,uint,gt,max,8,1048576,bench/results/raw/energy/measurements/20260801_015012_npu_uint_gt_q20_k8_max_uniform_s20000168_rep3_rapl.txt,0.103273,0.935819,9.06159,4.707117,0.4497,4.354473,0,,,,,,,,,
rapl,npu,uint,gt,max,131072,2097152,bench/results/raw/energy/measurements/20260801_015012_npu_uint_gt_q21_k131072_max_uniform_s21131235_rep1_rapl.txt,1.640305,12.566,7.66077,4.707117,4.844892,2.953653,0,rapl:package+core,10.695324,10.695324,1.400551,1.400551,4.10276657853,4.10276657853,10.881227,1.424484
rapl,npu,uint,gt,max,131072,2097152,bench/results/raw/energy/measurements/20260801_015012_npu_uint_gt_q21_k131072_max_uniform_s21131235_rep2_rapl.txt,1.674993,12.704878,7.585035,4.707117,4.820492,2.877918,0,,,,,,,,,
rapl,npu,uint,gt,max,131072,2097152,bench/results/raw/energy/measurements/20260801_015012_npu_uint_gt_q21_k131072_max_uniform_s21131235_rep3_rapl.txt,1.623605,12.307698,7.580473,4.707117,4.665197,2.873356,0,,,,,,,,,
rapl,npu,uint,gt,max,256,2097152,bench/results/raw/energy/measurements/20260801_015012_npu_uint_gt_q21_k256_max_uniform_s21000419_rep1_rapl.txt,0.143299,1.349021,9.414023,4.707117,0.674495,4.706906,0,rapl:package+core,0.380399,0.380399,0.034753,0.034753,0.216812562899,0.216812562899,0.49912,0.051927
rapl,npu,uint,gt,max,256,2097152,bench/results/raw/energy/measurements/20260801_015012_npu_uint_gt_q21_k256_max_uniform_s21000419_rep2_rapl.txt,0.140145,1.286525,9.179937,4.707117,0.626845,4.47282,0,,,,,,,,,
rapl,npu,uint,gt,max,256,2097152,bench/results/raw/energy/measurements/20260801_015012_npu_uint_gt_q21_k256_max_uniform_s21000419_rep3_rapl.txt,0.142276,1.303109,9.159003,4.707117,0.633398,4.451886,0,,,,,,,,,
rapl,npu,uint,gt,max,4096,2097152,bench/results/raw/energy/measurements/20260801_015012_npu_uint_gt_q21_k4096_max_uniform_s21004259_rep1_rapl.txt,0.201719,1.968785,9.760035,4.707117,1.01927,5.052918,0,rapl:package+core,0.724355,0.724355,0.083273,0.083273,0.332379246059,0.332379246059,0.904097,0.101157
rapl,npu,uint,gt,max,4096,2097152,bench/results/raw/energy/measurements/20260801_015012_npu_uint_gt_q21_k4096_max_uniform_s21004259_rep2_rapl.txt,0.197579,1.77655,8.991597,4.707117,0.846523,4.28448,0,,,,,,,,,
rapl,npu,uint,gt,max,4096,2097152,bench/results/raw/energy/measurements/20260801_015012_npu_uint_gt_q21_k4096_max_uniform_s21004259_rep3_rapl.txt,0.196489,1.761185,8.963293,4.707117,0.83629,4.256176,0,,,,,,,,,
rapl,npu,uint,gt,max,8,2097152,bench/results/raw/energy/measurements/20260801_015012_npu_uint_gt_q21_k8_max_uniform_s21000171_rep1_rapl.txt,0.141074,1.28332,9.096774,4.707117,0.619267,4.389657,0,rapl:package+core,0.278686,0.278686,0.030016,0.030016,0.137397176128,0.137397176128,0.447426,0.046665
rapl,npu,uint,gt,max,8,2097152,bench/results/raw/energy/measurements/20260801_015012_npu_uint_gt_q21_k8_max_uniform_s21000171_rep2_rapl.txt,0.137902,1.268717,9.200133,4.707117,0.619596,4.493016,0,,,,,,,,,
rapl,npu,uint,gt,max,8,2097152,bench/results/raw/energy/measurements/20260801_015012_npu_uint_gt_q21_k8_max_uniform_s21000171_rep3_rapl.txt,0.139694,1.277674,9.146251,4.707117,0.620119,4.439134,0,,,,,,,,,
rapl,npu,uint,gt,max,131072,4194304,bench/results/raw/energy/measurements/20260801_015012_npu_uint_gt_q22_k131072_max_uniform_s22131238_rep1_rapl.txt,2.117446,16.23558,7.667531,4.707117,6.268515,2.960414,0,rapl:package+core,13.289261,13.289261,1.746134,1.746134,5.07000396432,5.07000396432,13.86966,1.818997
rapl,npu,uint,gt,max,131072,4194304,bench/results/raw/energy/measurements/20260801_015012_npu_uint_gt_q22_k131072_max_uniform_s22131238_rep2_rapl.txt,2.102902,16.07087,7.642233,4.707117,6.172262,2.935116,0,,,,,,,,,
rapl,npu,uint,gt,max,131072,4194304,bench/results/raw/energy/measurements/20260801_015012_npu_uint_gt_q22_k131072_max_uniform_s22131238_rep3_rapl.txt,2.089094,15.865391,7.594389,4.707117,6.031783,2.887272,0,,,,,,,,,
rapl,npu,uint,gt,max,256,4194304,bench/results/raw/energy/measurements/20260801_015012_npu_uint_gt_q22_k256_max_uniform_s22000422_rep1_rapl.txt,0.243309,2.159831,8.876913,4.707117,1.014548,4.169796,0,rapl:package+core,0.562061,0.562061,0.062124,0.062124,0.269636063492,0.269636063492,1.187362,0.130431
rapl,npu,uint,gt,max,256,4194304,bench/results/raw/energy/measurements/20260801_015012_npu_uint_gt_q22_k256_max_uniform_s22000422_rep2_rapl.txt,0.249102,2.191659,8.798244,4.707117,1.019107,4.091127,0,,,,,,,,,
rapl,npu,uint,gt,max,256,4194304,bench/results/raw/energy/measurements/20260801_015012_npu_uint_gt_q22_k256_max_uniform_s22000422_rep3_rapl.txt,0.234854,2.122937,9.039391,4.707117,1.017452,4.332274,0,,,,,,,,,
rapl,npu,uint,gt,max,4096,4194304,bench/results/raw/energy/measurements/20260801_015012_npu_uint_gt_q22_k4096_max_uniform_s22004262_rep1_rapl.txt,0.306412,2.744975,8.958431,4.707117,1.302656,4.251314,0,rapl:package+core,1.028072,1.028072,0.119152,0.119152,0.467209595216,0.467209595216,1.622704,0.186814
rapl,npu,uint,gt,max,4096,4194304,bench/results/raw/energy/measurements/20260801_015012_npu_uint_gt_q22_k4096_max_uniform_s22004262_rep2_rapl.txt,0.30702,2.657882,8.657027,4.707117,1.212702,3.94991,0,,,,,,,,,
rapl,npu,uint,gt,max,4096,4194304,bench/results/raw/energy/measurements/20260801_015012_npu_uint_gt_q22_k4096_max_uniform_s22004262_rep3_rapl.txt,0.306715,2.681059,8.741219,4.707117,1.237318,4.034102,0,,,,,,,,,
rapl,npu,uint,gt,max,8,4194304,bench/results/raw/energy/measurements/20260801_015012_npu_uint_gt_q22_k8_max_uniform_s22000174_rep1_rapl.txt,0.241079,2.159755,8.958708,4.707117,1.024969,4.251591,0,rapl:package+core,0.54855,0.54855,0.058646,0.058646,0.272496416418,0.272496416418,1.136859,0.126979
rapl,npu,uint,gt,max,8,4194304,bench/results/raw/energy/measurements/20260801_015012_npu_uint_gt_q22_k8_max_uniform_s22000174_rep2_rapl.txt,0.238416,2.150218,9.018758,4.707117,1.027965,4.311641,0,,,,,,,,,
rapl,npu,uint,gt,max,8,4194304,bench/results/raw/energy/measurements/20260801_015012_npu_uint_gt_q22_k8_max_uniform_s22000174_rep3_rapl.txt,0.238199,2.243811,9.41992,4.707117,1.122583,4.712803,0,,,,,,,,,
rapl,npu,uint,gt,max,131072,8388608,bench/results/raw/energy/measurements/20260801_015012_npu_uint_gt_q23_k131072_max_uniform_s23131241_rep1_rapl.txt,2.691151,22.603811,8.399311,4.707117,9.93625,3.692194,0,rapl:package+core,15.761728,15.761728,2.022414,2.022414,6.24198867956,6.24198867956,17.272712,2.212878
rapl,npu,uint,gt,max,131072,8388608,bench/results/raw/energy/measurements/20260801_015012_npu_uint_gt_q23_k131072_max_uniform_s23131241_rep2_rapl.txt,2.673436,20.789056,7.776155,4.707117,8.204878,3.069038,0,,,,,,,,,
rapl,npu,uint,gt,max,131072,8388608,bench/results/raw/energy/measurements/20260801_015012_npu_uint_gt_q23_k131072_max_uniform_s23131241_rep3_rapl.txt,2.682746,21.028636,7.838474,4.707117,8.400636,3.131357,0,,,,,,,,,
rapl,npu,uint,gt,max,256,8388608,bench/results/raw/energy/measurements/20260801_015012_npu_uint_gt_q23_k256_max_uniform_s23000425_rep1_rapl.txt,0.458913,4.416489,9.623813,4.707117,2.256334,4.916696,0,rapl:package+core,1.143926,1.143926,0.122277,0.122277,0.568353854591,0.568353854591,2.84014,0.302085
rapl,npu,uint,gt,max,256,8388608,bench/results/raw/energy/measurements/20260801_015012_npu_uint_gt_q23_k256_max_uniform_s23000425_rep2_rapl.txt,0.459366,4.298514,9.357486,4.707117,2.136223,4.650369,0,,,,,,,,,
rapl,npu,uint,gt,max,256,8388608,bench/results/raw/energy/measurements/20260801_015012_npu_uint_gt_q23_k256_max_uniform_s23000425_rep3_rapl.txt,0.467042,4.321386,9.252676,4.707117,2.122966,4.545559,0,,,,,,,,,
rapl,npu,uint,gt,max,4096,8388608,bench/results/raw/energy/measurements/20260801_015012_npu_uint_gt_q23_k4096_max_uniform_s23004265_rep1_rapl.txt,0.534543,4.875618,9.121099,4.707117,2.359463,4.413982,0,rapl:package+core,1.774489,1.774489,0.186022,0.186022,0.898861681426,0.898861681426,3.372964,0.365919
rapl,npu,uint,gt,max,4096,8388608,bench/results/raw/energy/measurements/20260801_015012_npu_uint_gt_q23_k4096_max_uniform_s23004265_rep2_rapl.txt,0.533917,4.848504,9.081004,4.707117,2.335293,4.373887,0,,,,,,,,,
rapl,npu,uint,gt,max,4096,8388608,bench/results/raw/energy/measurements/20260801_015012_npu_uint_gt_q23_k4096_max_uniform_s23004265_rep3_rapl.txt,0.525844,4.776623,9.083725,4.707117,2.301413,4.376608,0,,,,,,,,,
rapl,npu,uint,gt,max,8,8388608,bench/results/raw/energy/measurements/20260801_015012_npu_uint_gt_q23_k8_max_uniform_s23000177_rep1_rapl.txt,0.455308,4.244104,9.321397,4.707117,2.100917,4.61428,0,rapl:package+core,1.094091,1.094091,0.117765,0.117765,0.539757366495,0.539757366495,2.822379,0.298002
rapl,npu,uint,gt,max,8,8388608,bench/results/raw/energy/measurements/20260801_015012_npu_uint_gt_q23_k8_max_uniform_s23000177_rep2_rapl.txt,0.449649,4.225383,9.397068,4.707117,2.108832,4.689951,0,,,,,,,,,
rapl,npu,uint,gt,max,8,8388608,bench/results/raw/energy/measurements/20260801_015012_npu_uint_gt_q23_k8_max_uniform_s23000177_rep3_rapl.txt,0.449584,4.230159,9.409056,4.707117,2.113916,4.701939,0,,,,,,,,,
rapl,npu,uint,gt,max,131072,16777216,bench/results/raw/energy/measurements/20260801_015012_npu_uint_gt_q24_k131072_max_uniform_s24131244_rep1_rapl.txt,3.424814,27.310202,7.974214,4.707117,11.189201,3.267097,0,rapl:package+core,20.276982,20.276982,2.611733,2.611733,7.98324919624,7.98324919624,23.175101,2.938701
rapl,npu,uint,gt,max,131072,16777216,bench/results/raw/energy/measurements/20260801_015012_npu_uint_gt_q24_k131072_max_uniform_s24131244_rep2_rapl.txt,3.420667,27.436096,8.020687,4.707117,11.334618,3.31357,0,,,,,,,,,
rapl,npu,uint,gt,max,131072,16777216,bench/results/raw/energy/measurements/20260801_015012_npu_uint_gt_q24_k131072_max_uniform_s24131244_rep3_rapl.txt,3.421189,27.068485,7.912011,4.707117,10.964548,3.204894,0,,,,,,,,,
rapl,npu,uint,gt,max,256,16777216,bench/results/raw/energy/measurements/20260801_015012_npu_uint_gt_q24_k256_max_uniform_s24000428_rep1_rapl.txt,0.794728,7.880192,9.915589,4.707117,4.139316,5.208472,0,rapl:package+core,2.3866,2.3866,0.237542,0.237542,1.26846201359,1.26846201359,5.558673,0.564551
rapl,npu,uint,gt,max,256,16777216,bench/results/raw/energy/measurements/20260801_015012_npu_uint_gt_q24_k256_max_uniform_s24000428_rep2_rapl.txt,0.799762,7.637407,9.549594,4.707117,3.872831,4.842477,0,,,,,,,,,
rapl,npu,uint,gt,max,256,16777216,bench/results/raw/energy/measurements/20260801_015012_npu_uint_gt_q24_k256_max_uniform_s24000428_rep3_rapl.txt,0.787935,7.77891,9.872527,4.707117,4.070008,5.16541,0,,,,,,,,,
rapl,npu,uint,gt,max,4096,16777216,bench/results/raw/energy/measurements/20260801_015012_npu_uint_gt_q24_k4096_max_uniform_s24004268_rep1_rapl.txt,0.877157,8.195163,9.342867,4.707117,4.066281,4.63575,0,rapl:package+core,2.879035,2.879035,0.310282,0.310282,1.41850132301,1.41850132301,6.005076,0.629392
rapl,npu,uint,gt,max,4096,16777216,bench/results/raw/energy/measurements/20260801_015012_npu_uint_gt_q24_k4096_max_uniform_s24004268_rep2_rapl.txt,0.872892,8.096978,9.276037,4.707117,3.988174,4.56892,0,,,,,,,,,
rapl,npu,uint,gt,max,4096,16777216,bench/results/raw/energy/measurements/20260801_015012_npu_uint_gt_q24_k4096_max_uniform_s24004268_rep3_rapl.txt,0.885685,8.685357,9.806375,4.707117,4.516335,5.099258,0,,,,,,,,,
rapl,npu,uint,gt,max,8,16777216,bench/results/raw/energy/measurements/20260801_015012_npu_uint_gt_q24_k8_max_uniform_s24000180_rep1_rapl.txt,0.790375,7.657228,9.688089,4.707117,3.936838,4.980972,0,rapl:package+core,2.435389,2.435389,0.233009,0.233009,1.33858837495,1.33858837495,5.488303,0.554481
rapl,npu,uint,gt,max,8,16777216,bench/results/raw/energy/measurements/20260801_015012_npu_uint_gt_q24_k8_max_uniform_s24000180_rep2_rapl.txt,0.794067,7.610508,9.584218,4.707117,3.872743,4.877101,0,,,,,,,,,
rapl,npu,uint,gt,max,8,16777216,bench/results/raw/energy/measurements/20260801_015012_npu_uint_gt_q24_k8_max_uniform_s24000180_rep3_rapl.txt,0.786875,7.634127,9.701826,4.707117,3.930213,4.994709,0,,,,,,,,,
rapl,npu,uint,map_reduce,max,256,65536,bench/results/raw/energy/measurements/20260801_015012_npu_uint_map_reduce_q16_k256_max_uniform_s16000404_rep1_rapl.txt,0.141833,1.505156,10.612148,4.707117,0.83753,5.905031,0,rapl:package+core,0.309325,0.2706,0.027843,0.023435,0.178264741369,0.160288713105,0.32234,0.029019
rapl,npu,uint,map_reduce,max,256,65536,bench/results/raw/energy/measurements/20260801_015012_npu_uint_map_reduce_q16_k256_max_uniform_s16000404_rep2_rapl.txt,0.148787,1.506239,10.123457,4.707117,0.805881,5.41634,0,,,,,,,,,
rapl,npu,uint,map_reduce,max,256,65536,bench/results/raw/energy/measurements/20260801_015012_npu_uint_map_reduce_q16_k256_max_uniform_s16000404_rep3_rapl.txt,0.146993,1.498228,10.192518,4.707117,0.806315,5.485401,0,,,,,,,,,
rapl,npu,uint,map_reduce,max,4096,65536,bench/results/raw/energy/measurements/20260801_015012_npu_uint_map_reduce_q16_k4096_max_uniform_s16004244_rep1_rapl.txt,0.175442,1.795912,10.236473,4.707117,0.970084,5.529356,0,rapl:package+core,0.625975,0.50977,0.060061,0.055435,0.343260845863,0.248830969105,0.650312,0.061289
rapl,npu,uint,map_reduce,max,4096,65536,bench/results/raw/energy/measurements/20260801_015012_npu_uint_map_reduce_q16_k4096_max_uniform_s16004244_rep2_rapl.txt,0.179946,1.836987,10.208563,4.707117,0.989962,5.501446,0,,,,,,,,,
rapl,npu,uint,map_reduce,max,4096,65536,bench/results/raw/energy/measurements/20260801_015012_npu_uint_map_reduce_q16_k4096_max_uniform_s16004244_rep3_rapl.txt,0.176289,1.790694,10.1577,4.707117,0.96088,5.450583,0,,,,,,,,,
rapl,npu,uint,map_reduce,max,8,65536,bench/results/raw/energy/measurements/20260801_015012_npu_uint_map_reduce_q16_k8_max_uniform_s16000156_rep1_rapl.txt,0.144622,1.487014,10.28205,4.707117,0.80626,5.574933,0,rapl:package+core,0.280961,0.226474,0.026345,0.022232,0.156952002635,0.121825374856,0.306991,0.027565
rapl,npu,uint,map_reduce,max,8,65536,bench/results/raw/energy/measurements/20260801_015012_npu_uint_map_reduce_q16_k8_max_uniform_s16000156_rep2_rapl.txt,0.142658,1.477722,10.358529,4.707117,0.806216,5.651412,0,,,,,,,,,
rapl,npu,uint,map_reduce,max,8,65536,bench/results/raw/energy/measurements/20260801_015012_npu_uint_map_reduce_q16_k8_max_uniform_s16000156_rep3_rapl.txt,0.14326,1.458558,10.181229,4.707117,0.784219,5.474112,0,,,,,,,,,
rapl,npu,uint,map_reduce,max,131072,131072,bench/results/raw/energy/measurements/20260801_015012_npu_uint_map_reduce_q17_k131072_max_uniform_s17131223_rep1_rapl.txt,0.514969,4.675707,9.079596,4.707117,2.251689,4.372479,0,rapl:package+core,3.21953,3.178318,0.364937,0.358935,1.50172884337,1.4887689596,3.229035,0.366235
rapl,npu,uint,map_reduce,max,131072,131072,bench/results/raw/energy/measurements/20260801_015012_npu_uint_map_reduce_q17_k131072_max_uniform_s17131223_rep2_rapl.txt,0.512195,4.60285,8.986525,4.707117,2.19189,4.279408,0,,,,,,,,,
rapl,npu,uint,map_reduce,max,131072,131072,bench/results/raw/energy/measurements/20260801_015012_npu_uint_map_reduce_q17_k131072_max_uniform_s17131223_rep3_rapl.txt,0.512917,4.76428,9.288606,4.707117,2.349922,4.581489,0,,,,,,,,,
rapl,npu,uint,map_reduce,max,256,131072,bench/results/raw/energy/measurements/20260801_015012_npu_uint_map_reduce_q17_k256_max_uniform_s17000407_rep1_rapl.txt,0.144543,1.490432,10.311345,4.707117,0.810052,5.604228,0,rapl:package+core,0.330351,0.330351,0.028947,0.02453,0.194094084201,0.21488541999,0.330351,0.030167
rapl,npu,uint,map_reduce,max,256,131072,bench/results/raw/energy/measurements/20260801_015012_npu_uint_map_reduce_q17_k256_max_uniform_s17000407_rep2_rapl.txt,0.1481,1.504408,10.15803,4.707117,0.807282,5.450913,0,,,,,,,,,
rapl,npu,uint,map_reduce,max,256,131072,bench/results/raw/energy/measurements/20260801_015012_npu_uint_map_reduce_q17_k256_max_uniform_s17000407_rep3_rapl.txt,0.144129,1.477814,10.253443,4.707117,0.799384,5.546326,0,,,,,,,,,
rapl,npu,uint,map_reduce,max,4096,131072,bench/results/raw/energy/measurements/20260801_015012_npu_uint_map_reduce_q17_k4096_max_uniform_s17004247_rep1_rapl.txt,0.193156,1.924903,9.965548,4.707117,1.015696,5.258431,0,rapl:package+core,0.741798,0.741798,0.069919,0.065312,0.412681086477,0.434366774496,0.765844,0.071155
rapl,npu,uint,map_reduce,max,4096,131072,bench/results/raw/energy/measurements/20260801_015012_npu_uint_map_reduce_q17_k4096_max_uniform_s17004247_rep2_rapl.txt,0.193635,1.930945,9.972063,4.707117,1.01948,5.264946,0,,,,,,,,,
rapl,npu,uint,map_reduce,max,4096,131072,bench/results/raw/energy/measurements/20260801_015012_npu_uint_map_reduce_q17_k4096_max_uniform_s17004247_rep3_rapl.txt,0.188878,1.929588,10.216052,4.707117,1.040517,5.508935,0,,,,,,,,,
rapl,npu,uint,map_reduce,max,8,131072,bench/results/raw/energy/measurements/20260801_015012_npu_uint_map_reduce_q17_k8_max_uniform_s17000159_rep1_rapl.txt,0.145648,1.494124,10.258475,4.707117,0.808543,5.551358,0,rapl:package+core,0.314849,0.286057,0.028058,0.023632,0.182776711214,0.174818411056,0.327452,0.029298
rapl,npu,uint,map_reduce,max,8,131072,bench/results/raw/energy/measurements/20260801_015012_npu_uint_map_reduce_q17_k8_max_uniform_s17000159_rep2_rapl.txt,0.145205,1.478957,10.185302,4.707117,0.79546,5.478185,0,,,,,,,,,
rapl,npu,uint,map_reduce,max,8,131072,bench/results/raw/energy/measurements/20260801_015012_npu_uint_map_reduce_q17_k8_max_uniform_s17000159_rep3_rapl.txt,0.145342,1.521711,10.469839,4.707117,0.837568,5.762722,0,,,,,,,,,
rapl,npu,uint,map_reduce,max,131072,262144,bench/results/raw/energy/measurements/20260801_015012_npu_uint_map_reduce_q18_k131072_max_uniform_s18131226_rep1_rapl.txt,0.859215,7.841254,9.126072,4.707117,3.796831,4.418955,0,rapl:package+core,6.083883,6.039787,0.672507,0.665974,2.91831386768,2.90496946304,6.093526,0.673974
rapl,npu,uint,map_reduce,max,131072,262144,bench/results/raw/energy/measurements/20260801_015012_npu_uint_map_reduce_q18_k131072_max_uniform_s18131226_rep2_rapl.txt,0.859565,8.026379,9.337717,4.707117,3.980304,4.6306,0,,,,,,,,,
rapl,npu,uint,map_reduce,max,131072,262144,bench/results/raw/energy/measurements/20260801_015012_npu_uint_map_reduce_q18_k131072_max_uniform_s18131226_rep3_rapl.txt,0.859102,7.968398,9.275259,4.707117,3.924502,4.568142,0,,,,,,,,,
rapl,npu,uint,map_reduce,max,256,262144,bench/results/raw/energy/measurements/20260801_015012_npu_uint_map_reduce_q18_k256_max_uniform_s18000410_rep1_rapl.txt,0.153451,1.594843,10.393177,4.707117,0.872531,5.68606,0,rapl:package+core,0.374248,0.306319,0.030894,0.026577,0.228826327402,0.181217951491,0.374248,0.032113
rapl,npu,uint,map_reduce,max,256,262144,bench/results/raw/energy/measurements/20260801_015012_npu_uint_map_reduce_q18_k256_max_uniform_s18000410_rep2_rapl.txt,0.147629,1.564891,10.600141,4.707117,0.869983,5.893024,0,,,,,,,,,
rapl,npu,uint,map_reduce,max,256,262144,bench/results/raw/energy/measurements/20260801_015012_npu_uint_map_reduce_q18_k256_max_uniform_s18000410_rep3_rapl.txt,0.149325,1.562144,10.46136,4.707117,0.859253,5.754243,0,,,,,,,,,
rapl,npu,uint,map_reduce,max,4096,262144,bench/results/raw/energy/measurements/20260801_015012_npu_uint_map_reduce_q18_k4096_max_uniform_s18004250_rep1_rapl.txt,0.207822,2.072296,9.971479,4.707117,1.094052,5.264362,0,rapl:package+core,0.811024,0.712656,0.078923,0.074296,0.439524205009,0.362936035368,0.825473,0.080145
rapl,npu,uint,map_reduce,max,4096,262144,bench/results/raw/energy/measurements/20260801_015012_npu_uint_map_reduce_q18_k4096_max_uniform_s18004250_rep2_rapl.txt,0.204287,2.08708,10.216409,4.707117,1.125477,5.509292,0,,,,,,,,,
rapl,npu,uint,map_reduce,max,4096,262144,bench/results/raw/energy/measurements/20260801_015012_npu_uint_map_reduce_q18_k4096_max_uniform_s18004250_rep3_rapl.txt,0.203882,2.066468,10.135585,4.707117,1.106769,5.428468,0,,,,,,,,,
rapl,npu,uint,map_reduce,max,8,262144,bench/results/raw/energy/measurements/20260801_015012_npu_uint_map_reduce_q18_k8_max_uniform_s18000162_rep1_rapl.txt,0.158894,2.187234,13.76536,4.707117,1.439301,9.058243,0,rapl:package+core,0.345655,0.318603,0.030762,0.026249,0.200854666846,0.195045885867,0.389262,0.031975
rapl,npu,uint,map_reduce,max,8,262144,bench/results/raw/energy/measurements/20260801_015012_npu_uint_map_reduce_q18_k8_max_uniform_s18000162_rep2_rapl.txt,0.154474,1.616966,10.46756,4.707117,0.889839,5.760443,0,,,,,,,,,
rapl,npu,uint,map_reduce,max,8,262144,bench/results/raw/energy/measurements/20260801_015012_npu_uint_map_reduce_q18_k8_max_uniform_s18000162_rep3_rapl.txt,0.156538,1.600213,10.222552,4.707117,0.863373,5.515435,0,,,,,,,,,
rapl,npu,uint,map_reduce,max,131072,524288,bench/results/raw/energy/measurements/20260801_015012_npu_uint_map_reduce_q19_k131072_max_uniform_s19131229_rep1_rapl.txt,1.202351,10.910706,9.074478,4.707117,5.2511,4.367361,0,rapl:package+core,8.80408,8.774739,0.980869,0.97347,4.18701485533,4.19250181401,8.823092,0.982501
rapl,npu,uint,map_reduce,max,131072,524288,bench/results/raw/energy/measurements/20260801_015012_npu_uint_map_reduce_q19_k131072_max_uniform_s19131229_rep2_rapl.txt,1.204004,10.921188,9.070725,4.707117,5.253801,4.363608,0,,,,,,,,,
rapl,npu,uint,map_reduce,max,131072,524288,bench/results/raw/energy/measurements/20260801_015012_npu_uint_map_reduce_q19_k131072_max_uniform_s19131229_rep3_rapl.txt,1.204997,10.96063,9.095984,4.707117,5.28857,4.388867,0,,,,,,,,,
rapl,npu,uint,map_reduce,max,256,524288,bench/results/raw/energy/measurements/20260801_015012_npu_uint_map_reduce_q19_k256_max_uniform_s19000413_rep1_rapl.txt,0.158236,1.661383,10.499398,4.707117,0.916548,5.792281,0,rapl:package+core,0.439247,0.396676,0.038055,0.033427,0.260117662565,0.239331200041,0.452659,0.039297
rapl,npu,uint,map_reduce,max,256,524288,bench/results/raw/energy/measurements/20260801_015012_npu_uint_map_reduce_q19_k256_max_uniform_s19000413_rep2_rapl.txt,0.158263,1.650183,10.426858,4.707117,0.905222,5.719741,0,,,,,,,,,
rapl,npu,uint,map_reduce,max,256,524288,bench/results/raw/energy/measurements/20260801_015012_npu_uint_map_reduce_q19_k256_max_uniform_s19000413_rep3_rapl.txt,0.15788,1.645301,10.421224,4.707117,0.902142,5.714107,0,,,,,,,,,
rapl,npu,uint,map_reduce,max,4096,524288,bench/results/raw/energy/measurements/20260801_015012_npu_uint_map_reduce_q19_k4096_max_uniform_s19004253_rep1_rapl.txt,0.212681,2.158747,10.150161,4.707117,1.157632,5.443044,0,rapl:package+core,0.942379,0.942379,0.089117,0.084559,0.522894854311,0.544349893597,0.942379,0.090359
rapl,npu,uint,map_reduce,max,4096,524288,bench/results/raw/energy/measurements/20260801_015012_npu_uint_map_reduce_q19_k4096_max_uniform_s19004253_rep2_rapl.txt,0.211831,2.192254,10.349066,4.707117,1.19514,5.641949,0,,,,,,,,,
rapl,npu,uint,map_reduce,max,4096,524288,bench/results/raw/energy/measurements/20260801_015012_npu_uint_map_reduce_q19_k4096_max_uniform_s19004253_rep3_rapl.txt,0.209396,2.136364,10.202489,4.707117,1.150711,5.495372,0,,,,,,,,,
rapl,npu,uint,map_reduce,max,8,524288,bench/results/raw/energy/measurements/20260801_015012_npu_uint_map_reduce_q19_k8_max_uniform_s19000165_rep1_rapl.txt,0.153632,1.608621,10.4706,4.707117,0.885456,5.763483,0,rapl:package+core,0.401133,0.360943,0.034586,0.029952,0.238332651438,0.219955431616,0.417215,0.035814
rapl,npu,uint,map_reduce,max,8,524288,bench/results/raw/energy/measurements/20260801_015012_npu_uint_map_reduce_q19_k8_max_uniform_s19000165_rep2_rapl.txt,0.157453,1.649604,10.476799,4.707117,0.908454,5.769682,0,,,,,,,,,
rapl,npu,uint,map_reduce,max,8,524288,bench/results/raw/energy/measurements/20260801_015012_npu_uint_map_reduce_q19_k8_max_uniform_s19000165_rep3_rapl.txt,0.158799,1.756043,11.058263,4.707117,1.008557,6.351146,0,,,,,,,,,
rapl,npu,uint,map_reduce,max,131072,1048576,bench/results/raw/energy/measurements/20260801_015012_npu_uint_map_reduce_q20_k131072_max_uniform_s20131232_rep1_rapl.txt,1.568055,14.265086,9.097314,4.707117,6.884069,4.390197,0,rapl:package+core,11.91192,11.862849,1.312433,1.304484,5.73414431434,5.72249018737,11.934487,1.314325
rapl,npu,uint,map_reduce,max,131072,1048576,bench/results/raw/energy/measurements/20260801_015012_npu_uint_map_reduce_q20_k131072_max_uniform_s20131232_rep2_rapl.txt,1.582892,14.617423,9.234632,4.707117,7.166567,4.527515,0,,,,,,,,,
rapl,npu,uint,map_reduce,max,131072,1048576,bench/results/raw/energy/measurements/20260801_015012_npu_uint_map_reduce_q20_k131072_max_uniform_s20131232_rep3_rapl.txt,1.5724,14.319663,9.106885,4.707117,6.918194,4.399768,0,,,,,,,,,
rapl,npu,uint,map_reduce,max,256,1048576,bench/results/raw/energy/measurements/20260801_015012_npu_uint_map_reduce_q20_k256_max_uniform_s20000416_rep1_rapl.txt,0.165864,1.788512,10.782973,4.707117,1.007769,6.075856,0,rapl:package+core,0.529605,0.465933,0.043654,0.039198,0.324120514482,0.281423427834,0.546481,0.04488
rapl,npu,uint,map_reduce,max,256,1048576,bench/results/raw/energy/measurements/20260801_015012_npu_uint_map_reduce_q20_k256_max_uniform_s20000416_rep2_rapl.txt,0.176857,1.848598,10.452501,4.707117,1.016111,5.745384,0,,,,,,,,,
rapl,npu,uint,map_reduce,max,256,1048576,bench/results/raw/energy/measurements/20260801_015012_npu_uint_map_reduce_q20_k256_max_uniform_s20000416_rep3_rapl.txt,0.171019,1.884607,11.019864,4.707117,1.0796,6.312747,0,,,,,,,,,
rapl,npu,uint,map_reduce,max,4096,1048576,bench/results/raw/energy/measurements/20260801_015012_npu_uint_map_reduce_q20_k4096_max_uniform_s20004256_rep1_rapl.txt,0.239014,2.462153,10.301286,4.707117,1.337085,5.594169,0,rapl:package+core,1.167267,1.062722,0.105002,0.10023,0.673010300766,0.59092766309,1.167267,0.106236
rapl,npu,uint,map_reduce,max,4096,1048576,bench/results/raw/energy/measurements/20260801_015012_npu_uint_map_reduce_q20_k4096_max_uniform_s20004256_rep2_rapl.txt,0.235069,2.429791,10.3365,4.707117,1.323294,5.629383,0,,,,,,,,,
rapl,npu,uint,map_reduce,max,4096,1048576,bench/results/raw/energy/measurements/20260801_015012_npu_uint_map_reduce_q20_k4096_max_uniform_s20004256_rep3_rapl.txt,0.238237,2.464778,10.345912,4.707117,1.343369,5.638795,0,,,,,,,,,
rapl,npu,uint,map_reduce,max,8,1048576,bench/results/raw/energy/measurements/20260801_015012_npu_uint_map_reduce_q20_k8_max_uniform_s20000168_rep1_rapl.txt,0.172543,1.930793,11.19021,4.707117,1.118613,6.483093,0,rapl:package+core,0.719948,0.690713,0.049403,0.044437,0.487402298849,0.481542841871,0.738182,0.050634
rapl,npu,uint,map_reduce,max,8,1048576,bench/results/raw/energy/measurements/20260801_015012_npu_uint_map_reduce_q20_k8_max_uniform_s20000168_rep2_rapl.txt,0.173802,1.842175,10.59928,4.707117,1.024069,5.892163,0,,,,,,,,,
rapl,npu,uint,map_reduce,max,8,1048576,bench/results/raw/energy/measurements/20260801_015012_npu_uint_map_reduce_q20_k8_max_uniform_s20000168_rep3_rapl.txt,0.178203,1.868312,10.4842,4.707117,1.029491,5.777083,0,,,,,,,,,
rapl,npu,uint,map_reduce,max,131072,2097152,bench/results/raw/energy/measurements/20260801_015012_npu_uint_map_reduce_q21_k131072_max_uniform_s21131235_rep1_rapl.txt,1.970666,18.134469,9.202205,4.707117,8.858315,4.495088,0,rapl:package+core,15.352569,15.287754,1.675557,1.666624,7.46552616083,7.44275983699,15.362014,1.677403
rapl,npu,uint,map_reduce,max,131072,2097152,bench/results/raw/energy/measurements/20260801_015012_npu_uint_map_reduce_q21_k131072_max_uniform_s21131235_rep2_rapl.txt,1.972665,18.037977,9.143963,4.707117,8.752412,4.436846,0,,,,,,,,,
rapl,npu,uint,map_reduce,max,131072,2097152,bench/results/raw/energy/measurements/20260801_015012_npu_uint_map_reduce_q21_k131072_max_uniform_s21131235_rep3_rapl.txt,1.98213,18.293793,9.229363,4.707117,8.963677,4.522246,0,,,,,,,,,
rapl,npu,uint,map_reduce,max,256,2097152,bench/results/raw/energy/measurements/20260801_015012_npu_uint_map_reduce_q21_k256_max_uniform_s21000419_rep1_rapl.txt,0.214086,2.362625,11.035866,4.707117,1.354897,6.328749,0,rapl:package+core,0.998179,0.933058,0.075688,0.070572,0.641906728504,0.600867339076,1.031502,0.076915
rapl,npu,uint,map_reduce,max,256,2097152,bench/results/raw/energy/measurements/20260801_015012_npu_uint_map_reduce_q21_k256_max_uniform_s21000419_rep2_rapl.txt,0.208156,2.343278,11.257324,4.707117,1.363464,6.550207,0,,,,,,,,,
rapl,npu,uint,map_reduce,max,256,2097152,bench/results/raw/energy/measurements/20260801_015012_npu_uint_map_reduce_q21_k256_max_uniform_s21000419_rep3_rapl.txt,0.214696,2.385421,11.110707,4.707117,1.374823,6.40359,0,,,,,,,,,
rapl,npu,uint,map_reduce,max,4096,2097152,bench/results/raw/energy/measurements/20260801_015012_npu_uint_map_reduce_q21_k4096_max_uniform_s21004259_rep1_rapl.txt,0.271302,2.960418,10.911902,4.707117,1.683369,6.204785,0,rapl:package+core,1.538525,1.50923,0.130185,0.125284,0.925728973355,0.919503553772,1.538525,0.13142
rapl,npu,uint,map_reduce,max,4096,2097152,bench/results/raw/energy/measurements/20260801_015012_npu_uint_map_reduce_q21_k4096_max_uniform_s21004259_rep2_rapl.txt,0.271655,2.936234,10.808675,4.707117,1.657521,6.101558,0,,,,,,,,,
rapl,npu,uint,map_reduce,max,4096,2097152,bench/results/raw/energy/measurements/20260801_015012_npu_uint_map_reduce_q21_k4096_max_uniform_s21004259_rep3_rapl.txt,0.274899,2.976089,10.826118,4.707117,1.682107,6.119001,0,,,,,,,,,
rapl,npu,uint,map_reduce,max,8,2097152,bench/results/raw/energy/measurements/20260801_015012_npu_uint_map_reduce_q21_k8_max_uniform_s21000171_rep1_rapl.txt,0.2028,2.27068,11.196645,4.707117,1.316077,6.489528,0,rapl:package+core,0.895294,0.797856,0.066032,0.061084,0.584473650256,0.510326465172,0.895294,0.067269
rapl,npu,uint,map_reduce,max,8,2097152,bench/results/raw/energy/measurements/20260801_015012_npu_uint_map_reduce_q21_k8_max_uniform_s21000171_rep2_rapl.txt,0.202767,2.263677,11.163912,4.707117,1.309227,6.456795,0,,,,,,,,,
rapl,npu,uint,map_reduce,max,8,2097152,bench/results/raw/energy/measurements/20260801_015012_npu_uint_map_reduce_q21_k8_max_uniform_s21000171_rep3_rapl.txt,0.207409,2.327196,11.220341,4.707117,1.350899,6.513224,0,,,,,,,,,
rapl,npu,uint,map_reduce,max,131072,4194304,bench/results/raw/energy/measurements/20260801_015012_npu_uint_map_reduce_q22_k131072_max_uniform_s22131238_rep1_rapl.txt,2.458622,22.982515,9.347723,4.707117,11.409495,4.640606,0,rapl:package+core,19.440736,19.421817,2.105531,2.096853,9.52975523587,9.5516845972,19.471375,2.107081
rapl,npu,uint,map_reduce,max,131072,4194304,bench/results/raw/energy/measurements/20260801_015012_npu_uint_map_reduce_q22_k131072_max_uniform_s22131238_rep2_rapl.txt,2.469795,22.823786,9.241164,4.707117,11.19817,4.534047,0,,,,,,,,,
rapl,npu,uint,map_reduce,max,131072,4194304,bench/results/raw/energy/measurements/20260801_015012_npu_uint_map_reduce_q22_k131072_max_uniform_s22131238_rep3_rapl.txt,2.453955,23.127711,9.424668,4.707117,11.576658,4.717551,0,,,,,,,,,
rapl,npu,uint,map_reduce,max,256,4194304,bench/results/raw/energy/measurements/20260801_015012_npu_uint_map_reduce_q22_k256_max_uniform_s22000422_rep1_rapl.txt,0.294841,3.498202,11.864695,4.707117,2.11035,7.157578,0,rapl:package+core,1.859875,1.803664,0.139957,0.135096,1.20108102603,1.16775132177,1.8753,0.141189
rapl,npu,uint,map_reduce,max,256,4194304,bench/results/raw/energy/measurements/20260801_015012_npu_uint_map_reduce_q22_k256_max_uniform_s22000422_rep2_rapl.txt,0.320254,4.571846,14.275673,4.707117,3.064371,9.568556,0,,,,,,,,,
rapl,npu,uint,map_reduce,max,256,4194304,bench/results/raw/energy/measurements/20260801_015012_npu_uint_map_reduce_q22_k256_max_uniform_s22000422_rep3_rapl.txt,0.295125,3.502108,11.866543,4.707117,2.112922,7.159426,0,,,,,,,,,
rapl,npu,uint,map_reduce,max,4096,4194304,bench/results/raw/energy/measurements/20260801_015012_npu_uint_map_reduce_q22_k4096_max_uniform_s22004262_rep1_rapl.txt,0.354606,4.052373,11.427829,4.707117,2.383203,6.720712,0,rapl:package+core,2.408323,2.348879,0.19032,0.184815,1.51246449256,1.47893317165,2.408323,0.191551
rapl,npu,uint,map_reduce,max,4096,4194304,bench/results/raw/energy/measurements/20260801_015012_npu_uint_map_reduce_q22_k4096_max_uniform_s22004262_rep2_rapl.txt,0.347092,4.024695,11.595481,4.707117,2.390894,6.888364,0,,,,,,,,,
rapl,npu,uint,map_reduce,max,4096,4194304,bench/results/raw/energy/measurements/20260801_015012_npu_uint_map_reduce_q22_k4096_max_uniform_s22004262_rep3_rapl.txt,0.350183,4.046315,11.554874,4.707117,2.397965,6.847757,0,,,,,,,,,
rapl,npu,uint,map_reduce,max,8,4194304,bench/results/raw/energy/measurements/20260801_015012_npu_uint_map_reduce_q22_k8_max_uniform_s22000174_rep1_rapl.txt,0.278475,3.437032,12.342344,4.707117,2.126218,7.635227,0,rapl:package+core,1.772018,1.674533,0.126088,0.120931,1.1785070317,1.10529663407,1.772018,0.127348
rapl,npu,uint,map_reduce,max,8,4194304,bench/results/raw/energy/measurements/20260801_015012_npu_uint_map_reduce_q22_k8_max_uniform_s22000174_rep2_rapl.txt,0.281158,3.343348,11.89133,4.707117,2.019902,7.184213,0,,,,,,,,,
rapl,npu,uint,map_reduce,max,8,4194304,bench/results/raw/energy/measurements/20260801_015012_npu_uint_map_reduce_q22_k8_max_uniform_s22000174_rep3_rapl.txt,0.280309,3.322003,11.851229,4.707117,2.002557,7.144112,0,,,,,,,,,
rapl,npu,uint,map_reduce,max,131072,8388608,bench/results/raw/energy/measurements/20260801_015012_npu_uint_map_reduce_q23_k131072_max_uniform_s23131241_rep1_rapl.txt,2.993411,29.029016,9.697638,4.707117,14.93868,4.990521,0,rapl:package+core,25.679535,25.634644,2.564804,2.556493,13.6067024899,13.6009323393,25.679535,2.566081
rapl,npu,uint,map_reduce,max,131072,8388608,bench/results/raw/energy/measurements/20260801_015012_npu_uint_map_reduce_q23_k131072_max_uniform_s23131241_rep2_rapl.txt,2.997564,29.174898,9.732869,4.707117,15.065013,5.025752,0,,,,,,,,,
rapl,npu,uint,map_reduce,max,131072,8388608,bench/results/raw/energy/measurements/20260801_015012_npu_uint_map_reduce_q23_k131072_max_uniform_s23131241_rep3_rapl.txt,3.000814,28.89499,9.62905,4.707117,14.769806,4.921933,0,,,,,,,,,
rapl,npu,uint,map_reduce,max,256,8388608,bench/results/raw/energy/measurements/20260801_015012_npu_uint_map_reduce_q23_k256_max_uniform_s23000425_rep1_rapl.txt,0.458002,5.772712,12.604117,4.707117,3.616843,7.897,0,rapl:package+core,3.815049,3.683175,0.265808,0.258938,2.56385964446,2.46432353825,3.815049,0.26704
rapl,npu,uint,map_reduce,max,256,8388608,bench/results/raw/energy/measurements/20260801_015012_npu_uint_map_reduce_q23_k256_max_uniform_s23000425_rep2_rapl.txt,0.464484,5.748116,12.375267,4.707117,3.561734,7.66815,0,,,,,,,,,
rapl,npu,uint,map_reduce,max,256,8388608,bench/results/raw/energy/measurements/20260801_015012_npu_uint_map_reduce_q23_k256_max_uniform_s23000425_rep3_rapl.txt,0.462145,5.753456,12.449458,4.707117,3.578085,7.742341,0,,,,,,,,,
rapl,npu,uint,map_reduce,max,4096,8388608,bench/results/raw/energy/measurements/20260801_015012_npu_uint_map_reduce_q23_k4096_max_uniform_s23004265_rep1_rapl.txt,0.50855,6.317452,12.422481,4.707117,3.923648,7.715364,0,rapl:package+core,4.09598,4.026222,0.312764,0.306251,2.62376325861,2.58466271163,4.165815,0.314012
rapl,npu,uint,map_reduce,max,4096,8388608,bench/results/raw/energy/measurements/20260801_015012_npu_uint_map_reduce_q23_k4096_max_uniform_s23004265_rep2_rapl.txt,0.511185,6.323968,12.371194,4.707117,3.917761,7.664077,0,,,,,,,,,
rapl,npu,uint,map_reduce,max,4096,8388608,bench/results/raw/energy/measurements/20260801_015012_npu_uint_map_reduce_q23_k4096_max_uniform_s23004265_rep3_rapl.txt,0.510357,6.338432,12.419601,4.707117,3.936121,7.712484,0,,,,,,,,,
rapl,npu,uint,map_reduce,max,8,8388608,bench/results/raw/energy/measurements/20260801_015012_npu_uint_map_reduce_q23_k8_max_uniform_s23000177_rep1_rapl.txt,0.477675,5.867372,12.283189,4.707117,3.6189,7.576072,0,rapl:package+core,3.966103,3.855972,0.27224,0.265281,2.68463746792,2.60726329512,3.986412,0.273485
rapl,npu,uint,map_reduce,max,8,8388608,bench/results/raw/energy/measurements/20260801_015012_npu_uint_map_reduce_q23_k8_max_uniform_s23000177_rep2_rapl.txt,0.46605,5.868303,12.59157,4.707117,3.67455,7.884453,0,,,,,,,,,
rapl,npu,uint,map_reduce,max,8,8388608,bench/results/raw/energy/measurements/20260801_015012_npu_uint_map_reduce_q23_k8_max_uniform_s23000177_rep3_rapl.txt,0.472169,5.86162,12.41425,4.707117,3.639067,7.707133,0,,,,,,,,,
rapl,npu,uint,map_reduce,max,131072,16777216,bench/results/raw/energy/measurements/20260801_015012_npu_uint_map_reduce_q24_k131072_max_uniform_s24131244_rep1_rapl.txt,3.553269,35.828164,10.083156,4.707117,19.102512,5.376039,0,rapl:package+core,30.683976,30.607854,3.029761,3.022411,16.422536491,16.3810118009,30.69725,3.031016
rapl,npu,uint,map_reduce,max,131072,16777216,bench/results/raw/energy/measurements/20260801_015012_npu_uint_map_reduce_q24_k131072_max_uniform_s24131244_rep2_rapl.txt,3.571709,36.092066,10.104985,4.707117,19.279614,5.397868,0,,,,,,,,,
rapl,npu,uint,map_reduce,max,131072,16777216,bench/results/raw/energy/measurements/20260801_015012_npu_uint_map_reduce_q24_k131072_max_uniform_s24131244_rep3_rapl.txt,3.591762,36.591309,10.187565,4.707117,19.684465,5.480448,0,,,,,,,,,
rapl,npu,uint,map_reduce,max,256,16777216,bench/results/raw/energy/measurements/20260801_015012_npu_uint_map_reduce_q24_k256_max_uniform_s24000428_rep1_rapl.txt,0.821301,11.062874,13.469947,4.707117,7.196916,8.76283,0,rapl:package+core,7.565923,7.420529,0.541725,0.534482,5.01596004317,4.90465969161,7.565923,0.542962
rapl,npu,uint,map_reduce,max,256,16777216,bench/results/raw/energy/measurements/20260801_015012_npu_uint_map_reduce_q24_k256_max_uniform_s24000428_rep2_rapl.txt,0.824344,10.562198,12.812846,4.707117,6.681912,8.105729,0,,,,,,,,,
rapl,npu,uint,map_reduce,max,256,16777216,bench/results/raw/energy/measurements/20260801_015012_npu_uint_map_reduce_q24_k256_max_uniform_s24000428_rep3_rapl.txt,0.81897,10.70248,13.06822,4.707117,6.847493,8.361103,0,,,,,,,,,
rapl,npu,uint,map_reduce,max,4096,16777216,bench/results/raw/energy/measurements/20260801_015012_npu_uint_map_reduce_q24_k4096_max_uniform_s24004268_rep1_rapl.txt,0.839104,10.862445,12.945295,4.707117,6.912686,8.238178,0,rapl:package+core,7.740689,7.651461,0.550404,0.543192,5.14987297473,5.09459270254,7.778009,0.551661
rapl,npu,uint,map_reduce,max,4096,16777216,bench/results/raw/energy/measurements/20260801_015012_npu_uint_map_reduce_q24_k4096_max_uniform_s24004268_rep2_rapl.txt,0.836546,10.892488,13.020781,4.707117,6.954766,8.313664,0,,,,,,,,,
rapl,npu,uint,map_reduce,max,4096,16777216,bench/results/raw/energy/measurements/20260801_015012_npu_uint_map_reduce_q24_k4096_max_uniform_s24004268_rep3_rapl.txt,0.835798,10.734537,12.843455,4.707117,6.800337,8.136338,0,,,,,,,,,
rapl,npu,uint,map_reduce,max,8,16777216,bench/results/raw/energy/measurements/20260801_015012_npu_uint_map_reduce_q24_k8_max_uniform_s24000180_rep1_rapl.txt,0.8203,11.254515,13.719997,4.707117,7.393266,9.01288,0,rapl:package+core,7.435391,7.310993,0.526805,0.519662,4.95565822882,4.86488316555,7.45335,0.528043
rapl,npu,uint,map_reduce,max,8,16777216,bench/results/raw/energy/measurements/20260801_015012_npu_uint_map_reduce_q24_k8_max_uniform_s24000180_rep2_rapl.txt,0.816837,10.570712,12.941029,4.707117,6.725764,8.233912,0,,,,,,,,,
rapl,npu,uint,map_reduce,max,8,16777216,bench/results/raw/energy/measurements/20260801_015012_npu_uint_map_reduce_q24_k8_max_uniform_s24000180_rep3_rapl.txt,0.803534,10.535527,13.111496,4.707117,6.753201,8.404379,0,,,,,,,,,
