source,backend,dtype,algorithm,mode,k,n,dist,seed,rep,file_path,elapsed_seconds,energy_joules,average_watts,baseline_watts,net_energy_joules,net_average_watts,command_exit_code,inproc_counters,inproc_e2e_joules,inproc_algo_joules,inproc_e2e_seconds,inproc_algo_seconds,inproc_net_e2e_joules,inproc_net_algo_joules,inproc_loop_joules,inproc_loop_seconds
rapl,cpu,half,bitonic,max,256,65536,uniform,16000404,1,bench/results/raw/energy/measurements/20260817_174754_cpu_half_bitonic_q16_k256_max_uniform_s16000404_rep1_rapl.txt,0.031077,0.332594,10.702123,4.871461,0.181202,5.830662,0,rapl:package+core,0.266649,0.266649,0.023063,0.023063,0.154298494957,0.154298494957,0.266649,0.024479
rapl,cpu,half,bitonic,max,256,65536,uniform,16000404,2,bench/results/raw/energy/measurements/20260817_174754_cpu_half_bitonic_q16_k256_max_uniform_s16000404_rep2_rapl.txt,0.030691,0.320052,10.428073,4.871461,0.17054,5.556612,0,rapl:package+core,0.241,0.241,0.022707,0.022707,0.130383735073,0.130383735073,0.241,0.024144
rapl,cpu,half,bitonic,max,256,65536,uniform,16000404,3,bench/results/raw/energy/measurements/20260817_174754_cpu_half_bitonic_q16_k256_max_uniform_s16000404_rep3_rapl.txt,0.030464,0.310836,10.20325,4.871461,0.16243,5.331789,0,rapl:package+core,0.22237,0.22237,0.022551,0.022551,0.112513682989,0.112513682989,0.234347,0.02394
rapl,cpu,half,bitonic,max,4096,65536,uniform,16004244,1,bench/results/raw/energy/measurements/20260817_174754_cpu_half_bitonic_q16_k4096_max_uniform_s16004244_rep1_rapl.txt,0.051792,0.498586,9.626717,4.871461,0.246284,4.755256,0,rapl:package+core,0.393199,0.393199,0.039289,0.039289,0.201804168771,0.201804168771,0.404734,0.041292
rapl,cpu,half,bitonic,max,4096,65536,uniform,16004244,2,bench/results/raw/energy/measurements/20260817_174754_cpu_half_bitonic_q16_k4096_max_uniform_s16004244_rep2_rapl.txt,0.051736,0.521701,10.083838,4.871461,0.269669,5.212377,0,rapl:package+core,0.398324,0.398324,0.039292,0.039292,0.206914554388,0.206914554388,0.424416,0.041114
rapl,cpu,half,bitonic,max,4096,65536,uniform,16004244,3,bench/results/raw/energy/measurements/20260817_174754_cpu_half_bitonic_q16_k4096_max_uniform_s16004244_rep3_rapl.txt,0.051674,0.509907,9.867834,4.871461,0.258181,4.996373,0,rapl:package+core,0.402017,0.402017,0.039302,0.039302,0.210558839778,0.210558839778,0.413949,0.041326
rapl,cpu,half,bitonic,max,8,65536,uniform,16000156,1,bench/results/raw/energy/measurements/20260817_174754_cpu_half_bitonic_q16_k8_max_uniform_s16000156_rep1_rapl.txt,0.015435,0.166038,10.756921,4.871461,0.090845,5.88546,0,rapl:package+core,0.068203,0.068203,0.008343,0.008343,0.027560400877,0.027560400877,0.091258,0.010286
rapl,cpu,half,bitonic,max,8,65536,uniform,16000156,2,bench/results/raw/energy/measurements/20260817_174754_cpu_half_bitonic_q16_k8_max_uniform_s16000156_rep2_rapl.txt,0.01545,0.171393,11.09374,4.871461,0.096131,6.222279,0,rapl:package+core,0.094691,0.094691,0.008339,0.008339,0.054067886721,0.054067886721,0.106272,0.010309
rapl,cpu,half,bitonic,max,8,65536,uniform,16000156,3,bench/results/raw/energy/measurements/20260817_174754_cpu_half_bitonic_q16_k8_max_uniform_s16000156_rep3_rapl.txt,0.015703,0.165565,10.543231,4.871461,0.089066,5.67177,0,rapl:package+core,0.087291,0.087291,0.008554,0.008554,0.045620522606,0.045620522606,0.112482,0.010577
rapl,cpu,half,bitonic,max,131072,131072,uniform,17131223,1,bench/results/raw/energy/measurements/20260817_174754_cpu_half_bitonic_q17_k131072_max_uniform_s17131223_rep1_rapl.txt,0.16416,1.657172,10.094873,4.871461,0.857474,5.223412,0,rapl:package+core,1.171219,1.171219,0.113682,0.113682,0.617421570598,0.617421570598,1.171219,0.115382
rapl,cpu,half,bitonic,max,131072,131072,uniform,17131223,2,bench/results/raw/energy/measurements/20260817_174754_cpu_half_bitonic_q17_k131072_max_uniform_s17131223_rep2_rapl.txt,0.162611,1.632576,10.039748,4.871461,0.840422,5.168287,0,rapl:package+core,1.14731,1.14731,0.112114,0.112114,0.601151021446,0.601151021446,1.15944,0.113801
rapl,cpu,half,bitonic,max,131072,131072,uniform,17131223,3,bench/results/raw/energy/measurements/20260817_174754_cpu_half_bitonic_q17_k131072_max_uniform_s17131223_rep3_rapl.txt,0.163308,1.745515,10.688491,4.871461,0.949967,5.81703,0,rapl:package+core,1.261241,1.261241,0.112548,0.112548,0.712967807372,0.712967807372,1.261241,0.114264
rapl,cpu,half,bitonic,max,256,131072,uniform,17000407,1,bench/results/raw/energy/measurements/20260817_174754_cpu_half_bitonic_q17_k256_max_uniform_s17000407_rep1_rapl.txt,0.038769,0.479772,12.375295,4.871461,0.290913,7.503834,0,rapl:package+core,0.285446,0.285446,0.02573,0.02573,0.16010330847,0.16010330847,0.389049,0.03066
rapl,cpu,half,bitonic,max,256,131072,uniform,17000407,2,bench/results/raw/energy/measurements/20260817_174754_cpu_half_bitonic_q17_k256_max_uniform_s17000407_rep2_rapl.txt,0.040218,0.479147,11.913711,4.871461,0.283226,7.04225,0,rapl:package+core,0.327299,0.327299,0.027118,0.027118,0.195194720602,0.195194720602,0.392603,0.032084
rapl,cpu,half,bitonic,max,256,131072,uniform,17000407,3,bench/results/raw/energy/measurements/20260817_174754_cpu_half_bitonic_q17_k256_max_uniform_s17000407_rep3_rapl.txt,0.04507,0.871796,19.342979,4.871461,0.652237,14.471518,0,rapl:package+core,0.540362,0.540362,0.028931,0.028931,0.399425761809,0.399425761809,0.676082,0.034426
rapl,cpu,half,bitonic,max,4096,131072,uniform,17004247,1,bench/results/raw/energy/measurements/20260817_174754_cpu_half_bitonic_q17_k4096_max_uniform_s17004247_rep1_rapl.txt,0.056576,0.71148,12.5757,4.871461,0.435873,7.704239,0,rapl:package+core,0.479254,0.479254,0.041078,0.041078,0.279144125042,0.279144125042,0.574036,0.045921
rapl,cpu,half,bitonic,max,4096,131072,uniform,17004247,2,bench/results/raw/energy/measurements/20260817_174754_cpu_half_bitonic_q17_k4096_max_uniform_s17004247_rep2_rapl.txt,0.057916,0.708047,12.225479,4.871461,0.425913,7.354018,0,rapl:package+core,0.521824,0.521824,0.041081,0.041081,0.321699510659,0.321699510659,0.582536,0.045909
rapl,cpu,half,bitonic,max,4096,131072,uniform,17004247,3,bench/results/raw/energy/measurements/20260817_174754_cpu_half_bitonic_q17_k4096_max_uniform_s17004247_rep3_rapl.txt,0.05792,0.710977,12.275059,4.871461,0.42882,7.403598,0,rapl:package+core,0.549867,0.549867,0.041137,0.041137,0.349469708843,0.349469708843,0.580674,0.045971
rapl,cpu,half,bitonic,max,8,131072,uniform,17000159,1,bench/results/raw/energy/measurements/20260817_174754_cpu_half_bitonic_q17_k8_max_uniform_s17000159_rep1_rapl.txt,0.022197,0.246355,11.098687,4.871461,0.138224,6.227226,0,rapl:package+core,0.119792,0.119792,0.010485,0.010485,0.068714731415,0.068714731415,0.158973,0.015744
rapl,cpu,half,bitonic,max,8,131072,uniform,17000159,2,bench/results/raw/energy/measurements/20260817_174754_cpu_half_bitonic_q17_k8_max_uniform_s17000159_rep2_rapl.txt,0.020952,0.232258,11.08525,4.871461,0.130191,6.213789,0,rapl:package+core,0.098064,0.098064,0.009797,0.009797,0.050338296583,0.050338296583,0.162452,0.014394
rapl,cpu,half,bitonic,max,8,131072,uniform,17000159,3,bench/results/raw/energy/measurements/20260817_174754_cpu_half_bitonic_q17_k8_max_uniform_s17000159_rep3_rapl.txt,0.020984,0.23505,11.201172,4.871461,0.132825,6.329711,0,rapl:package+core,0.13392,0.13392,0.009713,0.009713,0.086603499307,0.086603499307,0.160255,0.014375
rapl,cpu,half,bitonic,max,131072,262144,uniform,18131226,1,bench/results/raw/energy/measurements/20260817_174754_cpu_half_bitonic_q18_k131072_max_uniform_s18131226_rep1_rapl.txt,0.191586,2.48533,12.972381,4.871461,1.552025,8.10092,0,rapl:package+core,1.759017,1.759017,0.128797,0.128797,1.13158743758,1.13158743758,1.919273,0.139094
rapl,cpu,half,bitonic,max,131072,262144,uniform,18131226,2,bench/results/raw/energy/measurements/20260817_174754_cpu_half_bitonic_q18_k131072_max_uniform_s18131226_rep2_rapl.txt,0.191681,2.506447,13.076143,4.871461,1.572681,8.204682,0,rapl:package+core,1.753051,1.753051,0.128626,0.128626,1.12645445741,1.12645445741,1.935385,0.138909
rapl,cpu,half,bitonic,max,131072,262144,uniform,18131226,3,bench/results/raw/energy/measurements/20260817_174754_cpu_half_bitonic_q18_k131072_max_uniform_s18131226_rep3_rapl.txt,0.191701,2.476739,12.919823,4.871461,1.542877,8.048362,0,rapl:package+core,1.709812,1.709812,0.128337,0.128337,1.08462330964,1.08462330964,1.910958,0.138852
rapl,cpu,half,bitonic,max,256,262144,uniform,18000410,1,bench/results/raw/energy/measurements/20260817_174754_cpu_half_bitonic_q18_k256_max_uniform_s18000410_rep1_rapl.txt,0.048985,0.733407,14.972217,4.871461,0.494781,10.100756,0,rapl:package+core,0.46659,0.46659,0.027722,0.027722,0.331543358158,0.331543358158,0.616027,0.03814
rapl,cpu,half,bitonic,max,256,262144,uniform,18000410,2,bench/results/raw/energy/measurements/20260817_174754_cpu_half_bitonic_q18_k256_max_uniform_s18000410_rep2_rapl.txt,0.049956,0.743065,14.874436,4.871461,0.499707,10.002975,0,rapl:package+core,0.487448,0.487448,0.027632,0.027632,0.352839789648,0.352839789648,0.620772,0.037843
rapl,cpu,half,bitonic,max,256,262144,uniform,18000410,3,bench/results/raw/energy/measurements/20260817_174754_cpu_half_bitonic_q18_k256_max_uniform_s18000410_rep3_rapl.txt,0.050228,0.739205,14.717095,4.871461,0.494523,9.845634,0,rapl:package+core,0.449728,0.449728,0.027881,0.027881,0.313906795859,0.313906795859,0.617552,0.038154
rapl,cpu,half,bitonic,max,4096,262144,uniform,18004250,1,bench/results/raw/energy/measurements/20260817_174754_cpu_half_bitonic_q18_k4096_max_uniform_s18004250_rep1_rapl.txt,0.068153,1.102299,16.173967,4.871461,0.770296,11.302506,0,rapl:package+core,0.674465,0.674465,0.043307,0.043307,0.463496638473,0.463496638473,0.917097,0.053564
rapl,cpu,half,bitonic,max,4096,262144,uniform,18004250,2,bench/results/raw/energy/measurements/20260817_174754_cpu_half_bitonic_q18_k4096_max_uniform_s18004250_rep2_rapl.txt,0.066877,1.112293,16.63189,4.871461,0.786504,11.760429,0,rapl:package+core,0.76693,0.76693,0.043245,0.043245,0.556263669055,0.556263669055,0.913832,0.053385
rapl,cpu,half,bitonic,max,4096,262144,uniform,18004250,3,bench/results/raw/energy/measurements/20260817_174754_cpu_half_bitonic_q18_k4096_max_uniform_s18004250_rep3_rapl.txt,0.067243,1.108768,16.48889,4.871461,0.781195,11.617429,0,rapl:package+core,0.738044,0.738044,0.043644,0.043644,0.525433956116,0.525433956116,0.925337,0.053835
rapl,cpu,half,bitonic,max,8,262144,uniform,18000162,1,bench/results/raw/energy/measurements/20260817_174754_cpu_half_bitonic_q18_k8_max_uniform_s18000162_rep1_rapl.txt,0.031064,0.367779,11.839565,4.871461,0.216454,6.968104,0,rapl:package+core,0.145395,0.145395,0.011545,0.011545,0.089153982755,0.089153982755,0.259828,0.021737
rapl,cpu,half,bitonic,max,8,262144,uniform,18000162,2,bench/results/raw/energy/measurements/20260817_174754_cpu_half_bitonic_q18_k8_max_uniform_s18000162_rep2_rapl.txt,0.03233,0.38705,11.972016,4.871461,0.229558,7.100555,0,rapl:package+core,0.13865,0.13865,0.011583,0.011583,0.082223867237,0.082223867237,0.289155,0.021684
rapl,cpu,half,bitonic,max,8,262144,uniform,18000162,3,bench/results/raw/energy/measurements/20260817_174754_cpu_half_bitonic_q18_k8_max_uniform_s18000162_rep3_rapl.txt,0.03073,0.362728,11.803523,4.871461,0.213026,6.932062,0,rapl:package+core,0.138727,0.138727,0.011517,0.011517,0.082622383663,0.082622383663,0.269685,0.021541
rapl,cpu,half,bitonic,max,131072,524288,uniform,19131229,1,bench/results/raw/energy/measurements/20260817_174754_cpu_half_bitonic_q19_k131072_max_uniform_s19131229_rep1_rapl.txt,0.223517,3.892224,17.413553,4.871461,2.80337,12.542092,0,rapl:package+core,2.675767,2.675767,0.141128,0.141128,1.98826745199,1.98826745199,3.144658,0.164316
rapl,cpu,half,bitonic,max,131072,524288,uniform,19131229,2,bench/results/raw/energy/measurements/20260817_174754_cpu_half_bitonic_q19_k131072_max_uniform_s19131229_rep2_rapl.txt,0.223622,3.885449,17.375068,4.871461,2.796083,12.503607,0,rapl:package+core,2.675979,2.675979,0.141102,0.141102,1.98860610998,1.98860610998,3.116416,0.164208
rapl,cpu,half,bitonic,max,131072,524288,uniform,19131229,3,bench/results/raw/energy/measurements/20260817_174754_cpu_half_bitonic_q19_k131072_max_uniform_s19131229_rep3_rapl.txt,0.223517,3.874128,17.332611,4.871461,2.785275,12.46115,0,rapl:package+core,2.647677,2.647677,0.141216,0.141216,1.95974876342,1.95974876342,3.142965,0.16446
rapl,cpu,half,bitonic,max,256,524288,uniform,19000413,1,bench/results/raw/energy/measurements/20260817_174754_cpu_half_bitonic_q19_k256_max_uniform_s19000413_rep1_rapl.txt,0.074891,1.351035,18.040111,4.871461,0.986208,13.16865,0,rapl:package+core,0.804537,0.804537,0.037498,0.037498,0.621866955422,0.621866955422,1.143037,0.058275
rapl,cpu,half,bitonic,max,256,524288,uniform,19000413,2,bench/results/raw/energy/measurements/20260817_174754_cpu_half_bitonic_q19_k256_max_uniform_s19000413_rep2_rapl.txt,0.072494,1.324959,18.276741,4.871461,0.971806,13.40528,0,rapl:package+core,0.756584,0.756584,0.035315,0.035315,0.584548354785,0.584548354785,1.118046,0.056069
rapl,cpu,half,bitonic,max,256,524288,uniform,19000413,3,bench/results/raw/energy/measurements/20260817_174754_cpu_half_bitonic_q19_k256_max_uniform_s19000413_rep3_rapl.txt,0.072051,1.344337,18.65818,4.871461,0.993344,13.786719,0,rapl:package+core,0.662732,0.662732,0.034849,0.034849,0.492966455611,0.492966455611,1.109836,0.055637
rapl,cpu,half,bitonic,max,4096,524288,uniform,19004253,1,bench/results/raw/energy/measurements/20260817_174754_cpu_half_bitonic_q19_k4096_max_uniform_s19004253_rep1_rapl.txt,0.089711,1.898385,21.161129,4.871461,1.461362,16.289668,0,rapl:package+core,1.086949,1.086949,0.049912,0.049912,0.843804638568,0.843804638568,1.621483,0.070636
rapl,cpu,half,bitonic,max,4096,524288,uniform,19004253,2,bench/results/raw/energy/measurements/20260817_174754_cpu_half_bitonic_q19_k4096_max_uniform_s19004253_rep2_rapl.txt,0.090528,1.913628,21.138574,4.871461,1.472625,16.267113,0,rapl:package+core,1.06812,1.06812,0.050876,0.050876,0.820279550164,0.820279550164,1.635489,0.07168
rapl,cpu,half,bitonic,max,4096,524288,uniform,19004253,3,bench/results/raw/energy/measurements/20260817_174754_cpu_half_bitonic_q19_k4096_max_uniform_s19004253_rep3_rapl.txt,0.090726,1.916252,21.121223,4.871461,1.474282,16.249762,0,rapl:package+core,1.161577,1.161577,0.050965,0.050965,0.913302990135,0.913302990135,1.589883,0.071656
rapl,cpu,half,bitonic,max,8,524288,uniform,19000165,1,bench/results/raw/energy/measurements/20260817_174754_cpu_half_bitonic_q19_k8_max_uniform_s19000165_rep1_rapl.txt,0.053199,0.675151,12.691148,4.871461,0.415996,7.819687,0,rapl:package+core,0.241304,0.241304,0.018023,0.018023,0.153505658397,0.153505658397,0.513661,0.038304
rapl,cpu,half,bitonic,max,8,524288,uniform,19000165,2,bench/results/raw/energy/measurements/20260817_174754_cpu_half_bitonic_q19_k8_max_uniform_s19000165_rep2_rapl.txt,0.052952,0.683986,12.91714,4.871461,0.426033,8.045679,0,rapl:package+core,0.255113,0.255113,0.018005,0.018005,0.167402344695,0.167402344695,0.507832,0.038243
rapl,cpu,half,bitonic,max,8,524288,uniform,19000165,3,bench/results/raw/energy/measurements/20260817_174754_cpu_half_bitonic_q19_k8_max_uniform_s19000165_rep3_rapl.txt,0.052727,0.682796,12.949767,4.871461,0.425941,8.078306,0,rapl:package+core,0.219975,0.219975,0.017607,0.017607,0.134203186173,0.134203186173,0.497518,0.037814
rapl,cpu,half,bitonic,max,131072,1048576,uniform,20131232,1,bench/results/raw/energy/measurements/20260817_174754_cpu_half_bitonic_q20_k131072_max_uniform_s20131232_rep1_rapl.txt,0.277534,6.133609,22.100425,4.871461,4.781615,17.228964,0,rapl:package+core,3.606321,3.606321,0.161566,0.161566,2.81925853207,2.81925853207,5.139382,0.207701
rapl,cpu,half,bitonic,max,131072,1048576,uniform,20131232,2,bench/results/raw/energy/measurements/20260817_174754_cpu_half_bitonic_q20_k131072_max_uniform_s20131232_rep2_rapl.txt,0.277487,6.120517,22.056985,4.871461,4.768752,17.185524,0,rapl:package+core,3.516876,3.516876,0.162714,0.162714,2.72422109485,2.72422109485,5.151299,0.207952
rapl,cpu,half,bitonic,max,131072,1048576,uniform,20131232,3,bench/results/raw/energy/measurements/20260817_174754_cpu_half_bitonic_q20_k131072_max_uniform_s20131232_rep3_rapl.txt,0.277817,6.200302,22.317897,4.871461,4.846925,17.446436,0,rapl:package+core,3.738848,3.738848,0.163061,0.163061,2.94450269788,2.94450269788,5.161248,0.208574
rapl,cpu,half,bitonic,max,256,1048576,uniform,20000416,1,bench/results/raw/energy/measurements/20260817_174754_cpu_half_bitonic_q20_k256_max_uniform_s20000416_rep1_rapl.txt,0.127329,2.463969,19.35122,4.871461,1.843691,14.479759,0,rapl:package+core,1.268657,1.268657,0.058015,0.058015,0.986039190085,0.986039190085,2.08969,0.100056
rapl,cpu,half,bitonic,max,256,1048576,uniform,20000416,2,bench/results/raw/energy/measurements/20260817_174754_cpu_half_bitonic_q20_k256_max_uniform_s20000416_rep2_rapl.txt,0.128258,2.461848,19.1945,4.871461,1.837044,14.323039,0,rapl:package+core,1.490673,1.490673,0.057967,0.057967,1.20828902021,1.20828902021,2.073104,0.100617
rapl,cpu,half,bitonic,max,256,1048576,uniform,20000416,3,bench/results/raw/energy/measurements/20260817_174754_cpu_half_bitonic_q20_k256_max_uniform_s20000416_rep3_rapl.txt,0.126849,2.451869,19.329047,4.871461,1.833929,14.457586,0,rapl:package+core,1.459734,1.459734,0.057789,0.057789,1.17821714027,1.17821714027,2.066208,0.09946
rapl,cpu,half,bitonic,max,4096,1048576,uniform,20004256,1,bench/results/raw/energy/measurements/20260817_174754_cpu_half_bitonic_q20_k4096_max_uniform_s20004256_rep1_rapl.txt,0.164192,3.567504,21.727673,4.871461,2.76765,16.856212,0,rapl:package+core,2.064179,2.064179,0.087776,0.087776,1.63658163926,1.63658163926,3.068475,0.132237
rapl,cpu,half,bitonic,max,4096,1048576,uniform,20004256,2,bench/results/raw/energy/measurements/20260817_174754_cpu_half_bitonic_q20_k4096_max_uniform_s20004256_rep2_rapl.txt,0.16386,3.587248,21.892205,4.871461,2.789012,17.020744,0,rapl:package+core,2.105315,2.105315,0.087943,0.087943,1.67690410528,1.67690410528,3.077127,0.132308
rapl,cpu,half,bitonic,max,4096,1048576,uniform,20004256,3,bench/results/raw/energy/measurements/20260817_174754_cpu_half_bitonic_q20_k4096_max_uniform_s20004256_rep3_rapl.txt,0.163843,3.592374,21.925752,4.871461,2.794221,17.054291,0,rapl:package+core,2.102095,2.102095,0.087851,0.087851,1.67413227969,1.67413227969,3.074121,0.13191
rapl,cpu,half,bitonic,max,8,1048576,uniform,20000168,1,bench/results/raw/energy/measurements/20260817_174754_cpu_half_bitonic_q20_k8_max_uniform_s20000168_rep1_rapl.txt,0.089589,1.155488,12.897638,4.871461,0.719058,8.026177,0,rapl:package+core,0.309402,0.309402,0.024378,0.024378,0.190645523742,0.190645523742,0.883622,0.065698
rapl,cpu,half,bitonic,max,8,1048576,uniform,20000168,2,bench/results/raw/energy/measurements/20260817_174754_cpu_half_bitonic_q20_k8_max_uniform_s20000168_rep2_rapl.txt,0.090556,1.182114,13.053935,4.871461,0.740973,8.182474,0,rapl:package+core,0.285279,0.285279,0.024886,0.024886,0.164047821554,0.164047821554,0.902755,0.066321
rapl,cpu,half,bitonic,max,8,1048576,uniform,20000168,3,bench/results/raw/energy/measurements/20260817_174754_cpu_half_bitonic_q20_k8_max_uniform_s20000168_rep3_rapl.txt,0.090062,1.172287,13.016493,4.871461,0.733555,8.145032,0,rapl:package+core,0.295226,0.295226,0.024172,0.024172,0.177473044708,0.177473044708,0.902786,0.065867
rapl,cpu,half,bitonic,max,131072,2097152,uniform,21131235,1,bench/results/raw/energy/measurements/20260817_174754_cpu_half_bitonic_q21_k131072_max_uniform_s21131235_rep1_rapl.txt,0.44636,11.206421,25.10622,4.871461,9.031994,20.234759,0,rapl:package+core,7.972333,7.972333,0.292406,0.292406,6.54788857483,6.54788857483,9.64063,0.350456
rapl,cpu,half,bitonic,max,131072,2097152,uniform,21131235,2,bench/results/raw/energy/measurements/20260817_174754_cpu_half_bitonic_q21_k131072_max_uniform_s21131235_rep2_rapl.txt,0.445842,11.206421,25.135421,4.871461,9.03452,20.26396,0,rapl:package+core,8.060512,8.060512,0.292242,0.292242,6.63686649444,6.63686649444,9.618994,0.349877
rapl,cpu,half,bitonic,max,131072,2097152,uniform,21131235,3,bench/results/raw/energy/measurements/20260817_174754_cpu_half_bitonic_q21_k131072_max_uniform_s21131235_rep3_rapl.txt,0.431382,11.022791,25.552277,4.871461,8.921331,20.680816,0,rapl:package+core,7.81497,7.81497,0.282304,0.282304,6.43973707386,6.43973707386,9.440171,0.336764
rapl,cpu,half,bitonic,max,256,2097152,uniform,21000419,1,bench/results/raw/energy/measurements/20260817_174754_cpu_half_bitonic_q21_k256_max_uniform_s21000419_rep1_rapl.txt,0.202079,4.370089,21.625691,4.871461,3.385671,16.75423,0,rapl:package+core,2.076372,2.076372,0.103567,0.103567,1.57184939861,1.57184939861,3.712394,0.157098
rapl,cpu,half,bitonic,max,256,2097152,uniform,21000419,2,bench/results/raw/energy/measurements/20260817_174754_cpu_half_bitonic_q21_k256_max_uniform_s21000419_rep2_rapl.txt,0.214629,4.559457,21.243417,4.871461,3.513899,16.371956,0,rapl:package+core,2.122739,2.122739,0.113599,0.113599,1.56934590186,1.56934590186,3.866881,0.168363
rapl,cpu,half,bitonic,max,256,2097152,uniform,21000419,3,bench/results/raw/energy/measurements/20260817_174754_cpu_half_bitonic_q21_k256_max_uniform_s21000419_rep3_rapl.txt,0.205292,4.469801,21.772921,4.871461,3.46973,16.90146,0,rapl:package+core,2.107524,2.107524,0.10665,0.10665,1.58798268435,1.58798268435,3.786212,0.159723
rapl,cpu,half,bitonic,max,4096,2097152,uniform,21004259,1,bench/results/raw/energy/measurements/20260817_174754_cpu_half_bitonic_q21_k4096_max_uniform_s21004259_rep1_rapl.txt,0.302548,7.170055,23.698869,4.871461,5.696202,18.827408,0,rapl:package+core,4.776059,4.776059,0.187039,0.187039,3.86490580602,3.86490580602,6.116093,0.240814
rapl,cpu,half,bitonic,max,4096,2097152,uniform,21004259,2,bench/results/raw/energy/measurements/20260817_174754_cpu_half_bitonic_q21_k4096_max_uniform_s21004259_rep2_rapl.txt,0.279814,6.749666,24.121994,4.871461,5.386564,19.250533,0,rapl:package+core,4.069019,4.069019,0.171492,0.171492,3.23360241019,3.23360241019,5.870104,0.227481
rapl,cpu,half,bitonic,max,4096,2097152,uniform,21004259,3,bench/results/raw/energy/measurements/20260817_174754_cpu_half_bitonic_q21_k4096_max_uniform_s21004259_rep3_rapl.txt,0.282541,6.881068,24.354246,4.871461,5.504682,19.482785,0,rapl:package+core,4.182357,4.182357,0.175427,0.175427,3.32777121115,3.32777121115,6.003351,0.229655
rapl,cpu,half,bitonic,max,8,2097152,uniform,21000171,1,bench/results/raw/energy/measurements/20260817_174754_cpu_half_bitonic_q21_k8_max_uniform_s21000171_rep1_rapl.txt,0.14084,1.998477,14.18974,4.871461,1.312382,9.318279,0,rapl:package+core,0.899992,0.899992,0.048333,0.048333,0.664539675487,0.664539675487,1.564739,0.101588
rapl,cpu,half,bitonic,max,8,2097152,uniform,21000171,2,bench/results/raw/energy/measurements/20260817_174754_cpu_half_bitonic_q21_k8_max_uniform_s21000171_rep2_rapl.txt,0.127761,1.848171,14.465859,4.871461,1.225789,9.594398,0,rapl:package+core,0.648629,0.648629,0.038357,0.038357,0.461774370423,0.461774370423,1.411197,0.089467
rapl,cpu,half,bitonic,max,8,2097152,uniform,21000171,3,bench/results/raw/energy/measurements/20260817_174754_cpu_half_bitonic_q21_k8_max_uniform_s21000171_rep3_rapl.txt,0.140407,2.019366,14.382198,4.871461,1.335377,9.510737,0,rapl:package+core,0.904329,0.904329,0.04782,0.04782,0.67137573498,0.67137573498,1.583765,0.10135
rapl,cpu,half,bitonic,max,131072,4194304,uniform,22131238,1,bench/results/raw/energy/measurements/20260817_174754_cpu_half_bitonic_q22_k131072_max_uniform_s22131238_rep1_rapl.txt,0.774508,21.379388,27.603831,4.871461,17.606402,22.73237,0,rapl:package+core,16.96723,16.96723,0.556245,0.556245,14.2575041761,14.2575041761,18.724725,0.629168
rapl,cpu,half,bitonic,max,131072,4194304,uniform,22131238,2,bench/results/raw/energy/measurements/20260817_174754_cpu_half_bitonic_q22_k131072_max_uniform_s22131238_rep2_rapl.txt,0.770449,21.36918,27.736011,4.871461,17.615968,22.86455,0,rapl:package+core,16.905086,16.905086,0.550851,0.550851,14.2216368367,14.2216368367,18.639097,0.624375
rapl,cpu,half,bitonic,max,131072,4194304,uniform,22131238,3,bench/results/raw/energy/measurements/20260817_174754_cpu_half_bitonic_q22_k131072_max_uniform_s22131238_rep3_rapl.txt,0.771994,21.444737,27.778377,4.871461,17.683999,22.906916,0,rapl:package+core,16.945228,16.945228,0.552851,0.552851,14.2520359147,14.2520359147,18.729332,0.626193
rapl,cpu,half,bitonic,max,256,4194304,uniform,22000422,1,bench/results/raw/energy/measurements/20260817_174754_cpu_half_bitonic_q22_k256_max_uniform_s22000422_rep1_rapl.txt,0.351323,8.245591,23.470122,4.871461,6.534135,18.598661,0,rapl:package+core,4.871392,4.871392,0.200942,0.200942,3.89251088374,3.89251088374,7.062287,0.272285
rapl,cpu,half,bitonic,max,256,4194304,uniform,22000422,2,bench/results/raw/energy/measurements/20260817_174754_cpu_half_bitonic_q22_k256_max_uniform_s22000422_rep2_rapl.txt,0.350718,8.267639,23.573465,4.871461,6.55913,18.702004,0,rapl:package+core,4.93819,4.93819,0.200339,0.200339,3.96224637472,3.96224637472,7.066773,0.272105
rapl,cpu,half,bitonic,max,256,4194304,uniform,22000422,3,bench/results/raw/energy/measurements/20260817_174754_cpu_half_bitonic_q22_k256_max_uniform_s22000422_rep3_rapl.txt,0.361365,8.433249,23.3372,4.871461,6.672873,18.465739,0,rapl:package+core,5.058101,5.058101,0.211421,0.211421,4.02817184392,4.02817184392,7.218881,0.282373
rapl,cpu,half,bitonic,max,4096,4194304,uniform,22004262,1,bench/results/raw/energy/measurements/20260817_174754_cpu_half_bitonic_q22_k4096_max_uniform_s22004262_rep1_rapl.txt,0.496335,12.958772,26.108946,4.871461,10.540898,21.237485,0,rapl:package+core,9.386704,9.386704,0.32827,0.32827,7.78754949753,7.78754949753,11.346551,0.40413
rapl,cpu,half,bitonic,max,4096,4194304,uniform,22004262,2,bench/results/raw/energy/measurements/20260817_174754_cpu_half_bitonic_q22_k4096_max_uniform_s22004262_rep2_rapl.txt,0.497618,13.077724,26.280626,4.871461,10.653595,21.409165,0,rapl:package+core,9.567086,9.567086,0.335644,0.335644,7.93200934412,7.93200934412,11.424809,0.405424
rapl,cpu,half,bitonic,max,4096,4194304,uniform,22004262,3,bench/results/raw/energy/measurements/20260817_174754_cpu_half_bitonic_q22_k4096_max_uniform_s22004262_rep3_rapl.txt,0.491151,12.937899,26.341981,4.871461,10.545274,21.47052,0,rapl:package+core,9.168867,9.168867,0.326314,0.326314,7.57924107525,7.57924107525,11.292828,0.399026
rapl,cpu,half,bitonic,max,8,4194304,uniform,22000174,1,bench/results/raw/energy/measurements/20260817_174754_cpu_half_bitonic_q22_k8_max_uniform_s22000174_rep1_rapl.txt,0.211473,3.263869,15.433976,4.871461,2.233687,10.562515,0,rapl:package+core,1.179853,1.179853,0.073973,0.073973,0.819496415447,0.819496415447,2.533728,0.145307
rapl,cpu,half,bitonic,max,8,4194304,uniform,22000174,2,bench/results/raw/energy/measurements/20260817_174754_cpu_half_bitonic_q22_k8_max_uniform_s22000174_rep2_rapl.txt,0.2131,3.299253,15.482168,4.871461,2.261144,10.610707,0,rapl:package+core,1.113677,1.113677,0.075799,0.075799,0.744425127661,0.744425127661,2.563282,0.146862
rapl,cpu,half,bitonic,max,8,4194304,uniform,22000174,3,bench/results/raw/energy/measurements/20260817_174754_cpu_half_bitonic_q22_k8_max_uniform_s22000174_rep3_rapl.txt,0.211007,3.309216,15.682941,4.871461,2.281302,10.81148,0,rapl:package+core,1.123573,1.123573,0.073851,0.073851,0.763810733689,0.763810733689,2.556646,0.14502
rapl,cpu,half,bitonic,max,131072,8388608,uniform,23131241,1,bench/results/raw/energy/measurements/20260817_174754_cpu_half_bitonic_q23_k131072_max_uniform_s23131241_rep1_rapl.txt,1.459199,41.441247,28.399993,4.871461,34.332815,23.528532,0,rapl:package+core,33.711761,33.711761,1.100113,1.100113,28.3526034249,28.3526034249,36.561219,1.209281
rapl,cpu,half,bitonic,max,131072,8388608,uniform,23131241,2,bench/results/raw/energy/measurements/20260817_174754_cpu_half_bitonic_q23_k131072_max_uniform_s23131241_rep2_rapl.txt,1.472579,41.600846,28.250332,4.871461,34.427235,23.378871,0,rapl:package+core,33.813692,33.813692,1.105949,1.105949,28.4261045785,28.4261045785,36.658474,1.222952
rapl,cpu,half,bitonic,max,131072,8388608,uniform,23131241,3,bench/results/raw/energy/measurements/20260817_174754_cpu_half_bitonic_q23_k131072_max_uniform_s23131241_rep3_rapl.txt,1.477238,41.606537,28.165084,4.871461,34.410229,23.293623,0,rapl:package+core,33.604979,33.604979,1.107332,1.107332,28.2106543479,28.2106543479,36.691218,1.226094
rapl,cpu,half,bitonic,max,256,8388608,uniform,23000425,1,bench/results/raw/energy/measurements/20260817_174754_cpu_half_bitonic_q23_k256_max_uniform_s23000425_rep1_rapl.txt,0.666543,16.290662,24.440544,4.871461,13.043626,19.569083,0,rapl:package+core,11.271494,11.271494,0.402795,0.402795,9.30929386651,9.30929386651,14.003152,0.51734
rapl,cpu,half,bitonic,max,256,8388608,uniform,23000425,2,bench/results/raw/energy/measurements/20260817_174754_cpu_half_bitonic_q23_k256_max_uniform_s23000425_rep2_rapl.txt,0.665857,16.38816,24.61212,4.871461,13.144462,19.740659,0,rapl:package+core,11.339829,11.339829,0.406926,0.406926,9.35750486111,9.35750486111,14.05335,0.517877
rapl,cpu,half,bitonic,max,256,8388608,uniform,23000425,3,bench/results/raw/energy/measurements/20260817_174754_cpu_half_bitonic_q23_k256_max_uniform_s23000425_rep3_rapl.txt,0.66554,16.346903,24.561865,4.871461,13.104751,19.690404,0,rapl:package+core,11.337577,11.337577,0.400151,0.400151,9.38825700939,9.38825700939,14.031349,0.516779
rapl,cpu,half,bitonic,max,4096,8388608,uniform,23004265,1,bench/results/raw/energy/measurements/20260817_174754_cpu_half_bitonic_q23_k4096_max_uniform_s23004265_rep1_rapl.txt,0.946789,25.509804,26.943507,4.871461,20.897561,22.072046,0,rapl:package+core,19.413353,19.413353,0.656588,0.656588,16.2148101649,16.2148101649,22.350101,0.771722
rapl,cpu,half,bitonic,max,4096,8388608,uniform,23004265,2,bench/results/raw/energy/measurements/20260817_174754_cpu_half_bitonic_q23_k4096_max_uniform_s23004265_rep2_rapl.txt,0.936263,25.3537,27.079689,4.871461,20.792733,22.208228,0,rapl:package+core,19.338133,19.338133,0.648772,0.648772,16.1776655041,16.1776655041,22.179411,0.762223
rapl,cpu,half,bitonic,max,4096,8388608,uniform,23004265,3,bench/results/raw/energy/measurements/20260817_174754_cpu_half_bitonic_q23_k4096_max_uniform_s23004265_rep3_rapl.txt,0.952147,25.613131,26.900382,4.871461,20.974782,22.028921,0,rapl:package+core,19.485582,19.485582,0.662313,0.662313,16.2591500507,16.2591500507,22.431823,0.777798
rapl,cpu,half,bitonic,max,8,8388608,uniform,23000177,1,bench/results/raw/energy/measurements/20260817_174754_cpu_half_bitonic_q23_k8_max_uniform_s23000177_rep1_rapl.txt,0.394989,6.400091,16.203232,4.871461,4.47592,11.331771,0,rapl:package+core,2.57108,2.57108,0.152425,0.152425,1.82854755707,1.82854755707,4.972278,0.270991
rapl,cpu,half,bitonic,max,8,8388608,uniform,23000177,2,bench/results/raw/energy/measurements/20260817_174754_cpu_half_bitonic_q23_k8_max_uniform_s23000177_rep2_rapl.txt,0.387068,6.236097,16.111133,4.871461,4.350512,11.239672,0,rapl:package+core,2.574927,2.574927,0.15031,0.15031,1.84269769709,1.84269769709,4.892553,0.263766
rapl,cpu,half,bitonic,max,8,8388608,uniform,23000177,3,bench/results/raw/energy/measurements/20260817_174754_cpu_half_bitonic_q23_k8_max_uniform_s23000177_rep3_rapl.txt,0.386353,6.358451,16.45764,4.871461,4.47635,11.586179,0,rapl:package+core,2.542265,2.542265,0.150262,0.150262,1.81026952722,1.81026952722,4.901113,0.263156
rapl,cpu,half,bitonic,max,131072,16777216,uniform,24131244,1,bench/results/raw/energy/measurements/20260817_174754_cpu_half_bitonic_q24_k131072_max_uniform_s24131244_rep1_rapl.txt,2.847368,81.24444,28.533169,4.871461,67.373597,23.661708,0,rapl:package+core,68.846492,68.846492,2.185679,2.185679,58.199041993,58.199041993,72.086177,2.389498
rapl,cpu,half,bitonic,max,131072,16777216,uniform,24131244,2,bench/results/raw/energy/measurements/20260817_174754_cpu_half_bitonic_q24_k131072_max_uniform_s24131244_rep2_rapl.txt,2.852486,81.430268,28.547124,4.871461,67.534494,23.675663,0,rapl:package+core,68.922019,68.922019,2.189757,2.189757,58.254703175,58.254703175,72.305526,2.395566
rapl,cpu,half,bitonic,max,131072,16777216,uniform,24131244,3,bench/results/raw/energy/measurements/20260817_174754_cpu_half_bitonic_q24_k131072_max_uniform_s24131244_rep3_rapl.txt,2.853505,81.374438,28.517366,4.871461,67.473701,23.645905,0,rapl:package+core,69.070599,69.070599,2.194847,2.194847,58.3784874385,58.3784874385,72.200749,2.397261
rapl,cpu,half,bitonic,max,256,16777216,uniform,24000428,1,bench/results/raw/energy/measurements/20260817_174754_cpu_half_bitonic_q24_k256_max_uniform_s24000428_rep1_rapl.txt,1.287266,32.608223,25.331383,4.871461,26.337358,20.459922,0,rapl:package+core,23.936781,23.936781,0.800225,0.800225,20.0385161213,20.0385161213,28.124294,0.999801
rapl,cpu,half,bitonic,max,256,16777216,uniform,24000428,2,bench/results/raw/energy/measurements/20260817_174754_cpu_half_bitonic_q24_k256_max_uniform_s24000428_rep2_rapl.txt,1.29477,32.633642,25.204191,4.871461,26.326218,20.33273,0,rapl:package+core,24.123337,24.123337,0.803696,0.803696,20.2081632801,20.2081632801,28.169014,1.007232
rapl,cpu,half,bitonic,max,256,16777216,uniform,24000428,3,bench/results/raw/energy/measurements/20260817_174754_cpu_half_bitonic_q24_k256_max_uniform_s24000428_rep3_rapl.txt,1.308821,32.863886,25.109531,4.871461,26.488015,20.23807,0,rapl:package+core,24.387765,24.387765,0.818826,0.818826,20.3988860752,20.3988860752,28.424586,1.022422
rapl,cpu,half,bitonic,max,4096,16777216,uniform,24004268,1,bench/results/raw/energy/measurements/20260817_174754_cpu_half_bitonic_q24_k4096_max_uniform_s24004268_rep1_rapl.txt,1.855085,50.794828,27.381407,4.871461,41.757855,22.509946,0,rapl:package+core,40.824414,40.824414,1.31593,1.31593,34.4139123263,34.4139123263,44.633938,1.51623
rapl,cpu,half,bitonic,max,4096,16777216,uniform,24004268,2,bench/results/raw/energy/measurements/20260817_174754_cpu_half_bitonic_q24_k4096_max_uniform_s24004268_rep2_rapl.txt,1.858276,51.043915,27.468423,4.871461,41.991395,22.596962,0,rapl:package+core,40.723937,40.723937,1.316538,1.316538,34.310473478,34.310473478,44.568831,1.517434
rapl,cpu,half,bitonic,max,4096,16777216,uniform,24004268,3,bench/results/raw/energy/measurements/20260817_174754_cpu_half_bitonic_q24_k4096_max_uniform_s24004268_rep3_rapl.txt,1.881445,51.179635,27.2023,4.871461,42.014248,22.330839,0,rapl:package+core,41.064009,41.064009,1.337329,1.337329,34.5492629323,34.5492629323,45.076954,1.541494
rapl,cpu,half,bitonic,max,8,16777216,uniform,24000180,1,bench/results/raw/energy/measurements/20260817_174754_cpu_half_bitonic_q24_k8_max_uniform_s24000180_rep1_rapl.txt,0.716325,13.280243,18.539415,4.871461,9.790695,13.667954,0,rapl:package+core,6.423938,6.423938,0.287595,0.287595,5.0229301737,5.0229301737,10.571353,0.481021
rapl,cpu,half,bitonic,max,8,16777216,uniform,24000180,2,bench/results/raw/energy/measurements/20260817_174754_cpu_half_bitonic_q24_k8_max_uniform_s24000180_rep2_rapl.txt,0.711875,13.147514,18.468847,4.871461,9.679642,13.597386,0,rapl:package+core,6.135894,6.135894,0.282532,0.282532,4.75955038075,4.75955038075,10.482154,0.477291
rapl,cpu,half,bitonic,max,8,16777216,uniform,24000180,3,bench/results/raw/energy/measurements/20260817_174754_cpu_half_bitonic_q24_k8_max_uniform_s24000180_rep3_rapl.txt,0.710499,13.279266,18.690048,4.871461,9.818096,13.818587,0,rapl:package+core,6.205381,6.205381,0.283613,0.283613,4.82377133141,4.82377133141,10.401455,0.475421
rapl,cpu,half,gt,max,256,65536,uniform,16000404,1,bench/results/raw/energy/measurements/20260817_174754_cpu_half_gt_q16_k256_max_uniform_s16000404_rep1_rapl.txt,0.01106,0.107157,9.688698,4.871461,0.053279,4.817237,0,rapl:package+core,0.021514,0.021514,0.005014,0.005014,0,0,0.053602,0.006393
rapl,cpu,half,gt,max,256,65536,uniform,16000404,2,bench/results/raw/energy/measurements/20260817_174754_cpu_half_gt_q16_k256_max_uniform_s16000404_rep2_rapl.txt,0.010084,0.105387,10.450755,4.871461,0.056262,5.579294,0,rapl:package+core,0.038999,0.038999,0.004592,0.004592,0.016629251088,0.016629251088,0.062283,0.005631
rapl,cpu,half,gt,max,256,65536,uniform,16000404,3,bench/results/raw/energy/measurements/20260817_174754_cpu_half_gt_q16_k256_max_uniform_s16000404_rep3_rapl.txt,0.010611,0.096324,9.078108,4.871461,0.044635,4.206647,0,rapl:package+core,0.053602,0.053602,0.004662,0.004662,0.030891248818,0.030891248818,0.053602,0.006018
rapl,cpu,half,gt,max,4096,65536,uniform,16004244,1,bench/results/raw/energy/measurements/20260817_174754_cpu_half_gt_q16_k4096_max_uniform_s16004244_rep1_rapl.txt,0.093747,0.799748,8.530906,4.871461,0.343062,3.659445,0,rapl:package+core,0.671321,0.671321,0.079533,0.079533,0.283879092287,0.283879092287,0.671321,0.080936
rapl,cpu,half,gt,max,4096,65536,uniform,16004244,2,bench/results/raw/energy/measurements/20260817_174754_cpu_half_gt_q16_k4096_max_uniform_s16004244_rep2_rapl.txt,0.093529,0.766165,8.191697,4.871461,0.31054,3.320236,0,rapl:package+core,0.639234,0.639234,0.079286,0.079286,0.252995343154,0.252995343154,0.639234,0.080695
rapl,cpu,half,gt,max,4096,65536,uniform,16004244,3,bench/results/raw/energy/measurements/20260817_174754_cpu_half_gt_q16_k4096_max_uniform_s16004244_rep3_rapl.txt,0.093618,0.765052,8.172047,4.871461,0.308995,3.300586,0,rapl:package+core,0.634412,0.634412,0.079553,0.079553,0.246872663067,0.246872663067,0.634412,0.080934
rapl,cpu,half,gt,max,8,65536,uniform,16000156,1,bench/results/raw/energy/measurements/20260817_174754_cpu_half_gt_q16_k8_max_uniform_s16000156_rep1_rapl.txt,0.009444,0.12594,13.335453,4.871461,0.079934,8.463992,0,rapl:package+core,0.038907,0.038907,0.003826,0.003826,0.020268790214,0.020268790214,0.059552,0.005204
rapl,cpu,half,gt,max,8,65536,uniform,16000156,2,bench/results/raw/energy/measurements/20260817_174754_cpu_half_gt_q16_k8_max_uniform_s16000156_rep2_rapl.txt,0.009375,0.094615,10.092164,4.871461,0.048945,5.220703,0,rapl:package+core,0.041121,0.041121,0.003925,0.003925,0.022000515575,0.022000515575,0.051923,0.005332
rapl,cpu,half,gt,max,8,65536,uniform,16000156,3,bench/results/raw/energy/measurements/20260817_174754_cpu_half_gt_q16_k8_max_uniform_s16000156_rep3_rapl.txt,0.009357,0.106455,11.376494,4.871461,0.060871,6.505033,0,rapl:package+core,0.028929,0.028929,0.00383,0.00383,0.01027130437,0.01027130437,0.051359,0.005206
rapl,cpu,half,gt,max,131072,131072,uniform,17131223,1,bench/results/raw/energy/measurements/20260817_174754_cpu_half_gt_q17_k131072_max_uniform_s17131223_rep1_rapl.txt,0.578233,3.972863,6.870701,4.871461,1.156026,1.99924,0,rapl:package+core,3.190221,3.190221,0.4923,0.4923,0.7920007497,0.7920007497,3.21776,0.495583
rapl,cpu,half,gt,max,131072,131072,uniform,17131223,2,bench/results/raw/energy/measurements/20260817_174754_cpu_half_gt_q17_k131072_max_uniform_s17131223_rep2_rapl.txt,0.57689,3.885632,6.735479,4.871461,1.075334,1.864018,0,rapl:package+core,3.150655,3.150655,0.491296,0.491296,0.757325696544,0.757325696544,3.150655,0.494215
rapl,cpu,half,gt,max,131072,131072,uniform,17131223,3,bench/results/raw/energy/measurements/20260817_174754_cpu_half_gt_q17_k131072_max_uniform_s17131223_rep3_rapl.txt,0.577847,4.019598,6.956157,4.871461,1.204637,2.084696,0,rapl:package+core,3.240555,3.240555,0.491924,0.491924,0.844166419036,0.844166419036,3.280577,0.494789
rapl,cpu,half,gt,max,256,131072,uniform,17000407,1,bench/results/raw/energy/measurements/20260817_174754_cpu_half_gt_q17_k256_max_uniform_s17000407_rep1_rapl.txt,0.015749,0.168418,10.6939,4.871461,0.091697,5.822439,0,rapl:package+core,0.085918,0.085918,0.007829,0.007829,0.047779331831,0.047779331831,0.096736,0.009471
rapl,cpu,half,gt,max,256,131072,uniform,17000407,2,bench/results/raw/energy/measurements/20260817_174754_cpu_half_gt_q17_k256_max_uniform_s17000407_rep2_rapl.txt,0.015369,0.150047,9.763004,4.871461,0.075178,4.891543,0,rapl:package+core,0.095592,0.095592,0.008108,0.008108,0.056094194212,0.056094194212,0.095592,0.009718
rapl,cpu,half,gt,max,256,131072,uniform,17000407,3,bench/results/raw/energy/measurements/20260817_174754_cpu_half_gt_q17_k256_max_uniform_s17000407_rep3_rapl.txt,0.015687,0.1473,9.389947,4.871461,0.070881,4.518486,0,rapl:package+core,0.082561,0.082561,0.008264,0.008264,0.042303246296,0.042303246296,0.093333,0.009892
rapl,cpu,half,gt,max,4096,131072,uniform,17004247,1,bench/results/raw/energy/measurements/20260817_174754_cpu_half_gt_q17_k4096_max_uniform_s17004247_rep1_rapl.txt,0.113357,0.926634,8.174505,4.871461,0.374422,3.303044,0,rapl:package+core,0.738532,0.738532,0.09617,0.09617,0.27004359563,0.27004359563,0.781271,0.097822
rapl,cpu,half,gt,max,4096,131072,uniform,17004247,2,bench/results/raw/energy/measurements/20260817_174754_cpu_half_gt_q17_k4096_max_uniform_s17004247_rep2_rapl.txt,0.113202,0.888168,7.845878,4.871461,0.33671,2.974417,0,rapl:package+core,0.731362,0.731362,0.096276,0.096276,0.262357220764,0.262357220764,0.749229,0.097912
rapl,cpu,half,gt,max,4096,131072,uniform,17004247,3,bench/results/raw/energy/measurements/20260817_174754_cpu_half_gt_q17_k4096_max_uniform_s17004247_rep3_rapl.txt,0.113058,0.921156,8.147635,4.871461,0.370398,3.276174,0,rapl:package+core,0.77207,0.77207,0.096086,0.096086,0.303990798354,0.303990798354,0.77207,0.097732
rapl,cpu,half,gt,max,8,131072,uniform,17000159,1,bench/results/raw/energy/measurements/20260817_174754_cpu_half_gt_q17_k8_max_uniform_s17000159_rep1_rapl.txt,0.013328,0.136254,10.223447,4.871461,0.071329,5.351986,0,rapl:package+core,0.056272,0.056272,0.006428,0.006428,0.024958248692,0.024958248692,0.083339,0.00803
rapl,cpu,half,gt,max,8,131072,uniform,17000159,2,bench/results/raw/energy/measurements/20260817_174754_cpu_half_gt_q17_k8_max_uniform_s17000159_rep2_rapl.txt,0.013239,0.123514,9.329622,4.871461,0.059021,4.458161,0,rapl:package+core,0.044385,0.044385,0.006433,0.006433,0.013046891387,0.013046891387,0.066418,0.007993
rapl,cpu,half,gt,max,8,131072,uniform,17000159,3,bench/results/raw/energy/measurements/20260817_174754_cpu_half_gt_q17_k8_max_uniform_s17000159_rep3_rapl.txt,0.013175,0.137673,10.449555,4.871461,0.073491,5.578094,0,rapl:package+core,0.053937,0.053937,0.00639,0.00639,0.02280836421,0.02280836421,0.075191,0.00796
rapl,cpu,half,gt,max,131072,262144,uniform,18131226,1,bench/results/raw/energy/measurements/20260817_174754_cpu_half_gt_q18_k131072_max_uniform_s18131226_rep1_rapl.txt,1.580448,11.335794,7.172518,4.871461,3.636701,2.301057,0,rapl:package+core,9.975362,9.975362,1.400694,1.400694,3.15193580607,3.15193580607,10.001208,1.404664
rapl,cpu,half,gt,max,131072,262144,uniform,18131226,2,bench/results/raw/energy/measurements/20260817_174754_cpu_half_gt_q18_k131072_max_uniform_s18131226_rep2_rapl.txt,1.578293,11.534209,7.308027,4.871461,3.845616,2.436566,0,rapl:package+core,10.011095,10.011095,1.399338,1.399338,3.19427450718,3.19427450718,10.037476,1.402809
rapl,cpu,half,gt,max,131072,262144,uniform,18131226,3,bench/results/raw/energy/measurements/20260817_174754_cpu_half_gt_q18_k131072_max_uniform_s18131226_rep3_rapl.txt,1.580045,11.200471,7.088706,4.871461,3.503346,2.217245,0,rapl:package+core,9.732574,9.732574,1.399912,1.399912,2.91295728857,2.91295728857,9.765731,1.403792
rapl,cpu,half,gt,max,256,262144,uniform,18000410,1,bench/results/raw/energy/measurements/20260817_174754_cpu_half_gt_q18_k256_max_uniform_s18000410_rep1_rapl.txt,0.025249,0.254259,10.070251,4.871461,0.131262,5.19879,0,rapl:package+core,0.149178,0.149178,0.014855,0.014855,0.076812446845,0.076812446845,0.176123,0.017066
rapl,cpu,half,gt,max,256,262144,uniform,18000410,2,bench/results/raw/energy/measurements/20260817_174754_cpu_half_gt_q18_k256_max_uniform_s18000410_rep2_rapl.txt,0.024272,0.242877,10.006581,4.871461,0.124638,5.13512,0,rapl:package+core,0.138192,0.138192,0.014075,0.014075,0.069626186425,0.069626186425,0.14904,0.016214
rapl,cpu,half,gt,max,256,262144,uniform,18000410,3,bench/results/raw/energy/measurements/20260817_174754_cpu_half_gt_q18_k256_max_uniform_s18000410_rep3_rapl.txt,0.023634,0.228412,9.664666,4.871461,0.113281,4.793205,0,rapl:package+core,0.125558,0.125558,0.013409,0.013409,0.060236579451,0.060236579451,0.147789,0.015506
rapl,cpu,half,gt,max,4096,262144,uniform,18004250,1,bench/results/raw/energy/measurements/20260817_174754_cpu_half_gt_q18_k4096_max_uniform_s18004250_rep1_rapl.txt,0.136084,1.09763,8.065836,4.871461,0.434703,3.194375,0,rapl:package+core,0.890167,0.890167,0.114997,0.114997,0.329963599383,0.329963599383,0.919966,0.117132
rapl,cpu,half,gt,max,4096,262144,uniform,18004250,2,bench/results/raw/energy/measurements/20260817_174754_cpu_half_gt_q18_k4096_max_uniform_s18004250_rep2_rapl.txt,0.136757,1.281825,9.373019,4.871461,0.615619,4.501558,0,rapl:package+core,1.050055,1.050055,0.115518,0.115518,0.487313568202,0.487313568202,1.098774,0.117739
rapl,cpu,half,gt,max,4096,262144,uniform,18004250,3,bench/results/raw/energy/measurements/20260817_174754_cpu_half_gt_q18_k4096_max_uniform_s18004250_rep3_rapl.txt,0.136466,1.085515,7.954471,4.871461,0.420726,3.08301,0,rapl:package+core,0.897277,0.897277,0.115173,0.115173,0.336216222247,0.336216222247,0.914183,0.117384
rapl,cpu,half,gt,max,8,262144,uniform,18000162,1,bench/results/raw/energy/measurements/20260817_174754_cpu_half_gt_q18_k8_max_uniform_s18000162_rep1_rapl.txt,0.021494,0.242053,11.261218,4.871461,0.137344,6.389757,0,rapl:package+core,0.114312,0.114312,0.011634,0.011634,0.057637422726,0.057637422726,0.146049,0.013765
rapl,cpu,half,gt,max,8,262144,uniform,18000162,2,bench/results/raw/energy/measurements/20260817_174754_cpu_half_gt_q18_k8_max_uniform_s18000162_rep2_rapl.txt,0.021438,0.20847,9.724482,4.871461,0.104037,4.853021,0,rapl:package+core,0.101389,0.101389,0.011721,0.011721,0.044290605619,0.044290605619,0.145104,0.013902
rapl,cpu,half,gt,max,8,262144,uniform,18000162,3,bench/results/raw/energy/measurements/20260817_174754_cpu_half_gt_q18_k8_max_uniform_s18000162_rep3_rapl.txt,0.02127,0.201268,9.462407,4.871461,0.097651,4.590946,0,rapl:package+core,0.126489,0.126489,0.011585,0.011585,0.070053124315,0.070053124315,0.126489,0.01372
rapl,cpu,half,gt,max,131072,524288,uniform,19131229,1,bench/results/raw/energy/measurements/20260817_174754_cpu_half_gt_q19_k131072_max_uniform_s19131229_rep1_rapl.txt,2.283053,15.436778,6.761464,4.871461,4.314976,1.890003,0,rapl:package+core,13.655316,13.655316,2.03544,2.03544,3.73974942216,3.73974942216,13.679468,2.040378
rapl,cpu,half,gt,max,131072,524288,uniform,19131229,2,bench/results/raw/energy/measurements/20260817_174754_cpu_half_gt_q19_k131072_max_uniform_s19131229_rep2_rapl.txt,2.283413,16.185869,7.088453,4.871461,5.06231,2.216992,0,rapl:package+core,14.06185,14.06185,2.035757,2.035757,4.14473916902,4.14473916902,14.070974,2.040991
rapl,cpu,half,gt,max,131072,524288,uniform,19131229,3,bench/results/raw/energy/measurements/20260817_174754_cpu_half_gt_q19_k131072_max_uniform_s19131229_rep3_rapl.txt,2.28395,16.024196,7.016002,4.871461,4.898025,2.144541,0,rapl:package+core,13.67341,13.67341,2.035263,2.035263,3.75870567076,3.75870567076,13.694741,2.040483
rapl,cpu,half,gt,max,256,524288,uniform,19000413,1,bench/results/raw/energy/measurements/20260817_174754_cpu_half_gt_q19_k256_max_uniform_s19000413_rep1_rapl.txt,0.039818,0.374966,9.417042,4.871461,0.180995,4.545581,0,rapl:package+core,0.216831,0.216831,0.024307,0.024307,0.098420397473,0.098420397473,0.237994,0.027227
rapl,cpu,half,gt,max,256,524288,uniform,19000413,2,bench/results/raw/energy/measurements/20260817_174754_cpu_half_gt_q19_k256_max_uniform_s19000413_rep2_rapl.txt,0.04258,0.392909,9.227572,4.871461,0.185483,4.356111,0,rapl:package+core,0.232013,0.232013,0.024952,0.024952,0.110460305128,0.110460305128,0.253359,0.028065
rapl,cpu,half,gt,max,256,524288,uniform,19000413,3,bench/results/raw/energy/measurements/20260817_174754_cpu_half_gt_q19_k256_max_uniform_s19000413_rep3_rapl.txt,0.040028,0.36842,9.20398,4.871461,0.173424,4.332519,0,rapl:package+core,0.229923,0.229923,0.024455,0.024455,0.110791421245,0.110791421245,0.240527,0.027365
rapl,cpu,half,gt,max,4096,524288,uniform,19004253,1,bench/results/raw/energy/measurements/20260817_174754_cpu_half_gt_q19_k4096_max_uniform_s19004253_rep1_rapl.txt,0.171247,1.364065,7.96546,4.871461,0.52984,3.093999,0,rapl:package+core,1.114826,1.114826,0.141428,0.141428,0.425865013692,0.425865013692,1.124621,0.144453
rapl,cpu,half,gt,max,4096,524288,uniform,19004253,2,bench/results/raw/energy/measurements/20260817_174754_cpu_half_gt_q19_k4096_max_uniform_s19004253_rep2_rapl.txt,0.170929,1.430788,8.370671,4.871461,0.598115,3.49921,0,rapl:package+core,1.137148,1.137148,0.141495,0.141495,0.447860625805,0.447860625805,1.14644,0.144602
rapl,cpu,half,gt,max,4096,524288,uniform,19004253,3,bench/results/raw/energy/measurements/20260817_174754_cpu_half_gt_q19_k4096_max_uniform_s19004253_rep3_rapl.txt,0.169722,1.34545,7.927383,4.871461,0.518657,3.055922,0,rapl:package+core,1.062416,1.062416,0.141445,0.141445,0.373372198855,0.373372198855,1.118167,0.144416
rapl,cpu,half,gt,max,8,524288,uniform,19000165,1,bench/results/raw/energy/measurements/20260817_174754_cpu_half_gt_q19_k8_max_uniform_s19000165_rep1_rapl.txt,0.037532,0.37643,10.029614,4.871461,0.193595,5.158153,0,rapl:package+core,0.203968,0.203968,0.022051,0.022051,0.096547413489,0.096547413489,0.237461,0.025027
rapl,cpu,half,gt,max,8,524288,uniform,19000165,2,bench/results/raw/energy/measurements/20260817_174754_cpu_half_gt_q19_k8_max_uniform_s19000165_rep2_rapl.txt,0.037117,0.353238,9.516939,4.871461,0.172425,4.645478,0,rapl:package+core,0.207982,0.207982,0.021988,0.021988,0.100868315532,0.100868315532,0.231815,0.024904
rapl,cpu,half,gt,max,8,524288,uniform,19000165,3,bench/results/raw/energy/measurements/20260817_174754_cpu_half_gt_q19_k8_max_uniform_s19000165_rep3_rapl.txt,0.037145,0.367809,9.902069,4.871461,0.18686,5.030608,0,rapl:package+core,0.213932,0.213932,0.021999,0.021999,0.106764729461,0.106764729461,0.235522,0.024968
rapl,cpu,half,gt,max,131072,1048576,uniform,20131232,1,bench/results/raw/energy/measurements/20260817_174754_cpu_half_gt_q20_k131072_max_uniform_s20131232_rep1_rapl.txt,2.986433,20.480692,6.85791,4.871461,5.932399,1.986449,0,rapl:package+core,18.241121,18.241121,2.666272,2.666272,5.25248093661,5.25248093661,18.274415,2.673103
rapl,cpu,half,gt,max,131072,1048576,uniform,20131232,2,bench/results/raw/energy/measurements/20260817_174754_cpu_half_gt_q20_k131072_max_uniform_s20131232_rep2_rapl.txt,2.986222,20.937257,7.011286,4.871461,6.389992,2.139825,0,rapl:package+core,18.51801,18.51801,2.665545,2.665545,5.53291148876,5.53291148876,18.52515,2.672419
rapl,cpu,half,gt,max,131072,1048576,uniform,20131232,3,bench/results/raw/energy/measurements/20260817_174754_cpu_half_gt_q20_k131072_max_uniform_s20131232_rep3_rapl.txt,2.985938,20.558889,6.885236,4.871461,6.013007,2.013775,0,rapl:package+core,17.880513,17.880513,2.665611,2.665611,4.89509297233,4.89509297233,17.903813,2.672805
rapl,cpu,half,gt,max,256,1048576,uniform,20000416,1,bench/results/raw/energy/measurements/20260817_174754_cpu_half_gt_q20_k256_max_uniform_s20000416_rep1_rapl.txt,0.070772,0.614577,8.683909,4.871461,0.269814,3.812448,0,rapl:package+core,0.387171,0.387171,0.045332,0.045332,0.166337929948,0.166337929948,0.427788,0.049969
rapl,cpu,half,gt,max,256,1048576,uniform,20000416,2,bench/results/raw/energy/measurements/20260817_174754_cpu_half_gt_q20_k256_max_uniform_s20000416_rep2_rapl.txt,0.070667,0.625929,8.8575,4.871461,0.28168,3.986039,0,rapl:package+core,0.400385,0.400385,0.045342,0.045342,0.179503215338,0.179503215338,0.432656,0.049936
rapl,cpu,half,gt,max,256,1048576,uniform,20000416,3,bench/results/raw/energy/measurements/20260817_174754_cpu_half_gt_q20_k256_max_uniform_s20000416_rep3_rapl.txt,0.069256,0.687205,9.922634,4.871461,0.349826,5.051173,0,rapl:package+core,0.459328,0.459328,0.045579,0.045579,0.237291679081,0.237291679081,0.493612,0.049557
rapl,cpu,half,gt,max,4096,1048576,uniform,20004256,1,bench/results/raw/energy/measurements/20260817_174754_cpu_half_gt_q20_k4096_max_uniform_s20004256_rep1_rapl.txt,0.214083,1.655874,7.734731,4.871461,0.612977,2.86327,0,rapl:package+core,1.279385,1.279385,0.173182,0.173182,0.435735641098,0.435735641098,1.317514,0.178046
rapl,cpu,half,gt,max,4096,1048576,uniform,20004256,2,bench/results/raw/energy/measurements/20260817_174754_cpu_half_gt_q20_k4096_max_uniform_s20004256_rep2_rapl.txt,0.211076,1.660406,7.866397,4.871461,0.632159,2.994936,0,rapl:package+core,1.330254,1.330254,0.172314,0.172314,0.490833069246,0.490833069246,1.35276,0.17697
rapl,cpu,half,gt,max,4096,1048576,uniform,20004256,3,bench/results/raw/energy/measurements/20260817_174754_cpu_half_gt_q20_k4096_max_uniform_s20004256_rep3_rapl.txt,0.211462,1.636924,7.741001,4.871461,0.606797,2.86954,0,rapl:package+core,1.305489,1.305489,0.173484,0.173484,0.460368459876,0.460368459876,1.332786,0.178011
rapl,cpu,half,gt,max,8,1048576,uniform,20000168,1,bench/results/raw/energy/measurements/20260817_174754_cpu_half_gt_q20_k8_max_uniform_s20000168_rep1_rapl.txt,0.066241,0.626448,9.457168,4.871461,0.30376,4.585707,0,rapl:package+core,0.410837,0.410837,0.04272,0.04272,0.20272818608,0.20272818608,0.431328,0.046689
rapl,cpu,half,gt,max,8,1048576,uniform,20000168,2,bench/results/raw/energy/measurements/20260817_174754_cpu_half_gt_q20_k8_max_uniform_s20000168_rep2_rapl.txt,0.06752,0.616499,9.130594,4.871461,0.287577,4.259133,0,rapl:package+core,0.38406,0.38406,0.04259,0.04259,0.17658447601,0.17658447601,0.41427,0.047268
rapl,cpu,half,gt,max,8,1048576,uniform,20000168,3,bench/results/raw/energy/measurements/20260817_174754_cpu_half_gt_q20_k8_max_uniform_s20000168_rep3_rapl.txt,0.067347,0.597854,8.877274,4.871461,0.269778,4.005813,0,rapl:package+core,0.36436,0.36436,0.042629,0.042629,0.156694489031,0.156694489031,0.404154,0.047262
rapl,cpu,half,gt,max,131072,2097152,uniform,21131235,1,bench/results/raw/energy/measurements/20260817_174754_cpu_half_gt_q21_k131072_max_uniform_s21131235_rep1_rapl.txt,3.652366,25.242652,6.911316,4.871461,7.450295,2.039855,0,rapl:package+core,22.306752,22.306752,3.258499,3.258499,6.43310120296,6.43310120296,22.404359,3.2705
rapl,cpu,half,gt,max,131072,2097152,uniform,21131235,2,bench/results/raw/energy/measurements/20260817_174754_cpu_half_gt_q21_k131072_max_uniform_s21131235_rep2_rapl.txt,3.654144,25.779337,7.054822,4.871461,7.978317,2.183361,0,rapl:package+core,22.802487,22.802487,3.259069,3.259069,6.92605947019,6.92605947019,22.891913,3.272291
rapl,cpu,half,gt,max,131072,2097152,uniform,21131235,3,bench/results/raw/energy/measurements/20260817_174754_cpu_half_gt_q21_k131072_max_uniform_s21131235_rep3_rapl.txt,3.650558,26.684624,7.309739,4.871461,8.901075,2.438278,0,rapl:package+core,23.578326,23.578326,3.256845,3.256845,7.71273259946,7.71273259946,23.674557,3.26926
rapl,cpu,half,gt,max,256,2097152,uniform,21000419,1,bench/results/raw/energy/measurements/20260817_174754_cpu_half_gt_q21_k256_max_uniform_s21000419_rep1_rapl.txt,0.130253,1.095478,8.410412,4.871461,0.460958,3.538951,0,rapl:package+core,0.706475,0.706475,0.086593,0.086593,0.284640577627,0.284640577627,0.765249,0.09398
rapl,cpu,half,gt,max,256,2097152,uniform,21000419,2,bench/results/raw/energy/measurements/20260817_174754_cpu_half_gt_q21_k256_max_uniform_s21000419_rep2_rapl.txt,0.129581,1.107303,8.545228,4.871461,0.476052,3.673767,0,rapl:package+core,0.699581,0.699581,0.086329,0.086329,0.279032643331,0.279032643331,0.758659,0.093565
rapl,cpu,half,gt,max,256,2097152,uniform,21000419,3,bench/results/raw/energy/measurements/20260817_174754_cpu_half_gt_q21_k256_max_uniform_s21000419_rep3_rapl.txt,0.129688,1.122638,8.656467,4.871461,0.490869,3.785006,0,rapl:package+core,0.702416,0.702416,0.086261,0.086261,0.282198902679,0.282198902679,0.772115,0.09367
rapl,cpu,half,gt,max,4096,2097152,uniform,21004259,1,bench/results/raw/energy/measurements/20260817_174754_cpu_half_gt_q21_k4096_max_uniform_s21004259_rep1_rapl.txt,0.281352,2.135174,7.588983,4.871461,0.76458,2.717522,0,rapl:package+core,1.649586,1.649586,0.222339,0.222339,0.566470232721,0.566470232721,1.698398,0.231207
rapl,cpu,half,gt,max,4096,2097152,uniform,21004259,2,bench/results/raw/energy/measurements/20260817_174754_cpu_half_gt_q21_k4096_max_uniform_s21004259_rep2_rapl.txt,0.280284,2.281056,8.138376,4.871461,0.915664,3.266915,0,rapl:package+core,1.774918,1.774918,0.22157,0.22157,0.69554838623,0.69554838623,1.824079,0.229813
rapl,cpu,half,gt,max,4096,2097152,uniform,21004259,3,bench/results/raw/energy/measurements/20260817_174754_cpu_half_gt_q21_k4096_max_uniform_s21004259_rep3_rapl.txt,0.280176,2.159374,7.707194,4.871461,0.794506,2.835733,0,rapl:package+core,1.665334,1.665334,0.221921,0.221921,0.584254503419,0.584254503419,1.719348,0.230227
rapl,cpu,half,gt,max,8,2097152,uniform,21000171,1,bench/results/raw/energy/measurements/20260817_174754_cpu_half_gt_q21_k8_max_uniform_s21000171_rep1_rapl.txt,0.125489,1.151277,9.174361,4.871461,0.539965,4.3029,0,rapl:package+core,0.780614,0.780614,0.083761,0.083761,0.372575555179,0.372575555179,0.794041,0.090802
rapl,cpu,half,gt,max,8,2097152,uniform,21000171,2,bench/results/raw/energy/measurements/20260817_174754_cpu_half_gt_q21_k8_max_uniform_s21000171_rep2_rapl.txt,0.126387,1.099659,8.700737,4.871461,0.48397,3.829276,0,rapl:package+core,0.735222,0.735222,0.083744,0.083744,0.327266370016,0.327266370016,0.755576,0.09121
rapl,cpu,half,gt,max,8,2097152,uniform,21000171,3,bench/results/raw/energy/measurements/20260817_174754_cpu_half_gt_q21_k8_max_uniform_s21000171_rep3_rapl.txt,0.126678,1.109958,8.762027,4.871461,0.49285,3.890566,0,rapl:package+core,0.514073,0.514073,0.083789,0.083789,0.105898154271,0.105898154271,0.754126,0.091048
rapl,cpu,half,gt,max,131072,4194304,uniform,22131238,1,bench/results/raw/energy/measurements/20260817_174754_cpu_half_gt_q22_k131072_max_uniform_s22131238_rep1_rapl.txt,4.300002,32.761429,7.618934,4.871461,11.814139,2.747473,0,rapl:package+core,28.959026,28.959026,3.81207,3.81207,10.3886756657,10.3886756657,29.233901,3.839781
rapl,cpu,half,gt,max,131072,4194304,uniform,22131238,2,bench/results/raw/energy/measurements/20260817_174754_cpu_half_gt_q22_k131072_max_uniform_s22131238_rep2_rapl.txt,4.305641,33.034989,7.67249,4.871461,12.060227,2.801029,0,rapl:package+core,29.052925,29.052925,3.814142,3.814142,10.4724809985,10.4724809985,29.23921,3.844284
rapl,cpu,half,gt,max,131072,4194304,uniform,22131238,3,bench/results/raw/energy/measurements/20260817_174754_cpu_half_gt_q22_k131072_max_uniform_s22131238_rep3_rapl.txt,4.298378,33.070387,7.69369,4.871461,12.131006,2.822229,0,rapl:package+core,29.169423,29.169423,3.81063,3.81063,10.6060875696,10.6060875696,29.437641,3.838325
rapl,cpu,half,gt,max,256,4194304,uniform,22000422,1,bench/results/raw/energy/measurements/20260817_174754_cpu_half_gt_q22_k256_max_uniform_s22000422_rep1_rapl.txt,0.252814,2.119854,8.38504,4.871461,0.888281,3.513579,0,rapl:package+core,1.36907,1.36907,0.169833,0.169833,0.541735163987,0.541735163987,1.512586,0.186095
rapl,cpu,half,gt,max,256,4194304,uniform,22000422,2,bench/results/raw/energy/measurements/20260817_174754_cpu_half_gt_q22_k256_max_uniform_s22000422_rep2_rapl.txt,0.251801,2.105893,8.363306,4.871461,0.879252,3.491845,0,rapl:package+core,1.375695,1.375695,0.169897,0.169897,0.548048390483,0.548048390483,1.499343,0.185453
rapl,cpu,half,gt,max,256,4194304,uniform,22000422,3,bench/results/raw/energy/measurements/20260817_174754_cpu_half_gt_q22_k256_max_uniform_s22000422_rep3_rapl.txt,0.253682,2.154414,8.492573,4.871461,0.918611,3.621112,0,rapl:package+core,1.387459,1.387459,0.169916,0.169916,0.559719832724,0.559719832724,1.530256,0.18682
rapl,cpu,half,gt,max,4096,4194304,uniform,22004262,1,bench/results/raw/energy/measurements/20260817_174754_cpu_half_gt_q22_k4096_max_uniform_s22004262_rep1_rapl.txt,0.408268,3.32568,8.145831,4.871461,1.33682,3.27437,0,rapl:package+core,2.443843,2.443843,0.308854,0.308854,0.939272784306,0.939272784306,2.605914,0.326712
rapl,cpu,half,gt,max,4096,4194304,uniform,22004262,2,bench/results/raw/energy/measurements/20260817_174754_cpu_half_gt_q22_k4096_max_uniform_s22004262_rep2_rapl.txt,0.407637,3.321438,8.148031,4.871461,1.335651,3.27657,0,rapl:package+core,2.442624,2.442624,0.308592,0.308592,0.939330107088,0.939330107088,2.594959,0.326219
rapl,cpu,half,gt,max,4096,4194304,uniform,22004262,3,bench/results/raw/energy/measurements/20260817_174754_cpu_half_gt_q22_k4096_max_uniform_s22004262_rep3_rapl.txt,0.406298,3.383279,8.327084,4.871461,1.404013,3.455623,0,rapl:package+core,2.458276,2.458276,0.308942,0.308942,0.953277095738,0.953277095738,2.571766,0.325073
rapl,cpu,half,gt,max,8,4194304,uniform,22000174,1,bench/results/raw/energy/measurements/20260817_174754_cpu_half_gt_q22_k8_max_uniform_s22000174_rep1_rapl.txt,0.25045,2.190332,8.74559,4.871461,0.970275,3.874129,0,rapl:package+core,1.431186,1.431186,0.166857,0.166857,0.618348631923,0.618348631923,1.538846,0.184269
rapl,cpu,half,gt,max,8,4194304,uniform,22000174,2,bench/results/raw/energy/measurements/20260817_174754_cpu_half_gt_q22_k8_max_uniform_s22000174_rep2_rapl.txt,0.248996,2.10034,8.435219,4.871461,0.887363,3.563758,0,rapl:package+core,1.445422,1.445422,0.166778,0.166778,0.632969477342,0.632969477342,1.496596,0.182831
rapl,cpu,half,gt,max,8,4194304,uniform,22000174,3,bench/results/raw/energy/measurements/20260817_174754_cpu_half_gt_q22_k8_max_uniform_s22000174_rep3_rapl.txt,0.248461,2.091872,8.419301,4.871461,0.881502,3.54784,0,rapl:package+core,1.211137,1.211137,0.166325,0.166325,0.400891249175,0.400891249175,1.499342,0.182493
rapl,cpu,half,gt,max,131072,8388608,uniform,23131241,1,bench/results/raw/energy/measurements/20260817_174754_cpu_half_gt_q23_k131072_max_uniform_s23131241_rep1_rapl.txt,4.99187,38.923341,7.797346,4.871461,14.605639,2.925885,0,rapl:package+core,33.992139,33.992139,4.365763,4.365763,12.7244948103,12.7244948103,34.425344,4.428396
rapl,cpu,half,gt,max,131072,8388608,uniform,23131241,2,bench/results/raw/energy/measurements/20260817_174754_cpu_half_gt_q23_k131072_max_uniform_s23131241_rep2_rapl.txt,4.987668,38.702665,7.759671,4.871461,14.405435,2.88821,0,rapl:package+core,33.77474,33.77474,4.365454,4.365454,12.5086010917,12.5086010917,34.171008,4.425059
rapl,cpu,half,gt,max,131072,8388608,uniform,23131241,3,bench/results/raw/energy/measurements/20260817_174754_cpu_half_gt_q23_k131072_max_uniform_s23131241_rep3_rapl.txt,4.983708,38.623826,7.750018,4.871461,14.345887,2.878557,0,rapl:package+core,33.720531,33.720531,4.364962,4.364962,12.4567888505,12.4567888505,34.121877,4.423466
rapl,cpu,half,gt,max,256,8388608,uniform,23000425,1,bench/results/raw/energy/measurements/20260817_174754_cpu_half_gt_q23_k256_max_uniform_s23000425_rep1_rapl.txt,0.502317,4.312811,8.585836,4.871461,1.865794,3.714375,0,rapl:package+core,2.789638,2.789638,0.334684,0.334684,1.15923794668,1.15923794668,3.082482,0.372744
rapl,cpu,half,gt,max,256,8388608,uniform,23000425,2,bench/results/raw/energy/measurements/20260817_174754_cpu_half_gt_q23_k256_max_uniform_s23000425_rep2_rapl.txt,0.500242,4.218303,8.432533,4.871461,1.781396,3.561072,0,rapl:package+core,2.771907,2.771907,0.334835,0.334835,1.14077135607,1.14077135607,3.063196,0.371545
rapl,cpu,half,gt,max,256,8388608,uniform,23000425,3,bench/results/raw/energy/measurements/20260817_174754_cpu_half_gt_q23_k256_max_uniform_s23000425_rep3_rapl.txt,0.499631,4.261132,8.528563,4.871461,1.827201,3.657102,0,rapl:package+core,2.75268,2.75268,0.334518,0.334518,1.1230886092,1.1230886092,3.05369,0.370746
rapl,cpu,half,gt,max,4096,8388608,uniform,23004265,1,bench/results/raw/energy/measurements/20260817_174754_cpu_half_gt_q23_k4096_max_uniform_s23004265_rep1_rapl.txt,0.661058,5.522878,8.354602,4.871461,2.302559,3.483141,0,rapl:package+core,3.941241,3.941241,0.479077,0.479077,1.6074360785,1.6074360785,4.25303,0.517197
rapl,cpu,half,gt,max,4096,8388608,uniform,23004265,2,bench/results/raw/energy/measurements/20260817_174754_cpu_half_gt_q23_k4096_max_uniform_s23004265_rep2_rapl.txt,0.663054,5.693843,8.587296,4.871461,2.4638,3.715835,0,rapl:package+core,4.008351,4.008351,0.477795,0.477795,1.68079129151,1.68079129151,4.34055,0.518622
rapl,cpu,half,gt,max,4096,8388608,uniform,23004265,3,bench/results/raw/energy/measurements/20260817_174754_cpu_half_gt_q23_k4096_max_uniform_s23004265_rep3_rapl.txt,0.664075,5.516682,8.307316,4.871461,2.281666,3.435855,0,rapl:package+core,3.904473,3.904473,0.479751,0.479751,1.56738471379,1.56738471379,4.255013,0.5199
rapl,cpu,half,gt,max,8,8388608,uniform,23000177,1,bench/results/raw/energy/measurements/20260817_174754_cpu_half_gt_q23_k8_max_uniform_s23000177_rep1_rapl.txt,0.499052,4.263726,8.543654,4.871461,1.832615,3.672193,0,rapl:package+core,2.751611,2.751611,0.331801,0.331801,1.13525536874,1.13525536874,3.043849,0.368485
rapl,cpu,half,gt,max,8,8388608,uniform,23000177,2,bench/results/raw/energy/measurements/20260817_174754_cpu_half_gt_q23_k8_max_uniform_s23000177_rep2_rapl.txt,0.496823,4.18884,8.431259,4.871461,1.768588,3.559798,0,rapl:package+core,2.769103,2.769103,0.33204,0.33204,1.15158308956,1.15158308956,3.041316,0.368247
rapl,cpu,half,gt,max,8,8388608,uniform,23000177,3,bench/results/raw/energy/measurements/20260817_174754_cpu_half_gt_q23_k8_max_uniform_s23000177_rep3_rapl.txt,0.498289,4.176358,8.381399,4.871461,1.748963,3.509938,0,rapl:package+core,2.741144,2.741144,0.331894,0.331894,1.12433532287,1.12433532287,3.022945,0.369716
rapl,cpu,half,gt,max,131072,16777216,uniform,24131244,1,bench/results/raw/energy/measurements/20260817_174754_cpu_half_gt_q24_k131072_max_uniform_s24131244_rep1_rapl.txt,5.989642,47.280957,7.893786,4.871461,18.102648,3.022325,0,rapl:package+core,39.636122,39.636122,5.041778,5.041778,15.0752971023,15.0752971023,41.305908,5.262026
rapl,cpu,half,gt,max,131072,16777216,uniform,24131244,2,bench/results/raw/energy/measurements/20260817_174754_cpu_half_gt_q24_k131072_max_uniform_s24131244_rep2_rapl.txt,5.984405,47.261533,7.897449,4.871461,18.108736,3.025988,0,rapl:package+core,39.647122,39.647122,5.04214,5.04214,15.0845336335,15.0845336335,41.273912,5.25322
rapl,cpu,half,gt,max,131072,16777216,uniform,24131244,3,bench/results/raw/energy/measurements/20260817_174754_cpu_half_gt_q24_k131072_max_uniform_s24131244_rep3_rapl.txt,5.982797,46.868685,7.833909,4.871461,17.723723,2.962448,0,rapl:package+core,39.345702,39.345702,5.042657,5.042657,14.7805950881,14.7805950881,40.926563,5.252795
rapl,cpu,half,gt,max,256,16777216,uniform,24000428,1,bench/results/raw/energy/measurements/20260817_174754_cpu_half_gt_q24_k256_max_uniform_s24000428_rep1_rapl.txt,1.104965,9.428727,8.533055,4.871461,4.045933,3.661594,0,rapl:package+core,5.699636,5.699636,0.668705,0.668705,2.442065672,2.442065672,7.212823,0.847356
rapl,cpu,half,gt,max,256,16777216,uniform,24000428,2,bench/results/raw/energy/measurements/20260817_174754_cpu_half_gt_q24_k256_max_uniform_s24000428_rep2_rapl.txt,1.101373,9.417573,8.550756,4.871461,4.052276,3.679295,0,rapl:package+core,5.682828,5.682828,0.667883,0.667883,2.42926201294,2.42926201294,7.185114,0.84382
rapl,cpu,half,gt,max,256,16777216,uniform,24000428,3,bench/results/raw/energy/measurements/20260817_174754_cpu_half_gt_q24_k256_max_uniform_s24000428_rep3_rapl.txt,1.103116,9.581597,8.685941,4.871461,4.207813,3.81448,0,rapl:package+core,5.829272,5.829272,0.668001,0.668001,2.57513118054,2.57513118054,7.34427,0.845505
rapl,cpu,half,gt,max,4096,16777216,uniform,24004268,1,bench/results/raw/energy/measurements/20260817_174754_cpu_half_gt_q24_k4096_max_uniform_s24004268_rep1_rapl.txt,1.277179,11.235869,8.797411,4.871461,5.014141,3.92595,0,rapl:package+core,6.904109,6.904109,0.815845,0.815845,2.92975190045,2.92975190045,8.538102,1.002936
rapl,cpu,half,gt,max,4096,16777216,uniform,24004268,2,bench/results/raw/energy/measurements/20260817_174754_cpu_half_gt_q24_k4096_max_uniform_s24004268_rep2_rapl.txt,1.264618,10.946044,8.655612,4.871461,4.785506,3.784151,0,rapl:package+core,6.976689,6.976689,0.810842,0.810842,3.02670381984,3.02670381984,8.577605,0.992105
rapl,cpu,half,gt,max,4096,16777216,uniform,24004268,3,bench/results/raw/energy/measurements/20260817_174754_cpu_half_gt_q24_k4096_max_uniform_s24004268_rep3_rapl.txt,1.268145,10.744379,8.472516,4.871461,4.56666,3.601055,0,rapl:package+core,6.81767,6.81767,0.812976,0.812976,2.85728912206,2.85728912206,8.388132,0.995577
rapl,cpu,half,gt,max,8,16777216,uniform,24000180,1,bench/results/raw/energy/measurements/20260817_174754_cpu_half_gt_q24_k8_max_uniform_s24000180_rep1_rapl.txt,1.101875,9.430878,8.558936,4.871461,4.063137,3.687475,0,rapl:package+core,5.614446,5.614446,0.664802,0.664802,2.37588898428,2.37588898428,7.18925,0.844837
rapl,cpu,half,gt,max,8,16777216,uniform,24000180,2,bench/results/raw/energy/measurements/20260817_174754_cpu_half_gt_q24_k8_max_uniform_s24000180_rep2_rapl.txt,1.098439,9.511853,8.659432,4.871461,4.160853,3.787971,0,rapl:package+core,5.741765,5.741765,0.663122,0.663122,2.51139203876,2.51139203876,7.290302,0.841094
rapl,cpu,half,gt,max,8,16777216,uniform,24000180,3,bench/results/raw/energy/measurements/20260817_174754_cpu_half_gt_q24_k8_max_uniform_s24000180_rep3_rapl.txt,1.104304,9.524029,8.624466,4.871461,4.144457,3.753005,0,rapl:package+core,5.703651,5.703651,0.664401,0.664401,2.46704744014,2.46704744014,7.30251,0.847766
rapl,cpu,half,map_reduce,max,256,65536,uniform,16000404,1,bench/results/raw/energy/measurements/20260817_174754_cpu_half_map_reduce_q16_k256_max_uniform_s16000404_rep1_rapl.txt,0.00796,0.086726,10.894789,4.871461,0.047948,6.023328,0,rapl:package+core,0.033308,0.033308,0.002703,0.002703,0.020140440917,0.020140440917,0.033308,0.003888
rapl,cpu,half,map_reduce,max,256,65536,uniform,16000404,2,bench/results/raw/energy/measurements/20260817_174754_cpu_half_map_reduce_q16_k256_max_uniform_s16000404_rep2_rapl.txt,0.007959,0.076336,9.590714,4.871461,0.037562,4.719253,0,rapl:package+core,0.010741,0.010741,0.002718,0.002718,0,0,0.032698,0.003909
rapl,cpu,half,map_reduce,max,256,65536,uniform,16000404,3,bench/results/raw/energy/measurements/20260817_174754_cpu_half_map_reduce_q16_k256_max_uniform_s16000404_rep3_rapl.txt,0.008093,0.086177,10.648809,4.871461,0.046754,5.777348,0,rapl:package+core,0.023208,0.023208,0.00269,0.00269,0.01010376991,0.01010376991,0.041853,0.003882
rapl,cpu,half,map_reduce,max,4096,65536,uniform,16004244,1,bench/results/raw/energy/measurements/20260817_174754_cpu_half_map_reduce_q16_k4096_max_uniform_s16004244_rep1_rapl.txt,0.080923,0.725213,8.961731,4.871461,0.330998,4.09027,0,rapl:package+core,0.587189,0.587189,0.068047,0.068047,0.255700693333,0.255700693333,0.613814,0.069298
rapl,cpu,half,map_reduce,max,4096,65536,uniform,16004244,2,bench/results/raw/energy/measurements/20260817_174754_cpu_half_map_reduce_q16_k4096_max_uniform_s16004244_rep2_rapl.txt,0.080754,0.691233,8.559758,4.871461,0.297844,3.688297,0,rapl:package+core,0.537067,0.537067,0.067971,0.067971,0.205948924369,0.205948924369,0.566636,0.069207
rapl,cpu,half,map_reduce,max,4096,65536,uniform,16004244,3,bench/results/raw/energy/measurements/20260817_174754_cpu_half_map_reduce_q16_k4096_max_uniform_s16004244_rep3_rapl.txt,0.080835,0.702951,8.696111,4.871461,0.309166,3.82465,0,rapl:package+core,0.564104,0.564104,0.067827,0.067827,0.233687414753,0.233687414753,0.574036,0.069049
rapl,cpu,half,map_reduce,max,8,65536,uniform,16000156,1,bench/results/raw/energy/measurements/20260817_174754_cpu_half_map_reduce_q16_k8_max_uniform_s16000156_rep1_rapl.txt,0.006342,0.079006,12.458182,4.871461,0.048113,7.586721,0,rapl:package+core,0,0,0.001394,0.001394,0,0,0.021254,0.002635
rapl,cpu,half,map_reduce,max,8,65536,uniform,16000156,2,bench/results/raw/energy/measurements/20260817_174754_cpu_half_map_reduce_q16_k8_max_uniform_s16000156_rep2_rapl.txt,0.006201,0.065686,10.593573,4.871461,0.03548,5.722112,0,rapl:package+core,0.020995,0.020995,0.001366,0.001366,0.014340584274,0.014340584274,0.020995,0.002553
rapl,cpu,half,map_reduce,max,8,65536,uniform,16000156,3,bench/results/raw/energy/measurements/20260817_174754_cpu_half_map_reduce_q16_k8_max_uniform_s16000156_rep3_rapl.txt,0.006342,0.080379,12.674686,4.871461,0.049486,7.803225,0,rapl:package+core,0.010757,0.010757,0.001378,0.001378,0.004044126742,0.004044126742,0.023956,0.002602
rapl,cpu,half,map_reduce,max,131072,131072,uniform,17131223,1,bench/results/raw/energy/measurements/20260817_174754_cpu_half_map_reduce_q17_k131072_max_uniform_s17131223_rep1_rapl.txt,0.64853,4.806178,7.41088,4.871461,1.646889,2.539419,0,rapl:package+core,3.951699,3.951699,0.557374,0.557374,1.23647329659,1.23647329659,3.976006,0.559157
rapl,cpu,half,map_reduce,max,131072,131072,uniform,17131223,2,bench/results/raw/energy/measurements/20260817_174754_cpu_half_map_reduce_q17_k131072_max_uniform_s17131223_rep2_rapl.txt,0.649044,4.417024,6.805428,4.871461,1.25523,1.933967,0,rapl:package+core,3.600292,3.600292,0.557667,0.557667,0.883638958513,0.883638958513,3.617885,0.559564
rapl,cpu,half,map_reduce,max,131072,131072,uniform,17131223,3,bench/results/raw/energy/measurements/20260817_174754_cpu_half_map_reduce_q17_k131072_max_uniform_s17131223_rep3_rapl.txt,0.648107,4.3539,6.717874,4.871461,1.196673,1.846413,0,rapl:package+core,3.563094,3.563094,0.557195,0.557195,0.848740288105,0.848740288105,3.563094,0.558652
rapl,cpu,half,map_reduce,max,256,131072,uniform,17000407,1,bench/results/raw/energy/measurements/20260817_174754_cpu_half_map_reduce_q17_k256_max_uniform_s17000407_rep1_rapl.txt,0.009058,0.094127,10.391589,4.871461,0.050001,5.520128,0,rapl:package+core,0.029859,0.029859,0.003026,0.003026,0.015117959014,0.015117959014,0.040922,0.004226
rapl,cpu,half,map_reduce,max,256,131072,uniform,17000407,2,bench/results/raw/energy/measurements/20260817_174754_cpu_half_map_reduce_q17_k256_max_uniform_s17000407_rep2_rapl.txt,0.009503,0.087291,9.185504,4.871461,0.040997,4.314043,0,rapl:package+core,0.021758,0.021758,0.003501,0.003501,0.004703015039,0.004703015039,0.0325,0.004703
rapl,cpu,half,map_reduce,max,256,131072,uniform,17000407,3,bench/results/raw/energy/measurements/20260817_174754_cpu_half_map_reduce_q17_k256_max_uniform_s17000407_rep3_rapl.txt,0.009103,0.093638,10.286162,4.871461,0.049292,5.414701,0,rapl:package+core,0.036116,0.036116,0.003045,0.003045,0.021282401255,0.021282401255,0.036116,0.004262
rapl,cpu,half,map_reduce,max,4096,131072,uniform,17004247,1,bench/results/raw/energy/measurements/20260817_174754_cpu_half_map_reduce_q17_k4096_max_uniform_s17004247_rep1_rapl.txt,0.094751,0.794988,8.390276,4.871461,0.333412,3.518815,0,rapl:package+core,0.651471,0.651471,0.079994,0.079994,0.261783348766,0.261783348766,0.660824,0.081217
rapl,cpu,half,map_reduce,max,4096,131072,uniform,17004247,2,bench/results/raw/energy/measurements/20260817_174754_cpu_half_map_reduce_q17_k4096_max_uniform_s17004247_rep2_rapl.txt,0.094841,0.776388,8.186186,4.871461,0.314373,3.314725,0,rapl:package+core,0.635237,0.635237,0.079911,0.079911,0.245953680029,0.245953680029,0.644681,0.081138
rapl,cpu,half,map_reduce,max,4096,131072,uniform,17004247,3,bench/results/raw/energy/measurements/20260817_174754_cpu_half_map_reduce_q17_k4096_max_uniform_s17004247_rep3_rapl.txt,0.09529,0.808491,8.484515,4.871461,0.344289,3.613054,0,rapl:package+core,0.660549,0.660549,0.079967,0.079967,0.270992878213,0.270992878213,0.660549,0.081209
rapl,cpu,half,map_reduce,max,8,131072,uniform,17000159,1,bench/results/raw/energy/measurements/20260817_174754_cpu_half_map_reduce_q17_k8_max_uniform_s17000159_rep1_rapl.txt,0.007162,0.070553,9.850562,4.871461,0.035662,4.979101,0,rapl:package+core,0.02841,0.02841,0.001504,0.001504,0.021083322656,0.021083322656,0.038541,0.002714
rapl,cpu,half,map_reduce,max,8,131072,uniform,17000159,2,bench/results/raw/energy/measurements/20260817_174754_cpu_half_map_reduce_q17_k8_max_uniform_s17000159_rep2_rapl.txt,0.007151,0.086879,12.149805,4.871461,0.052045,7.278344,0,rapl:package+core,0,0,0.001522,0.001522,0,0,0.0222,0.002756
rapl,cpu,half,map_reduce,max,8,131072,uniform,17000159,3,bench/results/raw/energy/measurements/20260817_174754_cpu_half_map_reduce_q17_k8_max_uniform_s17000159_rep3_rapl.txt,0.007167,0.065273,9.107612,4.871461,0.03036,4.236151,0,rapl:package+core,0.021835,0.021835,0.001507,0.001507,0.014493708273,0.014493708273,0.021835,0.002715
rapl,cpu,half,map_reduce,max,131072,262144,uniform,18131226,1,bench/results/raw/energy/measurements/20260817_174754_cpu_half_map_reduce_q18_k131072_max_uniform_s18131226_rep1_rapl.txt,1.254427,9.03829,7.205112,4.871461,2.927396,2.333651,0,rapl:package+core,7.817298,7.817298,1.106626,1.106626,2.42641259941,2.42641259941,7.834189,1.108329
rapl,cpu,half,map_reduce,max,131072,262144,uniform,18131226,2,bench/results/raw/energy/measurements/20260817_174754_cpu_half_map_reduce_q18_k131072_max_uniform_s18131226_rep2_rapl.txt,1.252665,9.460037,7.551927,4.871461,3.357727,2.680466,0,rapl:package+core,8.1796,8.1796,1.105492,1.105492,2.79423883619,2.79423883619,8.1796,1.1071
rapl,cpu,half,map_reduce,max,131072,262144,uniform,18131226,3,bench/results/raw/energy/measurements/20260817_174754_cpu_half_map_reduce_q18_k131072_max_uniform_s18131226_rep3_rapl.txt,1.253932,9.12642,7.278239,4.871461,3.017937,2.406778,0,rapl:package+core,7.857489,7.857489,1.105818,1.105818,2.4705397399,2.4705397399,7.864904,1.10774
rapl,cpu,half,map_reduce,max,256,262144,uniform,18000410,1,bench/results/raw/energy/measurements/20260817_174754_cpu_half_map_reduce_q18_k256_max_uniform_s18000410_rep1_rapl.txt,0.011287,0.122278,10.833321,4.871461,0.067293,5.96186,0,rapl:package+core,0.043287,0.043287,0.003729,0.003729,0.025121321931,0.025121321931,0.043287,0.004926
rapl,cpu,half,map_reduce,max,256,262144,uniform,18000410,2,bench/results/raw/energy/measurements/20260817_174754_cpu_half_map_reduce_q18_k256_max_uniform_s18000410_rep2_rapl.txt,0.010986,0.116877,10.638404,4.871461,0.063358,5.766943,0,rapl:package+core,0.05235,0.05235,0.003462,0.003462,0.035485002018,0.035485002018,0.05235,0.004653
rapl,cpu,half,map_reduce,max,256,262144,uniform,18000410,3,bench/results/raw/energy/measurements/20260817_174754_cpu_half_map_reduce_q18_k256_max_uniform_s18000410_rep3_rapl.txt,0.01102,0.108103,9.809971,4.871461,0.054421,4.93851,0,rapl:package+core,0.032545,0.032545,0.003475,0.003475,0.015616673025,0.015616673025,0.04347,0.004708
rapl,cpu,half,map_reduce,max,4096,262144,uniform,18004250,1,bench/results/raw/energy/measurements/20260817_174754_cpu_half_map_reduce_q18_k4096_max_uniform_s18004250_rep1_rapl.txt,0.112623,0.985636,8.751605,4.871461,0.436995,3.880144,0,rapl:package+core,0.766196,0.766196,0.094609,0.094609,0.305311946251,0.305311946251,0.776419,0.095843
rapl,cpu,half,map_reduce,max,4096,262144,uniform,18004250,2,bench/results/raw/energy/measurements/20260817_174754_cpu_half_map_reduce_q18_k4096_max_uniform_s18004250_rep2_rapl.txt,0.111576,0.909331,8.149909,4.871461,0.365795,3.278448,0,rapl:package+core,0.747581,0.747581,0.093926,0.093926,0.290024154114,0.290024154114,0.75698,0.095161
rapl,cpu,half,map_reduce,max,4096,262144,uniform,18004250,3,bench/results/raw/energy/measurements/20260817_174754_cpu_half_map_reduce_q18_k4096_max_uniform_s18004250_rep3_rapl.txt,0.1117,0.932889,8.351715,4.871461,0.388745,3.480254,0,rapl:package+core,0.758201,0.758201,0.094108,0.094108,0.299757548212,0.299757548212,0.777853,0.095346
rapl,cpu,half,map_reduce,max,8,262144,uniform,18000162,1,bench/results/raw/energy/measurements/20260817_174754_cpu_half_map_reduce_q18_k8_max_uniform_s18000162_rep1_rapl.txt,0.009429,0.105372,11.174771,4.871461,0.059437,6.30331,0,rapl:package+core,0.033629,0.033629,0.00178,0.00178,0.02495779942,0.02495779942,0.033629,0.002978
rapl,cpu,half,map_reduce,max,8,262144,uniform,18000162,2,bench/results/raw/energy/measurements/20260817_174754_cpu_half_map_reduce_q18_k8_max_uniform_s18000162_rep2_rapl.txt,0.008814,0.085399,9.688911,4.871461,0.042461,4.81745,0,rapl:package+core,0.010543,0.010543,0.001769,0.001769,0.001925385491,0.001925385491,0.021223,0.002955
rapl,cpu,half,map_reduce,max,8,262144,uniform,18000162,3,bench/results/raw/energy/measurements/20260817_174754_cpu_half_map_reduce_q18_k8_max_uniform_s18000162_rep3_rapl.txt,0.00895,0.102732,11.478442,4.871461,0.059132,6.606981,0,rapl:package+core,0.011658,0.011658,0.001792,0.001792,0.002928341888,0.002928341888,0.047743,0.002982
rapl,cpu,half,map_reduce,max,131072,524288,uniform,19131229,1,bench/results/raw/energy/measurements/20260817_174754_cpu_half_map_reduce_q19_k131072_max_uniform_s19131229_rep1_rapl.txt,1.883994,13.514529,7.173339,4.871461,4.336725,2.301878,0,rapl:package+core,11.888713,11.888713,1.675987,1.675987,3.72420769299,3.72420769299,11.905253,1.678342
rapl,cpu,half,map_reduce,max,131072,524288,uniform,19131229,2,bench/results/raw/energy/measurements/20260817_174754_cpu_half_map_reduce_q19_k131072_max_uniform_s19131229_rep2_rapl.txt,1.88168,14.440827,7.674435,4.871461,5.274299,2.802974,0,rapl:package+core,12.572577,12.572577,1.673719,1.673719,4.41912016654,4.41912016654,12.588384,1.67572
rapl,cpu,half,map_reduce,max,131072,524288,uniform,19131229,3,bench/results/raw/energy/measurements/20260817_174754_cpu_half_map_reduce_q19_k131072_max_uniform_s19131229_rep3_rapl.txt,1.88295,13.664134,7.256769,4.871461,4.491416,2.385308,0,rapl:package+core,11.90893,11.90893,1.674303,1.674303,3.75262823332,3.75262823332,11.925912,1.676399
rapl,cpu,half,map_reduce,max,256,524288,uniform,19000413,1,bench/results/raw/energy/measurements/20260817_174754_cpu_half_map_reduce_q19_k256_max_uniform_s19000413_rep1_rapl.txt,0.015336,0.159888,10.42564,4.871461,0.085179,5.554179,0,rapl:package+core,0.013793,0.013793,0.004558,0.004558,0,0,0.066647,0.005774
rapl,cpu,half,map_reduce,max,256,524288,uniform,19000413,2,bench/results/raw/energy/measurements/20260817_174754_cpu_half_map_reduce_q19_k256_max_uniform_s19000413_rep2_rapl.txt,0.015786,0.169257,10.721691,4.871461,0.092354,5.85023,0,rapl:package+core,0.069867,0.069867,0.005193,0.005193,0.044569503027,0.044569503027,0.069867,0.006378
rapl,cpu,half,map_reduce,max,256,524288,uniform,19000413,3,bench/results/raw/energy/measurements/20260817_174754_cpu_half_map_reduce_q19_k256_max_uniform_s19000413_rep3_rapl.txt,0.015072,0.152229,10.100367,4.871461,0.078808,5.228906,0,rapl:package+core,0.056195,0.056195,0.004411,0.004411,0.034706985529,0.034706985529,0.056195,0.00561
rapl,cpu,half,map_reduce,max,4096,524288,uniform,19004253,1,bench/results/raw/energy/measurements/20260817_174754_cpu_half_map_reduce_q19_k4096_max_uniform_s19004253_rep1_rapl.txt,0.132731,1.112126,8.378769,4.871461,0.46553,3.507308,0,rapl:package+core,0.896591,0.896591,0.110468,0.110468,0.358450446252,0.358450446252,0.896591,0.111722
rapl,cpu,half,map_reduce,max,4096,524288,uniform,19004253,2,bench/results/raw/energy/measurements/20260817_174754_cpu_half_map_reduce_q19_k4096_max_uniform_s19004253_rep2_rapl.txt,0.132636,1.086507,8.19164,4.871461,0.440376,3.320179,0,rapl:package+core,0.847077,0.847077,0.110479,0.110479,0.308882860181,0.308882860181,0.884842,0.111741
rapl,cpu,half,map_reduce,max,4096,524288,uniform,19004253,3,bench/results/raw/energy/measurements/20260817_174754_cpu_half_map_reduce_q19_k4096_max_uniform_s19004253_rep3_rapl.txt,0.132588,1.088018,8.205983,4.871461,0.442119,3.334522,0,rapl:package+core,0.887146,0.887146,0.110365,0.110365,0.349507206735,0.349507206735,0.887146,0.111621
rapl,cpu,half,map_reduce,max,8,524288,uniform,19000165,1,bench/results/raw/energy/measurements/20260817_174754_cpu_half_map_reduce_q19_k8_max_uniform_s19000165_rep1_rapl.txt,0.012836,0.135033,10.520274,4.871461,0.072505,5.648813,0,rapl:package+core,0.044691,0.044691,0.002556,0.002556,0.032239545684,0.032239545684,0.044691,0.003785
rapl,cpu,half,map_reduce,max,8,524288,uniform,19000165,2,bench/results/raw/energy/measurements/20260817_174754_cpu_half_map_reduce_q19_k8_max_uniform_s19000165_rep2_rapl.txt,0.012403,0.121911,9.828956,4.871461,0.061489,4.957495,0,rapl:package+core,0.034025,0.034025,0.002426,0.002426,0.022206835614,0.022206835614,0.034025,0.003608
rapl,cpu,half,map_reduce,max,8,524288,uniform,19000165,3,bench/results/raw/energy/measurements/20260817_174754_cpu_half_map_reduce_q19_k8_max_uniform_s19000165_rep3_rapl.txt,0.012707,0.132485,10.425952,4.871461,0.070582,5.554491,0,rapl:package+core,0.023376,0.023376,0.002491,0.002491,0.011241190649,0.011241190649,0.034438,0.0037
rapl,cpu,half,map_reduce,max,131072,1048576,uniform,20131232,1,bench/results/raw/energy/measurements/20260817_174754_cpu_half_map_reduce_q20_k131072_max_uniform_s20131232_rep1_rapl.txt,2.552042,18.596786,7.287023,4.871461,6.164614,2.415562,0,rapl:package+core,16.607357,16.607357,2.27812,2.27812,5.50958426668,5.50958426668,16.607357,2.28035
rapl,cpu,half,map_reduce,max,131072,1048576,uniform,20131232,2,bench/results/raw/energy/measurements/20260817_174754_cpu_half_map_reduce_q20_k131072_max_uniform_s20131232_rep2_rapl.txt,2.551787,18.017135,7.060596,4.871461,5.586206,2.189135,0,rapl:package+core,15.830998,15.830998,2.277258,2.277258,4.73742446606,4.73742446606,15.847065,2.280264
rapl,cpu,half,map_reduce,max,131072,1048576,uniform,20131232,3,bench/results/raw/energy/measurements/20260817_174754_cpu_half_map_reduce_q20_k131072_max_uniform_s20131232_rep3_rapl.txt,2.551487,18.94415,7.424748,4.871461,6.51468,2.553287,0,rapl:package+core,16.75008,16.75008,2.277648,2.277648,5.65460659627,5.65460659627,16.758914,2.279858
rapl,cpu,half,map_reduce,max,256,1048576,uniform,20000416,1,bench/results/raw/energy/measurements/20260817_174754_cpu_half_map_reduce_q20_k256_max_uniform_s20000416_rep1_rapl.txt,0.021377,0.222828,10.423684,4.871461,0.11869,5.552223,0,rapl:package+core,0.072765,0.072765,0.00563,0.00563,0.04533867457,0.04533867457,0.083522,0.006827
rapl,cpu,half,map_reduce,max,256,1048576,uniform,20000416,2,bench/results/raw/energy/measurements/20260817_174754_cpu_half_map_reduce_q20_k256_max_uniform_s20000416_rep2_rapl.txt,0.021388,0.210285,9.83211,4.871461,0.106096,4.960649,0,rapl:package+core,0.071453,0.071453,0.005638,0.005638,0.043987702882,0.043987702882,0.071453,0.006844
rapl,cpu,half,map_reduce,max,256,1048576,uniform,20000416,3,bench/results/raw/energy/measurements/20260817_174754_cpu_half_map_reduce_q20_k256_max_uniform_s20000416_rep3_rapl.txt,0.021272,0.219043,10.297272,4.871461,0.115418,5.425811,0,rapl:package+core,0.056958,0.056958,0.005603,0.005603,0.029663204017,0.029663204017,0.068661,0.006789
rapl,cpu,half,map_reduce,max,4096,1048576,uniform,20004256,1,bench/results/raw/energy/measurements/20260817_174754_cpu_half_map_reduce_q20_k4096_max_uniform_s20004256_rep1_rapl.txt,0.154322,1.279246,8.289452,4.871461,0.527472,3.417991,0,rapl:package+core,0.995019,0.995019,0.125288,0.125288,0.384683394232,0.384683394232,1.010995,0.126558
rapl,cpu,half,map_reduce,max,4096,1048576,uniform,20004256,2,bench/results/raw/energy/measurements/20260817_174754_cpu_half_map_reduce_q20_k4096_max_uniform_s20004256_rep2_rapl.txt,0.153872,1.226209,7.968994,4.871461,0.476625,3.097533,0,rapl:package+core,0.957592,0.957592,0.12538,0.12538,0.34680821982,0.34680821982,0.974818,0.126642
rapl,cpu,half,map_reduce,max,4096,1048576,uniform,20004256,3,bench/results/raw/energy/measurements/20260817_174754_cpu_half_map_reduce_q20_k4096_max_uniform_s20004256_rep3_rapl.txt,0.153765,1.224607,7.964161,4.871461,0.475548,3.0927,0,rapl:package+core,0.960155,0.960155,0.12519,0.12519,0.35029679741,0.35029679741,0.968364,0.126439
rapl,cpu,half,map_reduce,max,8,1048576,uniform,20000168,1,bench/results/raw/energy/measurements/20260817_174754_cpu_half_map_reduce_q20_k8_max_uniform_s20000168_rep1_rapl.txt,0.019036,0.225208,11.830899,4.871461,0.132477,6.959438,0,rapl:package+core,0.032346,0.032346,0.003662,0.003662,0.014506709818,0.014506709818,0.062008,0.004864
rapl,cpu,half,map_reduce,max,8,1048576,uniform,20000168,2,bench/results/raw/energy/measurements/20260817_174754_cpu_half_map_reduce_q20_k8_max_uniform_s20000168_rep2_rapl.txt,0.018697,0.203679,10.893659,4.871461,0.112597,6.022198,0,rapl:package+core,0.024901,0.024901,0.00357,0.00357,0.00750988423,0.00750988423,0.049741,0.004779
rapl,cpu,half,map_reduce,max,8,1048576,uniform,20000168,3,bench/results/raw/energy/measurements/20260817_174754_cpu_half_map_reduce_q20_k8_max_uniform_s20000168_rep3_rapl.txt,0.018641,0.19579,10.502926,4.871461,0.104979,5.631465,0,rapl:package+core,0.03874,0.03874,0.003547,0.003547,0.021460927833,0.021460927833,0.050031,0.004745
rapl,cpu,half,map_reduce,max,131072,2097152,uniform,21131235,1,bench/results/raw/energy/measurements/20260817_174754_cpu_half_map_reduce_q21_k131072_max_uniform_s21131235_rep1_rapl.txt,3.265983,31.538957,9.656803,4.871461,15.628848,4.785342,0,rapl:package+core,28.209844,28.209844,2.915895,2.915895,14.0051752274,14.0051752274,28.209844,2.918973
rapl,cpu,half,map_reduce,max,131072,2097152,uniform,21131235,2,bench/results/raw/energy/measurements/20260817_174754_cpu_half_map_reduce_q21_k131072_max_uniform_s21131235_rep2_rapl.txt,3.266846,31.314771,9.585629,4.871461,15.40046,4.714168,0,rapl:package+core,27.848413,27.848413,2.91672,2.91672,13.6397252721,13.6397252721,27.874871,2.919656
rapl,cpu,half,map_reduce,max,131072,2097152,uniform,21131235,3,bench/results/raw/energy/measurements/20260817_174754_cpu_half_map_reduce_q21_k131072_max_uniform_s21131235_rep3_rapl.txt,3.263378,31.814547,9.748962,4.871461,15.917129,4.877501,0,rapl:package+core,28.373503,28.373503,2.914061,2.914061,14.1777684869,14.1777684869,28.421504,2.916888
rapl,cpu,half,map_reduce,max,256,2097152,uniform,21000419,1,bench/results/raw/energy/measurements/20260817_174754_cpu_half_map_reduce_q21_k256_max_uniform_s21000419_rep1_rapl.txt,0.035244,0.376888,10.693537,4.871461,0.205196,5.822076,0,rapl:package+core,0.066495,0.066495,0.0083,0.0083,0.0260618737,0.0260618737,0.109202,0.009513
rapl,cpu,half,map_reduce,max,256,2097152,uniform,21000419,2,bench/results/raw/energy/measurements/20260817_174754_cpu_half_map_reduce_q21_k256_max_uniform_s21000419_rep2_rapl.txt,0.035326,0.361309,10.227917,4.871461,0.189221,5.356456,0,rapl:package+core,0.081798,0.081798,0.008284,0.008284,0.041442817076,0.041442817076,0.108866,0.009505
rapl,cpu,half,map_reduce,max,256,2097152,uniform,21000419,3,bench/results/raw/energy/measurements/20260817_174754_cpu_half_map_reduce_q21_k256_max_uniform_s21000419_rep3_rapl.txt,0.035485,0.383266,10.800925,4.871461,0.210404,5.929464,0,rapl:package+core,0.106654,0.106654,0.008565,0.008565,0.064929936535,0.064929936535,0.121012,0.009785
rapl,cpu,half,map_reduce,max,4096,2097152,uniform,21004259,1,bench/results/raw/energy/measurements/20260817_174754_cpu_half_map_reduce_q21_k4096_max_uniform_s21004259_rep1_rapl.txt,0.179401,1.90928,10.642518,4.871461,1.035334,5.771057,0,rapl:package+core,1.479157,1.479157,0.138823,0.138823,0.802886169597,0.802886169597,1.492599,0.140059
rapl,cpu,half,map_reduce,max,4096,2097152,uniform,21004259,2,bench/results/raw/energy/measurements/20260817_174754_cpu_half_map_reduce_q21_k4096_max_uniform_s21004259_rep2_rapl.txt,0.180272,1.894189,10.507375,4.871461,1.015999,5.635914,0,rapl:package+core,1.478791,1.478791,0.139495,0.139495,0.799246547805,0.799246547805,1.506209,0.14075
rapl,cpu,half,map_reduce,max,4096,2097152,uniform,21004259,3,bench/results/raw/energy/measurements/20260817_174754_cpu_half_map_reduce_q21_k4096_max_uniform_s21004259_rep3_rapl.txt,0.179805,1.881922,10.466445,4.871461,1.006008,5.594984,0,rapl:package+core,1.497161,1.497161,0.139089,0.139089,0.819594360971,0.819594360971,1.497161,0.140327
rapl,cpu,half,map_reduce,max,8,2097152,uniform,21000171,1,bench/results/raw/energy/measurements/20260817_174754_cpu_half_map_reduce_q21_k8_max_uniform_s21000171_rep1_rapl.txt,0.031152,0.347608,11.158531,4.871461,0.195853,6.28707,0,rapl:package+core,0.054975,0.054975,0.00482,0.00482,0.03149455798,0.03149455798,0.068844,0.006047
rapl,cpu,half,map_reduce,max,8,2097152,uniform,21000171,2,bench/results/raw/energy/measurements/20260817_174754_cpu_half_map_reduce_q21_k8_max_uniform_s21000171_rep2_rapl.txt,0.031142,0.331068,10.630999,4.871461,0.179362,5.759538,0,rapl:package+core,0.057782,0.057782,0.00492,0.00492,0.03381441188,0.03381441188,0.075085,0.006136
rapl,cpu,half,map_reduce,max,8,2097152,uniform,21000171,3,bench/results/raw/energy/measurements/20260817_174754_cpu_half_map_reduce_q21_k8_max_uniform_s21000171_rep3_rapl.txt,0.03114,0.331785,10.654594,4.871461,0.180087,5.783133,0,rapl:package+core,0.037718,0.037718,0.005015,0.005015,0.013287623085,0.013287623085,0.072369,0.006255
rapl,cpu,half,map_reduce,max,131072,4194304,uniform,22131238,1,bench/results/raw/energy/measurements/20260817_174754_cpu_half_map_reduce_q22_k131072_max_uniform_s22131238_rep1_rapl.txt,3.906146,50.13228,12.834207,4.871461,31.103644,7.962746,0,rapl:package+core,44.988015,44.988015,3.480096,3.480096,28.0348630597,28.0348630597,44.988015,3.482445
rapl,cpu,half,map_reduce,max,131072,4194304,uniform,22131238,2,bench/results/raw/energy/measurements/20260817_174754_cpu_half_map_reduce_q22_k131072_max_uniform_s22131238_rep2_rapl.txt,3.904323,50.534649,12.943256,4.871461,31.514892,8.071795,0,rapl:package+core,45.320456,45.320456,3.477607,3.477607,28.3794291262,28.3794291262,45.320456,3.480793
rapl,cpu,half,map_reduce,max,131072,4194304,uniform,22131238,3,bench/results/raw/energy/measurements/20260817_174754_cpu_half_map_reduce_q22_k131072_max_uniform_s22131238_rep3_rapl.txt,3.901717,49.920407,12.794472,4.871461,30.913346,7.923011,0,rapl:package+core,44.663691,44.663691,3.474358,3.474358,27.738491503,27.738491503,44.678857,3.476913
rapl,cpu,half,map_reduce,max,256,4194304,uniform,22000422,1,bench/results/raw/energy/measurements/20260817_174754_cpu_half_map_reduce_q22_k256_max_uniform_s22000422_rep1_rapl.txt,0.06148,0.652798,10.618047,4.871461,0.3533,5.746586,0,rapl:package+core,0.163963,0.163963,0.011699,0.011699,0.106971777761,0.106971777761,0.196432,0.012925
rapl,cpu,half,map_reduce,max,256,4194304,uniform,22000422,2,bench/results/raw/energy/measurements/20260817_174754_cpu_half_map_reduce_q22_k256_max_uniform_s22000422_rep2_rapl.txt,0.059599,0.626386,10.509938,4.871461,0.33605,5.638477,0,rapl:package+core,0.177465,0.177465,0.011059,0.011059,0.123591512801,0.123591512801,0.177465,0.012287
rapl,cpu,half,map_reduce,max,256,4194304,uniform,22000422,3,bench/results/raw/energy/measurements/20260817_174754_cpu_half_map_reduce_q22_k256_max_uniform_s22000422_rep3_rapl.txt,0.060412,0.650982,10.775719,4.871461,0.356688,5.904258,0,rapl:package+core,0.17539,0.17539,0.011884,0.011884,0.117497557476,0.117497557476,0.194936,0.01311
rapl,cpu,half,map_reduce,max,4096,4194304,uniform,22004262,1,bench/results/raw/energy/measurements/20260817_174754_cpu_half_map_reduce_q22_k4096_max_uniform_s22004262_rep1_rapl.txt,0.213321,2.995939,14.044262,4.871461,1.956753,9.172801,0,rapl:package+core,2.319643,2.319643,0.150569,0.150569,1.58615198869,1.58615198869,2.319643,0.1518
rapl,cpu,half,map_reduce,max,4096,4194304,uniform,22004262,2,bench/results/raw/energy/measurements/20260817_174754_cpu_half_map_reduce_q22_k4096_max_uniform_s22004262_rep2_rapl.txt,0.213566,2.995069,14.024102,4.871461,1.954691,9.152641,0,rapl:package+core,2.289142,2.289142,0.150404,0.150404,1.55645477976,1.55645477976,2.329637,0.151645
rapl,cpu,half,map_reduce,max,4096,4194304,uniform,22004262,3,bench/results/raw/energy/measurements/20260817_174754_cpu_half_map_reduce_q22_k4096_max_uniform_s22004262_rep3_rapl.txt,0.213955,2.97679,13.913149,4.871461,1.934516,9.041688,0,rapl:package+core,2.302921,2.302921,0.150781,0.150781,1.56839723896,1.56839723896,2.302921,0.152041
rapl,cpu,half,map_reduce,max,8,4194304,uniform,22000174,1,bench/results/raw/energy/measurements/20260817_174754_cpu_half_map_reduce_q22_k8_max_uniform_s22000174_rep1_rapl.txt,0.053904,0.568315,10.543131,4.871461,0.305725,5.67167,0,rapl:package+core,0.081615,0.081615,0.006177,0.006177,0.051523985403,0.051523985403,0.098261,0.00742
rapl,cpu,half,map_reduce,max,8,4194304,uniform,22000174,2,bench/results/raw/energy/measurements/20260817_174754_cpu_half_map_reduce_q22_k8_max_uniform_s22000174_rep2_rapl.txt,0.053625,0.572312,10.672558,4.871461,0.311082,5.801097,0,rapl:package+core,0.080868,0.080868,0.006013,0.006013,0.051575905007,0.051575905007,0.091243,0.007224
rapl,cpu,half,map_reduce,max,8,4194304,uniform,22000174,3,bench/results/raw/energy/measurements/20260817_174754_cpu_half_map_reduce_q22_k8_max_uniform_s22000174_rep3_rapl.txt,0.053682,0.589478,10.980907,4.871461,0.327968,6.109446,0,rapl:package+core,0.083736,0.083736,0.006174,0.006174,0.053659599786,0.053659599786,0.097682,0.007392
rapl,cpu,half,map_reduce,max,131072,8388608,uniform,23131241,1,bench/results/raw/energy/measurements/20260817_174754_cpu_half_map_reduce_q23_k131072_max_uniform_s23131241_rep1_rapl.txt,4.486352,78.474412,17.491808,4.871461,56.619322,12.620347,0,rapl:package+core,70.372596,70.372596,3.96926,3.96926,51.0365007111,51.0365007111,70.432362,3.97102
rapl,cpu,half,map_reduce,max,131072,8388608,uniform,23131241,2,bench/results/raw/energy/measurements/20260817_174754_cpu_half_map_reduce_q23_k131072_max_uniform_s23131241_rep2_rapl.txt,4.480922,78.670751,17.556824,4.871461,56.842117,12.685363,0,rapl:package+core,70.506639,70.506639,3.963797,3.963797,51.1971565026,51.1971565026,70.532455,3.965925
rapl,cpu,half,map_reduce,max,131072,8388608,uniform,23131241,3,bench/results/raw/energy/measurements/20260817_174754_cpu_half_map_reduce_q23_k131072_max_uniform_s23131241_rep3_rapl.txt,4.484663,78.661535,17.540121,4.871461,56.814673,12.66866,0,rapl:package+core,70.531662,70.531662,3.966178,3.966178,51.2105805539,51.2105805539,70.531662,3.968324
rapl,cpu,half,map_reduce,max,256,8388608,uniform,23000425,1,bench/results/raw/energy/measurements/20260817_174754_cpu_half_map_reduce_q23_k256_max_uniform_s23000425_rep1_rapl.txt,0.106964,1.173585,10.971764,4.871461,0.652514,6.100303,0,rapl:package+core,0.321105,0.321105,0.015862,0.015862,0.243833885618,0.243833885618,0.365002,0.017114
rapl,cpu,half,map_reduce,max,256,8388608,uniform,23000425,2,bench/results/raw/energy/measurements/20260817_174754_cpu_half_map_reduce_q23_k256_max_uniform_s23000425_rep2_rapl.txt,0.106979,1.19139,11.136658,4.871461,0.670245,6.265197,0,rapl:package+core,0.35368,0.35368,0.015982,0.015982,0.275824310298,0.275824310298,0.35368,0.017224
rapl,cpu,half,map_reduce,max,256,8388608,uniform,23000425,3,bench/results/raw/energy/measurements/20260817_174754_cpu_half_map_reduce_q23_k256_max_uniform_s23000425_rep3_rapl.txt,0.107538,1.217406,11.320757,4.871461,0.693541,6.449296,0,rapl:package+core,0.359769,0.359769,0.016469,0.016469,0.279540908791,0.279540908791,0.385341,0.017697
rapl,cpu,half,map_reduce,max,4096,8388608,uniform,23004265,1,bench/results/raw/energy/measurements/20260817_174754_cpu_half_map_reduce_q23_k4096_max_uniform_s23004265_rep1_rapl.txt,0.268098,4.954028,18.478414,4.871461,3.647998,13.606953,0,rapl:package+core,3.718527,3.718527,0.161782,0.161782,2.9304122965,2.9304122965,3.785235,0.163028
rapl,cpu,half,map_reduce,max,4096,8388608,uniform,23004265,2,bench/results/raw/energy/measurements/20260817_174754_cpu_half_map_reduce_q23_k4096_max_uniform_s23004265_rep2_rapl.txt,0.267524,4.953342,18.515505,4.871461,3.650109,13.644044,0,rapl:package+core,3.77936,3.77936,0.160916,0.160916,2.99546398172,2.99546398172,3.77936,0.162193
rapl,cpu,half,map_reduce,max,4096,8388608,uniform,23004265,3,bench/results/raw/energy/measurements/20260817_174754_cpu_half_map_reduce_q23_k4096_max_uniform_s23004265_rep3_rapl.txt,0.267062,4.949741,18.534072,4.871461,3.64876,13.662611,0,rapl:package+core,3.71221,3.71221,0.160636,0.160636,2.9296779908,2.9296779908,3.779178,0.161893
rapl,cpu,half,map_reduce,max,8,8388608,uniform,23000177,1,bench/results/raw/energy/measurements/20260817_174754_cpu_half_map_reduce_q23_k8_max_uniform_s23000177_rep1_rapl.txt,0.100988,1.073385,10.628821,4.871461,0.581425,5.75736,0,rapl:package+core,0.173497,0.173497,0.010374,0.010374,0.122960463586,0.122960463586,0.213657,0.011598
rapl,cpu,half,map_reduce,max,8,8388608,uniform,23000177,2,bench/results/raw/energy/measurements/20260817_174754_cpu_half_map_reduce_q23_k8_max_uniform_s23000177_rep2_rapl.txt,0.100733,1.027871,10.203911,4.871461,0.537154,5.33245,0,rapl:package+core,0.127191,0.127191,0.010189,0.010189,0.077555683871,0.077555683871,0.194387,0.011435
rapl,cpu,half,map_reduce,max,8,8388608,uniform,23000177,3,bench/results/raw/energy/measurements/20260817_174754_cpu_half_map_reduce_q23_k8_max_uniform_s23000177_rep3_rapl.txt,0.100414,1.095677,10.911566,4.871461,0.606513,6.040105,0,rapl:package+core,0.224369,0.224369,0.01018,0.01018,0.17477752702,0.17477752702,0.224369,0.011406
rapl,cpu,half,map_reduce,max,131072,16777216,uniform,24131244,1,bench/results/raw/energy/measurements/20260817_174754_cpu_half_map_reduce_q24_k131072_max_uniform_s24131244_rep1_rapl.txt,5.032094,96.372122,19.151494,4.871461,71.858471,14.280033,0,rapl:package+core,85.96014,85.96014,4.38683,4.38683,64.5898687414,64.5898687414,85.987741,4.388729
rapl,cpu,half,map_reduce,max,131072,16777216,uniform,24131244,2,bench/results/raw/energy/measurements/20260817_174754_cpu_half_map_reduce_q24_k131072_max_uniform_s24131244_rep2_rapl.txt,5.034172,96.078024,19.085171,4.871461,71.554253,14.21371,0,rapl:package+core,85.624569,85.624569,4.38891,4.38891,64.2441651025,64.2441651025,85.659083,4.391088
rapl,cpu,half,map_reduce,max,131072,16777216,uniform,24131244,3,bench/results/raw/energy/measurements/20260817_174754_cpu_half_map_reduce_q24_k131072_max_uniform_s24131244_rep3_rapl.txt,5.03622,95.810231,19.024234,4.871461,71.276481,14.152773,0,rapl:package+core,85.424171,85.424171,4.390474,4.390474,64.0361481375,64.0361481375,85.424171,4.392432
rapl,cpu,half,map_reduce,max,256,16777216,uniform,24000428,1,bench/results/raw/energy/measurements/20260817_174754_cpu_half_map_reduce_q24_k256_max_uniform_s24000428_rep1_rapl.txt,0.20733,2.393034,11.542151,4.871461,1.383034,6.67069,0,rapl:package+core,0.725335,0.725335,0.029686,0.029686,0.580720808754,0.580720808754,0.725335,0.030935
rapl,cpu,half,map_reduce,max,256,16777216,uniform,24000428,2,bench/results/raw/energy/measurements/20260817_174754_cpu_half_map_reduce_q24_k256_max_uniform_s24000428_rep2_rapl.txt,0.205956,2.232428,10.839345,4.871461,1.229121,5.967884,0,rapl:package+core,0.55617,0.55617,0.028191,0.028191,0.418838642949,0.418838642949,0.632627,0.029458
rapl,cpu,half,map_reduce,max,256,16777216,uniform,24000428,3,bench/results/raw/energy/measurements/20260817_174754_cpu_half_map_reduce_q24_k256_max_uniform_s24000428_rep3_rapl.txt,0.207085,2.249624,10.863294,4.871461,1.240818,5.991833,0,rapl:package+core,0.625105,0.625105,0.029174,0.029174,0.482984996786,0.482984996786,0.65086,0.030452
rapl,cpu,half,map_reduce,max,4096,16777216,uniform,24004268,1,bench/results/raw/energy/measurements/20260817_174754_cpu_half_map_reduce_q24_k4096_max_uniform_s24004268_rep1_rapl.txt,0.364498,6.214079,17.048326,4.871461,4.438442,12.176865,0,rapl:package+core,4.275017,4.275017,0.172531,0.172531,3.43453896221,3.43453896221,4.308752,0.17379
rapl,cpu,half,map_reduce,max,4096,16777216,uniform,24004268,2,bench/results/raw/energy/measurements/20260817_174754_cpu_half_map_reduce_q24_k4096_max_uniform_s24004268_rep2_rapl.txt,0.364595,6.235349,17.102138,4.871461,4.45924,12.230677,0,rapl:package+core,4.281501,4.281501,0.172169,0.172169,3.44278643109,3.44278643109,4.315145,0.173416
rapl,cpu,half,map_reduce,max,4096,16777216,uniform,24004268,3,bench/results/raw/energy/measurements/20260817_174754_cpu_half_map_reduce_q24_k4096_max_uniform_s24004268_rep3_rapl.txt,0.364501,6.246336,17.136655,4.871461,4.470681,12.265194,0,rapl:package+core,4.325139,4.325139,0.172464,0.172464,3.4849873501,3.4849873501,4.325139,0.173727
rapl,cpu,half,map_reduce,max,8,16777216,uniform,24000180,1,bench/results/raw/energy/measurements/20260817_174754_cpu_half_map_reduce_q24_k8_max_uniform_s24000180_rep1_rapl.txt,0.202099,2.160701,10.691283,4.871461,1.176182,5.819822,0,rapl:package+core,0.514423,0.514423,0.023777,0.023777,0.398594271803,0.398594271803,0.514423,0.025049
rapl,cpu,half,map_reduce,max,8,16777216,uniform,24000180,2,bench/results/raw/energy/measurements/20260817_174754_cpu_half_map_reduce_q24_k8_max_uniform_s24000180_rep2_rapl.txt,0.20136,2.125302,10.554751,4.871461,1.144386,5.68329,0,rapl:package+core,0.464225,0.464225,0.022817,0.022817,0.353072874363,0.353072874363,0.492117,0.024053
rapl,cpu,half,map_reduce,max,8,16777216,uniform,24000180,3,bench/results/raw/energy/measurements/20260817_174754_cpu_half_map_reduce_q24_k8_max_uniform_s24000180_rep3_rapl.txt,0.200531,2.07048,10.324999,4.871461,1.093602,5.453538,0,rapl:package+core,0.464377,0.464377,0.023172,0.023172,0.351495505708,0.351495505708,0.485585,0.024461
gpu,gpu,half,bitonic,max,256,65536,uniform,16000404,1,bench/results/raw/energy/measurements/20260817_174754_gpu_half_bitonic_q16_k256_max_uniform_s16000404_rep1_gpu.txt,0.370365,7.346875,19.836841,14.716208,1.896504,5.120633,0,"rapl:package+core,nvml:board-integrated",0.329567,0.073646,0.016166,0.004327,0.091664781472,0.009968967984,0.366351,0.017659
gpu,gpu,half,bitonic,max,256,65536,uniform,16000404,2,bench/results/raw/energy/measurements/20260817_174754_gpu_half_bitonic_q16_k256_max_uniform_s16000404_rep2_gpu.txt,0.43713,8.5962,19.665088,14.716208,2.163304,4.94888,0,"rapl:package+core,nvml:board-integrated",0.337415,0.104987,0.016219,0.004328,0.098732822448,0.041295251776,0.384774,0.017688
gpu,gpu,half,bitonic,max,256,65536,uniform,16000404,3,bench/results/raw/energy/measurements/20260817_174754_gpu_half_bitonic_q16_k256_max_uniform_s16000404_rep3_gpu.txt,0.373796,7.202659,19.268957,14.716208,1.701799,4.552749,0,"rapl:package+core,nvml:board-integrated",0.308534,0.092237,0.016496,0.004383,0.065775432832,0.027735860336,0.359008,0.017974
gpu,gpu,half,bitonic,max,4096,65536,uniform,16004244,1,bench/results/raw/energy/measurements/20260817_174754_gpu_half_bitonic_q16_k4096_max_uniform_s16004244_rep1_gpu.txt,0.436756,8.254353,18.899236,14.716208,1.826962,4.183028,0,"rapl:package+core,nvml:board-integrated",0.340433,0.25842,0.015954,0.004592,0.105650617568,0.190843172864,0.350656,0.01745
gpu,gpu,half,bitonic,max,4096,65536,uniform,16004244,2,bench/results/raw/energy/measurements/20260817_174754_gpu_half_bitonic_q16_k4096_max_uniform_s16004244_rep2_gpu.txt,0.369257,7.045026,19.078901,14.716208,1.610957,4.362693,0,"rapl:package+core,nvml:board-integrated",0.293849,0.066037,0.01605,0.004596,0.0576538616,0,0.368401,0.017523
gpu,gpu,half,bitonic,max,4096,65536,uniform,16004244,3,bench/results/raw/energy/measurements/20260817_174754_gpu_half_bitonic_q16_k4096_max_uniform_s16004244_rep3_gpu.txt,0.427408,8.16177,19.09596,14.716208,1.871942,4.379752,0,"rapl:package+core,nvml:board-integrated",0.356199,0.206466,0.015942,0.00459,0.121593212064,0.13891860528,0.356199,0.017399
gpu,gpu,half,bitonic,max,8,65536,uniform,16000156,1,bench/results/raw/energy/measurements/20260817_174754_gpu_half_bitonic_q16_k8_max_uniform_s16000156_rep1_gpu.txt,0.356234,9.638403,27.056411,14.716208,4.395995,12.340203,0,"rapl:package+core,nvml:board-integrated",0.531549,0.075027,0.016768,0.003981,0.284787624256,0.016441775952,0.54226,0.018229
gpu,gpu,half,bitonic,max,8,65536,uniform,16000156,2,bench/results/raw/energy/measurements/20260817_174754_gpu_half_bitonic_q16_k8_max_uniform_s16000156_rep2_gpu.txt,0.421776,9.873774,23.410004,14.716208,3.666833,8.693796,0,"rapl:package+core,nvml:board-integrated",0.418071,0.098699,0.016854,0.004028,0.170044030368,0.039422114176,0.465149,0.018305
gpu,gpu,half,bitonic,max,8,65536,uniform,16000156,3,bench/results/raw/energy/measurements/20260817_174754_gpu_half_bitonic_q16_k8_max_uniform_s16000156_rep3_gpu.txt,0.429856,8.924588,20.761816,14.716208,2.59874,6.045608,0,"rapl:package+core,nvml:board-integrated",0.397994,0.049147,0.016588,0.003952,0.153881541696,0,0.408415,0.018065
gpu,gpu,half,bitonic,max,131072,131072,uniform,17131223,1,bench/results/raw/energy/measurements/20260817_174754_gpu_half_bitonic_q17_k131072_max_uniform_s17131223_rep1_gpu.txt,0.413739,8.028026,19.403613,14.716208,1.939361,4.687405,0,"rapl:package+core,nvml:board-integrated",0.44986,0.187999,0.02073,0.006737,0.14479300816,0.088855906704,0.474905,0.022556
gpu,gpu,half,bitonic,max,131072,131072,uniform,17131223,2,bench/results/raw/energy/measurements/20260817_174754_gpu_half_bitonic_q17_k131072_max_uniform_s17131223_rep2_gpu.txt,0.438077,8.56522,19.551872,14.716208,2.118392,4.835664,0,"rapl:package+core,nvml:board-integrated",0.420712,0.138333,0.020916,0.006841,0.112907793472,0.037659421072,0.477267,0.022769
gpu,gpu,half,bitonic,max,131072,131072,uniform,17131223,3,bench/results/raw/energy/measurements/20260817_174754_gpu_half_bitonic_q17_k131072_max_uniform_s17131223_rep3_gpu.txt,0.423727,8.430162,19.895288,14.716208,2.194514,5.17908,0,"rapl:package+core,nvml:board-integrated",0.436889,0.14052,0.020825,0.006805,0.1304239684,0.04037620456,0.483019,0.02265
gpu,gpu,half,bitonic,max,256,131072,uniform,17000407,1,bench/results/raw/energy/measurements/20260817_174754_gpu_half_bitonic_q17_k256_max_uniform_s17000407_rep1_gpu.txt,0.431511,8.142485,18.869696,14.716208,1.792277,4.153488,0,"rapl:package+core,nvml:board-integrated",0.323355,0.106178,0.017136,0.004909,0.071178059712,0.033936134928,0.388866,0.018903
gpu,gpu,half,bitonic,max,256,131072,uniform,17000407,2,bench/results/raw/energy/measurements/20260817_174754_gpu_half_bitonic_q17_k256_max_uniform_s17000407_rep2_gpu.txt,0.435853,8.319899,19.088794,14.716208,1.905803,4.372586,0,"rapl:package+core,nvml:board-integrated",0.353259,0.080999,0.017153,0.004879,0.100831884176,0.009198621168,0.38842,0.018884
gpu,gpu,half,bitonic,max,256,131072,uniform,17000407,3,bench/results/raw/energy/measurements/20260817_174754_gpu_half_bitonic_q17_k256_max_uniform_s17000407_rep3_gpu.txt,0.375033,7.061658,18.829436,14.716208,1.542596,4.113228,0,"rapl:package+core,nvml:board-integrated",0.37102,0.152819,0.01731,0.004865,0.11628243952,0.08122464808,0.391405,0.019044
gpu,gpu,half,bitonic,max,4096,131072,uniform,17004247,1,bench/results/raw/energy/measurements/20260817_174754_gpu_half_bitonic_q17_k4096_max_uniform_s17004247_rep1_gpu.txt,0.437522,8.406268,19.213342,14.716208,1.967597,4.497134,0,"rapl:package+core,nvml:board-integrated",0.345508,0.166744,0.017276,0.005483,0.091270790592,0.086055031536,0.390702,0.018993
gpu,gpu,half,bitonic,max,4096,131072,uniform,17004247,2,bench/results/raw/energy/measurements/20260817_174754_gpu_half_bitonic_q17_k4096_max_uniform_s17004247_rep2_gpu.txt,0.363927,6.947035,19.089108,14.716208,1.591415,4.3729,0,"rapl:package+core,nvml:board-integrated",0.358325,0.138481,0.017373,0.005482,0.102660318416,0.057806747744,0.393511,0.019112
gpu,gpu,half,bitonic,max,4096,131072,uniform,17004247,3,bench/results/raw/energy/measurements/20260817_174754_gpu_half_bitonic_q17_k4096_max_uniform_s17004247_rep3_gpu.txt,0.436029,8.342252,19.132313,14.716208,1.925552,4.416105,0,"rapl:package+core,nvml:board-integrated",0.306083,0.166854,0.017316,0.005593,0.051257142272,0.084546248656,0.391597,0.019072
gpu,gpu,half,bitonic,max,8,131072,uniform,17000159,1,bench/results/raw/energy/measurements/20260817_174754_gpu_half_bitonic_q17_k8_max_uniform_s17000159_rep1_gpu.txt,0.435995,8.332782,19.112109,14.716208,1.91659,4.395901,0,"rapl:package+core,nvml:board-integrated",0.368838,0.081048,0.017086,0.004218,0.117396870112,0.018975034656,0.388764,0.018785
gpu,gpu,half,bitonic,max,8,131072,uniform,17000159,2,bench/results/raw/energy/measurements/20260817_174754_gpu_half_bitonic_q17_k8_max_uniform_s17000159_rep2_gpu.txt,0.426306,8.096152,18.991398,14.716208,1.82254,4.27519,0,"rapl:package+core,nvml:board-integrated",0.308932,0.055951,0.01707,0.004208,0.05772632944,0,0.389721,0.018787
gpu,gpu,half,bitonic,max,8,131072,uniform,17000159,3,bench/results/raw/energy/measurements/20260817_174754_gpu_half_bitonic_q17_k8_max_uniform_s17000159_rep3_gpu.txt,0.430009,8.303205,19.309379,14.716208,1.975104,4.593171,0,"rapl:package+core,nvml:board-integrated",0.37315,0.067448,0.017386,0.004231,0.117294007712,0.005183723952,0.397559,0.019182
gpu,gpu,half,bitonic,max,131072,262144,uniform,18131226,1,bench/results/raw/energy/measurements/20260817_174754_gpu_half_bitonic_q18_k131072_max_uniform_s18131226_rep1_gpu.txt,0.47187,9.248091,19.598813,14.716208,2.303955,4.882605,0,"rapl:package+core,nvml:board-integrated",0.532478,0.262659,0.024261,0.009418,0.175448077712,0.124061753056,0.553716,0.026568
gpu,gpu,half,bitonic,max,131072,262144,uniform,18131226,2,bench/results/raw/energy/measurements/20260817_174754_gpu_half_bitonic_q18_k131072_max_uniform_s18131226_rep2_gpu.txt,0.433231,8.558323,19.754636,14.716208,2.182804,5.038428,0,"rapl:package+core,nvml:board-integrated",0.61463,0.182417,0.027828,0.009703,0.205107363776,0.039625633776,0.650832,0.030168
gpu,gpu,half,bitonic,max,131072,262144,uniform,18131226,3,bench/results/raw/energy/measurements/20260817_174754_gpu_half_bitonic_q18_k131072_max_uniform_s18131226_rep3_gpu.txt,0.424131,8.582299,20.235023,14.716208,2.3407,5.518815,0,"rapl:package+core,nvml:board-integrated",0.499754,0.19937,0.024782,0.009459,0.135056933344,0.060169388528,0.601033,0.027148
gpu,gpu,half,bitonic,max,256,262144,uniform,18000410,1,bench/results/raw/energy/measurements/20260817_174754_gpu_half_bitonic_q18_k256_max_uniform_s18000410_rep1_gpu.txt,0.433697,8.42472,19.425371,14.716208,2.042348,4.709163,0,"rapl:package+core,nvml:board-integrated",0.383172,0.141561,0.018493,0.005747,0.111025165456,0.056986952624,0.440144,0.020742
gpu,gpu,half,bitonic,max,256,262144,uniform,18000410,2,bench/results/raw/energy/measurements/20260817_174754_gpu_half_bitonic_q18_k256_max_uniform_s18000410_rep2_gpu.txt,0.439209,8.391511,19.105942,14.716208,1.928013,4.389734,0,"rapl:package+core,nvml:board-integrated",0.360456,0.091553,0.018425,0.00571,0.0893098676,0.00752345232,0.427041,0.020649
gpu,gpu,half,bitonic,max,256,262144,uniform,18000410,3,bench/results/raw/energy/measurements/20260817_174754_gpu_half_bitonic_q18_k256_max_uniform_s18000410_rep3_gpu.txt,0.440445,8.398208,19.067564,14.716208,1.916532,4.351356,0,"rapl:package+core,nvml:board-integrated",0.369966,0.109105,0.018577,0.00574,0.096583003984,0.02463396608,0.441743,0.020852
gpu,gpu,half,bitonic,max,4096,262144,uniform,18004250,1,bench/results/raw/energy/measurements/20260817_174754_gpu_half_bitonic_q18_k4096_max_uniform_s18004250_rep1_gpu.txt,0.425045,8.161043,19.200443,14.716208,1.905999,4.484235,0,"rapl:package+core,nvml:board-integrated",0.410464,0.155311,0.019545,0.007074,0.12283571464,0.051208544608,0.476232,0.021799
gpu,gpu,half,bitonic,max,4096,262144,uniform,18004250,2,bench/results/raw/energy/measurements/20260817_174754_gpu_half_bitonic_q18_k4096_max_uniform_s18004250_rep2_gpu.txt,0.440438,8.474869,19.241921,14.716208,1.993295,4.525713,0,"rapl:package+core,nvml:board-integrated",0.471821,0.186275,0.019496,0.007091,0.184913808832,0.081922369072,0.471821,0.021752
gpu,gpu,half,bitonic,max,4096,262144,uniform,18004250,3,bench/results/raw/energy/measurements/20260817_174754_gpu_half_bitonic_q18_k4096_max_uniform_s18004250_rep3_gpu.txt,0.43451,8.288934,19.076531,14.716208,1.894602,4.360323,0,"rapl:package+core,nvml:board-integrated",0.358539,0.113079,0.01925,0.007071,0.075251996,0.009020693232,0.465344,0.021495
gpu,gpu,half,bitonic,max,8,262144,uniform,18000162,1,bench/results/raw/energy/measurements/20260817_174754_gpu_half_bitonic_q18_k8_max_uniform_s18000162_rep1_gpu.txt,0.378921,7.264961,19.172781,14.716208,1.688687,4.456573,0,"rapl:package+core,nvml:board-integrated",0.409941,0.103715,0.018163,0.004623,0.142650514096,0.035681970416,0.435623,0.020346
gpu,gpu,half,bitonic,max,8,262144,uniform,18000162,2,bench/results/raw/energy/measurements/20260817_174754_gpu_half_bitonic_q18_k8_max_uniform_s18000162_rep2_gpu.txt,0.437477,8.71582,19.922917,14.716208,2.277816,5.206709,0,"rapl:package+core,nvml:board-integrated",0.240668,0.051212,0.018112,0.004581,0,0,0.438721,0.020323
gpu,gpu,half,bitonic,max,8,262144,uniform,18000162,3,bench/results/raw/energy/measurements/20260817_174754_gpu_half_bitonic_q18_k8_max_uniform_s18000162_rep3_gpu.txt,0.429385,8.169086,19.025076,14.716208,1.850164,4.308868,0,"rapl:package+core,nvml:board-integrated",0.420445,0.119387,0.018246,0.004659,0.151933068832,0.050824186928,0.430699,0.020483
gpu,gpu,half,bitonic,max,131072,524288,uniform,19131229,1,bench/results/raw/energy/measurements/20260817_174754_gpu_half_bitonic_q19_k131072_max_uniform_s19131229_rep1_gpu.txt,0.424514,8.587779,20.229692,14.716208,2.340549,5.513484,0,"rapl:package+core,nvml:board-integrated",0.71066,0.333057,0.032987,0.014219,0.225216446704,0.123807238448,0.801342,0.036107
gpu,gpu,half,bitonic,max,131072,524288,uniform,19131229,2,bench/results/raw/energy/measurements/20260817_174754_gpu_half_bitonic_q19_k131072_max_uniform_s19131229_rep2_gpu.txt,0.422328,8.73203,20.675921,14.716208,2.516957,5.959713,0,"rapl:package+core,nvml:board-integrated",0.761886,0.303095,0.032631,0.014173,0.281681416752,0.094522184016,0.79942,0.035813
gpu,gpu,half,bitonic,max,131072,524288,uniform,19131229,3,bench/results/raw/energy/measurements/20260817_174754_gpu_half_bitonic_q19_k131072_max_uniform_s19131229_rep3_gpu.txt,0.436133,9.212257,21.122568,14.716208,2.794028,6.40636,0,"rapl:package+core,nvml:board-integrated",0.726312,0.251312,0.032394,0.014079,0.249595158048,0.044122507568,0.836359,0.035566
gpu,gpu,half,bitonic,max,256,524288,uniform,19000413,1,bench/results/raw/energy/measurements/20260817_174754_gpu_half_bitonic_q19_k256_max_uniform_s19000413_rep1_gpu.txt,0.40302,7.753344,19.238095,14.716208,1.822412,4.521887,0,"rapl:package+core,nvml:board-integrated",0.435299,0.140569,0.020983,0.007357,0.126508807536,0.032301857744,0.493334,0.024014
gpu,gpu,half,bitonic,max,256,524288,uniform,19000413,2,bench/results/raw/energy/measurements/20260817_174754_gpu_half_bitonic_q19_k256_max_uniform_s19000413_rep2_gpu.txt,0.436021,8.617652,19.764312,14.716208,2.201078,5.048104,0,"rapl:package+core,nvml:board-integrated",0.479617,0.179492,0.021126,0.007401,0.168722389792,0.070577344592,0.527849,0.024179
gpu,gpu,half,bitonic,max,256,524288,uniform,19000413,3,bench/results/raw/energy/measurements/20260817_174754_gpu_half_bitonic_q19_k256_max_uniform_s19000413_rep3_gpu.txt,0.434399,8.44593,19.442788,14.716208,2.053222,4.72658,0,"rapl:package+core,nvml:board-integrated",0.45137,0.13065,0.02121,0.007361,0.13923922832,0.022323992912,0.548724,0.02431
gpu,gpu,half,bitonic,max,4096,524288,uniform,19004253,1,bench/results/raw/energy/measurements/20260817_174754_gpu_half_bitonic_q19_k4096_max_uniform_s19004253_rep1_gpu.txt,0.422828,8.259312,19.533515,14.716208,2.036891,4.817307,0,"rapl:package+core,nvml:board-integrated",0.517013,0.223742,0.023361,0.009924,0.173227664912,0.077698351808,0.589086,0.026522
gpu,gpu,half,bitonic,max,4096,524288,uniform,19004253,2,bench/results/raw/energy/measurements/20260817_174754_gpu_half_bitonic_q19_k4096_max_uniform_s19004253_rep2_gpu.txt,0.435251,8.749651,20.10254,14.716208,2.344406,5.386332,0,"rapl:package+core,nvml:board-integrated",0.462503,0.101711,0.023086,0.009953,0.122764622112,0,0.587862,0.026205
gpu,gpu,half,bitonic,max,4096,524288,uniform,19004253,3,bench/results/raw/energy/measurements/20260817_174754_gpu_half_bitonic_q19_k4096_max_uniform_s19004253_rep3_gpu.txt,0.422808,8.378504,19.816346,14.716208,2.156378,5.100138,0,"rapl:package+core,nvml:board-integrated",0.517159,0.183382,0.022964,0.009931,0.179215999488,0.037235338352,0.590921,0.026085
gpu,gpu,half,bitonic,max,8,524288,uniform,19000165,1,bench/results/raw/energy/measurements/20260817_174754_gpu_half_bitonic_q19_k8_max_uniform_s19000165_rep1_gpu.txt,0.413908,8.34031,20.150155,14.716208,2.249154,5.433947,0,"rapl:package+core,nvml:board-integrated",0.452147,0.101144,0.020837,0.005873,0.145505373904,0.014715710416,0.551425,0.023855
gpu,gpu,half,bitonic,max,8,524288,uniform,19000165,2,bench/results/raw/energy/measurements/20260817_174754_gpu_half_bitonic_q19_k8_max_uniform_s19000165_rep2_gpu.txt,0.435087,8.604271,19.775979,14.716208,2.20144,5.059771,0,"rapl:package+core,nvml:board-integrated",0.472858,0.11653,0.020046,0.005519,0.177856894432,0.035311248048,0.495394,0.023069
gpu,gpu,half,bitonic,max,8,524288,uniform,19000165,3,bench/results/raw/energy/measurements/20260817_174754_gpu_half_bitonic_q19_k8_max_uniform_s19000165_rep3_gpu.txt,0.435162,8.445266,19.407194,14.716208,2.041337,4.690986,0,"rapl:package+core,nvml:board-integrated",0.484215,0.117662,0.020487,0.00574,0.182724046704,0.03319096608,0.516562,0.023542
gpu,gpu,half,bitonic,max,131072,1048576,uniform,20131232,1,bench/results/raw/energy/measurements/20260817_174754_gpu_half_bitonic_q20_k131072_max_uniform_s20131232_rep1_gpu.txt,0.484561,10.480714,21.629278,14.716208,3.349807,6.91307,0,"rapl:package+core,nvml:board-integrated",1.1817,0.45661,0.050141,0.025577,0.443814614672,0.080213547984,1.308185,0.05506
gpu,gpu,half,bitonic,max,131072,1048576,uniform,20131232,2,bench/results/raw/energy/measurements/20260817_174754_gpu_half_bitonic_q20_k131072_max_uniform_s20131232_rep2_gpu.txt,0.475962,10.92214,22.94752,14.716208,3.917789,8.231312,0,"rapl:package+core,nvml:board-integrated",1.305069,0.665706,0.051159,0.02567,0.552202514928,0.28794094064,1.37238,0.056034
gpu,gpu,half,bitonic,max,131072,1048576,uniform,20131232,3,bench/results/raw/energy/measurements/20260817_174754_gpu_half_bitonic_q20_k131072_max_uniform_s20131232_rep3_gpu.txt,0.490798,11.292928,23.009319,14.716208,4.070242,8.293111,0,"rapl:package+core,nvml:board-integrated",1.306147,0.433237,0.050333,0.02555,0.565436102736,0.0572378856,1.405552,0.05515
gpu,gpu,half,bitonic,max,256,1048576,uniform,20000416,1,bench/results/raw/energy/measurements/20260817_174754_gpu_half_bitonic_q20_k256_max_uniform_s20000416_rep1_gpu.txt,0.415327,8.385127,20.189215,14.716208,2.273088,5.473007,0,"rapl:package+core,nvml:board-integrated",0.783201,0.291285,0.035047,0.012857,0.267442058224,0.102078713744,0.892197,0.039696
gpu,gpu,half,bitonic,max,256,1048576,uniform,20000416,2,bench/results/raw/energy/measurements/20260817_174754_gpu_half_bitonic_q20_k256_max_uniform_s20000416_rep2_gpu.txt,0.417338,8.571919,20.539507,14.716208,2.430285,5.823299,0,"rapl:package+core,nvml:board-integrated",0.819794,0.33328,0.035305,0.012879,0.30023827656,0.143749957168,0.911607,0.039992
gpu,gpu,half,bitonic,max,256,1048576,uniform,20000416,3,bench/results/raw/energy/measurements/20260817_174754_gpu_half_bitonic_q20_k256_max_uniform_s20000416_rep3_gpu.txt,0.417334,8.558408,20.507354,14.716208,2.41684,5.791146,0,"rapl:package+core,nvml:board-integrated",0.842205,0.369844,0.036163,0.012936,0.310022770096,0.179475133312,0.922079,0.040744
gpu,gpu,half,bitonic,max,4096,1048576,uniform,20004256,1,bench/results/raw/energy/measurements/20260817_174754_gpu_half_bitonic_q20_k4096_max_uniform_s20004256_rep1_gpu.txt,0.423504,8.826873,20.842497,14.716208,2.594506,6.126289,0,"rapl:package+core,nvml:board-integrated",0.872817,0.360513,0.03881,0.017736,0.30168096752,0.099506334912,1.019813,0.043469
gpu,gpu,half,bitonic,max,4096,1048576,uniform,20004256,2,bench/results/raw/energy/measurements/20260817_174754_gpu_half_bitonic_q20_k4096_max_uniform_s20004256_rep2_gpu.txt,0.427543,9.021631,21.101087,14.716208,2.729813,6.384879,0,"rapl:package+core,nvml:board-integrated",0.933857,0.369537,0.039161,0.017817,0.357555578512,0.107338322064,1.014082,0.043937
gpu,gpu,half,bitonic,max,4096,1048576,uniform,20004256,3,bench/results/raw/energy/measurements/20260817_174754_gpu_half_bitonic_q20_k4096_max_uniform_s20004256_rep3_gpu.txt,0.414826,8.918176,21.498574,14.716208,2.813505,6.782366,0,"rapl:package+core,nvml:board-integrated",0.902009,0.430798,0.038878,0.017831,0.329872265376,0.168393295152,1.041617,0.043794
gpu,gpu,half,bitonic,max,8,1048576,uniform,20000168,1,bench/results/raw/energy/measurements/20260817_174754_gpu_half_bitonic_q20_k8_max_uniform_s20000168_rep1_gpu.txt,0.420082,8.799883,20.948021,14.716208,2.617871,6.231813,0,"rapl:package+core,nvml:board-integrated",0.849361,0.189769,0.033028,0.00847,0.363314082176,0.06512271824,0.928753,0.037724
gpu,gpu,half,bitonic,max,8,1048576,uniform,20000168,2,bench/results/raw/energy/measurements/20260817_174754_gpu_half_bitonic_q20_k8_max_uniform_s20000168_rep2_gpu.txt,0.414207,8.505423,20.534257,14.716208,2.409874,5.818049,0,"rapl:package+core,nvml:board-integrated",0.743805,0.18383,0.031979,0.008676,0.273195384368,0.056152179392,0.860761,0.036815
gpu,gpu,half,bitonic,max,8,1048576,uniform,20000168,3,bench/results/raw/energy/measurements/20260817_174754_gpu_half_bitonic_q20_k8_max_uniform_s20000168_rep3_gpu.txt,0.415538,8.450718,20.336832,14.716208,2.33558,5.620624,0,"rapl:package+core,nvml:board-integrated",0.864651,0.343803,0.038157,0.015025,0.303124651344,0.1226919748,0.979645,0.042831
gpu,gpu,half,bitonic,max,131072,2097152,uniform,21131235,1,bench/results/raw/energy/measurements/20260817_174754_gpu_half_bitonic_q21_k131072_max_uniform_s21131235_rep1_gpu.txt,0.545118,13.546801,24.851131,14.716208,5.52473,10.134923,0,"rapl:package+core,nvml:board-integrated",2.028686,1.214138,0.081032,0.047079,0.836202233344,0.521313643568,2.29859,0.089027
gpu,gpu,half,bitonic,max,131072,2097152,uniform,21131235,2,bench/results/raw/energy/measurements/20260817_174754_gpu_half_bitonic_q21_k131072_max_uniform_s21131235_rep2_gpu.txt,0.530979,14.352996,27.031172,14.716208,6.538992,12.314964,0,"rapl:package+core,nvml:board-integrated",2.281637,1.275002,0.078781,0.044269,1.12227941755,0.623530188048,2.466565,0.086622
gpu,gpu,half,bitonic,max,131072,2097152,uniform,21131235,3,bench/results/raw/energy/measurements/20260817_174754_gpu_half_bitonic_q21_k131072_max_uniform_s21131235_rep3_gpu.txt,0.544353,15.581516,28.623944,14.716208,7.570711,13.907736,0,"rapl:package+core,nvml:board-integrated",2.643482,1.462227,0.082145,0.045749,1.43461909384,0.788975200208,2.813387,0.090741
gpu,gpu,half,bitonic,max,256,2097152,uniform,21000419,1,bench/results/raw/energy/measurements/20260817_174754_gpu_half_bitonic_q21_k256_max_uniform_s21000419_rep1_gpu.txt,0.469926,9.910963,21.090492,14.716208,2.99544,6.374284,0,"rapl:package+core,nvml:board-integrated",1.27905,0.444896,0.051699,0.0207,0.518236762608,0.1402704944,1.416713,0.059671
gpu,gpu,half,bitonic,max,256,2097152,uniform,21000419,2,bench/results/raw/energy/measurements/20260817_174754_gpu_half_bitonic_q21_k256_max_uniform_s21000419_rep2_gpu.txt,0.461549,9.95909,21.577545,14.716208,3.166842,6.861337,0,"rapl:package+core,nvml:board-integrated",1.244093,0.622762,0.052521,0.021159,0.471183039632,0.311381754928,1.403891,0.060104
gpu,gpu,half,bitonic,max,256,2097152,uniform,21000419,3,bench/results/raw/energy/measurements/20260817_174754_gpu_half_bitonic_q21_k256_max_uniform_s21000419_rep3_gpu.txt,0.467394,10.348576,22.140996,14.716208,3.470304,7.424788,0,"rapl:package+core,nvml:board-integrated",1.430532,0.466538,0.055474,0.024807,0.614165077408,0.101473028144,1.570064,0.063343
gpu,gpu,half,bitonic,max,4096,2097152,uniform,21004259,1,bench/results/raw/energy/measurements/20260817_174754_gpu_half_bitonic_q21_k4096_max_uniform_s21004259_rep1_gpu.txt,0.469202,10.37193,22.105478,14.716208,3.467059,7.38927,0,"rapl:package+core,nvml:board-integrated",1.560993,0.782776,0.064533,0.033574,0.611311949136,0.288694032608,1.768146,0.072482
gpu,gpu,half,bitonic,max,4096,2097152,uniform,21004259,2,bench/results/raw/energy/measurements/20260817_174754_gpu_half_bitonic_q21_k4096_max_uniform_s21004259_rep2_gpu.txt,0.463028,10.620932,22.937982,14.716208,3.806913,8.221774,0,"rapl:package+core,nvml:board-integrated",1.374063,0.723098,0.060178,0.029997,0.488471034976,0.281655908624,1.698804,0.068125
gpu,gpu,half,bitonic,max,4096,2097152,uniform,21004259,3,bench/results/raw/energy/measurements/20260817_174754_gpu_half_bitonic_q21_k4096_max_uniform_s21004259_rep3_gpu.txt,0.463278,10.908072,23.545434,14.716208,4.090383,8.829226,0,"rapl:package+core,nvml:board-integrated",1.533354,0.763659,0.059792,0.030142,0.653442491264,0.320083058464,1.74755,0.066797
gpu,gpu,half,bitonic,max,8,2097152,uniform,21000171,1,bench/results/raw/energy/measurements/20260817_174754_gpu_half_bitonic_q21_k8_max_uniform_s21000171_rep1_gpu.txt,0.468715,10.553568,22.515951,14.716208,3.655858,7.799743,0,"rapl:package+core,nvml:board-integrated",1.15894,0.54394,0.047565,0.016929,0.45896356648,0.294809314768,1.424488,0.055519
gpu,gpu,half,bitonic,max,8,2097152,uniform,21000171,2,bench/results/raw/energy/measurements/20260817_174754_gpu_half_bitonic_q21_k8_max_uniform_s21000171_rep2_gpu.txt,0.427178,9.311583,21.797903,14.716208,3.025144,7.081695,0,"rapl:package+core,nvml:board-integrated",1.23682,0.508878,0.047914,0.016131,0.531707609888,0.271490848752,1.390118,0.056016
gpu,gpu,half,bitonic,max,8,2097152,uniform,21000171,3,bench/results/raw/energy/measurements/20260817_174754_gpu_half_bitonic_q21_k8_max_uniform_s21000171_rep3_gpu.txt,0.443165,9.212216,20.787324,14.716208,2.690507,6.071116,0,"rapl:package+core,nvml:board-integrated",1.032596,0.224444,0.044431,0.013078,0.378740162352,0.031985431776,1.228193,0.052224
gpu,gpu,half,bitonic,max,131072,4194304,uniform,22131238,1,bench/results/raw/energy/measurements/20260817_174754_gpu_half_bitonic_q22_k131072_max_uniform_s22131238_rep1_gpu.txt,0.658746,19.561283,29.694717,14.716208,9.867037,14.978509,0,"rapl:package+core,nvml:board-integrated",4.051039,2.514749,0.140672,0.085365,1.98088058822,1.25849990408,4.594602,0.158534
gpu,gpu,half,bitonic,max,131072,4194304,uniform,22131238,2,bench/results/raw/energy/measurements/20260817_174754_gpu_half_bitonic_q22_k131072_max_uniform_s22131238_rep2_gpu.txt,0.665907,21.463421,32.231853,14.716208,11.663793,17.515645,0,"rapl:package+core,nvml:board-integrated",4.970001,2.612715,0.144006,0.088204,2.85077875075,1.31468658957,5.411168,0.162206
gpu,gpu,half,bitonic,max,131072,4194304,uniform,22131238,3,bench/results/raw/energy/measurements/20260817_174754_gpu_half_bitonic_q22_k131072_max_uniform_s22131238_rep3_gpu.txt,0.658849,19.888571,30.186865,14.716208,10.192819,15.470657,0,"rapl:package+core,nvml:board-integrated",4.261709,2.864368,0.141549,0.085989,2.17864447381,1.59893599029,4.986721,0.160091
gpu,gpu,half,bitonic,max,256,4194304,uniform,22000422,1,bench/results/raw/energy/measurements/20260817_174754_gpu_half_bitonic_q22_k256_max_uniform_s22000422_rep1_gpu.txt,0.553137,13.146195,23.766635,14.716208,5.006122,9.050427,0,"rapl:package+core,nvml:board-integrated",1.921343,0.628615,0.07423,0.027062,0.82895888016,0.230364979104,2.337992,0.092256
gpu,gpu,half,bitonic,max,256,4194304,uniform,22000422,2,bench/results/raw/energy/measurements/20260817_174754_gpu_half_bitonic_q22_k256_max_uniform_s22000422_rep2_gpu.txt,0.555671,14.020427,25.231527,14.716208,5.843058,10.515319,0,"rapl:package+core,nvml:board-integrated",2.089003,0.663323,0.076203,0.027929,0.967583801776,0.252314026768,2.522949,0.094398
gpu,gpu,half,bitonic,max,256,4194304,uniform,22000422,3,bench/results/raw/energy/measurements/20260817_174754_gpu_half_bitonic_q22_k256_max_uniform_s22000422_rep3_gpu.txt,0.550306,14.192788,25.790716,14.716208,6.094369,11.074508,0,"rapl:package+core,nvml:board-integrated",2.205826,0.914436,0.077068,0.028,1.07167728186,0.502382176,2.687993,0.096326
gpu,gpu,half,bitonic,max,4096,4194304,uniform,22004262,1,bench/results/raw/energy/measurements/20260817_174754_gpu_half_bitonic_q22_k4096_max_uniform_s22004262_rep1_gpu.txt,0.530751,13.809929,26.019625,14.716208,5.999294,11.303417,0,"rapl:package+core,nvml:board-integrated",3.0671,1.509931,0.110853,0.059951,1.43576419458,0.627679614192,3.56965,0.129089
gpu,gpu,half,bitonic,max,4096,4194304,uniform,22004262,2,bench/results/raw/energy/measurements/20260817_174754_gpu_half_bitonic_q22_k4096_max_uniform_s22004262_rep2_gpu.txt,0.527318,14.462615,27.426731,14.716208,6.70249,12.710523,0,"rapl:package+core,nvml:board-integrated",2.761055,1.217269,0.095686,0.04569,1.35291992131,0.54488545648,3.379353,0.114366
gpu,gpu,half,bitonic,max,4096,4194304,uniform,22004262,3,bench/results/raw/energy/measurements/20260817_174754_gpu_half_bitonic_q22_k4096_max_uniform_s22004262_rep3_gpu.txt,0.53315,15.515451,29.101489,14.716208,7.669509,14.385281,0,"rapl:package+core,nvml:board-integrated",3.06233,1.545071,0.099481,0.046371,1.59834691195,0.862665718832,3.709391,0.118271
gpu,gpu,half,bitonic,max,8,4194304,uniform,22000174,1,bench/results/raw/energy/measurements/20260817_174754_gpu_half_bitonic_q22_k8_max_uniform_s22000174_rep1_gpu.txt,0.540572,14.848099,27.467401,14.716208,6.892934,12.751193,0,"rapl:package+core,nvml:board-integrated",1.937898,0.298289,0.06073,0.013028,1.04418268816,0.106566242176,2.519326,0.07921
gpu,gpu,half,bitonic,max,8,4194304,uniform,22000174,2,bench/results/raw/energy/measurements/20260817_174754_gpu_half_bitonic_q22_k8_max_uniform_s22000174_rep2_gpu.txt,0.531132,12.942486,24.36773,14.716208,5.126234,9.651522,0,"rapl:package+core,nvml:board-integrated",1.941399,0.641179,0.07536,0.022881,0.83238556512,0.304457444752,2.481418,0.093683
gpu,gpu,half,bitonic,max,8,4194304,uniform,22000174,3,bench/results/raw/energy/measurements/20260817_174754_gpu_half_bitonic_q22_k8_max_uniform_s22000174_rep3_gpu.txt,0.493626,11.056239,22.398023,14.716208,3.791941,7.681815,0,"rapl:package+core,nvml:board-integrated",1.649719,0.282804,0.065789,0.013547,0.681554391888,0.083443530224,2.09483,0.084493
gpu,gpu,half,bitonic,max,131072,8388608,uniform,23131241,1,bench/results/raw/energy/measurements/20260817_174754_gpu_half_bitonic_q23_k131072_max_uniform_s23131241_rep1_gpu.txt,0.837884,25.321905,30.221238,14.716208,12.991423,15.50503,0,"rapl:package+core,nvml:board-integrated",8.583897,5.752339,0.276792,0.178275,4.51056835526,3.1288070188,10.184904,0.320026
gpu,gpu,half,bitonic,max,131072,8388608,uniform,23131241,2,bench/results/raw/energy/measurements/20260817_174754_gpu_half_bitonic_q23_k131072_max_uniform_s23131241_rep2_gpu.txt,0.817296,27.416965,33.545952,14.716208,15.38947,18.829744,0,"rapl:package+core,nvml:board-integrated",9.160051,5.833029,0.274583,0.178449,5.11923045874,3.20693639861,10.974481,0.317216
gpu,gpu,half,bitonic,max,131072,8388608,uniform,23131241,3,bench/results/raw/energy/measurements/20260817_174754_gpu_half_bitonic_q23_k131072_max_uniform_s23131241_rep3_gpu.txt,0.840905,29.300204,34.843668,14.716208,16.925276,20.12746,0,"rapl:package+core,nvml:board-integrated",9.911763,6.367581,0.275687,0.177979,5.8546957651,3.74840501637,11.324574,0.317184
gpu,gpu,half,bitonic,max,256,8388608,uniform,23000425,1,bench/results/raw/energy/measurements/20260817_174754_gpu_half_bitonic_q23_k256_max_uniform_s23000425_rep1_gpu.txt,0.659773,16.567406,25.110772,14.716208,6.858051,10.394564,0,"rapl:package+core,nvml:board-integrated",3.41073,1.215207,0.132974,0.047107,1.45385695741,0.521970589744,4.814135,0.181049
gpu,gpu,half,bitonic,max,256,8388608,uniform,23000425,2,bench/results/raw/energy/measurements/20260817_174754_gpu_half_bitonic_q23_k256_max_uniform_s23000425_rep2_gpu.txt,0.661011,17.657211,26.712432,14.716208,7.929636,11.996224,0,"rapl:package+core,nvml:board-integrated",3.807642,1.228877,0.138381,0.04779,1.77119842075,0.52558941968,5.117969,0.185699
gpu,gpu,half,bitonic,max,256,8388608,uniform,23000425,3,bench/results/raw/energy/measurements/20260817_174754_gpu_half_bitonic_q23_k256_max_uniform_s23000425_rep3_gpu.txt,0.680915,18.93942,27.814666,14.716208,8.918935,13.098458,0,"rapl:package+core,nvml:board-integrated",3.766043,1.328133,0.132723,0.047833,1.81286372562,0.624212622736,4.82405,0.172164
gpu,gpu,half,bitonic,max,4096,8388608,uniform,23004265,1,bench/results/raw/energy/measurements/20260817_174754_gpu_half_bitonic_q23_k4096_max_uniform_s23004265_rep1_gpu.txt,0.899327,23.42439,26.04659,14.716208,10.189713,11.330382,0,"rapl:package+core,nvml:board-integrated",5.034244,1.995505,0.183948,0.090406,2.32722697082,0.665071499552,10.751977,0.4126
gpu,gpu,half,bitonic,max,4096,8388608,uniform,23004265,2,bench/results/raw/energy/measurements/20260817_174754_gpu_half_bitonic_q23_k4096_max_uniform_s23004265_rep2_gpu.txt,0.840402,24.315079,28.932664,14.716208,11.947543,14.216456,0,"rapl:package+core,nvml:board-integrated",5.542935,2.419644,0.177749,0.083859,2.92714374421,1.18555751333,10.768023,0.354174
gpu,gpu,half,bitonic,max,4096,8388608,uniform,23004265,3,bench/results/raw/energy/measurements/20260817_174754_gpu_half_bitonic_q23_k4096_max_uniform_s23004265_rep3_gpu.txt,0.842632,24.189286,28.706811,14.716208,11.788934,13.990603,0,"rapl:package+core,nvml:board-integrated",5.266988,2.540202,0.177492,0.084675,2.65497880966,1.2941070876,8.964057,0.314511
gpu,gpu,half,bitonic,max,8,8388608,uniform,23000177,1,bench/results/raw/energy/measurements/20260817_174754_gpu_half_bitonic_q23_k8_max_uniform_s23000177_rep1_gpu.txt,0.672154,19.459991,28.951666,14.716208,9.568426,14.235458,0,"rapl:package+core,nvml:board-integrated",3.26266,0.467731,0.106497,0.02122,1.69542799662,0.15545306624,4.591801,0.143932
gpu,gpu,half,bitonic,max,8,8388608,uniform,23000177,2,bench/results/raw/energy/measurements/20260817_174754_gpu_half_bitonic_q23_k8_max_uniform_s23000177_rep2_gpu.txt,0.649029,15.62277,24.07098,14.716208,6.071521,9.354772,0,"rapl:package+core,nvml:board-integrated",2.625873,0.441664,0.10392,0.020373,1.09656466464,0.141850694416,3.803391,0.145261
gpu,gpu,half,bitonic,max,8,8388608,uniform,23000177,3,bench/results/raw/energy/measurements/20260817_174754_gpu_half_bitonic_q23_k8_max_uniform_s23000177_rep3_gpu.txt,0.608835,14.787779,24.288648,14.716208,5.828037,9.57244,0,"rapl:package+core,nvml:board-integrated",2.855602,0.627112,0.10806,0.021216,1.26536856352,0.314892931072,3.847936,0.144236
gpu,gpu,half,bitonic,max,131072,16777216,uniform,24131244,1,bench/results/raw/energy/measurements/20260817_174754_gpu_half_bitonic_q24_k131072_max_uniform_s24131244_rep1_gpu.txt,1.391596,51.792243,37.217871,14.716208,31.313226,22.501663,0,"rapl:package+core,nvml:board-integrated",22.033715,15.069381,0.582401,0.398607,13.4629807446,9.20339747774,28.358258,0.751746
gpu,gpu,half,bitonic,max,131072,16777216,uniform,24131244,2,bench/results/raw/energy/measurements/20260817_174754_gpu_half_bitonic_q24_k131072_max_uniform_s24131244_rep2_gpu.txt,1.393377,58.458269,41.954379,14.716208,37.953042,27.238171,0,"rapl:package+core,nvml:board-integrated",24.368655,16.465298,0.580726,0.399015,15.822570393,10.5933102649,31.113624,0.745208
gpu,gpu,half,bitonic,max,131072,16777216,uniform,24131244,3,bench/results/raw/energy/measurements/20260817_174754_gpu_half_bitonic_q24_k131072_max_uniform_s24131244_rep3_gpu.txt,1.402446,59.502827,42.427884,14.716208,38.864136,27.711676,0,"rapl:package+core,nvml:board-integrated",24.795833,16.67558,0.579124,0.397938,16.2733237582,10.8194416209,32.547528,0.76801
gpu,gpu,half,bitonic,max,256,16777216,uniform,24000428,1,bench/results/raw/energy/measurements/20260817_174754_gpu_half_bitonic_q24_k256_max_uniform_s24000428_rep1_gpu.txt,1.020258,27.647959,27.098982,14.716208,12.633627,12.382774,0,"rapl:package+core,nvml:board-integrated",7.782705,2.862445,0.267105,0.095196,3.85193226216,1.46152086323,13.028756,0.45647
gpu,gpu,half,bitonic,max,256,16777216,uniform,24000428,2,bench/results/raw/energy/measurements/20260817_174754_gpu_half_bitonic_q24_k256_max_uniform_s24000428_rep2_gpu.txt,1.028907,32.014262,31.114816,14.716208,16.872648,16.398608,0,"rapl:package+core,nvml:board-integrated",8.991488,3.274267,0.267445,0.095762,5.05571175144,1.8650134895,14.40464,0.438594
gpu,gpu,half,bitonic,max,256,16777216,uniform,24000428,3,bench/results/raw/energy/measurements/20260817_174754_gpu_half_bitonic_q24_k256_max_uniform_s24000428_rep3_gpu.txt,1.026515,31.451637,30.639223,14.716208,16.345222,15.923015,0,"rapl:package+core,nvml:board-integrated",8.895887,3.246886,0.269755,0.096773,4.92611631096,1.82275440322,14.608075,0.456467
gpu,gpu,half,bitonic,max,4096,16777216,uniform,24004268,1,bench/results/raw/energy/measurements/20260817_174754_gpu_half_bitonic_q24_k4096_max_uniform_s24004268_rep1_gpu.txt,1.164167,36.874418,31.674504,14.716208,19.742292,16.958296,0,"rapl:package+core,nvml:board-integrated",11.4698,5.867097,0.354825,0.176178,6.2481214964,3.27442490698,16.723245,0.52031
gpu,gpu,half,bitonic,max,4096,16777216,uniform,24004268,2,bench/results/raw/energy/measurements/20260817_174754_gpu_half_bitonic_q24_k4096_max_uniform_s24004268_rep2_gpu.txt,1.165691,41.645376,35.725924,14.716208,24.490829,21.009716,0,"rapl:package+core,nvml:board-integrated",13.147255,6.297417,0.349448,0.174755,8.00470554682,3.72568607096,19.384142,0.534467
gpu,gpu,half,bitonic,max,4096,16777216,uniform,24004268,3,bench/results/raw/energy/measurements/20260817_174754_gpu_half_bitonic_q24_k4096_max_uniform_s24004268_rep3_gpu.txt,1.148636,38.821622,33.798009,14.716208,21.918051,19.081801,0,"rapl:package+core,nvml:board-integrated",12.672458,6.231115,0.362399,0.187176,7.33931893701,3.47659405139,18.876765,0.549621
gpu,gpu,half,bitonic,max,8,16777216,uniform,24000180,1,bench/results/raw/energy/measurements/20260817_174754_gpu_half_bitonic_q24_k8_max_uniform_s24000180_rep1_gpu.txt,0.990073,31.451993,31.767333,14.716208,16.881866,17.051125,0,"rapl:package+core,nvml:board-integrated",7.69807,2.006604,0.223087,0.054502,4.4150753059,1.20454123158,13.998379,0.407811
gpu,gpu,half,bitonic,max,8,16777216,uniform,24000180,2,bench/results/raw/energy/measurements/20260817_174754_gpu_half_bitonic_q24_k8_max_uniform_s24000180_rep2_gpu.txt,0.962644,25.445586,26.433028,14.716208,11.279122,11.71682,0,"rapl:package+core,nvml:board-integrated",6.175883,1.098375,0.209408,0.040598,3.09419131514,0.500926387616,11.417177,0.391852
gpu,gpu,half,bitonic,max,8,16777216,uniform,24000180,3,bench/results/raw/energy/measurements/20260817_174754_gpu_half_bitonic_q24_k8_max_uniform_s24000180_rep3_gpu.txt,0.958446,25.996762,27.12386,14.716208,11.892068,12.407652,0,"rapl:package+core,nvml:board-integrated",6.12864,1.373755,0.205847,0.040486,3.09935273182,0.777954602912,11.494418,0.38874
gpu,gpu,half,gt,max,256,65536,uniform,16000404,1,bench/results/raw/energy/measurements/20260817_174754_gpu_half_gt_q16_k256_max_uniform_s16000404_rep1_gpu.txt,0.456045,9.253698,20.291178,14.716208,2.542439,5.57497,0,"rapl:package+core,nvml:board-integrated",0.236565,0.020506,0.012823,0.002834,0.047859064816,0,0.310699,0.01437
gpu,gpu,half,gt,max,256,65536,uniform,16000404,2,bench/results/raw/energy/measurements/20260817_174754_gpu_half_gt_q16_k256_max_uniform_s16000404_rep2_gpu.txt,0.433464,8.497553,19.603823,14.716208,2.118606,4.887615,0,"rapl:package+core,nvml:board-integrated",0.201206,0.036622,0.012609,0.002819,0.015649333328,0,0.273929,0.014136
gpu,gpu,half,gt,max,256,65536,uniform,16000404,3,bench/results/raw/energy/measurements/20260817_174754_gpu_half_gt_q16_k256_max_uniform_s16000404_rep3_gpu.txt,0.382878,7.242035,18.914753,14.716208,1.607529,4.198545,0,"rapl:package+core,nvml:board-integrated",0.272304,0.059148,0.01264,0.002831,0.08629113088,0.017486415152,0.292536,0.014175
gpu,gpu,half,gt,max,4096,65536,uniform,16004244,1,bench/results/raw/energy/measurements/20260817_174754_gpu_half_gt_q16_k4096_max_uniform_s16004244_rep1_gpu.txt,0.439422,8.406477,19.130766,14.716208,1.939853,4.414558,0,"rapl:package+core,nvml:board-integrated",0.490712,0.065633,0.024048,0.002834,0.136816630016,0.023927266528,0.511112,0.025581
gpu,gpu,half,gt,max,4096,65536,uniform,16004244,2,bench/results/raw/energy/measurements/20260817_174754_gpu_half_gt_q16_k4096_max_uniform_s16004244_rep2_gpu.txt,0.39983,7.633872,19.09279,14.716208,1.749889,4.376582,0,"rapl:package+core,nvml:board-integrated",0.494054,0.070148,0.023953,0.002823,0.141556669776,0.028604144816,0.54332,0.025456
gpu,gpu,half,gt,max,4096,65536,uniform,16004244,3,bench/results/raw/energy/measurements/20260817_174754_gpu_half_gt_q16_k4096_max_uniform_s16004244_rep3_gpu.txt,0.385166,7.505006,19.485112,14.716208,1.83682,4.768904,0,"rapl:package+core,nvml:board-integrated",0.515574,0.020232,0.024127,0.002834,0.160516049584,0,0.546167,0.025638
gpu,gpu,half,gt,max,8,65536,uniform,16000156,1,bench/results/raw/energy/measurements/20260817_174754_gpu_half_gt_q16_k8_max_uniform_s16000156_rep1_gpu.txt,0.356316,11.732271,32.926627,14.716208,6.488656,18.210419,0,"rapl:package+core,nvml:board-integrated",0.483943,0.05737,0.01248,0.002846,0.30028472416,0.015487672032,0.515268,0.014008
gpu,gpu,half,gt,max,8,65536,uniform,16000156,2,bench/results/raw/energy/measurements/20260817_174754_gpu_half_gt_q16_k8_max_uniform_s16000156_rep2_gpu.txt,0.426018,10.517616,24.688196,14.716208,4.248246,9.971988,0,"rapl:package+core,nvml:board-integrated",0.365781,0.020339,0.012453,0.002884,0.182520061776,0,0.386593,0.013994
gpu,gpu,half,gt,max,8,65536,uniform,16000156,3,bench/results/raw/energy/measurements/20260817_174754_gpu_half_gt_q16_k8_max_uniform_s16000156_rep3_gpu.txt,0.4253,8.989783,21.137504,14.716208,2.730978,6.421296,0,"rapl:package+core,nvml:board-integrated",0.262251,0.058728,0.012111,0.002741,0.084023004912,0.018390873872,0.310958,0.013638
gpu,gpu,half,gt,max,131072,131072,uniform,17131223,1,bench/results/raw/energy/measurements/20260817_174754_gpu_half_gt_q17_k131072_max_uniform_s17131223_rep1_gpu.txt,1.037976,21.078028,20.306859,14.716208,5.80296,5.590651,0,"rapl:package+core,nvml:board-integrated",12.424109,0.510258,0.595621,0.020387,3.65882647483,0.210238667504,12.542343,0.598174
gpu,gpu,half,gt,max,131072,131072,uniform,17131223,2,bench/results/raw/energy/measurements/20260817_174754_gpu_half_gt_q17_k131072_max_uniform_s17131223_rep2_gpu.txt,1.041676,20.072166,19.26911,14.716208,4.742648,4.552902,0,"rapl:package+core,nvml:board-integrated",11.666899,0.311682,0.591205,0.020799,2.96660324936,0.005599589808,11.760669,0.593579
gpu,gpu,half,gt,max,131072,131072,uniform,17131223,3,bench/results/raw/energy/measurements/20260817_174754_gpu_half_gt_q17_k131072_max_uniform_s17131223_rep3_gpu.txt,1.065513,20.592818,19.326663,14.716208,4.912502,4.610455,0,"rapl:package+core,nvml:board-integrated",11.825323,0.504584,0.59256,0.023237,3.10508678752,0.162623474704,11.871812,0.595054
gpu,gpu,half,gt,max,256,131072,uniform,17000407,1,bench/results/raw/energy/measurements/20260817_174754_gpu_half_gt_q17_k256_max_uniform_s17000407_rep1_gpu.txt,0.366633,6.912318,18.853511,14.716208,1.516872,4.137303,0,"rapl:package+core,nvml:board-integrated",0.277083,0.056078,0.012878,0.002945,0.087567673376,0.01273876744,0.29704,0.014608
gpu,gpu,half,gt,max,256,131072,uniform,17000407,2,bench/results/raw/energy/measurements/20260817_174754_gpu_half_gt_q17_k256_max_uniform_s17000407_rep2_gpu.txt,0.430996,8.229076,19.093163,14.716208,1.88645,4.376955,0,"rapl:package+core,nvml:board-integrated",0.265268,0.091668,0.012916,0.00296,0.075193457472,0.04810802432,0.300373,0.014636
gpu,gpu,half,gt,max,256,131072,uniform,17000407,3,bench/results/raw/energy/measurements/20260817_174754_gpu_half_gt_q17_k256_max_uniform_s17000407_rep3_gpu.txt,0.426956,8.142101,19.07013,14.716208,1.858932,4.353922,0,"rapl:package+core,nvml:board-integrated",0.261481,0.066105,0.012894,0.002955,0.071730214048,0.02261860536,0.296896,0.014647
gpu,gpu,half,gt,max,4096,131072,uniform,17004247,1,bench/results/raw/energy/measurements/20260817_174754_gpu_half_gt_q17_k4096_max_uniform_s17004247_rep1_gpu.txt,0.42683,8.321661,19.496417,14.716208,2.040338,4.780209,0,"rapl:package+core,nvml:board-integrated",0.545557,0.070034,0.024218,0.003074,0.189159874656,0.024796376608,0.563333,0.025943
gpu,gpu,half,gt,max,4096,131072,uniform,17004247,2,bench/results/raw/energy/measurements/20260817_174754_gpu_half_gt_q17_k4096_max_uniform_s17004247_rep2_gpu.txt,0.389858,7.485322,19.200135,14.716208,1.748094,4.483927,0,"rapl:package+core,nvml:board-integrated",0.513059,0.068247,0.023431,0.002938,0.168243530352,0.025010780896,0.513059,0.025134
gpu,gpu,half,gt,max,4096,131072,uniform,17004247,3,bench/results/raw/energy/measurements/20260817_174754_gpu_half_gt_q17_k4096_max_uniform_s17004247_rep3_gpu.txt,0.440824,8.56242,19.42367,14.716208,2.075162,4.707462,0,"rapl:package+core,nvml:board-integrated",0.49633,0.107279,0.02352,0.002931,0.15020478784,0.064145794352,0.516882,0.025207
gpu,gpu,half,gt,max,8,131072,uniform,17000159,1,bench/results/raw/energy/measurements/20260817_174754_gpu_half_gt_q17_k8_max_uniform_s17000159_rep1_gpu.txt,0.435304,8.385672,19.263958,14.716208,1.979653,4.54775,0,"rapl:package+core,nvml:board-integrated",0.27806,0.045601,0.012609,0.002981,0.092503333328,0.001731983952,0.298231,0.014348
gpu,gpu,half,gt,max,8,131072,uniform,17000159,2,bench/results/raw/energy/measurements/20260817_174754_gpu_half_gt_q17_k8_max_uniform_s17000159_rep2_gpu.txt,0.43075,8.224817,19.094193,14.716208,1.885816,4.377985,0,"rapl:package+core,nvml:board-integrated",0.263921,0.05623,0.012708,0.002988,0.076907428736,0.012257970496,0.298988,0.014424
gpu,gpu,half,gt,max,8,131072,uniform,17000159,3,bench/results/raw/energy/measurements/20260817_174754_gpu_half_gt_q17_k8_max_uniform_s17000159_rep3_gpu.txt,0.43102,8.195436,19.014049,14.716208,1.852456,4.297841,0,"rapl:package+core,nvml:board-integrated",0.286264,0.059589,0.013027,0.003053,0.094555958384,0.014660416976,0.296075,0.014743
gpu,gpu,half,gt,max,131072,262144,uniform,18131226,1,bench/results/raw/energy/measurements/20260817_174754_gpu_half_gt_q18_k131072_max_uniform_s18131226_rep1_gpu.txt,1.029104,20.782556,20.194806,14.716208,5.638047,5.478598,0,"rapl:package+core,nvml:board-integrated",11.343274,0.390408,0.536511,0.01862,3.44786652971,0.11639220704,11.364192,0.539221
gpu,gpu,half,gt,max,131072,262144,uniform,18131226,2,bench/results/raw/energy/measurements/20260817_174754_gpu_half_gt_q18_k131072_max_uniform_s18131226_rep2_gpu.txt,1.027233,19.804765,19.279714,14.716208,4.687785,4.563506,0,"rapl:package+core,nvml:board-integrated",10.507163,0.241806,0.529498,0.013493,2.71496029642,0.043240205456,10.517203,0.53209
gpu,gpu,half,gt,max,131072,262144,uniform,18131226,3,bench/results/raw/energy/measurements/20260817_174754_gpu_half_gt_q18_k131072_max_uniform_s18131226_rep3_gpu.txt,0.969646,18.878593,19.469568,14.716208,4.609077,4.75336,0,"rapl:package+core,nvml:board-integrated",10.600403,0.295543,0.530703,0.016002,2.79046726578,0.060054239584,10.703113,0.533683
gpu,gpu,half,gt,max,256,262144,uniform,18000410,1,bench/results/raw/energy/measurements/20260817_174754_gpu_half_gt_q18_k256_max_uniform_s18000410_rep1_gpu.txt,0.424862,8.12927,19.133901,14.716208,1.876911,4.417693,0,"rapl:package+core,nvml:board-integrated",0.27939,0.077123,0.014033,0.00332,0.072877453136,0.02826518944,0.31506,0.016322
gpu,gpu,half,gt,max,256,262144,uniform,18000410,2,bench/results/raw/energy/measurements/20260817_174754_gpu_half_gt_q18_k256_max_uniform_s18000410_rep2_gpu.txt,0.43443,8.376019,19.280497,14.716208,1.982862,4.564289,0,"rapl:package+core,nvml:board-integrated",0.326283,0.081969,0.013793,0.00327,0.123302343056,0.03384699984,0.337086,0.016136
gpu,gpu,half,gt,max,256,262144,uniform,18000410,3,bench/results/raw/energy/measurements/20260817_174754_gpu_half_gt_q18_k256_max_uniform_s18000410_rep3_gpu.txt,0.440491,8.386729,19.039481,14.716208,1.904365,4.323273,0,"rapl:package+core,nvml:board-integrated",0.261339,0.090734,0.013506,0.003222,0.062581894752,0.043318377824,0.306662,0.015724
gpu,gpu,half,gt,max,4096,262144,uniform,18004250,1,bench/results/raw/energy/measurements/20260817_174754_gpu_half_gt_q18_k4096_max_uniform_s18004250_rep1_gpu.txt,0.432505,8.206883,18.975237,14.716208,1.842051,4.259029,0,"rapl:package+core,nvml:board-integrated",0.491271,0.041425,0.023151,0.003267,0.150576068592,0,0.515984,0.025341
gpu,gpu,half,gt,max,4096,262144,uniform,18004250,2,bench/results/raw/energy/measurements/20260817_174754_gpu_half_gt_q18_k4096_max_uniform_s18004250_rep2_gpu.txt,0.445568,8.574049,19.24298,14.716208,2.016983,4.526772,0,"rapl:package+core,nvml:board-integrated",0.496391,0.090989,0.023136,0.003204,0.155916811712,0.043838269568,0.517173,0.025331
gpu,gpu,half,gt,max,4096,262144,uniform,18004250,3,bench/results/raw/energy/measurements/20260817_174754_gpu_half_gt_q18_k4096_max_uniform_s18004250_rep3_gpu.txt,0.443749,8.656706,19.508095,14.716208,2.126397,4.791887,0,"rapl:package+core,nvml:board-integrated",0.47743,0.057098,0.023164,0.003226,0.136543757888,0.009623512992,0.523303,0.02538
gpu,gpu,half,gt,max,8,262144,uniform,18000162,1,bench/results/raw/energy/measurements/20260817_174754_gpu_half_gt_q18_k8_max_uniform_s18000162_rep1_gpu.txt,0.439876,8.242517,18.73829,14.716208,1.769216,4.022082,0,"rapl:package+core,nvml:board-integrated",0.293208,0.108457,0.013466,0.003169,0.095039543072,0.061821336848,0.314524,0.01569
gpu,gpu,half,gt,max,8,262144,uniform,18000162,2,bench/results/raw/energy/measurements/20260817_174754_gpu_half_gt_q18_k8_max_uniform_s18000162_rep2_gpu.txt,0.370887,7.021486,18.931589,14.716208,1.563431,4.215381,0,"rapl:package+core,nvml:board-integrated",0.27703,0.054989,0.013245,0.003188,0.08211382504,0.008073728896,0.300591,0.015505
gpu,gpu,half,gt,max,8,262144,uniform,18000162,3,bench/results/raw/energy/measurements/20260817_174754_gpu_half_gt_q18_k8_max_uniform_s18000162_rep3_gpu.txt,0.437723,8.406213,19.204405,14.716208,1.964588,4.488197,0,"rapl:package+core,nvml:board-integrated",0.232,0.056251,0.013406,0.003197,0.034714515552,0.009203283024,0.334277,0.015662
gpu,gpu,half,gt,max,131072,524288,uniform,19131229,1,bench/results/raw/energy/measurements/20260817_174754_gpu_half_gt_q19_k131072_max_uniform_s19131229_rep1_gpu.txt,0.930922,18.887104,20.288594,14.716208,5.187458,5.572386,0,"rapl:package+core,nvml:board-integrated",10.477874,0.208328,0.496261,0.010221,3.17479390171,0.057913638032,10.544709,0.499815
gpu,gpu,half,gt,max,131072,524288,uniform,19131229,2,bench/results/raw/energy/measurements/20260817_174754_gpu_half_gt_q19_k131072_max_uniform_s19131229_rep2_gpu.txt,0.941911,18.220834,19.344535,14.716208,4.359473,4.628327,0,"rapl:package+core,nvml:board-integrated",9.870676,0.145213,0.494514,0.007194,2.59330511709,0.039344599648,9.924678,0.497903
gpu,gpu,half,gt,max,131072,524288,uniform,19131229,3,bench/results/raw/energy/measurements/20260817_174754_gpu_half_gt_q19_k131072_max_uniform_s19131229_rep3_gpu.txt,0.952939,18.385493,19.293461,14.716208,4.361844,4.577253,0,"rapl:package+core,nvml:board-integrated",9.91252,0.273061,0.495802,0.0123,2.61619464118,0.0920516416,9.954023,0.499044
gpu,gpu,half,gt,max,256,524288,uniform,19000413,1,bench/results/raw/energy/measurements/20260817_174754_gpu_half_gt_q19_k256_max_uniform_s19000413_rep1_gpu.txt,0.424607,8.129315,19.145513,14.716208,1.880713,4.429305,0,"rapl:package+core,nvml:board-integrated",0.338064,0.092607,0.016477,0.00556,0.095585040784,0.01078488352,0.419486,0.019471
gpu,gpu,half,gt,max,256,524288,uniform,19000413,2,bench/results/raw/energy/measurements/20260817_174754_gpu_half_gt_q19_k256_max_uniform_s19000413_rep2_gpu.txt,0.429096,8.32648,19.404703,14.716208,2.011814,4.688495,0,"rapl:package+core,nvml:board-integrated",0.336482,0.093405,0.016536,0.005549,0.093134784512,0.011744761808,0.407732,0.019511
gpu,gpu,half,gt,max,256,524288,uniform,19000413,3,bench/results/raw/energy/measurements/20260817_174754_gpu_half_gt_q19_k256_max_uniform_s19000413_rep3_gpu.txt,0.433059,8.235211,19.016383,14.716208,1.862229,4.300175,0,"rapl:package+core,nvml:board-integrated",0.386276,0.118572,0.016692,0.005573,0.140633056064,0.036558572816,0.432319,0.01972
gpu,gpu,half,gt,max,4096,524288,uniform,19004253,1,bench/results/raw/energy/measurements/20260817_174754_gpu_half_gt_q19_k4096_max_uniform_s19004253_rep1_gpu.txt,0.432633,8.590594,19.856553,14.716208,2.223881,5.140345,0,"rapl:package+core,nvml:board-integrated",0.630866,0.11098,0.026533,0.005759,0.240400853136,0.026229358128,0.708723,0.029607
gpu,gpu,half,gt,max,4096,524288,uniform,19004253,2,bench/results/raw/energy/measurements/20260817_174754_gpu_half_gt_q19_k4096_max_uniform_s19004253_rep2_gpu.txt,0.427888,8.424878,19.689462,14.716208,2.127994,4.973254,0,"rapl:package+core,nvml:board-integrated",0.552117,0.081774,0.026014,0.005706,0.169289565088,0,0.62693,0.029045
gpu,gpu,half,gt,max,4096,524288,uniform,19004253,3,bench/results/raw/energy/measurements/20260817_174754_gpu_half_gt_q19_k4096_max_uniform_s19004253_rep3_gpu.txt,0.411012,8.027587,19.531251,14.716208,1.979042,4.815043,0,"rapl:package+core,nvml:board-integrated",0.592705,0.160052,0.026207,0.005707,0.207037336944,0.076066600944,0.640689,0.029213
gpu,gpu,half,gt,max,8,524288,uniform,19000165,1,bench/results/raw/energy/measurements/20260817_174754_gpu_half_gt_q19_k8_max_uniform_s19000165_rep1_gpu.txt,0.436141,8.125178,18.629683,14.716208,1.706829,3.913475,0,"rapl:package+core,nvml:board-integrated",0.344853,0.053862,0.016303,0.005536,0.104934660976,0,0.388705,0.019349
gpu,gpu,half,gt,max,8,524288,uniform,19000165,2,bench/results/raw/energy/measurements/20260817_174754_gpu_half_gt_q19_k8_max_uniform_s19000165_rep2_gpu.txt,0.429915,8.134415,18.920987,14.716208,1.807698,4.204779,0,"rapl:package+core,nvml:board-integrated",0.380404,0.102792,0.016624,0.005636,0.135761758208,0.019851451712,0.402757,0.019698
gpu,gpu,half,gt,max,8,524288,uniform,19000165,3,bench/results/raw/energy/measurements/20260817_174754_gpu_half_gt_q19_k8_max_uniform_s19000165_rep3_gpu.txt,0.436214,8.397742,19.251417,14.716208,1.978323,4.535209,0,"rapl:package+core,nvml:board-integrated",0.291743,0.165586,0.016426,0.005556,0.050014567392,0.083822748352,0.424292,0.019514
gpu,gpu,half,gt,max,131072,1048576,uniform,20131232,1,bench/results/raw/energy/measurements/20260817_174754_gpu_half_gt_q20_k131072_max_uniform_s20131232_rep1_gpu.txt,0.964744,20.032571,20.764658,14.716208,5.835203,6.04845,0,"rapl:package+core,nvml:board-integrated",10.575183,0.340455,0.492592,0.018914,3.32609666886,0.062112641888,10.645102,0.497658
gpu,gpu,half,gt,max,131072,1048576,uniform,20131232,2,bench/results/raw/energy/measurements/20260817_174754_gpu_half_gt_q20_k131072_max_uniform_s20131232_rep2_gpu.txt,0.994779,19.660426,19.763615,14.716208,5.021054,5.047407,0,"rapl:package+core,nvml:board-integrated",9.94374,0.550629,0.494781,0.029471,2.66243988955,0.116927634032,10.080925,0.500153
gpu,gpu,half,gt,max,131072,1048576,uniform,20131232,3,bench/results/raw/energy/measurements/20260817_174754_gpu_half_gt_q20_k131072_max_uniform_s20131232_rep3_gpu.txt,0.957462,18.766104,19.599841,14.716208,4.675893,4.883633,0,"rapl:package+core,nvml:board-integrated",9.92307,0.55348,0.492757,0.024625,2.67155549454,0.191093378,10.038709,0.498427
gpu,gpu,half,gt,max,256,1048576,uniform,20000416,1,bench/results/raw/energy/measurements/20260817_174754_gpu_half_gt_q20_k256_max_uniform_s20000416_rep1_gpu.txt,0.417571,8.294455,19.863588,14.716208,2.149396,5.14738,0,"rapl:package+core,nvml:board-integrated",0.678634,0.241263,0.028297,0.011719,0.262209462224,0.068803758448,0.715934,0.032995
gpu,gpu,half,gt,max,256,1048576,uniform,20000416,2,bench/results/raw/energy/measurements/20260817_174754_gpu_half_gt_q20_k256_max_uniform_s20000416_rep2_gpu.txt,0.414136,8.177217,19.745237,14.716208,2.082703,5.029029,0,"rapl:package+core,nvml:board-integrated",0.682434,0.146401,0.02945,0.008962,0.2490416744,0.014514343904,0.756501,0.034217
gpu,gpu,half,gt,max,256,1048576,uniform,20000416,3,bench/results/raw/energy/measurements/20260817_174754_gpu_half_gt_q20_k256_max_uniform_s20000416_rep3_gpu.txt,0.414839,8.217132,19.807991,14.716208,2.112272,5.091783,0,"rapl:package+core,nvml:board-integrated",0.712947,0.225273,0.028821,0.009049,0.288811169232,0.092106033808,0.745904,0.033515
gpu,gpu,half,gt,max,4096,1048576,uniform,20004256,1,bench/results/raw/energy/measurements/20260817_174754_gpu_half_gt_q20_k4096_max_uniform_s20004256_rep1_gpu.txt,0.42005,8.280229,19.712489,14.716208,2.098687,4.996281,0,"rapl:package+core,nvml:board-integrated",0.816279,0.263646,0.036908,0.009076,0.273133195136,0.130081696192,0.914356,0.040952
gpu,gpu,half,gt,max,4096,1048576,uniform,20004256,2,bench/results/raw/energy/measurements/20260817_174754_gpu_half_gt_q20_k4096_max_uniform_s20004256_rep2_gpu.txt,0.417373,8.318411,19.930392,14.716208,2.17626,5.214184,0,"rapl:package+core,nvml:board-integrated",0.74355,0.199176,0.036732,0.009031,0.202994247744,0.066273925552,0.929684,0.041444
gpu,gpu,half,gt,max,4096,1048576,uniform,20004256,3,bench/results/raw/energy/measurements/20260817_174754_gpu_half_gt_q20_k4096_max_uniform_s20004256_rep3_gpu.txt,0.410934,8.292089,20.178628,14.716208,2.244695,5.46242,0,"rapl:package+core,nvml:board-integrated",0.875381,0.249017,0.036648,0.009159,0.336061409216,0.114231250928,0.933995,0.041441
gpu,gpu,half,gt,max,8,1048576,uniform,20000168,1,bench/results/raw/energy/measurements/20260817_174754_gpu_half_gt_q20_k8_max_uniform_s20000168_rep1_gpu.txt,0.416254,7.876185,18.921593,14.716208,1.750507,4.205385,0,"rapl:package+core,nvml:board-integrated",0.591599,0.103891,0.028859,0.009117,0.166903953328,0,0.707993,0.033591
gpu,gpu,half,gt,max,8,1048576,uniform,20000168,2,bench/results/raw/energy/measurements/20260817_174754_gpu_half_gt_q20_k8_max_uniform_s20000168_rep2_gpu.txt,0.418491,7.975115,19.056832,14.716208,1.816513,4.340624,0,"rapl:package+core,nvml:board-integrated",0.535078,0.188186,0.029099,0.009046,0.106851063408,0.055063182432,0.725755,0.033824
gpu,gpu,half,gt,max,8,1048576,uniform,20000168,3,bench/results/raw/energy/measurements/20260817_174754_gpu_half_gt_q20_k8_max_uniform_s20000168_rep3_gpu.txt,0.431477,8.575519,19.874785,14.716208,2.225809,5.158577,0,"rapl:package+core,nvml:board-integrated",0.518294,0.326708,0.02573,0.009084,0.13964596816,0.193025966528,0.669634,0.030401
gpu,gpu,half,gt,max,131072,2097152,uniform,21131235,1,bench/results/raw/energy/measurements/20260817_174754_gpu_half_gt_q21_k131072_max_uniform_s21131235_rep1_gpu.txt,0.981371,20.726695,21.120138,14.716208,6.284632,6.40393,0,"rapl:package+core,nvml:board-integrated",10.795059,0.976979,0.491103,0.045277,3.56788510258,0.310673250384,11.068702,0.499897
gpu,gpu,half,gt,max,131072,2097152,uniform,21131235,2,bench/results/raw/energy/measurements/20260817_174754_gpu_half_gt_q21_k131072_max_uniform_s21131235_rep2_gpu.txt,0.951919,18.835075,19.786429,14.716208,4.826439,5.070221,0,"rapl:package+core,nvml:board-integrated",9.821968,0.54454,0.480604,0.029011,2.74929957037,0.117608089712,10.030629,0.490141
gpu,gpu,half,gt,max,131072,2097152,uniform,21131235,3,bench/results/raw/energy/measurements/20260817_174754_gpu_half_gt_q21_k131072_max_uniform_s21131235_rep3_gpu.txt,0.959436,19.005257,19.808776,14.716208,4.885994,5.092568,0,"rapl:package+core,nvml:board-integrated",10.099557,0.837266,0.490143,0.038271,2.88651066226,0.274062003632,10.24882,0.49955
gpu,gpu,half,gt,max,256,2097152,uniform,21000419,1,bench/results/raw/energy/measurements/20260817_174754_gpu_half_gt_q21_k256_max_uniform_s21000419_rep1_gpu.txt,0.436247,9.065417,20.780475,14.716208,2.645517,6.064267,0,"rapl:package+core,nvml:board-integrated",0.948488,0.216779,0.039603,0.010511,0.365682014576,0.062096937712,1.117926,0.047689
gpu,gpu,half,gt,max,256,2097152,uniform,21000419,2,bench/results/raw/energy/measurements/20260817_174754_gpu_half_gt_q21_k256_max_uniform_s21000419_rep2_gpu.txt,0.426069,8.855624,20.78446,14.716208,2.585497,6.068252,0,"rapl:package+core,nvml:board-integrated",0.992101,0.321619,0.040955,0.011886,0.38939870136,0.146702151712,1.149419,0.048787
gpu,gpu,half,gt,max,256,2097152,uniform,21000419,3,bench/results/raw/energy/measurements/20260817_174754_gpu_half_gt_q21_k256_max_uniform_s21000419_rep3_gpu.txt,0.424347,8.768394,20.663267,14.716208,2.523616,5.947059,0,"rapl:package+core,nvml:board-integrated",1.007182,0.392263,0.041482,0.014539,0.396724259744,0.178304051888,1.160415,0.049204
gpu,gpu,half,gt,max,4096,2097152,uniform,21004259,1,bench/results/raw/energy/measurements/20260817_174754_gpu_half_gt_q21_k4096_max_uniform_s21004259_rep1_gpu.txt,0.466216,9.743754,20.899662,14.716208,2.882824,6.183454,0,"rapl:package+core,nvml:board-integrated",1.12939,0.376721,0.046893,0.010892,0.439302858256,0.216432062464,1.318387,0.055342
gpu,gpu,half,gt,max,4096,2097152,uniform,21004259,2,bench/results/raw/energy/measurements/20260817_174754_gpu_half_gt_q21_k4096_max_uniform_s21004259_rep2_gpu.txt,0.442526,9.166909,20.714946,14.716208,2.6546,5.998738,0,"rapl:package+core,nvml:board-integrated",1.042478,0.259242,0.045949,0.010651,0.366282958608,0.102499668592,1.263703,0.054141
gpu,gpu,half,gt,max,4096,2097152,uniform,21004259,3,bench/results/raw/energy/measurements/20260817_174754_gpu_half_gt_q21_k4096_max_uniform_s21004259_rep3_gpu.txt,0.461192,9.592114,20.798532,14.716208,2.805119,6.082324,0,"rapl:package+core,nvml:board-integrated",0.983501,0.1962,0.045218,0.010928,0.318063506656,0.035381278976,1.238386,0.053115
gpu,gpu,half,gt,max,8,2097152,uniform,21000171,1,bench/results/raw/energy/measurements/20260817_174754_gpu_half_gt_q21_k8_max_uniform_s21000171_rep1_gpu.txt,0.428699,8.293087,19.344778,14.716208,1.984263,4.62857,0,"rapl:package+core,nvml:board-integrated",0.977972,0.289418,0.042755,0.014504,0.34878052696,0.075974119168,1.12159,0.050711
gpu,gpu,half,gt,max,8,2097152,uniform,21000171,2,bench/results/raw/energy/measurements/20260817_174754_gpu_half_gt_q21_k8_max_uniform_s21000171_rep2_gpu.txt,0.424827,8.43334,19.851251,14.716208,2.181503,5.135043,0,"rapl:package+core,nvml:board-integrated",0.868995,0.238617,0.038497,0.010303,0.302465140624,0.086995908976,1.052458,0.046414
gpu,gpu,half,gt,max,8,2097152,uniform,21000171,3,bench/results/raw/energy/measurements/20260817_174754_gpu_half_gt_q21_k8_max_uniform_s21000171_rep3_gpu.txt,0.42557,8.881961,20.870752,14.716208,2.619188,6.154544,0,"rapl:package+core,nvml:board-integrated",0.862577,0.181027,0.037883,0.010298,0.305082892336,0.029479490016,1.086997,0.046031
gpu,gpu,half,gt,max,131072,4194304,uniform,22131238,1,bench/results/raw/energy/measurements/20260817_174754_gpu_half_gt_q22_k131072_max_uniform_s22131238_rep1_gpu.txt,1.030271,21.661802,21.025348,14.716208,6.500123,6.30914,0,"rapl:package+core,nvml:board-integrated",10.680849,0.563189,0.477478,0.035995,3.65418343658,0.03347909304,11.015085,0.499136
gpu,gpu,half,gt,max,131072,4194304,uniform,22131238,2,bench/results/raw/energy/measurements/20260817_174754_gpu_half_gt_q22_k131072_max_uniform_s22131238_rep2_gpu.txt,1.032254,20.562534,19.920029,14.716208,5.371666,5.203821,0,"rapl:package+core,nvml:board-integrated",10.057707,0.589555,0.479101,0.03281,3.00715703099,0.10671621552,10.400576,0.499834
gpu,gpu,half,gt,max,131072,4194304,uniform,22131238,3,bench/results/raw/energy/measurements/20260817_174754_gpu_half_gt_q22_k131072_max_uniform_s22131238_rep3_gpu.txt,1.03318,20.398878,19.743775,14.716208,5.194383,5.027567,0,"rapl:package+core,nvml:board-integrated",9.775098,0.940943,0.480214,0.038043,2.70816889149,0.381094299056,10.304736,0.50078
gpu,gpu,half,gt,max,256,4194304,uniform,22000422,1,bench/results/raw/energy/measurements/20260817_174754_gpu_half_gt_q22_k256_max_uniform_s22000422_rep1_gpu.txt,0.541331,11.894887,21.973397,14.716208,3.928543,7.257189,0,"rapl:package+core,nvml:board-integrated",1.629404,0.573277,0.062171,0.02037,0.714482632432,0.27350784304,1.87996,0.079682
gpu,gpu,half,gt,max,256,4194304,uniform,22000422,2,bench/results/raw/energy/measurements/20260817_174754_gpu_half_gt_q22_k256_max_uniform_s22000422_rep2_gpu.txt,0.535868,11.532001,21.52022,14.716208,3.646053,6.804012,0,"rapl:package+core,nvml:board-integrated",1.393828,0.356327,0.058381,0.016632,0.534681060752,0.111567028544,1.80799,0.075196
gpu,gpu,half,gt,max,256,4194304,uniform,22000422,3,bench/results/raw/energy/measurements/20260817_174754_gpu_half_gt_q22_k256_max_uniform_s22000422_rep3_gpu.txt,0.547842,11.856433,21.642083,14.716208,3.794282,6.925875,0,"rapl:package+core,nvml:board-integrated",1.66208,0.614381,0.067699,0.025086,0.665807434608,0.245210206112,2.059488,0.085627
gpu,gpu,half,gt,max,4096,4194304,uniform,22004262,1,bench/results/raw/energy/measurements/20260817_174754_gpu_half_gt_q22_k4096_max_uniform_s22004262_rep1_gpu.txt,0.539317,11.65077,21.602829,14.716208,3.714071,6.886621,0,"rapl:package+core,nvml:board-integrated",1.501043,0.295478,0.06161,0.01363,0.59437742512,0.09489608496,1.904569,0.078817
gpu,gpu,half,gt,max,4096,4194304,uniform,22004262,2,bench/results/raw/energy/measurements/20260817_174754_gpu_half_gt_q22_k4096_max_uniform_s22004262_rep2_gpu.txt,0.543552,11.599586,21.340327,14.716208,3.600556,6.624119,0,"rapl:package+core,nvml:board-integrated",1.65782,0.502324,0.070546,0.022888,0.619650390432,0.165499431296,2.086069,0.087762
gpu,gpu,half,gt,max,4096,4194304,uniform,22004262,3,bench/results/raw/energy/measurements/20260817_174754_gpu_half_gt_q22_k4096_max_uniform_s22004262_rep3_gpu.txt,0.542146,11.421692,21.06754,14.716208,3.443352,6.351332,0,"rapl:package+core,nvml:board-integrated",1.621889,0.518983,0.068271,0.019381,0.617198763632,0.233768172752,2.024232,0.086266
gpu,gpu,half,gt,max,8,4194304,uniform,22000174,1,bench/results/raw/energy/measurements/20260817_174754_gpu_half_gt_q22_k8_max_uniform_s22000174_rep1_gpu.txt,0.50207,9.784732,19.488773,14.716208,2.396162,4.772565,0,"rapl:package+core,nvml:board-integrated",1.162615,0.263371,0.058319,0.013539,0.304380465648,0.064128259888,1.692557,0.076519
gpu,gpu,half,gt,max,8,4194304,uniform,22000174,2,bench/results/raw/energy/measurements/20260817_174754_gpu_half_gt_q22_k8_max_uniform_s22000174_rep2_gpu.txt,0.533273,11.127123,20.865735,14.716208,3.279374,6.149527,0,"rapl:package+core,nvml:board-integrated",1.337719,0.297341,0.056233,0.01353,0.510182475536,0.09823070576,1.84036,0.075668
gpu,gpu,half,gt,max,8,4194304,uniform,22000174,3,bench/results/raw/energy/measurements/20260817_174754_gpu_half_gt_q22_k8_max_uniform_s22000174_rep3_gpu.txt,0.492744,10.68962,21.694045,14.716208,3.43829,6.977837,0,"rapl:package+core,nvml:board-integrated",1.406925,0.352082,0.061196,0.016769,0.506351935232,0.105305908048,1.962147,0.079765
gpu,gpu,half,gt,max,131072,8388608,uniform,23131241,1,bench/results/raw/energy/measurements/20260817_174754_gpu_half_gt_q23_k131072_max_uniform_s23131241_rep1_gpu.txt,1.028179,23.682689,23.033626,14.716208,8.551794,8.317418,0,"rapl:package+core,nvml:board-integrated",11.29297,0.562476,0.470419,0.022679,4.37018614885,0.228727118768,12.27596,0.518864
gpu,gpu,half,gt,max,131072,8388608,uniform,23131241,2,bench/results/raw/energy/measurements/20260817_174754_gpu_half_gt_q23_k131072_max_uniform_s23131241_rep2_gpu.txt,1.071862,24.13086,22.513029,14.716208,8.357116,7.796821,0,"rapl:package+core,nvml:board-integrated",11.408567,0.910257,0.485433,0.032362,4.26483400194,0.434011076704,12.583812,0.53459
gpu,gpu,half,gt,max,131072,8388608,uniform,23131241,3,bench/results/raw/energy/measurements/20260817_174754_gpu_half_gt_q23_k131072_max_uniform_s23131241_rep3_gpu.txt,1.160102,24.105168,20.778492,14.716208,7.032867,6.062284,0,"rapl:package+core,nvml:board-integrated",11.062023,0.68102,0.507041,0.037249,3.60030217947,0.132855968208,12.017905,0.560505
gpu,gpu,half,gt,max,256,8388608,uniform,23000425,1,bench/results/raw/energy/measurements/20260817_174754_gpu_half_gt_q23_k256_max_uniform_s23000425_rep1_gpu.txt,0.605202,15.316729,25.30846,14.716208,6.410452,10.592252,0,"rapl:package+core,nvml:board-integrated",2.814317,0.561961,0.095708,0.018769,1.40585816474,0.285752492048,4.014045,0.137748
gpu,gpu,half,gt,max,256,8388608,uniform,23000425,2,bench/results/raw/energy/measurements/20260817_174754_gpu_half_gt_q23_k256_max_uniform_s23000425_rep2_gpu.txt,0.608394,14.573959,23.954789,14.716208,5.620701,9.238581,0,"rapl:package+core,nvml:board-integrated",2.480785,0.509124,0.095982,0.018858,1.06829392374,0.231605749536,3.705551,0.13807
gpu,gpu,half,gt,max,256,8388608,uniform,23000425,3,bench/results/raw/energy/measurements/20260817_174754_gpu_half_gt_q23_k256_max_uniform_s23000425_rep3_gpu.txt,0.599061,14.778778,24.669885,14.716208,5.962865,9.953677,0,"rapl:package+core,nvml:board-integrated",2.659513,0.446518,0.094808,0.018627,1.26429875194,0.172399193584,3.734437,0.133035
gpu,gpu,half,gt,max,4096,8388608,uniform,23004265,1,bench/results/raw/energy/measurements/20260817_174754_gpu_half_gt_q23_k4096_max_uniform_s23004265_rep1_gpu.txt,0.59165,14.234342,24.058731,14.716208,5.527501,9.342523,0,"rapl:package+core,nvml:board-integrated",2.544119,0.475166,0.10148,0.018915,1.05071821216,0.19680892568,3.698744,0.140086
gpu,gpu,half,gt,max,4096,8388608,uniform,23004265,2,bench/results/raw/energy/measurements/20260817_174754_gpu_half_gt_q23_k4096_max_uniform_s23004265_rep2_gpu.txt,0.603383,14.393546,23.854759,14.716208,5.514043,9.138551,0,"rapl:package+core,nvml:board-integrated",2.68465,0.535994,0.100822,0.018861,1.20093247702,0.258431600912,3.751839,0.140098
gpu,gpu,half,gt,max,4096,8388608,uniform,23004265,3,bench/results/raw/energy/measurements/20260817_174754_gpu_half_gt_q23_k4096_max_uniform_s23004265_rep3_gpu.txt,0.662449,16.086197,24.282917,14.716208,6.337458,9.566709,0,"rapl:package+core,nvml:board-integrated",3.637219,1.000806,0.12963,0.033975,1.72955695696,0.5008228332,5.184965,0.18559
gpu,gpu,half,gt,max,8,8388608,uniform,23000177,1,bench/results/raw/energy/measurements/20260817_174754_gpu_half_gt_q23_k8_max_uniform_s23000177_rep1_gpu.txt,0.629484,12.686768,20.154222,14.716208,3.423145,5.438014,0,"rapl:package+core,nvml:board-integrated",2.514689,0.656727,0.107905,0.030024,0.92673657576,0.214887571008,3.300237,0.145155
gpu,gpu,half,gt,max,8,8388608,uniform,23000177,2,bench/results/raw/energy/measurements/20260817_174754_gpu_half_gt_q23_k8_max_uniform_s23000177_rep2_gpu.txt,0.591274,13.001977,21.989782,14.716208,4.300672,7.273574,0,"rapl:package+core,nvml:board-integrated",2.500692,0.343694,0.095849,0.018621,1.09015817941,0.069663490832,3.510572,0.13691
gpu,gpu,half,gt,max,8,8388608,uniform,23000177,3,bench/results/raw/energy/measurements/20260817_174754_gpu_half_gt_q23_k8_max_uniform_s23000177_rep3_gpu.txt,0.58684,14.306618,24.379072,14.716208,5.670556,9.662864,0,"rapl:package+core,nvml:board-integrated",2.683052,0.573285,0.096382,0.018774,1.26467444054,0.297002911008,3.748457,0.134101
gpu,gpu,half,gt,max,131072,16777216,uniform,24131244,1,bench/results/raw/energy/measurements/20260817_174754_gpu_half_gt_q24_k131072_max_uniform_s24131244_rep1_gpu.txt,1.411913,31.51136,22.318204,14.716208,10.733356,7.601996,0,"rapl:package+core,nvml:board-integrated",13.282829,1.404846,0.57705,0.06426,4.7908411736,0.45918247392,17.757245,0.782253
gpu,gpu,half,gt,max,131072,16777216,uniform,24131244,2,bench/results/raw/energy/measurements/20260817_174754_gpu_half_gt_q24_k131072_max_uniform_s24131244_rep2_gpu.txt,1.433766,34.426097,24.010957,14.716208,13.326497,9.294749,0,"rapl:package+core,nvml:board-integrated",13.877034,1.769933,0.576222,0.063284,5.39723119382,0.838632492928,18.959293,0.792963
gpu,gpu,half,gt,max,131072,16777216,uniform,24131244,3,bench/results/raw/energy/measurements/20260817_174754_gpu_half_gt_q24_k131072_max_uniform_s24131244_rep3_gpu.txt,1.474543,33.472209,22.700055,14.716208,11.772526,7.983847,0,"rapl:package+core,nvml:board-integrated",13.642077,1.90173,0.586646,0.070805,5.00887244163,0.85974889256,18.492771,0.804325
gpu,gpu,half,gt,max,256,16777216,uniform,24000428,1,bench/results/raw/energy/measurements/20260817_174754_gpu_half_gt_q24_k256_max_uniform_s24000428_rep1_gpu.txt,0.910467,22.545716,24.762807,14.716208,9.147096,10.046599,0,"rapl:package+core,nvml:board-integrated",5.559382,1.29986,0.191498,0.042169,2.74125760042,0.679292224848,8.979269,0.323734
gpu,gpu,half,gt,max,256,16777216,uniform,24000428,2,bench/results/raw/energy/measurements/20260817_174754_gpu_half_gt_q24_k256_max_uniform_s24000428_rep2_gpu.txt,0.917232,23.684079,25.821245,14.716208,10.185898,11.105037,0,"rapl:package+core,nvml:board-integrated",5.443017,0.975113,0.18849,0.031018,2.66915895408,0.518645660256,10.251899,0.359647
gpu,gpu,half,gt,max,256,16777216,uniform,24000428,3,bench/results/raw/energy/measurements/20260817_174754_gpu_half_gt_q24_k256_max_uniform_s24000428_rep3_gpu.txt,1.001006,28.67383,28.645003,14.716208,13.942813,13.928795,0,"rapl:package+core,nvml:board-integrated",6.189089,1.163406,0.191357,0.030439,3.37303958574,0.715459344688,13.24132,0.40859
gpu,gpu,half,gt,max,4096,16777216,uniform,24004268,1,bench/results/raw/energy/measurements/20260817_174754_gpu_half_gt_q24_k4096_max_uniform_s24004268_rep1_gpu.txt,0.982149,26.146983,26.622206,14.716208,11.693469,11.905998,0,"rapl:package+core,nvml:board-integrated",5.783036,1.014885,0.197297,0.030518,2.87957231022,0.565775764256,11.419555,0.399195
gpu,gpu,half,gt,max,4096,16777216,uniform,24004268,2,bench/results/raw/energy/measurements/20260817_174754_gpu_half_gt_q24_k4096_max_uniform_s24004268_rep2_gpu.txt,0.968041,24.986491,25.811393,14.716208,10.740596,11.095185,0,"rapl:package+core,nvml:board-integrated",5.779381,0.872454,0.20005,0.030762,2.8354035896,0.419754009504,11.594448,0.400217
gpu,gpu,half,gt,max,4096,16777216,uniform,24004268,3,bench/results/raw/energy/measurements/20260817_174754_gpu_half_gt_q24_k4096_max_uniform_s24004268_rep3_gpu.txt,1.046316,25.977626,24.827703,14.716208,10.57982,10.111495,0,"rapl:package+core,nvml:board-integrated",6.516157,1.484146,0.238087,0.053682,3.0124191859,0.694150522144,12.200738,0.456432
gpu,gpu,half,gt,max,8,16777216,uniform,24000180,1,bench/results/raw/energy/measurements/20260817_174754_gpu_half_gt_q24_k8_max_uniform_s24000180_rep1_gpu.txt,1.062478,31.458753,29.608843,14.716208,15.823101,14.892635,0,"rapl:package+core,nvml:board-integrated",8.347083,1.189377,0.267701,0.043537,4.40753940219,0.548677452304,13.165286,0.427296
gpu,gpu,half,gt,max,8,16777216,uniform,24000180,2,bench/results/raw/energy/measurements/20260817_174754_gpu_half_gt_q24_k8_max_uniform_s24000180_rep2_gpu.txt,0.910249,23.889379,26.244884,14.716208,10.493966,11.528676,0,"rapl:package+core,nvml:board-integrated",5.268707,1.115906,0.180657,0.029909,2.61012101134,0.675758934928,10.384301,0.351966
gpu,gpu,half,gt,max,8,16777216,uniform,24000180,3,bench/results/raw/energy/measurements/20260817_174754_gpu_half_gt_q24_k8_max_uniform_s24000180_rep3_gpu.txt,0.899961,23.172661,25.748524,14.716208,9.928651,11.032316,0,"rapl:package+core,nvml:board-integrated",5.276261,0.992962,0.182286,0.030178,2.59370230851,0.548856274976,10.288894,0.356302
gpu,gpu,half,map_reduce,max,256,65536,uniform,16000404,1,bench/results/raw/energy/measurements/20260817_174754_gpu_half_map_reduce_q16_k256_max_uniform_s16000404_rep1_gpu.txt,0.416393,8.572212,20.586853,14.716208,2.444493,5.870645,0,"rapl:package+core,nvml:board-integrated",0.99463,0.299814,0.045529,0.016373,0.324615765968,0.058865526416,1.029572,0.046762
gpu,gpu,half,map_reduce,max,256,65536,uniform,16000404,2,bench/results/raw/energy/measurements/20260817_174754_gpu_half_map_reduce_q16_k256_max_uniform_s16000404_rep2_gpu.txt,0.40887,8.451007,20.669168,14.716208,2.433988,5.95296,0,"rapl:package+core,nvml:board-integrated",1.041512,0.392371,0.045789,0.016155,0.367671551888,0.15463065976,1.079498,0.047027
gpu,gpu,half,map_reduce,max,256,65536,uniform,16000404,3,bench/results/raw/energy/measurements/20260817_174754_gpu_half_map_reduce_q16_k256_max_uniform_s16000404_rep3_gpu.txt,0.436471,9.077639,20.797817,14.716208,2.654444,6.081609,0,"rapl:package+core,nvml:board-integrated",0.905739,0.333943,0.040043,0.013944,0.316457883056,0.128740195648,0.933995,0.041273
gpu,gpu,half,map_reduce,max,4096,65536,uniform,16004244,1,bench/results/raw/energy/measurements/20260817_174754_gpu_half_map_reduce_q16_k4096_max_uniform_s16004244_rep1_gpu.txt,0.588335,12.447649,21.157415,14.716208,3.789588,6.441207,0,"rapl:package+core,nvml:board-integrated",4.771164,0.479066,0.21709,0.018211,1.57642240528,0.211069136112,4.771164,0.218363
gpu,gpu,half,map_reduce,max,4096,65536,uniform,16004244,2,bench/results/raw/energy/measurements/20260817_174754_gpu_half_map_reduce_q16_k4096_max_uniform_s16004244_rep2_gpu.txt,0.612298,14.166984,23.137382,14.716208,5.156272,8.421174,0,"rapl:package+core,nvml:board-integrated",4.950604,0.188607,0.206216,0.008468,1.91588645107,0.063990150656,4.993423,0.207458
gpu,gpu,half,map_reduce,max,4096,65536,uniform,16004244,3,bench/results/raw/energy/measurements/20260817_174754_gpu_half_map_reduce_q16_k4096_max_uniform_s16004244_rep3_gpu.txt,0.587931,13.745969,23.380227,14.716208,5.093849,8.664019,0,"rapl:package+core,nvml:board-integrated",5.024945,0.181458,0.206513,0.008231,1.9858567373,0.060328891952,5.035167,0.20776
gpu,gpu,half,map_reduce,max,8,65536,uniform,16000156,1,bench/results/raw/energy/measurements/20260817_174754_gpu_half_map_reduce_q16_k8_max_uniform_s16000156_rep1_gpu.txt,0.363507,14.763065,40.612872,14.716208,9.41362,25.896664,0,"rapl:package+core,nvml:board-integrated",0.609162,0.118852,0.013076,0.00355,0.416732864192,0.0666094616,0.619293,0.014321
gpu,gpu,half,map_reduce,max,8,65536,uniform,16000156,2,bench/results/raw/energy/measurements/20260817_174754_gpu_half_map_reduce_q16_k8_max_uniform_s16000156_rep2_gpu.txt,0.422281,12.580407,29.791568,14.716208,6.366035,15.07536,0,"rapl:package+core,nvml:board-integrated",0.510175,0.236978,0.0137,0.003911,0.3085629504,0.179422910512,0.510175,0.014937
gpu,gpu,half,map_reduce,max,8,65536,uniform,16000156,3,bench/results/raw/energy/measurements/20260817_174754_gpu_half_map_reduce_q16_k8_max_uniform_s16000156_rep3_gpu.txt,0.420212,8.922755,21.233947,14.716208,2.738831,6.517739,0,"rapl:package+core,nvml:board-integrated",0.258565,0.079088,0.013075,0.003557,0.0661505804,0.026742448144,0.32712,0.014308
gpu,gpu,half,map_reduce,max,131072,131072,uniform,17131223,1,bench/results/raw/energy/measurements/20260817_174754_gpu_half_map_reduce_q17_k131072_max_uniform_s17131223_rep1_gpu.txt,1.652178,38.087869,23.053133,14.716208,13.77408,8.336925,0,"rapl:package+core,nvml:board-integrated",25.806326,1.993735,1.101344,0.084443,9.59871861645,0.751054247856,25.838322,1.103968
gpu,gpu,half,map_reduce,max,131072,131072,uniform,17131223,2,bench/results/raw/energy/measurements/20260817_174754_gpu_half_map_reduce_q17_k131072_max_uniform_s17131223_rep2_gpu.txt,1.628052,35.515959,21.814996,14.716208,11.5572,7.098788,0,"rapl:package+core,nvml:board-integrated",24.454057,2.251466,1.114698,0.10311,8.04992937482,0.73407779312,24.475129,1.116927
gpu,gpu,half,map_reduce,max,131072,131072,uniform,17131223,3,bench/results/raw/energy/measurements/20260817_174754_gpu_half_map_reduce_q17_k131072_max_uniform_s17131223_rep3_gpu.txt,1.62172,33.843025,20.868595,14.716208,9.977451,6.152387,0,"rapl:package+core,nvml:board-integrated",23.535875,2.17554,1.109208,0.1023,7.21253935674,0.6700719216,23.608491,1.111499
gpu,gpu,half,map_reduce,max,256,131072,uniform,17000407,1,bench/results/raw/energy/measurements/20260817_174754_gpu_half_map_reduce_q17_k256_max_uniform_s17000407_rep1_gpu.txt,0.431222,8.66712,20.098955,14.716208,2.321161,5.382747,0,"rapl:package+core,nvml:board-integrated",1.493249,0.51558,0.069318,0.022855,0.473150893856,0.17924106616,1.528067,0.070556
gpu,gpu,half,map_reduce,max,256,131072,uniform,17000407,2,bench/results/raw/energy/measurements/20260817_174754_gpu_half_map_reduce_q17_k256_max_uniform_s17000407_rep2_gpu.txt,0.427979,8.871282,20.728299,14.716208,2.57305,6.012091,0,"rapl:package+core,nvml:board-integrated",1.528287,0.501902,0.07062,0.022792,0.48902839104,0.166490187264,1.594757,0.071884
gpu,gpu,half,map_reduce,max,256,131072,uniform,17000407,3,bench/results/raw/energy/measurements/20260817_174754_gpu_half_map_reduce_q17_k256_max_uniform_s17000407_rep3_gpu.txt,0.452794,9.65692,21.327388,14.716208,2.993505,6.61118,0,"rapl:package+core,nvml:board-integrated",1.731822,0.616289,0.073616,0.026085,0.648473631872,0.23241671432,1.731822,0.074843
gpu,gpu,half,map_reduce,max,4096,131072,uniform,17004247,1,bench/results/raw/energy/measurements/20260817_174754_gpu_half_map_reduce_q17_k4096_max_uniform_s17004247_rep1_gpu.txt,0.592299,13.051114,22.034663,14.716208,4.334715,7.318455,0,"rapl:package+core,nvml:board-integrated",5.015279,0.601519,0.213235,0.021396,1.87726838712,0.286651013632,5.026158,0.214499
gpu,gpu,half,map_reduce,max,4096,131072,uniform,17004247,2,bench/results/raw/energy/measurements/20260817_174754_gpu_half_map_reduce_q17_k4096_max_uniform_s17004247_rep2_gpu.txt,0.604315,13.147483,21.756025,14.716208,4.254264,7.039817,0,"rapl:package+core,nvml:board-integrated",4.875519,0.773639,0.22114,0.031251,1.62117676288,0.313742783792,4.919329,0.22239
gpu,gpu,half,map_reduce,max,4096,131072,uniform,17004247,3,bench/results/raw/energy/measurements/20260817_174754_gpu_half_map_reduce_q17_k4096_max_uniform_s17004247_rep3_gpu.txt,0.601045,13.327891,22.174526,14.716208,4.482786,7.458318,0,"rapl:package+core,nvml:board-integrated",5.050836,0.358503,0.215741,0.023146,1.87594656987,0.017881649632,5.061563,0.216984
gpu,gpu,half,map_reduce,max,8,131072,uniform,17000159,1,bench/results/raw/energy/measurements/20260817_174754_gpu_half_map_reduce_q17_k8_max_uniform_s17000159_rep1_gpu.txt,0.42058,9.140406,21.732877,14.716208,2.951068,7.016669,0,"rapl:package+core,nvml:board-integrated",0.344809,0.155145,0.013812,0.004115,0.141548735104,0.09458780408,0.376421,0.01503
gpu,gpu,half,map_reduce,max,8,131072,uniform,17000159,2,bench/results/raw/energy/measurements/20260817_174754_gpu_half_map_reduce_q17_k8_max_uniform_s17000159_rep2_gpu.txt,0.418923,8.781641,20.962428,14.716208,2.616684,6.24622,0,"rapl:package+core,nvml:board-integrated",0.30289,0.060771,0.013817,0.004113,0.099556154064,0.000243236496,0.332841,0.015054
gpu,gpu,half,map_reduce,max,8,131072,uniform,17000159,3,bench/results/raw/energy/measurements/20260817_174754_gpu_half_map_reduce_q17_k8_max_uniform_s17000159_rep3_gpu.txt,0.418613,8.283765,19.788612,14.716208,2.123373,5.072404,0,"rapl:package+core,nvml:board-integrated",0.292409,0.052911,0.013843,0.004126,0.088692532656,0,0.343691,0.015078
gpu,gpu,half,map_reduce,max,131072,262144,uniform,18131226,1,bench/results/raw/energy/measurements/20260817_174754_gpu_half_map_reduce_q18_k131072_max_uniform_s18131226_rep1_gpu.txt,1.536142,37.185253,24.206913,14.716208,14.57907,9.490705,0,"rapl:package+core,nvml:board-integrated",24.685007,3.493269,1.000349,0.1462,9.96366304341,1.3417593904,24.716698,1.002456
gpu,gpu,half,map_reduce,max,131072,262144,uniform,18131226,2,bench/results/raw/energy/measurements/20260817_174754_gpu_half_map_reduce_q18_k131072_max_uniform_s18131226_rep2_gpu.txt,1.522663,34.07014,22.375359,14.716208,11.662309,7.659151,0,"rapl:package+core,nvml:board-integrated",22.450615,3.322105,1.004441,0.151055,7.66905232027,1.09914820056,22.613321,1.006934
gpu,gpu,half,map_reduce,max,131072,262144,uniform,18131226,3,bench/results/raw/energy/measurements/20260817_174754_gpu_half_map_reduce_q18_k131072_max_uniform_s18131226_rep3_gpu.txt,1.513678,33.552776,22.166395,14.716208,11.277182,7.450187,0,"rapl:package+core,nvml:board-integrated",21.499865,3.118228,0.97102,0.143098,7.21013270784,1.01236806762,21.526825,0.973044
gpu,gpu,half,map_reduce,max,256,262144,uniform,18000410,1,bench/results/raw/energy/measurements/20260817_174754_gpu_half_map_reduce_q18_k256_max_uniform_s18000410_rep1_gpu.txt,0.426855,8.252703,19.333735,14.716208,1.971015,4.617527,0,"rapl:package+core,nvml:board-integrated",1.485771,0.619947,0.071425,0.030924,0.4346658436,0.164862983808,1.510192,0.072652
gpu,gpu,half,map_reduce,max,256,262144,uniform,18000410,2,bench/results/raw/energy/measurements/20260817_174754_gpu_half_map_reduce_q18_k256_max_uniform_s18000410_rep2_gpu.txt,0.427679,8.871157,20.742556,14.716208,2.577343,6.026348,0,"rapl:package+core,nvml:board-integrated",1.560412,0.525369,0.071404,0.029422,0.509615883968,0.092388728224,1.608379,0.072655
gpu,gpu,half,map_reduce,max,256,262144,uniform,18000410,3,bench/results/raw/energy/measurements/20260817_174754_gpu_half_map_reduce_q18_k256_max_uniform_s18000410_rep3_gpu.txt,0.439207,9.814092,22.345047,14.716208,3.350636,7.628839,0,"rapl:package+core,nvml:board-integrated",1.694093,0.780993,0.07023,0.0294,0.66057371216,0.3483364848,1.704498,0.071458
gpu,gpu,half,map_reduce,max,4096,262144,uniform,18004250,1,bench/results/raw/energy/measurements/20260817_174754_gpu_half_map_reduce_q18_k4096_max_uniform_s18004250_rep1_gpu.txt,0.673684,15.484756,22.985196,14.716208,5.570684,8.268988,0,"rapl:package+core,nvml:board-integrated",7.141107,0.537406,0.298885,0.023343,2.74265317192,0.193885556656,7.204333,0.300182
gpu,gpu,half,map_reduce,max,4096,262144,uniform,18004250,2,bench/results/raw/energy/measurements/20260817_174754_gpu_half_map_reduce_q18_k4096_max_uniform_s18004250_rep2_gpu.txt,0.66635,15.92886,23.90464,14.716208,6.122713,9.188432,0,"rapl:package+core,nvml:board-integrated",7.315726,0.286217,0.290915,0.013498,3.03456034968,0.087577624416,7.32575,0.29217
gpu,gpu,half,map_reduce,max,4096,262144,uniform,18004250,3,bench/results/raw/energy/measurements/20260817_174754_gpu_half_map_reduce_q18_k4096_max_uniform_s18004250_rep3_gpu.txt,0.664248,15.564385,23.431587,14.716208,5.789173,8.715379,0,"rapl:package+core,nvml:board-integrated",6.932709,0.397167,0.286281,0.012929,2.71973825755,0.206901146768,6.94281,0.287528
gpu,gpu,half,map_reduce,max,8,262144,uniform,18000162,1,bench/results/raw/energy/measurements/20260817_174754_gpu_half_map_reduce_q18_k8_max_uniform_s18000162_rep1_gpu.txt,0.429319,8.227265,19.163517,14.716208,1.909315,4.447309,0,"rapl:package+core,nvml:board-integrated",0.395432,0.133787,0.018044,0.00791,0.129892742848,0.01738179472,0.395432,0.019259
gpu,gpu,half,map_reduce,max,8,262144,uniform,18000162,2,bench/results/raw/energy/measurements/20260817_174754_gpu_half_map_reduce_q18_k8_max_uniform_s18000162_rep2_gpu.txt,0.429051,8.06344,18.793678,14.716208,1.749441,4.07747,0,"rapl:package+core,nvml:board-integrated",0.333512,0.115919,0.015339,0.005179,0.107780085488,0.039703758768,0.343933,0.016562
gpu,gpu,half,map_reduce,max,8,262144,uniform,18000162,3,bench/results/raw/energy/measurements/20260817_174754_gpu_half_map_reduce_q18_k8_max_uniform_s18000162_rep3_gpu.txt,0.430787,8.061926,18.71441,14.716208,1.722374,3.998202,0,"rapl:package+core,nvml:board-integrated",0.317541,0.124354,0.015265,0.005125,0.09289808488,0.048933434,0.338354,0.016536
gpu,gpu,half,map_reduce,max,131072,524288,uniform,19131229,1,bench/results/raw/energy/measurements/20260817_174754_gpu_half_map_reduce_q19_k131072_max_uniform_s19131229_rep1_gpu.txt,1.862277,42.104697,22.609258,14.716208,14.699044,7.89305,0,"rapl:package+core,nvml:board-integrated",29.183211,5.837452,1.283177,0.262607,10.2997113672,1.97287276574,29.2068,1.285928
gpu,gpu,half,map_reduce,max,131072,524288,uniform,19131229,2,bench/results/raw/energy/measurements/20260817_174754_gpu_half_map_reduce_q19_k131072_max_uniform_s19131229_rep2_gpu.txt,1.808614,45.964715,25.414331,14.716208,19.348775,10.698123,0,"rapl:package+core,nvml:board-integrated",32.920443,6.637329,1.284184,0.260489,14.0221241457,2.80391869429,33.020039,1.286568
gpu,gpu,half,map_reduce,max,131072,524288,uniform,19131229,3,bench/results/raw/energy/measurements/20260817_174754_gpu_half_map_reduce_q19_k131072_max_uniform_s19131229_rep3_gpu.txt,1.801595,45.517206,25.264953,14.716208,19.004563,10.548745,0,"rapl:package+core,nvml:board-integrated",32.676608,6.756861,1.289903,0.261808,13.6941271522,2.90404001594,32.694842,1.292306
gpu,gpu,half,map_reduce,max,256,524288,uniform,19000413,1,bench/results/raw/energy/measurements/20260817_174754_gpu_half_map_reduce_q19_k256_max_uniform_s19000413_rep1_gpu.txt,0.444046,9.103798,20.501936,14.716208,2.569128,5.785728,0,"rapl:package+core,nvml:board-integrated",1.860898,0.995459,0.087345,0.04466,0.57551081224,0.33823315072,1.925583,0.088579
gpu,gpu,half,map_reduce,max,256,524288,uniform,19000413,2,bench/results/raw/energy/measurements/20260817_174754_gpu_half_map_reduce_q19_k256_max_uniform_s19000413_rep2_gpu.txt,0.440034,9.695,22.032393,14.716208,3.219369,7.316185,0,"rapl:package+core,nvml:board-integrated",1.995561,0.893447,0.08508,0.043378,0.74350602336,0.255087329376,1.995561,0.086325
gpu,gpu,half,map_reduce,max,256,524288,uniform,19000413,3,bench/results/raw/energy/measurements/20260817_174754_gpu_half_map_reduce_q19_k256_max_uniform_s19000413_rep3_gpu.txt,0.434654,10.467152,24.081586,14.716208,4.070697,9.365378,0,"rapl:package+core,nvml:board-integrated",2.203666,1.056149,0.085565,0.043142,0.94447366248,0.421262354464,2.203666,0.086815
gpu,gpu,half,map_reduce,max,4096,524288,uniform,19004253,1,bench/results/raw/energy/measurements/20260817_174754_gpu_half_map_reduce_q19_k4096_max_uniform_s19004253_rep1_gpu.txt,0.971973,24.795037,25.509995,14.716208,10.491274,10.793787,0,"rapl:package+core,nvml:board-integrated",14.418732,0.462638,0.536858,0.021272,6.51821800554,0.149594823424,14.448714,0.538588
gpu,gpu,half,map_reduce,max,4096,524288,uniform,19004253,2,bench/results/raw/energy/measurements/20260817_174754_gpu_half_map_reduce_q19_k4096_max_uniform_s19004253_rep2_gpu.txt,1.029247,23.168698,22.510337,14.716208,8.022084,7.794129,0,"rapl:package+core,nvml:board-integrated",12.864476,0.857698,0.551441,0.036345,4.74935554427,0.32283742024,12.916507,0.553096
gpu,gpu,half,map_reduce,max,4096,524288,uniform,19004253,3,bench/results/raw/energy/measurements/20260817_174754_gpu_half_map_reduce_q19_k4096_max_uniform_s19004253_rep3_gpu.txt,1.036374,21.299729,20.552172,14.716208,6.048239,5.835964,0,"rapl:package+core,nvml:board-integrated",11.692149,0.84361,0.552603,0.042235,3.55992831058,0.22207095512,11.791538,0.554278
gpu,gpu,half,map_reduce,max,8,524288,uniform,19000165,1,bench/results/raw/energy/measurements/20260817_174754_gpu_half_map_reduce_q19_k8_max_uniform_s19000165_rep1_gpu.txt,0.430269,9.594163,22.298057,14.716208,3.262234,7.581849,0,"rapl:package+core,nvml:board-integrated",0.48625,0.0946,0.019404,0.008397,0.200696699968,0,0.496381,0.020642
gpu,gpu,half,map_reduce,max,8,524288,uniform,19000165,2,bench/results/raw/energy/measurements/20260817_174754_gpu_half_map_reduce_q19_k8_max_uniform_s19000165_rep2_gpu.txt,0.425983,8.75182,20.544977,14.716208,2.482959,5.828769,0,"rapl:package+core,nvml:board-integrated",0.466294,0.242701,0.019353,0.008402,0.181491226576,0.119055420384,0.487045,0.020581
gpu,gpu,half,map_reduce,max,8,524288,uniform,19000165,3,bench/results/raw/energy/measurements/20260817_174754_gpu_half_map_reduce_q19_k8_max_uniform_s19000165_rep3_gpu.txt,0.432346,8.699549,20.121745,14.716208,2.33706,5.405537,0,"rapl:package+core,nvml:board-integrated",0.445696,0.064694,0.019327,0.008421,0.161275847984,0,0.467666,0.020526
gpu,gpu,half,map_reduce,max,131072,1048576,uniform,20131232,1,bench/results/raw/energy/measurements/20260817_174754_gpu_half_map_reduce_q20_k131072_max_uniform_s20131232_rep1_gpu.txt,2.93583,88.400729,30.11098,14.716208,45.196439,15.394772,0,"rapl:package+core,nvml:board-integrated",71.186204,40.536985,2.319024,1.318867,37.058964459,21.1282639037,71.194474,2.32177
gpu,gpu,half,map_reduce,max,131072,1048576,uniform,20131232,2,bench/results/raw/energy/measurements/20260817_174754_gpu_half_map_reduce_q20_k131072_max_uniform_s20131232_rep2_gpu.txt,2.948678,91.054972,30.879931,14.716208,47.661613,16.163723,0,"rapl:package+core,nvml:board-integrated",71.507133,40.569275,2.279645,1.296921,37.9594030138,21.4835158044,71.604057,2.282469
gpu,gpu,half,map_reduce,max,131072,1048576,uniform,20131232,3,bench/results/raw/energy/measurements/20260817_174754_gpu_half_map_reduce_q20_k131072_max_uniform_s20131232_rep3_gpu.txt,2.96326,90.828636,30.65159,14.716208,47.220683,15.935382,0,"rapl:package+core,nvml:board-integrated",70.753788,40.117609,2.281194,1.296853,37.1832626076,21.0328505066,70.846181,2.283657
gpu,gpu,half,map_reduce,max,256,1048576,uniform,20000416,1,bench/results/raw/energy/measurements/20260817_174754_gpu_half_map_reduce_q20_k256_max_uniform_s20000416_rep1_gpu.txt,0.540318,12.159462,22.504278,14.716208,4.208033,7.78807,0,"rapl:package+core,nvml:board-integrated",2.461894,1.622693,0.107875,0.065363,0.874383062,0.660797496496,2.522049,0.109119
gpu,gpu,half,map_reduce,max,256,1048576,uniform,20000416,2,bench/results/raw/energy/measurements/20260817_174754_gpu_half_map_reduce_q20_k256_max_uniform_s20000416_rep2_gpu.txt,0.521012,13.10007,25.143517,14.716208,5.432751,10.427309,0,"rapl:package+core,nvml:board-integrated",3.272558,1.977655,0.124186,0.080797,1.44501099331,0.788629542224,3.293019,0.12544
gpu,gpu,half,map_reduce,max,256,1048576,uniform,20000416,3,bench/results/raw/energy/measurements/20260817_174754_gpu_half_map_reduce_q20_k256_max_uniform_s20000416_rep3_gpu.txt,0.552178,15.102843,27.351396,14.716208,6.976874,12.635188,0,"rapl:package+core,nvml:board-integrated",3.679445,2.120948,0.122902,0.08074,1.87079360438,0.93276136608,3.723966,0.124141
gpu,gpu,half,map_reduce,max,4096,1048576,uniform,20004256,1,bench/results/raw/energy/measurements/20260817_174754_gpu_half_map_reduce_q20_k4096_max_uniform_s20004256_rep1_gpu.txt,0.960342,27.212077,28.335806,14.716208,13.079478,13.619598,0,"rapl:package+core,nvml:board-integrated",15.618224,4.316905,0.532094,0.149479,7.78781802045,2.11714094437,15.670847,0.533756
gpu,gpu,half,map_reduce,max,4096,1048576,uniform,20004256,2,bench/results/raw/energy/measurements/20260817_174754_gpu_half_map_reduce_q20_k4096_max_uniform_s20004256_rep2_gpu.txt,0.957373,26.67624,27.864008,14.716208,12.587345,13.1478,0,"rapl:package+core,nvml:board-integrated",15.271317,4.00478,0.533888,0.149714,7.4145101433,1.80155763549,15.322618,0.5355
gpu,gpu,half,map_reduce,max,4096,1048576,uniform,20004256,3,bench/results/raw/energy/measurements/20260817_174754_gpu_half_map_reduce_q20_k4096_max_uniform_s20004256_rep3_gpu.txt,0.96505,27.33546,28.325448,14.716208,13.13359,13.60924,0,"rapl:package+core,nvml:board-integrated",15.752339,4.280386,0.536892,0.150667,7.85132465446,2.06313908926,15.752339,0.53842
gpu,gpu,half,map_reduce,max,8,1048576,uniform,20000168,1,bench/results/raw/energy/measurements/20260817_174754_gpu_half_map_reduce_q20_k8_max_uniform_s20000168_rep1_gpu.txt,0.415235,10.012643,24.113179,14.716208,3.901954,9.396971,0,"rapl:package+core,nvml:board-integrated",0.950619,0.291913,0.036847,0.014928,0.408370883824,0.072229446976,0.997367,0.038129
gpu,gpu,half,map_reduce,max,8,1048576,uniform,20000168,2,bench/results/raw/energy/measurements/20260817_174754_gpu_half_map_reduce_q20_k8_max_uniform_s20000168_rep2_gpu.txt,0.423,9.401555,22.225905,14.716208,3.176601,7.509697,0,"rapl:package+core,nvml:board-integrated",0.793919,0.335462,0.029606,0.012491,0.358230945952,0.151641845872,0.793919,0.030857
gpu,gpu,half,map_reduce,max,8,1048576,uniform,20000168,3,bench/results/raw/energy/measurements/20260817_174754_gpu_half_map_reduce_q20_k8_max_uniform_s20000168_rep3_gpu.txt,0.41377,8.776668,21.211456,14.716208,2.68754,6.495248,0,"rapl:package+core,nvml:board-integrated",0.716,0.346477,0.029776,0.012666,0.277810190592,0.160081509472,0.745559,0.031008
gpu,gpu,half,map_reduce,max,131072,2097152,uniform,21131235,1,bench/results/raw/energy/measurements/20260817_174754_gpu_half_map_reduce_q21_k131072_max_uniform_s21131235_rep1_gpu.txt,10.612077,395.54866,37.273444,14.716208,239.379128,22.557236,0,"rapl:package+core,nvml:board-integrated",353.048838,321.595797,9.272253,8.445832,216.596434223,197.305176555,353.127908,9.274813
gpu,gpu,half,map_reduce,max,131072,2097152,uniform,21131235,2,bench/results/raw/energy/measurements/20260817_174754_gpu_half_map_reduce_q21_k131072_max_uniform_s21131235_rep2_gpu.txt,10.624247,398.421731,37.501174,14.716208,242.073104,22.784966,0,"rapl:package+core,nvml:board-integrated",355.319817,323.334358,9.281333,8.447957,218.733790055,199.012465613,355.423445,9.284879
gpu,gpu,half,map_reduce,max,131072,2097152,uniform,21131235,3,bench/results/raw/energy/measurements/20260817_174754_gpu_half_map_reduce_q21_k131072_max_uniform_s21131235_rep3_gpu.txt,10.628965,400.304478,37.66166,14.716208,243.886413,22.945452,0,"rapl:package+core,nvml:board-integrated",356.017803,324.128006,9.275622,8.447473,219.515820319,199.813236258,356.235816,9.27889
gpu,gpu,half,map_reduce,max,256,2097152,uniform,21000419,1,bench/results/raw/energy/measurements/20260817_174754_gpu_half_map_reduce_q21_k256_max_uniform_s21000419_rep1_gpu.txt,0.581514,13.416935,23.072405,14.716208,4.859249,8.356197,0,"rapl:package+core,nvml:board-integrated",4.008466,2.691473,0.16979,0.112045,1.50980104368,1.04259547464,4.033261,0.171062
gpu,gpu,half,map_reduce,max,256,2097152,uniform,21000419,2,bench/results/raw/energy/measurements/20260817_174754_gpu_half_map_reduce_q21_k256_max_uniform_s21000419_rep2_gpu.txt,0.662077,19.571758,29.561131,14.716208,9.828489,14.844923,0,"rapl:package+core,nvml:board-integrated",6.291541,3.873251,0.212963,0.154797,3.1575331957,1.59522615022,6.429886,0.21424
gpu,gpu,half,map_reduce,max,256,2097152,uniform,21000419,3,bench/results/raw/energy/measurements/20260817_174754_gpu_half_map_reduce_q21_k256_max_uniform_s21000419_rep3_gpu.txt,0.556157,18.047783,32.450858,14.716208,9.863256,17.73465,0,"rapl:package+core,nvml:board-integrated",5.927247,3.826449,0.170896,0.112394,3.41230591763,2.17243551805,5.937821,0.172153
gpu,gpu,half,map_reduce,max,4096,2097152,uniform,21004259,1,bench/results/raw/energy/measurements/20260817_174754_gpu_half_map_reduce_q21_k4096_max_uniform_s21004259_rep1_gpu.txt,1.272902,39.44854,30.991038,14.716208,20.716256,16.27483,0,"rapl:package+core,nvml:board-integrated",23.847462,9.027974,0.773924,0.297625,12.4582354398,4.648062594,23.857273,0.775654
gpu,gpu,half,map_reduce,max,4096,2097152,uniform,21004259,2,bench/results/raw/energy/measurements/20260817_174754_gpu_half_map_reduce_q21_k4096_max_uniform_s21004259_rep2_gpu.txt,1.274325,40.143084,31.501446,14.716208,21.38985,16.785238,0,"rapl:package+core,nvml:board-integrated",24.330313,9.256698,0.773702,0.294909,12.944353438,4.91675581493,24.346883,0.776022
gpu,gpu,half,map_reduce,max,4096,2097152,uniform,21004259,3,bench/results/raw/energy/measurements/20260817_174754_gpu_half_map_reduce_q21_k4096_max_uniform_s21004259_rep3_gpu.txt,1.276591,40.264524,31.540654,14.716208,21.477941,16.824446,0,"rapl:package+core,nvml:board-integrated",24.555851,9.207367,0.77383,0.294727,13.1680077634,4.87010316478,24.555851,0.775761
gpu,gpu,half,map_reduce,max,8,2097152,uniform,21000171,1,bench/results/raw/energy/measurements/20260817_174754_gpu_half_map_reduce_q21_k8_max_uniform_s21000171_rep1_gpu.txt,0.418493,11.518483,27.523747,14.716208,5.35986,12.807539,0,"rapl:package+core,nvml:board-integrated",1.322876,0.474975,0.042195,0.013283,0.70192560344,0.279499609136,1.344176,0.043432
gpu,gpu,half,map_reduce,max,8,2097152,uniform,21000171,2,bench/results/raw/energy/measurements/20260817_174754_gpu_half_map_reduce_q21_k8_max_uniform_s21000171_rep2_gpu.txt,0.417614,9.670739,23.157111,14.716208,3.525041,8.440903,0,"rapl:package+core,nvml:board-integrated",1.021705,0.437785,0.037473,0.013216,0.470244537616,0.243295595072,1.021705,0.038707
gpu,gpu,half,map_reduce,max,8,2097152,uniform,21000171,3,bench/results/raw/energy/measurements/20260817_174754_gpu_half_map_reduce_q21_k8_max_uniform_s21000171_rep3_gpu.txt,0.414555,9.171504,22.123755,14.716208,3.070833,7.407547,0,"rapl:package+core,nvml:board-integrated",1.041465,0.332842,0.040898,0.01336,0.439601525216,0.13623346112,1.079046,0.042144
gpu,gpu,half,map_reduce,max,131072,4194304,uniform,22131238,1,bench/results/raw/energy/measurements/20260817_174754_gpu_half_map_reduce_q22_k131072_max_uniform_s22131238_rep1_gpu.txt,19.503348,755.782123,38.751405,14.716208,468.766799,24.035197,0,"rapl:package+core,nvml:board-integrated",675.948071,629.537203,17.324684,16.129915,420.994417722,392.166018838,676.023807,17.327551
gpu,gpu,half,map_reduce,max,131072,4194304,uniform,22131238,2,bench/results/raw/energy/measurements/20260817_174754_gpu_half_map_reduce_q22_k131072_max_uniform_s22131238_rep2_gpu.txt,19.502851,754.874552,38.705857,14.716208,467.866543,23.989649,0,"rapl:package+core,nvml:board-integrated",679.12132,632.291859,17.324468,16.127297,424.170845423,394.95920187,679.484234,17.327553
gpu,gpu,half,map_reduce,max,131072,4194304,uniform,22131238,3,bench/results/raw/energy/measurements/20260817_174754_gpu_half_map_reduce_q22_k131072_max_uniform_s22131238_rep3_gpu.txt,19.489573,756.164566,38.798416,14.716208,469.351953,24.082208,0,"rapl:package+core,nvml:board-integrated",680.787021,633.676912,17.324369,16.130263,425.838003327,396.300606597,680.850236,17.327108
gpu,gpu,half,map_reduce,max,256,4194304,uniform,22000422,1,bench/results/raw/energy/measurements/20260817_174754_gpu_half_map_reduce_q22_k256_max_uniform_s22000422_rep1_gpu.txt,0.699792,17.439839,24.921447,14.716208,7.141548,10.205239,0,"rapl:package+core,nvml:board-integrated",6.8022,5.196377,0.285487,0.214502,2.6009139267,2.03972095158,6.895638,0.28676
gpu,gpu,half,map_reduce,max,256,4194304,uniform,22000422,2,bench/results/raw/energy/measurements/20260817_174754_gpu_half_map_reduce_q22_k256_max_uniform_s22000422_rep2_gpu.txt,0.790024,26.65315,33.737128,14.716208,15.026988,19.02092,0,"rapl:package+core,nvml:board-integrated",12.401754,9.91984,0.362872,0.291036,7.06165417062,5.63689368851,12.449329,0.364232
gpu,gpu,half,map_reduce,max,256,4194304,uniform,22000422,3,bench/results/raw/energy/measurements/20260817_174754_gpu_half_map_reduce_q22_k256_max_uniform_s22000422_rep3_gpu.txt,0.831989,29.358272,35.286859,14.716208,17.114551,20.570651,0,"rapl:package+core,nvml:board-integrated",13.574733,10.582821,0.376091,0.30565,8.04009961707,6.0848120248,13.574733,0.377402
gpu,gpu,half,map_reduce,max,4096,4194304,uniform,22004262,1,bench/results/raw/energy/measurements/20260817_174754_gpu_half_map_reduce_q22_k4096_max_uniform_s22004262_rep1_gpu.txt,1.247235,43.423482,34.815803,14.716208,25.068915,20.099595,0,"rapl:package+core,nvml:board-integrated",25.952041,16.393566,0.747572,0.468664,14.950615953,9.49660909389,26.016083,0.749399
gpu,gpu,half,map_reduce,max,4096,4194304,uniform,22004262,2,bench/results/raw/energy/measurements/20260817_174754_gpu_half_map_reduce_q22_k4096_max_uniform_s22004262_rep2_gpu.txt,1.259627,47.875455,38.007641,14.716208,29.33852,23.291433,0,"rapl:package+core,nvml:board-integrated",28.24421,17.70178,0.745284,0.464552,17.2764556369,10.8653361412,28.360195,0.746846
gpu,gpu,half,map_reduce,max,4096,4194304,uniform,22004262,3,bench/results/raw/energy/measurements/20260817_174754_gpu_half_map_reduce_q22_k4096_max_uniform_s22004262_rep3_gpu.txt,1.268683,47.973283,37.813446,14.716208,29.303077,23.097238,0,"rapl:package+core,nvml:board-integrated",27.549123,17.019903,0.749424,0.464049,16.5204435358,10.1908613938,27.617591,0.750941
gpu,gpu,half,map_reduce,max,8,4194304,uniform,22000174,1,bench/results/raw/energy/measurements/20260817_174754_gpu_half_map_reduce_q22_k8_max_uniform_s22000174_rep1_gpu.txt,0.464342,14.593296,31.427881,14.716208,7.759938,16.711673,0,"rapl:package+core,nvml:board-integrated",1.933498,0.602644,0.0555,0.014828,1.116748456,0.384432067776,1.942241,0.056742
gpu,gpu,half,map_reduce,max,8,4194304,uniform,22000174,2,bench/results/raw/energy/measurements/20260817_174754_gpu_half_map_reduce_q22_k8_max_uniform_s22000174_rep2_gpu.txt,0.475298,11.785144,24.795277,14.716208,4.790561,10.079069,0,"rapl:package+core,nvml:board-integrated",1.58362,0.459348,0.056445,0.014724,0.75296363944,0.242666553408,1.58362,0.057677
gpu,gpu,half,map_reduce,max,8,4194304,uniform,22000174,3,bench/results/raw/energy/measurements/20260817_174754_gpu_half_map_reduce_q22_k8_max_uniform_s22000174_rep3_gpu.txt,0.433599,9.96695,22.986561,14.716208,3.586017,8.270353,0,"rapl:package+core,nvml:board-integrated",1.469538,0.455095,0.055745,0.014831,0.64918298504,0.236838919152,1.481958,0.056979
gpu,gpu,half,map_reduce,max,131072,8388608,uniform,23131241,1,bench/results/raw/energy/measurements/20260817_174754_gpu_half_map_reduce_q23_k131072_max_uniform_s23131241_rep1_gpu.txt,29.11068,1154.92092,39.673443,14.716208,726.522093,24.957235,0,"rapl:package+core,nvml:board-integrated",1039.772452,1000.501702,26.026549,25.047594,656.760343394,631.896098796,1039.914583,26.029542
gpu,gpu,half,map_reduce,max,131072,8388608,uniform,23131241,2,bench/results/raw/energy/measurements/20260817_174754_gpu_half_map_reduce_q23_k131072_max_uniform_s23131241_rep2_gpu.txt,29.160145,1156.367448,39.655752,14.716208,727.240696,24.939544,0,"rapl:package+core,nvml:board-integrated",1044.845517,1005.476528,26.042121,25.063259,661.604247603,636.640395398,1045.062109,26.044789
gpu,gpu,half,map_reduce,max,131072,8388608,uniform,23131241,3,bench/results/raw/energy/measurements/20260817_174754_gpu_half_map_reduce_q23_k131072_max_uniform_s23131241_rep3_gpu.txt,29.232002,1161.681756,39.740068,14.716208,731.49753,25.02386,0,"rapl:package+core,nvml:board-integrated",1046.339528,1007.372655,26.065953,25.098,662.747541934,638.025266616,1046.371433,26.068678
gpu,gpu,half,map_reduce,max,256,8388608,uniform,23000425,1,bench/results/raw/energy/measurements/20260817_174754_gpu_half_map_reduce_q23_k256_max_uniform_s23000425_rep1_gpu.txt,1.170367,35.029071,29.929983,14.716208,17.805704,15.213775,0,"rapl:package+core,nvml:board-integrated",19.445364,15.758033,0.661066,0.540436,9.71697924227,7.80486441331,19.454626,0.6627
gpu,gpu,half,map_reduce,max,256,8388608,uniform,23000425,2,bench/results/raw/energy/measurements/20260817_174754_gpu_half_map_reduce_q23_k256_max_uniform_s23000425_rep2_gpu.txt,1.19416,53.939159,45.169105,14.716208,36.365646,30.452897,0,"rapl:package+core,nvml:board-integrated",29.390647,24.437603,0.662002,0.541614,19.6484878716,16.4670987203,29.628758,0.663466
gpu,gpu,half,map_reduce,max,256,8388608,uniform,23000425,3,bench/results/raw/energy/measurements/20260817_174754_gpu_half_map_reduce_q23_k256_max_uniform_s23000425_rep3_gpu.txt,1.157653,50.698721,43.794417,14.716208,33.662465,29.078209,0,"rapl:package+core,nvml:board-integrated",28.126018,23.172064,0.6542,0.537182,18.4986747264,15.2667819541,28.158655,0.655733
gpu,gpu,half,map_reduce,max,4096,8388608,uniform,23004265,1,bench/results/raw/energy/measurements/20260817_174754_gpu_half_map_reduce_q23_k4096_max_uniform_s23004265_rep1_gpu.txt,1.76679,77.020758,43.593602,14.716208,51.020303,28.877394,0,"rapl:package+core,nvml:board-integrated",50.368595,29.922166,1.171791,0.690931,33.1242749115,19.7542816904,50.539031,1.174185
gpu,gpu,half,map_reduce,max,4096,8388608,uniform,23004265,2,bench/results/raw/energy/measurements/20260817_174754_gpu_half_map_reduce_q23_k4096_max_uniform_s23004265_rep2_gpu.txt,1.740582,65.595798,37.686135,14.716208,39.981035,22.969927,0,"rapl:package+core,nvml:board-integrated",43.253335,25.302853,1.17511,0.690751,25.9601718171,15.1376176078,43.364829,1.177644
gpu,gpu,half,map_reduce,max,4096,8388608,uniform,23004265,3,bench/results/raw/energy/measurements/20260817_174754_gpu_half_map_reduce_q23_k4096_max_uniform_s23004265_rep3_gpu.txt,1.738342,66.029082,37.983941,14.716208,40.447279,23.267733,0,"rapl:package+core,nvml:board-integrated",44.125098,25.897421,1.181777,0.691142,26.7338218584,15.7264315705,44.199726,1.183976
gpu,gpu,half,map_reduce,max,8,8388608,uniform,23000177,1,bench/results/raw/energy/measurements/20260817_174754_gpu_half_map_reduce_q23_k8_max_uniform_s23000177_rep1_gpu.txt,0.536015,17.391951,32.446745,14.716208,9.503839,17.730537,0,"rapl:package+core,nvml:board-integrated",3.243012,0.614388,0.092295,0.018349,1.88477958264,0.344360299408,3.344075,0.093561
gpu,gpu,half,map_reduce,max,8,8388608,uniform,23000177,2,bench/results/raw/energy/measurements/20260817_174754_gpu_half_map_reduce_q23_k8_max_uniform_s23000177_rep2_gpu.txt,0.549608,13.66025,24.854532,14.716208,5.572104,10.138324,0,"rapl:package+core,nvml:board-integrated",2.48077,0.464698,0.092518,0.018358,1.11925586826,0.194537853536,2.549407,0.093788
gpu,gpu,half,map_reduce,max,8,8388608,uniform,23000177,3,bench/results/raw/energy/measurements/20260817_174754_gpu_half_map_reduce_q23_k8_max_uniform_s23000177_rep3_gpu.txt,0.539617,13.459319,24.942375,14.716208,5.518209,10.226167,0,"rapl:package+core,nvml:board-integrated",2.757177,0.670277,0.09715,0.020735,1.3274973928,0.36513642712,2.768926,0.098439
gpu,gpu,half,map_reduce,max,131072,16777216,uniform,24131244,1,bench/results/raw/energy/measurements/20260817_174754_gpu_half_map_reduce_q24_k131072_max_uniform_s24131244_rep1_gpu.txt,41.514679,1666.340017,40.138574,14.716208,1055.401363,25.422366,0,"rapl:package+core,nvml:board-integrated",1500.118123,1448.464859,37.167273,35.899151,953.156802739,920.165485861,1500.29023,37.170616
gpu,gpu,half,map_reduce,max,131072,16777216,uniform,24131244,2,bench/results/raw/energy/measurements/20260817_174754_gpu_half_map_reduce_q24_k131072_max_uniform_s24131244_rep2_gpu.txt,41.506232,1656.384847,39.906895,14.716208,1045.570499,25.190687,0,"rapl:package+core,nvml:board-integrated",1498.153563,1447.111222,37.208087,35.952505,950.591615426,918.026680299,1498.257569,37.211344
gpu,gpu,half,map_reduce,max,131072,16777216,uniform,24131244,3,bench/results/raw/energy/measurements/20260817_174754_gpu_half_map_reduce_q24_k131072_max_uniform_s24131244_rep3_gpu.txt,41.523515,1660.505037,39.98951,14.716208,1049.43635,25.273302,0,"rapl:package+core,nvml:board-integrated",1499.67516,1448.427744,37.215802,35.954701,951.999676881,919.310885506,1499.827406,37.218378
gpu,gpu,half,map_reduce,max,256,16777216,uniform,24000428,1,bench/results/raw/energy/measurements/20260817_174754_gpu_half_map_reduce_q24_k256_max_uniform_s24000428_rep1_gpu.txt,1.318331,39.049375,29.620317,14.716208,19.648545,14.904109,0,"rapl:package+core,nvml:board-integrated",20.535615,15.883059,0.72742,0.558051,9.83075097664,7.67066440939,20.555664,0.728977
gpu,gpu,half,map_reduce,max,256,16777216,uniform,24000428,2,bench/results/raw/energy/measurements/20260817_174754_gpu_half_map_reduce_q24_k256_max_uniform_s24000428_rep2_gpu.txt,1.26934,57.19575,45.059448,14.716208,38.515882,30.34324,0,"rapl:package+core,nvml:board-integrated",30.456925,23.101958,0.684478,0.515255,20.3840043806,15.519358247,30.487579,0.686079
gpu,gpu,half,map_reduce,max,256,16777216,uniform,24000428,3,bench/results/raw/energy/measurements/20260817_174754_gpu_half_map_reduce_q24_k256_max_uniform_s24000428_rep3_gpu.txt,1.195804,53.152411,44.449104,14.716208,35.554713,29.732896,0,"rapl:package+core,nvml:board-integrated",26.249925,18.592029,0.586165,0.415919,17.6237989377,12.4712784848,26.270172,0.587802
gpu,gpu,half,map_reduce,max,4096,16777216,uniform,24004268,1,bench/results/raw/energy/measurements/20260817_174754_gpu_half_map_reduce_q24_k4096_max_uniform_s24004268_rep1_gpu.txt,2.289005,102.287662,44.686521,14.716208,68.602191,29.970313,0,"rapl:package+core,nvml:board-integrated",71.626644,46.890082,1.588952,1.047138,48.243295866,31.4801813873,71.636577,1.591646
gpu,gpu,half,map_reduce,max,4096,16777216,uniform,24004268,2,bench/results/raw/energy/measurements/20260817_174754_gpu_half_map_reduce_q24_k4096_max_uniform_s24004268_rep2_gpu.txt,2.299584,93.099556,40.485392,14.716208,59.258401,25.769184,0,"rapl:package+core,nvml:board-integrated",64.606689,42.610192,1.607333,1.059378,40.9528422467,27.0201650014,64.923872,1.609952
gpu,gpu,half,map_reduce,max,4096,16777216,uniform,24004268,3,bench/results/raw/energy/measurements/20260817_174754_gpu_half_map_reduce_q24_k4096_max_uniform_s24004268_rep3_gpu.txt,2.349634,97.871004,41.653716,14.716208,63.293295,26.937508,0,"rapl:package+core,nvml:board-integrated",66.895903,43.893597,1.609652,1.055732,43.2079293604,28.3572252957,66.960057,1.612225
gpu,gpu,half,map_reduce,max,8,16777216,uniform,24000180,1,bench/results/raw/energy/measurements/20260817_174754_gpu_half_map_reduce_q24_k8_max_uniform_s24000180_rep1_gpu.txt,0.707421,22.379112,31.634784,14.716208,11.968557,16.918576,0,"rapl:package+core,nvml:board-integrated",5.847342,0.898942,0.163922,0.02543,3.43503175222,0.52470883056,5.878957,0.165178
gpu,gpu,half,map_reduce,max,8,16777216,uniform,24000180,2,bench/results/raw/energy/measurements/20260817_174754_gpu_half_map_reduce_q24_k8_max_uniform_s24000180_rep2_gpu.txt,0.700496,17.766916,25.363321,14.716208,7.458265,10.647113,0,"rapl:package+core,nvml:board-integrated",4.570641,0.838313,0.157276,0.022859,2.25613467059,0.501915201328,4.570641,0.158539
gpu,gpu,half,map_reduce,max,8,16777216,uniform,24000180,3,bench/results/raw/energy/measurements/20260817_174754_gpu_half_map_reduce_q24_k8_max_uniform_s24000180_rep3_gpu.txt,0.738576,20.533104,27.800948,14.716208,9.664071,13.08474,0,"rapl:package+core,nvml:board-integrated",5.035622,0.684509,0.160727,0.025416,2.67033003678,0.310481857472,5.152319,0.161992
rapl,npu,half,bitonic,max,256,65536,uniform,16000404,1,bench/results/raw/energy/measurements/20260817_174754_npu_half_bitonic_q16_k256_max_uniform_s16000404_rep1_rapl.txt,0.188681,1.742814,9.236834,4.871461,0.823662,4.365373,0,rapl:package+core,0.360409,0.297897,0.034339,0.029845,0.193127900721,0.152508246455,0.372722,0.035766
rapl,npu,half,bitonic,max,256,65536,uniform,16000404,2,bench/results/raw/energy/measurements/20260817_174754_npu_half_bitonic_q16_k256_max_uniform_s16000404_rep2_rapl.txt,0.185775,1.848446,9.949928,4.871461,0.943451,5.078467,0,rapl:package+core,0.342008,0.316633,0.033835,0.029125,0.177182117065,0.174751698375,0.367703,0.03527
rapl,npu,half,bitonic,max,256,65536,uniform,16000404,3,bench/results/raw/energy/measurements/20260817_174754_npu_half_bitonic_q16_k256_max_uniform_s16000404_rep3_rapl.txt,0.186791,1.74077,9.319361,4.871461,0.830826,4.4479,0,rapl:package+core,0.334898,0.284577,0.033786,0.029081,0.170310818654,0.142910042659,0.361172,0.035238
rapl,npu,half,bitonic,max,4096,65536,uniform,16004244,1,bench/results/raw/energy/measurements/20260817_174754_npu_half_bitonic_q16_k4096_max_uniform_s16004244_rep1_rapl.txt,0.205678,1.921577,9.342648,4.871461,0.919625,4.471187,0,rapl:package+core,0.576447,0.54088,0.056708,0.051947,0.300196189612,0.287822215433,0.576447,0.058142
rapl,npu,half,bitonic,max,4096,65536,uniform,16004244,2,bench/results/raw/energy/measurements/20260817_174754_npu_half_bitonic_q16_k4096_max_uniform_s16004244_rep2_rapl.txt,0.210473,1.943961,9.236141,4.871461,0.918649,4.36468,0,rapl:package+core,0.554872,0.519549,0.056201,0.05142,0.281091020339,0.26905847538,0.566605,0.057628
rapl,npu,half,bitonic,max,4096,65536,uniform,16004244,3,bench/results/raw/energy/measurements/20260817_174754_npu_half_bitonic_q16_k4096_max_uniform_s16004244_rep3_rapl.txt,0.209307,1.94068,9.271943,4.871461,0.92105,4.400482,0,rapl:package+core,0.577072,0.553605,0.056841,0.052134,0.300173285299,0.299636252226,0.577072,0.058281
rapl,npu,half,bitonic,max,8,65536,uniform,16000156,1,bench/results/raw/energy/measurements/20260817_174754_npu_half_bitonic_q16_k8_max_uniform_s16000156_rep1_rapl.txt,0.319428,2.070572,6.48213,4.871461,0.514492,1.610669,0,rapl:package+core,0.347059,0.272097,0.033111,0.028636,0.185760054829,0.132597842804,0.359662,0.034534
rapl,npu,half,bitonic,max,8,65536,uniform,16000156,2,bench/results/raw/energy/measurements/20260817_174754_npu_half_bitonic_q16_k8_max_uniform_s16000156_rep2_rapl.txt,0.178351,1.687276,9.460402,4.871461,0.818444,4.588941,0,rapl:package+core,0.335737,0.297973,0.033248,0.028711,0.173770664672,0.158108483229,0.361066,0.034688
rapl,npu,half,bitonic,max,8,65536,uniform,16000156,3,bench/results/raw/energy/measurements/20260817_174754_npu_half_bitonic_q16_k8_max_uniform_s16000156_rep3_rapl.txt,0.179196,1.684468,9.400149,4.871461,0.811522,4.528688,0,rapl:package+core,0.349407,0.285964,0.033167,0.028635,0.187835253013,0.146469714265,0.361904,0.034608
rapl,npu,half,bitonic,max,131072,131072,uniform,17131223,1,bench/results/raw/energy/measurements/20260817_174754_npu_half_bitonic_q17_k131072_max_uniform_s17131223_rep1_rapl.txt,0.526338,4.63387,8.803988,4.871461,2.069837,3.932527,0,rapl:package+core,2.732097,2.68254,0.315814,0.309934,1.19362141575,1.17270860643,2.742275,0.31742
rapl,npu,half,bitonic,max,131072,131072,uniform,17131223,2,bench/results/raw/energy/measurements/20260817_174754_npu_half_bitonic_q17_k131072_max_uniform_s17131223_rep2_rapl.txt,0.536394,4.858742,9.058161,4.871461,2.24572,4.1867,0,rapl:package+core,2.931092,2.88158,0.31863,0.312585,1.37889838157,1.35883436331,2.931092,0.320246
rapl,npu,half,bitonic,max,131072,131072,uniform,17131223,3,bench/results/raw/energy/measurements/20260817_174754_npu_half_bitonic_q17_k131072_max_uniform_s17131223_rep3_rapl.txt,0.53335,4.702698,8.817291,4.871461,2.104507,3.94583,0,rapl:package+core,2.773278,2.71452,0.31981,0.314115,1.21533605759,1.18432102798,2.783044,0.321431
rapl,npu,half,bitonic,max,256,131072,uniform,17000407,1,bench/results/raw/energy/measurements/20260817_174754_npu_half_bitonic_q17_k256_max_uniform_s17000407_rep1_rapl.txt,0.183565,1.718981,9.364407,4.871461,0.824749,4.492946,0,rapl:package+core,0.351284,0.313336,0.034938,0.030204,0.181084895582,0.166198391956,0.37614,0.03666
rapl,npu,half,bitonic,max,256,131072,uniform,17000407,2,bench/results/raw/energy/measurements/20260817_174754_npu_half_bitonic_q17_k256_max_uniform_s17000407_rep2_rapl.txt,0.183226,1.710162,9.333603,4.871461,0.817582,4.462142,0,rapl:package+core,0.376186,0.338437,0.035063,0.030431,0.205377962957,0.190193570309,0.389124,0.036762
rapl,npu,half,bitonic,max,256,131072,uniform,17000407,3,bench/results/raw/energy/measurements/20260817_174754_npu_half_bitonic_q17_k256_max_uniform_s17000407_rep3_rapl.txt,0.188468,1.7576,9.325699,4.871461,0.839483,4.454238,0,rapl:package+core,0.377634,0.339947,0.035057,0.03057,0.206855191723,0.19102643723,0.390482,0.036723
rapl,npu,half,bitonic,max,4096,131072,uniform,17004247,1,bench/results/raw/energy/measurements/20260817_174754_npu_half_bitonic_q17_k4096_max_uniform_s17004247_rep1_rapl.txt,0.229104,2.488045,10.859903,4.871461,1.371975,5.988442,0,rapl:package+core,0.639279,0.614866,0.063214,0.058487,0.331334464346,0.329948860493,0.651303,0.064968
rapl,npu,half,bitonic,max,4096,131072,uniform,17004247,2,bench/results/raw/energy/measurements/20260817_174754_npu_half_bitonic_q17_k4096_max_uniform_s17004247_rep2_rapl.txt,0.216646,2.00301,9.245535,4.871461,0.947627,4.374074,0,rapl:package+core,0.61508,0.578507,0.062834,0.058273,0.308986619526,0.294632353147,0.639432,0.064433
rapl,npu,half,bitonic,max,4096,131072,uniform,17004247,3,bench/results/raw/energy/measurements/20260817_174754_npu_half_bitonic_q17_k4096_max_uniform_s17004247_rep3_rapl.txt,0.215536,1.993992,9.251333,4.871461,0.944019,4.379872,0,rapl:package+core,0.621641,0.562669,0.062589,0.058052,0.316741127471,0.279870946028,0.633512,0.064261
rapl,npu,half,bitonic,max,8,131072,uniform,17000159,1,bench/results/raw/energy/measurements/20260817_174754_npu_half_bitonic_q17_k8_max_uniform_s17000159_rep1_rapl.txt,0.186105,1.768158,9.500862,4.871461,0.861555,4.629401,0,rapl:package+core,0.341626,0.30258,0.033445,0.02889,0.178699986855,0.16184349171,0.366939,0.035135
rapl,npu,half,bitonic,max,8,131072,uniform,17000159,2,bench/results/raw/energy/measurements/20260817_174754_npu_half_bitonic_q17_k8_max_uniform_s17000159_rep2_rapl.txt,0.182737,1.697681,9.290316,4.871461,0.807487,4.418855,0,rapl:package+core,0.342268,0.291138,0.033572,0.028995,0.178723311308,0.149889988305,0.367626,0.035259
rapl,npu,half,bitonic,max,8,131072,uniform,17000159,3,bench/results/raw/energy/measurements/20260817_174754_npu_half_bitonic_q17_k8_max_uniform_s17000159_rep3_rapl.txt,0.186523,1.734239,9.297724,4.871461,0.8256,4.426263,0,rapl:package+core,0.356151,0.317823,0.033672,0.029026,0.192119165208,0.176423973014,0.381511,0.035372
rapl,npu,half,bitonic,max,131072,262144,uniform,18131226,1,bench/results/raw/energy/measurements/20260817_174754_npu_half_bitonic_q18_k131072_max_uniform_s18131226_rep1_rapl.txt,0.809205,7.047655,8.709354,4.871461,3.105643,3.837893,0,rapl:package+core,4.851022,4.781584,0.561663,0.554996,2.11490260036,2.07794263084,4.932912,0.572424
rapl,npu,half,bitonic,max,131072,262144,uniform,18131226,2,bench/results/raw/energy/measurements/20260817_174754_npu_half_bitonic_q18_k131072_max_uniform_s18131226_rep2_rapl.txt,0.809747,7.04207,8.69663,4.871461,3.097419,3.825169,0,rapl:package+core,4.781734,4.692764,0.560624,0.554086,2.05067604834,1.99355566035,4.889594,0.571356
rapl,npu,half,bitonic,max,131072,262144,uniform,18131226,3,bench/results/raw/energy/measurements/20260817_174754_npu_half_bitonic_q18_k131072_max_uniform_s18131226_rep3_rapl.txt,0.810125,7.020785,8.666295,4.871461,3.074291,3.794834,0,rapl:package+core,4.771373,4.674346,0.562529,0.555817,2.03103491513,1.96670516136,4.868995,0.573496
rapl,npu,half,bitonic,max,256,262144,uniform,18000410,1,bench/results/raw/energy/measurements/20260817_174754_npu_half_bitonic_q18_k256_max_uniform_s18000410_rep1_rapl.txt,0.193015,1.805113,9.352197,4.871461,0.864849,4.480736,0,rapl:package+core,0.389445,0.349973,0.036623,0.032279,0.211037483797,0.192727110381,0.414651,0.038852
rapl,npu,half,bitonic,max,256,262144,uniform,18000410,2,bench/results/raw/energy/measurements/20260817_174754_npu_half_bitonic_q18_k256_max_uniform_s18000410_rep2_rapl.txt,0.191391,1.795286,9.380178,4.871461,0.86293,4.508717,0,rapl:package+core,0.387492,0.34831,0.036535,0.032276,0.209513172365,0.191078724764,0.413309,0.038727
rapl,npu,half,bitonic,max,256,262144,uniform,18000410,3,bench/results/raw/energy/measurements/20260817_174754_npu_half_bitonic_q18_k256_max_uniform_s18000410_rep3_rapl.txt,0.186266,1.768113,9.492387,4.871461,0.860723,4.620926,0,rapl:package+core,0.376109,0.32501,0.036827,0.032488,0.196707705753,0.166745975032,0.41549,0.039047
rapl,npu,half,bitonic,max,4096,262144,uniform,18004250,1,bench/results/raw/energy/measurements/20260817_174754_npu_half_bitonic_q18_k4096_max_uniform_s18004250_rep1_rapl.txt,0.232137,2.198769,9.471841,4.871461,1.067921,4.60038,0,rapl:package+core,0.751274,0.703638,0.070738,0.066059,0.406676591782,0.381834157801,0.762946,0.073014
rapl,npu,half,bitonic,max,4096,262144,uniform,18004250,2,bench/results/raw/energy/measurements/20260817_174754_npu_half_bitonic_q18_k4096_max_uniform_s18004250_rep2_rapl.txt,0.223939,2.093825,9.349962,4.871461,1.002913,4.478501,0,rapl:package+core,0.712717,0.664487,0.070081,0.065649,0.371320141659,0.344680456811,0.724725,0.072322
rapl,npu,half,bitonic,max,4096,262144,uniform,18004250,3,bench/results/raw/energy/measurements/20260817_174754_npu_half_bitonic_q18_k4096_max_uniform_s18004250_rep3_rapl.txt,0.22872,2.118222,9.261184,4.871461,1.004019,4.389723,0,rapl:package+core,0.722146,0.662961,0.070028,0.065584,0.381007329092,0.343471101776,0.722146,0.072231
rapl,npu,half,bitonic,max,8,262144,uniform,18000162,1,bench/results/raw/energy/measurements/20260817_174754_npu_half_bitonic_q18_k8_max_uniform_s18000162_rep1_rapl.txt,0.189944,1.784957,9.397279,4.871461,0.859652,4.525818,0,rapl:package+core,0.358822,0.307493,0.035872,0.031595,0.184072951008,0.153579189705,0.410012,0.037987
rapl,npu,half,bitonic,max,8,262144,uniform,18000162,2,bench/results/raw/energy/measurements/20260817_174754_npu_half_bitonic_q18_k8_max_uniform_s18000162_rep2_rapl.txt,0.19141,1.786681,9.334311,4.871461,0.854234,4.46285,0,rapl:package+core,0.403696,0.365046,0.035534,0.031172,0.230593504826,0.213192817708,0.417184,0.037738
rapl,npu,half,bitonic,max,8,262144,uniform,18000162,3,bench/results/raw/energy/measurements/20260817_174754_npu_half_bitonic_q18_k8_max_uniform_s18000162_rep3_rapl.txt,0.204473,1.979527,9.681093,4.871461,0.983442,4.809632,0,rapl:package+core,0.399667,0.360898,0.035773,0.031365,0.225400225647,0.208104625735,0.41314,0.037991
rapl,npu,half,bitonic,max,131072,524288,uniform,19131229,1,bench/results/raw/energy/measurements/20260817_174754_npu_half_bitonic_q19_k131072_max_uniform_s19131229_rep1_rapl.txt,1.066713,9.143555,8.57171,4.871461,3.947104,3.700249,0,rapl:package+core,6.713093,6.664619,0.793917,0.78582,2.84555729726,2.83652751698,6.751406,0.79764
rapl,npu,half,bitonic,max,131072,524288,uniform,19131229,2,bench/results/raw/energy/measurements/20260817_174754_npu_half_bitonic_q19_k131072_max_uniform_s19131229_rep2_rapl.txt,1.072246,9.156784,8.53982,4.871461,3.933381,3.668359,0,rapl:package+core,6.73627,6.687537,0.79786,0.79029,2.84952612654,2.83767008631,6.765321,0.801671
rapl,npu,half,bitonic,max,131072,524288,uniform,19131229,3,bench/results/raw/energy/measurements/20260817_174754_npu_half_bitonic_q19_k131072_max_uniform_s19131229_rep3_rapl.txt,1.068386,9.159423,8.57314,4.871461,3.954822,3.701679,0,rapl:package+core,6.771271,6.732592,0.802284,0.794236,2.86297578308,2.8635023012,6.812483,0.806075
rapl,npu,half,bitonic,max,256,524288,uniform,19000413,1,bench/results/raw/energy/measurements/20260817_174754_npu_half_bitonic_q19_k256_max_uniform_s19000413_rep1_rapl.txt,0.197016,1.877771,9.531035,4.871461,0.918013,4.659574,0,rapl:package+core,0.419289,0.380091,0.040807,0.036137,0.220499290973,0.204051013843,0.472006,0.043741
rapl,npu,half,bitonic,max,256,524288,uniform,19000413,2,bench/results/raw/energy/measurements/20260817_174754_npu_half_bitonic_q19_k256_max_uniform_s19000413_rep2_rapl.txt,0.207436,2.038423,9.826763,4.871461,1.027907,4.955302,0,rapl:package+core,0.428583,0.3896,0.04174,0.03694,0.22524821786,0.20964823066,0.492437,0.044669
rapl,npu,half,bitonic,max,256,524288,uniform,19000413,3,bench/results/raw/energy/measurements/20260817_174754_npu_half_bitonic_q19_k256_max_uniform_s19000413_rep3_rapl.txt,0.20103,1.91436,9.522757,4.871461,0.93505,4.651296,0,rapl:package+core,0.459846,0.420512,0.040837,0.036245,0.260910147143,0.243945896055,0.485952,0.043792
rapl,npu,half,bitonic,max,4096,524288,uniform,19004253,1,bench/results/raw/energy/measurements/20260817_174754_npu_half_bitonic_q19_k4096_max_uniform_s19004253_rep1_rapl.txt,0.243241,2.284382,9.391423,4.871461,1.099441,4.519962,0,rapl:package+core,0.774084,0.739312,0.079773,0.075149,0.385472941647,0.373226577311,0.82024,0.082712
rapl,npu,half,bitonic,max,4096,524288,uniform,19004253,2,bench/results/raw/energy/measurements/20260817_174754_npu_half_bitonic_q19_k4096_max_uniform_s19004253_rep2_rapl.txt,0.250503,2.315279,9.242535,4.871461,1.094965,4.371074,0,rapl:package+core,0.785253,0.740011,0.079904,0.075332,0.396003780256,0.373034099948,0.819202,0.082932
rapl,npu,half,bitonic,max,4096,524288,uniform,19004253,3,bench/results/raw/energy/measurements/20260817_174754_npu_half_bitonic_q19_k4096_max_uniform_s19004253_rep3_rapl.txt,0.245889,2.321672,9.441963,4.871461,1.123835,4.570502,0,rapl:package+core,0.8416,0.768636,0.080138,0.075494,0.451210858382,0.400869923266,0.867494,0.083131
rapl,npu,half,bitonic,max,8,524288,uniform,19000165,1,bench/results/raw/energy/measurements/20260817_174754_npu_half_bitonic_q19_k8_max_uniform_s19000165_rep1_rapl.txt,0.201795,1.952886,9.677569,4.871461,0.969849,4.806108,0,rapl:package+core,0.431206,0.392038,0.039665,0.035039,0.237979499435,0.221346878021,0.45835,0.04264
rapl,npu,half,bitonic,max,8,524288,uniform,19000165,2,bench/results/raw/energy/measurements/20260817_174754_npu_half_bitonic_q19_k8_max_uniform_s19000165_rep2_rapl.txt,0.19679,1.890131,9.604813,4.871461,0.931476,4.733352,0,rapl:package+core,0.44384,0.390452,0.039692,0.035021,0.250481969988,0.219848564319,0.47132,0.04267
rapl,npu,half,bitonic,max,8,524288,uniform,19000165,3,bench/results/raw/energy/measurements/20260817_174754_npu_half_bitonic_q19_k8_max_uniform_s19000165_rep3_rapl.txt,0.200979,1.881769,9.363002,4.871461,0.902707,4.491541,0,rapl:package+core,0.414347,0.362318,0.040109,0.03552,0.218957570751,0.18928370528,0.452949,0.043056
rapl,npu,half,bitonic,max,131072,1048576,uniform,20131232,1,bench/results/raw/energy/measurements/20260817_174754_npu_half_bitonic_q20_k131072_max_uniform_s20131232_rep1_rapl.txt,1.339187,11.420491,8.527928,4.871461,4.896693,3.656467,0,rapl:package+core,8.729513,8.670511,1.034369,1.026017,3.69062475689,3.67230919916,8.758885,1.039969
rapl,npu,half,bitonic,max,131072,1048576,uniform,20131232,2,bench/results/raw/energy/measurements/20260817_174754_npu_half_bitonic_q20_k131072_max_uniform_s20131232_rep2_rapl.txt,1.335211,11.651985,8.726699,4.871461,5.147556,3.855238,0,rapl:package+core,8.962841,8.89337,1.03179,1.023894,3.93651625481,3.90551031087,9.001885,1.037544
rapl,npu,half,bitonic,max,131072,1048576,uniform,20131232,3,bench/results/raw/energy/measurements/20260817_174754_npu_half_bitonic_q20_k131072_max_uniform_s20131232_rep3_rapl.txt,1.33951,11.622507,8.676686,4.871461,5.097136,3.805225,0,rapl:package+core,8.939708,8.841005,1.033786,1.025383,3.90365981865,3.84589170544,8.969095,1.039365
rapl,npu,half,bitonic,max,256,1048576,uniform,20000416,1,bench/results/raw/energy/measurements/20260817_174754_npu_half_bitonic_q20_k256_max_uniform_s20000416_rep1_rapl.txt,0.216429,2.077575,9.599327,4.871461,1.023248,4.727866,0,rapl:package+core,0.554032,0.486699,0.048651,0.044162,0.317030550889,0.271565539318,0.608107,0.053216
rapl,npu,half,bitonic,max,256,1048576,uniform,20000416,2,bench/results/raw/energy/measurements/20260817_174754_npu_half_bitonic_q20_k256_max_uniform_s20000416_rep2_rapl.txt,0.218487,2.100035,9.611704,4.871461,1.035683,4.740243,0,rapl:package+core,0.513738,0.501928,0.048803,0.044228,0.275996088817,0.286473022892,0.610839,0.053374
rapl,npu,half,bitonic,max,256,1048576,uniform,20000416,3,bench/results/raw/energy/measurements/20260817_174754_npu_half_bitonic_q20_k256_max_uniform_s20000416_rep3_rapl.txt,0.226266,2.152964,9.515204,4.871461,1.05072,4.643743,0,rapl:package+core,0.565661,0.484961,0.049034,0.044463,0.326793781326,0.268361229557,0.605788,0.053678
rapl,npu,half,bitonic,max,4096,1048576,uniform,20004256,1,bench/results/raw/energy/measurements/20260817_174754_npu_half_bitonic_q20_k4096_max_uniform_s20004256_rep1_rapl.txt,0.267729,2.579258,9.633854,4.871461,1.275029,4.762393,0,rapl:package+core,1.031716,0.992701,0.093548,0.088773,0.576000566372,0.560246792647,1.056174,0.097654
rapl,npu,half,bitonic,max,4096,1048576,uniform,20004256,2,bench/results/raw/energy/measurements/20260817_174754_npu_half_bitonic_q20_k4096_max_uniform_s20004256_rep2_rapl.txt,0.271231,2.55721,9.428165,4.871461,1.235919,4.556704,0,rapl:package+core,0.948941,0.875978,0.093168,0.088641,0.495076721552,0.444166825499,0.998712,0.097754
rapl,npu,half,bitonic,max,4096,1048576,uniform,20004256,3,bench/results/raw/energy/measurements/20260817_174754_npu_half_bitonic_q20_k4096_max_uniform_s20004256_rep3_rapl.txt,0.268284,2.58382,9.630911,4.871461,1.276885,4.75945,0,rapl:package+core,0.967494,0.928358,0.093847,0.089158,0.510321999533,0.494028280162,1.015725,0.098564
rapl,npu,half,bitonic,max,8,1048576,uniform,20000168,1,bench/results/raw/energy/measurements/20260817_174754_npu_half_bitonic_q20_k8_max_uniform_s20000168_rep1_rapl.txt,0.213122,2.074981,9.736134,4.871461,1.036767,4.864673,0,rapl:package+core,0.562334,0.469321,0.046777,0.04237,0.334461668803,0.26291719743,0.589356,0.051374
rapl,npu,half,bitonic,max,8,1048576,uniform,20000168,2,bench/results/raw/energy/measurements/20260817_174754_npu_half_bitonic_q20_k8_max_uniform_s20000168_rep2_rapl.txt,0.214977,2.06511,9.606211,4.871461,1.01786,4.73475,0,rapl:package+core,0.518147,0.450142,0.046765,0.042394,0.290333126335,0.243621282366,0.573594,0.051306
rapl,npu,half,bitonic,max,8,1048576,uniform,20000168,3,bench/results/raw/energy/measurements/20260817_174754_npu_half_bitonic_q20_k8_max_uniform_s20000168_rep3_rapl.txt,0.22533,2.231452,9.903056,4.871461,1.133767,5.031595,0,rapl:package+core,0.498372,0.471197,0.046999,0.042451,0.269418204461,0.264398609089,0.612639,0.051647
rapl,npu,half,bitonic,max,131072,2097152,uniform,21131235,1,bench/results/raw/energy/measurements/20260817_174754_npu_half_bitonic_q21_k131072_max_uniform_s21131235_rep1_rapl.txt,1.633444,14.260615,8.730397,4.871461,6.303356,3.858936,0,rapl:package+core,11.085427,11.00694,1.287523,1.279158,4.8133089189,4.77557169016,11.163181,1.296924
rapl,npu,half,bitonic,max,131072,2097152,uniform,21131235,2,bench/results/raw/energy/measurements/20260817_174754_npu_half_bitonic_q21_k131072_max_uniform_s21131235_rep2_rapl.txt,1.642047,14.35848,8.744257,4.871461,6.359312,3.872796,0,rapl:package+core,11.221587,11.110754,1.288892,1.28051,4.94279988879,4.87279947489,11.319483,1.29899
rapl,npu,half,bitonic,max,131072,2097152,uniform,21131235,3,bench/results/raw/energy/measurements/20260817_174754_npu_half_bitonic_q21_k131072_max_uniform_s21131235_rep3_rapl.txt,1.640812,14.297174,8.713473,4.871461,6.30402,3.842012,0,rapl:package+core,11.135288,11.105978,1.288505,1.27995,4.85838614419,4.87075149305,11.242461,1.298393
rapl,npu,half,bitonic,max,256,2097152,uniform,21000419,1,bench/results/raw/energy/measurements/20260817_174754_npu_half_bitonic_q21_k256_max_uniform_s21000419_rep1_rapl.txt,0.267706,2.716016,10.145521,4.871461,1.411897,5.27406,0,rapl:package+core,0.899581,0.809498,0.073453,0.068534,0.541757575167,0.475637291826,1.01606,0.081312
rapl,npu,half,bitonic,max,256,2097152,uniform,21000419,2,bench/results/raw/energy/measurements/20260817_174754_npu_half_bitonic_q21_k256_max_uniform_s21000419_rep2_rapl.txt,0.265539,2.710935,10.209163,4.871461,1.41737,5.337702,0,rapl:package+core,0.916501,0.839402,0.07211,0.067454,0.56521994729,0.510802469706,1.020363,0.080286
rapl,npu,half,bitonic,max,256,2097152,uniform,21000419,3,bench/results/raw/energy/measurements/20260817_174754_npu_half_bitonic_q21_k256_max_uniform_s21000419_rep3_rapl.txt,0.262488,2.69145,10.253625,4.871461,1.412752,5.382164,0,rapl:package+core,0.963513,0.902434,0.074648,0.069831,0.599868179272,0.562255006909,1.051643,0.083246
rapl,npu,half,bitonic,max,4096,2097152,uniform,21004259,1,bench/results/raw/energy/measurements/20260817_174754_npu_half_bitonic_q21_k4096_max_uniform_s21004259_rep1_rapl.txt,0.305369,3.099755,10.150838,4.871461,1.61216,5.279377,0,rapl:package+core,1.369939,1.29757,0.110364,0.105441,0.832305078196,0.783918280699,1.398594,0.118279
rapl,npu,half,bitonic,max,4096,2097152,uniform,21004259,2,bench/results/raw/energy/measurements/20260817_174754_npu_half_bitonic_q21_k4096_max_uniform_s21004259_rep2_rapl.txt,0.299823,3.064508,10.221072,4.871461,1.603934,5.349611,0,rapl:package+core,1.211653,1.180939,0.108703,0.103963,0.682110574917,0.674487300057,1.368963,0.116889
rapl,npu,half,bitonic,max,4096,2097152,uniform,21004259,3,bench/results/raw/energy/measurements/20260817_174754_npu_half_bitonic_q21_k4096_max_uniform_s21004259_rep3_rapl.txt,0.301656,3.076501,10.198698,4.871461,1.606994,5.327237,0,rapl:package+core,1.253491,1.211379,0.107956,0.10363,0.727587556284,0.70654949657,1.338356,0.115007
rapl,npu,half,bitonic,max,8,2097152,uniform,21000171,1,bench/results/raw/energy/measurements/20260817_174754_npu_half_bitonic_q21_k8_max_uniform_s21000171_rep1_rapl.txt,0.259435,2.645065,10.195466,4.871461,1.381235,5.324005,0,rapl:package+core,0.893079,0.83127,0.071184,0.066584,0.546308920176,0.506908640776,0.999582,0.078892
rapl,npu,half,bitonic,max,8,2097152,uniform,21000171,2,bench/results/raw/energy/measurements/20260817_174754_npu_half_bitonic_q21_k8_max_uniform_s21000171_rep2_rapl.txt,0.258932,2.716397,10.490779,4.871461,1.45502,5.619318,0,rapl:package+core,0.934156,0.903899,0.073664,0.069081,0.575304696896,0.567373602659,1.037743,0.082157
rapl,npu,half,bitonic,max,8,2097152,uniform,21000171,3,bench/results/raw/energy/measurements/20260817_174754_npu_half_bitonic_q21_k8_max_uniform_s21000171_rep3_rapl.txt,0.264497,2.699766,10.20716,4.871461,1.411278,5.335699,0,rapl:package+core,0.900497,0.810993,0.071836,0.067062,0.550550727604,0.484303082418,1.004907,0.079628
rapl,npu,half,bitonic,max,131072,4194304,uniform,22131238,1,bench/results/raw/energy/measurements/20260817_174754_npu_half_bitonic_q22_k131072_max_uniform_s22131238_rep1_rapl.txt,1.987156,17.909779,9.01277,4.871461,8.229426,4.141309,0,rapl:package+core,14.198897,14.147995,1.581275,1.572285,6.49577750723,6.48866994161,14.425477,1.602644
rapl,npu,half,bitonic,max,131072,4194304,uniform,22131238,2,bench/results/raw/energy/measurements/20260817_174754_npu_half_bitonic_q22_k131072_max_uniform_s22131238_rep2_rapl.txt,2.004246,17.951937,8.956953,4.871461,8.188331,4.085492,0,rapl:package+core,14.210201,14.17033,1.591589,1.582691,6.45683725847,6.46031251845,14.427766,1.612069
rapl,npu,half,bitonic,max,131072,4194304,uniform,22131238,3,bench/results/raw/energy/measurements/20260817_174754_npu_half_bitonic_q22_k131072_max_uniform_s22131238_rep3_rapl.txt,2.006982,17.814295,8.876159,4.871461,8.037359,4.004698,0,rapl:package+core,14.036509,13.977293,1.596652,1.587259,6.25848105143,6.2450226846,14.272715,1.615749
rapl,npu,half,bitonic,max,256,4194304,uniform,22000422,1,bench/results/raw/energy/measurements/20260817_174754_npu_half_bitonic_q22_k256_max_uniform_s22000422_rep1_rapl.txt,0.351094,3.886045,11.068389,4.871461,2.175704,6.196928,0,rapl:package+core,1.666923,1.555189,0.121524,0.116538,1.07492357344,0.987478677982,1.913124,0.140497
rapl,npu,half,bitonic,max,256,4194304,uniform,22000422,2,bench/results/raw/energy/measurements/20260817_174754_npu_half_bitonic_q22_k256_max_uniform_s22000422_rep2_rapl.txt,0.352327,4.046055,11.48381,4.871461,2.329708,6.612349,0,rapl:package+core,1.749267,1.66309,0.122062,0.117038,1.15464672742,1.09294394748,2.025652,0.141348
rapl,npu,half,bitonic,max,256,4194304,uniform,22000422,3,bench/results/raw/energy/measurements/20260817_174754_npu_half_bitonic_q22_k256_max_uniform_s22000422_rep3_rapl.txt,0.360222,3.958154,10.9881,4.871461,2.203347,6.116639,0,rapl:package+core,1.687824,1.637839,0.121472,0.11657,1.09607788941,1.06997279123,1.932303,0.141034
rapl,npu,half,bitonic,max,4096,4194304,uniform,22004262,1,bench/results/raw/energy/measurements/20260817_174754_npu_half_bitonic_q22_k4096_max_uniform_s22004262_rep1_rapl.txt,0.407894,4.407548,10.805624,4.871461,2.420509,5.934163,0,rapl:package+core,2.138484,2.095639,0.168081,0.163164,1.31968396366,1.3007919374,2.35173,0.187797
rapl,npu,half,bitonic,max,4096,4194304,uniform,22004262,2,bench/results/raw/energy/measurements/20260817_174754_npu_half_bitonic_q22_k4096_max_uniform_s22004262_rep2_rapl.txt,0.409681,4.48985,10.959372,4.871461,2.494103,6.087911,0,rapl:package+core,2.163569,2.095213,0.167764,0.162753,1.3463132168,1.30236810787,2.361847,0.18722
rapl,npu,half,bitonic,max,4096,4194304,uniform,22004262,3,bench/results/raw/energy/measurements/20260817_174754_npu_half_bitonic_q22_k4096_max_uniform_s22004262_rep3_rapl.txt,0.401971,4.386248,10.911862,4.871461,2.428064,6.040401,0,rapl:package+core,2.174249,2.089963,0.168947,0.163932,1.35123027843,1.29137465535,2.354111,0.188103
rapl,npu,half,bitonic,max,8,4194304,uniform,22000174,1,bench/results/raw/energy/measurements/20260817_174754_npu_half_bitonic_q22_k8_max_uniform_s22000174_rep1_rapl.txt,0.349653,3.840316,10.98322,4.871461,2.136995,6.111759,0,rapl:package+core,1.624123,1.607629,0.120348,0.115371,1.03785241157,1.04560367297,1.881052,0.138802
rapl,npu,half,bitonic,max,8,4194304,uniform,22000174,2,bench/results/raw/energy/measurements/20260817_174754_npu_half_bitonic_q22_k8_max_uniform_s22000174_rep2_rapl.txt,0.341892,3.794985,11.09996,4.871461,2.129473,6.228499,0,rapl:package+core,1.605935,1.557749,0.119797,0.114826,1.02234858658,0.998378619214,1.880427,0.137802
rapl,npu,half,bitonic,max,8,4194304,uniform,22000174,3,bench/results/raw/energy/measurements/20260817_174754_npu_half_bitonic_q22_k8_max_uniform_s22000174_rep3_rapl.txt,0.347695,4.06583,11.693657,4.871461,2.372046,6.822196,0,rapl:package+core,1.659671,1.5933,0.119808,0.114929,1.07603100051,1.03342785873,1.901543,0.138659
rapl,npu,half,bitonic,max,131072,8388608,uniform,23131241,1,bench/results/raw/energy/measurements/20260817_174754_npu_half_bitonic_q23_k131072_max_uniform_s23131241_rep1_rapl.txt,2.43229,22.826747,9.384879,4.871461,10.977941,4.513418,0,rapl:package+core,18.069832,17.978527,1.920611,1.912964,8.71365041733,8.6595974796,18.434364,1.963207
rapl,npu,half,bitonic,max,131072,8388608,uniform,23131241,2,bench/results/raw/energy/measurements/20260817_174754_npu_half_bitonic_q23_k131072_max_uniform_s23131241_rep2_rapl.txt,2.429261,22.670306,9.33218,4.871461,10.836254,4.460719,0,rapl:package+core,17.958622,17.91773,1.915743,1.908099,8.62615468948,8.62250013736,18.297165,1.957303
rapl,npu,half,bitonic,max,131072,8388608,uniform,23131241,3,bench/results/raw/energy/measurements/20260817_174754_npu_half_bitonic_q23_k131072_max_uniform_s23131241_rep3_rapl.txt,2.429923,22.922491,9.433423,4.871461,11.085216,4.561962,0,rapl:package+core,18.158177,18.091193,1.917497,1.910089,8.81716514688,8.78626892997,18.564821,1.959695
rapl,npu,half,bitonic,max,256,8388608,uniform,23000425,1,bench/results/raw/energy/measurements/20260817_174754_npu_half_bitonic_q23_k256_max_uniform_s23000425_rep1_rapl.txt,0.527205,6.383642,12.108457,4.871461,3.815382,7.236996,0,rapl:package+core,3.137896,3.064658,0.222282,0.216798,2.055057906,2.00853499812,3.833206,0.261248
rapl,npu,half,bitonic,max,256,8388608,uniform,23000425,2,bench/results/raw/energy/measurements/20260817_174754_npu_half_bitonic_q23_k256_max_uniform_s23000425_rep2_rapl.txt,0.530217,6.321481,11.922448,4.871461,3.738551,7.050987,0,rapl:package+core,3.074578,3.03834,0.221005,0.215459,1.99796076169,1.9887398844,3.730627,0.259992
rapl,npu,half,bitonic,max,256,8388608,uniform,23000425,3,bench/results/raw/energy/measurements/20260817_174754_npu_half_bitonic_q23_k256_max_uniform_s23000425_rep3_rapl.txt,0.526977,6.37258,12.092709,4.871461,3.805432,7.221248,0,rapl:package+core,3.145818,3.051417,0.22131,0.215486,2.06771496609,2.00168535495,3.812669,0.262568
rapl,npu,half,bitonic,max,4096,8388608,uniform,23004265,1,bench/results/raw/energy/measurements/20260817_174754_npu_half_bitonic_q23_k4096_max_uniform_s23004265_rep1_rapl.txt,0.58632,6.80841,11.612098,4.871461,3.952173,6.740637,0,rapl:package+core,3.594402,3.521865,0.272564,0.26693,2.266617104,2.22152591527,4.180357,0.310986
rapl,npu,half,bitonic,max,4096,8388608,uniform,23004265,2,bench/results/raw/energy/measurements/20260817_174754_npu_half_bitonic_q23_k4096_max_uniform_s23004265_rep2_rapl.txt,0.58988,6.875591,11.655906,4.871461,4.002011,6.784445,0,rapl:package+core,3.615138,3.486849,0.272334,0.266724,2.28847354003,2.18751343624,4.201626,0.312188
rapl,npu,half,bitonic,max,4096,8388608,uniform,23004265,3,bench/results/raw/energy/measurements/20260817_174754_npu_half_bitonic_q23_k4096_max_uniform_s23004265_rep3_rapl.txt,0.590104,6.895457,11.685158,4.871461,4.020789,6.813697,0,rapl:package+core,3.595411,3.520389,0.273187,0.267262,2.26459118379,2.21843259022,4.21867,0.312818
rapl,npu,half,bitonic,max,8,8388608,uniform,23000177,1,bench/results/raw/energy/measurements/20260817_174754_npu_half_bitonic_q23_k8_max_uniform_s23000177_rep1_rapl.txt,0.526134,6.21913,11.82044,4.871461,3.656091,6.948979,0,rapl:package+core,3.008953,2.972929,0.217483,0.212117,1.94949304734,1.93960930706,3.622356,0.255832
rapl,npu,half,bitonic,max,8,8388608,uniform,23000177,2,bench/results/raw/energy/measurements/20260817_174754_npu_half_bitonic_q23_k8_max_uniform_s23000177_rep2_rapl.txt,0.530807,6.253689,11.781474,4.871461,3.667883,6.910013,0,rapl:package+core,3.007187,2.916114,0.220983,0.214924,1.93067693384,1.86912011604,3.649942,0.263383
rapl,npu,half,bitonic,max,8,8388608,uniform,23000177,3,bench/results/raw/energy/measurements/20260817_174754_npu_half_bitonic_q23_k8_max_uniform_s23000177_rep3_rapl.txt,0.529825,6.430072,12.136214,4.871461,3.849049,7.264753,0,rapl:package+core,3.069419,2.88524,0.220064,0.214321,1.9973858065,1.84118360702,3.662515,0.261326
rapl,npu,half,bitonic,max,131072,16777216,uniform,24131244,1,bench/results/raw/energy/measurements/20260817_174754_npu_half_bitonic_q24_k131072_max_uniform_s24131244_rep1_rapl.txt,3.078808,30.530953,9.916485,4.871461,15.53266,5.045024,0,rapl:package+core,23.184665,23.103159,2.30974,2.302173,11.9328566699,11.8882130152,24.676886,2.463298
rapl,npu,half,bitonic,max,131072,16777216,uniform,24131244,2,bench/results/raw/energy/measurements/20260817_174754_npu_half_bitonic_q24_k131072_max_uniform_s24131244_rep2_rapl.txt,3.058071,30.242851,9.88952,4.871461,15.345579,5.018059,0,rapl:package+core,23.119729,23.035872,2.305071,2.297498,11.8906655213,11.8437000954,24.409261,2.442504
rapl,npu,half,bitonic,max,131072,16777216,uniform,24131244,3,bench/results/raw/energy/measurements/20260817_174754_npu_half_bitonic_q24_k131072_max_uniform_s24131244_rep3_rapl.txt,3.100446,30.531319,9.847395,4.871461,15.427616,4.975934,0,rapl:package+core,22.982677,22.892106,2.316035,2.308481,11.7002028229,11.6464308393,24.663641,2.489551
rapl,npu,half,bitonic,max,256,16777216,uniform,24000428,1,bench/results/raw/energy/measurements/20260817_174754_npu_half_bitonic_q24_k256_max_uniform_s24000428_rep1_rapl.txt,0.971107,11.915949,12.270483,4.871461,7.18524,7.399022,0,rapl:package+core,5.883917,5.590153,0.414306,0.407028,3.86564147893,3.60733197209,8.114464,0.586593
rapl,npu,half,bitonic,max,256,16777216,uniform,24000428,2,bench/results/raw/energy/measurements/20260817_174754_npu_half_bitonic_q24_k256_max_uniform_s24000428_rep2_rapl.txt,0.961786,12.030338,12.508331,4.871461,7.345035,7.63687,0,rapl:package+core,6.016306,5.940491,0.411029,0.403777,4.01399425663,3.9735070918,8.131477,0.569488
rapl,npu,half,bitonic,max,256,16777216,uniform,24000428,3,bench/results/raw/energy/measurements/20260817_174754_npu_half_bitonic_q24_k256_max_uniform_s24000428_rep3_rapl.txt,0.967365,12.40747,12.826051,4.871461,7.69499,7.95459,0,rapl:package+core,5.922412,5.834158,0.410578,0.403153,3.92229728554,3.87021388347,8.115425,0.574971
rapl,npu,half,bitonic,max,4096,16777216,uniform,24004268,1,bench/results/raw/energy/measurements/20260817_174754_npu_half_bitonic_q24_k4096_max_uniform_s24004268_rep1_rapl.txt,1.040107,12.723005,12.232397,4.871461,7.656163,7.360936,0,rapl:package+core,6.535777,6.404498,0.469449,0.462228,4.24887450501,4.15277232489,8.798663,0.644252
rapl,npu,half,bitonic,max,4096,16777216,uniform,24004268,2,bench/results/raw/energy/measurements/20260817_174754_npu_half_bitonic_q24_k4096_max_uniform_s24004268_rep2_rapl.txt,1.02583,12.553856,12.237757,4.871461,7.556566,7.366296,0,rapl:package+core,6.428957,6.340369,0.463511,0.456122,4.17098124043,4.11838846576,8.586684,0.625093
rapl,npu,half,bitonic,max,4096,16777216,uniform,24004268,3,bench/results/raw/energy/measurements/20260817_174754_npu_half_bitonic_q24_k4096_max_uniform_s24004268_rep3_rapl.txt,1.036924,12.828987,12.372156,4.871461,7.777652,7.500695,0,rapl:package+core,6.551401,6.514293,0.466369,0.459024,4.27950260489,4.27817548594,8.892927,0.639699
rapl,npu,half,bitonic,max,8,16777216,uniform,24000180,1,bench/results/raw/energy/measurements/20260817_174754_npu_half_bitonic_q24_k8_max_uniform_s24000180_rep1_rapl.txt,0.971948,12.060839,12.408939,4.871461,7.326034,7.537478,0,rapl:package+core,6.01618,5.909374,0.411207,0.404017,4.01300113657,3.94122094116,8.199191,0.58149
rapl,npu,half,bitonic,max,8,16777216,uniform,24000180,2,bench/results/raw/energy/measurements/20260817_174754_npu_half_bitonic_q24_k8_max_uniform_s24000180_rep2_rapl.txt,0.958406,11.918435,12.435688,4.871461,7.249599,7.564227,0,rapl:package+core,6.055015,5.91211,0.411863,0.404499,4.04864045816,3.94160889696,8.060618,0.569756
rapl,npu,half,bitonic,max,8,16777216,uniform,24000180,3,bench/results/raw/energy/measurements/20260817_174754_npu_half_bitonic_q24_k8_max_uniform_s24000180_rep3_rapl.txt,0.965642,11.901515,12.32498,4.871461,7.197429,7.453519,0,rapl:package+core,5.881594,5.779381,0.412634,0.405335,3.87146356173,3.80480735556,8.0915,0.578657
rapl,npu,half,gt,max,256,65536,uniform,16000404,1,bench/results/raw/energy/measurements/20260817_174754_npu_half_gt_q16_k256_max_uniform_s16000404_rep1_rapl.txt,0.07781,0.796697,10.239062,4.871461,0.417651,5.367601,0,rapl:package+core,0.06767,0.06767,0.00467,0.00467,0.04492027713,0.04492027713,0.06767,0.006054
rapl,npu,half,gt,max,256,65536,uniform,16000404,2,bench/results/raw/energy/measurements/20260817_174754_npu_half_gt_q16_k256_max_uniform_s16000404_rep2_rapl.txt,0.081172,0.815403,10.045404,4.871461,0.419978,5.173943,0,rapl:package+core,0.054609,0.054609,0.004728,0.004728,0.031576732392,0.031576732392,0.054609,0.006116
rapl,npu,half,gt,max,256,65536,uniform,16000404,3,bench/results/raw/energy/measurements/20260817_174754_npu_half_gt_q16_k256_max_uniform_s16000404_rep3_rapl.txt,0.08048,0.749244,9.309736,4.871461,0.357191,4.438275,0,rapl:package+core,0.05296,0.05296,0.004728,0.004728,0.029927732392,0.029927732392,0.05296,0.006106
rapl,npu,half,gt,max,4096,65536,uniform,16004244,1,bench/results/raw/energy/measurements/20260817_174754_npu_half_gt_q16_k4096_max_uniform_s16004244_rep1_rapl.txt,0.161128,1.445223,8.969394,4.871461,0.660293,4.097933,0,rapl:package+core,0.689402,0.689402,0.079295,0.079295,0.303119500005,0.303119500005,0.689402,0.080692
rapl,npu,half,gt,max,4096,65536,uniform,16004244,2,bench/results/raw/energy/measurements/20260817_174754_npu_half_gt_q16_k4096_max_uniform_s16004244_rep2_rapl.txt,0.164016,1.554791,9.479535,4.871461,0.755796,4.608074,0,rapl:package+core,0.709254,0.709254,0.079172,0.079172,0.323570689708,0.323570689708,0.719629,0.080562
rapl,npu,half,gt,max,4096,65536,uniform,16004244,3,bench/results/raw/energy/measurements/20260817_174754_npu_half_gt_q16_k4096_max_uniform_s16004244_rep3_rapl.txt,0.16702,1.473618,8.823024,4.871461,0.659989,3.951563,0,rapl:package+core,0.672954,0.672954,0.079235,0.079235,0.286963787665,0.286963787665,0.693598,0.080636
rapl,npu,half,gt,max,8,65536,uniform,16000156,1,bench/results/raw/energy/measurements/20260817_174754_npu_half_gt_q16_k8_max_uniform_s16000156_rep1_rapl.txt,0.082565,0.759803,9.202502,4.871461,0.357592,4.331041,0,rapl:package+core,0.042142,0.042142,0.003869,0.003869,0.023294317391,0.023294317391,0.053006,0.005257
rapl,npu,half,gt,max,8,65536,uniform,16000156,2,bench/results/raw/energy/measurements/20260817_174754_npu_half_gt_q16_k8_max_uniform_s16000156_rep2_rapl.txt,0.076962,0.702722,9.130767,4.871461,0.327805,4.259306,0,rapl:package+core,0.031873,0.031873,0.003921,0.003921,0.012772001419,0.012772001419,0.0426,0.005321
rapl,npu,half,gt,max,8,65536,uniform,16000156,3,bench/results/raw/energy/measurements/20260817_174754_npu_half_gt_q16_k8_max_uniform_s16000156_rep3_rapl.txt,0.078781,0.728554,9.247824,4.871461,0.344775,4.376363,0,rapl:package+core,0.031737,0.031737,0.003863,0.003863,0.012918546157,0.012918546157,0.052396,0.005309
rapl,npu,half,gt,max,131072,131072,uniform,17131223,1,bench/results/raw/energy/measurements/20260817_174754_npu_half_gt_q17_k131072_max_uniform_s17131223_rep1_rapl.txt,0.646812,5.447335,8.421819,4.871461,2.296415,3.550358,0,rapl:package+core,4.084658,4.084658,0.493623,0.493623,1.6799928068,1.6799928068,4.104479,0.496899
rapl,npu,half,gt,max,131072,131072,uniform,17131223,2,bench/results/raw/energy/measurements/20260817_174754_npu_half_gt_q17_k131072_max_uniform_s17131223_rep2_rapl.txt,0.650365,5.485511,8.434507,4.871461,2.317282,3.563046,0,rapl:package+core,4.066822,4.066822,0.493117,0.493117,1.66462176606,1.66462176606,4.086642,0.496317
rapl,npu,half,gt,max,131072,131072,uniform,17131223,3,bench/results/raw/energy/measurements/20260817_174754_npu_half_gt_q17_k131072_max_uniform_s17131223_rep3_rapl.txt,0.653203,5.484732,8.396667,4.871461,2.302677,3.525206,0,rapl:package+core,4.088061,4.088061,0.49336,0.49336,1.68467700104,1.68467700104,4.088061,0.496677
rapl,npu,half,gt,max,256,131072,uniform,17000407,1,bench/results/raw/energy/measurements/20260817_174754_npu_half_gt_q17_k256_max_uniform_s17000407_rep1_rapl.txt,0.084603,0.793096,9.37429,4.871461,0.380954,4.502829,0,rapl:package+core,0.064785,0.064785,0.007767,0.007767,0.026948362413,0.026948362413,0.086192,0.00936
rapl,npu,half,gt,max,256,131072,uniform,17000407,2,bench/results/raw/energy/measurements/20260817_174754_npu_half_gt_q17_k256_max_uniform_s17000407_rep2_rapl.txt,0.083707,0.77622,9.273023,4.871461,0.368443,4.401562,0,rapl:package+core,0.075008,0.075008,0.007751,0.007751,0.037249305789,0.037249305789,0.08578,0.009359
rapl,npu,half,gt,max,256,131072,uniform,17000407,3,bench/results/raw/energy/measurements/20260817_174754_npu_half_gt_q17_k256_max_uniform_s17000407_rep3_rapl.txt,0.081819,0.800191,9.780036,4.871461,0.401614,4.908575,0,rapl:package+core,0.054531,0.054531,0.007792,0.007792,0.016572575888,0.016572575888,0.087214,0.009415
rapl,npu,half,gt,max,4096,131072,uniform,17004247,1,bench/results/raw/energy/measurements/20260817_174754_npu_half_gt_q17_k4096_max_uniform_s17004247_rep1_rapl.txt,0.179161,1.662527,9.279523,4.871461,0.789752,4.408062,0,rapl:package+core,0.880738,0.880738,0.095994,0.095994,0.413106972766,0.413106972766,0.905852,0.097596
rapl,npu,half,gt,max,4096,131072,uniform,17004247,2,bench/results/raw/energy/measurements/20260817_174754_npu_half_gt_q17_k4096_max_uniform_s17004247_rep2_rapl.txt,0.182456,1.618965,8.873203,4.871461,0.73014,4.001742,0,rapl:package+core,0.838443,0.838443,0.095897,0.095897,0.371284504483,0.371284504483,0.849276,0.097491
rapl,npu,half,gt,max,4096,131072,uniform,17004247,3,bench/results/raw/energy/measurements/20260817_174754_npu_half_gt_q17_k4096_max_uniform_s17004247_rep3_rapl.txt,0.182761,1.620704,8.86789,4.871461,0.730391,3.996429,0,rapl:package+core,0.835176,0.835176,0.095823,0.095823,0.368377992597,0.368377992597,0.84572,0.097425
rapl,npu,half,gt,max,8,131072,uniform,17000159,1,bench/results/raw/energy/measurements/20260817_174754_npu_half_gt_q17_k8_max_uniform_s17000159_rep1_rapl.txt,0.079116,0.726616,9.184201,4.871461,0.341206,4.31274,0,rapl:package+core,0.074306,0.074306,0.006416,0.006416,0.043050706224,0.043050706224,0.074306,0.008101
rapl,npu,half,gt,max,8,131072,uniform,17000159,2,bench/results/raw/energy/measurements/20260817_174754_npu_half_gt_q17_k8_max_uniform_s17000159_rep2_rapl.txt,0.080375,0.752357,9.360562,4.871461,0.360812,4.489101,0,rapl:package+core,0.064786,0.064786,0.006487,0.006487,0.033184832493,0.033184832493,0.075543,0.008099
rapl,npu,half,gt,max,8,131072,uniform,17000159,3,bench/results/raw/energy/measurements/20260817_174754_npu_half_gt_q17_k8_max_uniform_s17000159_rep3_rapl.txt,0.079366,0.759773,9.573061,4.871461,0.373146,4.7016,0,rapl:package+core,0.064313,0.064313,0.006388,0.006388,0.033194107132,0.033194107132,0.064313,0.00807
rapl,npu,half,gt,max,131072,262144,uniform,18131226,1,bench/results/raw/energy/measurements/20260817_174754_npu_half_gt_q18_k131072_max_uniform_s18131226_rep1_rapl.txt,1.65104,10.672864,6.46433,4.871461,2.629889,1.592869,0,rapl:package+core,8.759037,8.759037,1.398712,1.398712,1.94526604177,1.94526604177,8.773029,1.403027
rapl,npu,half,gt,max,131072,262144,uniform,18131226,2,bench/results/raw/energy/measurements/20260817_174754_npu_half_gt_q18_k131072_max_uniform_s18131226_rep2_rapl.txt,1.648029,10.069883,6.110259,4.871461,2.041575,1.238798,0,rapl:package+core,8.350748,8.350748,1.399437,1.399437,1.53344523254,1.53344523254,8.364801,1.403867
rapl,npu,half,gt,max,131072,262144,uniform,18131226,3,bench/results/raw/energy/measurements/20260817_174754_npu_half_gt_q18_k131072_max_uniform_s18131226_rep3_rapl.txt,1.648636,10.562915,6.407063,4.871461,2.531649,1.535602,0,rapl:package+core,8.761465,8.761465,1.398281,1.398281,1.94979364146,1.94979364146,8.80643,1.401952
rapl,npu,half,gt,max,256,262144,uniform,18000410,1,bench/results/raw/energy/measurements/20260817_174754_npu_half_gt_q18_k256_max_uniform_s18000410_rep1_rapl.txt,0.092228,0.866105,9.39087,4.871461,0.416818,4.519409,0,rapl:package+core,0.130807,0.130807,0.013494,0.013494,0.065071505266,0.065071505266,0.141625,0.015648
rapl,npu,half,gt,max,256,262144,uniform,18000410,2,bench/results/raw/energy/measurements/20260817_174754_npu_half_gt_q18_k256_max_uniform_s18000410_rep2_rapl.txt,0.091521,0.852953,9.319798,4.871461,0.407114,4.448337,0,rapl:package+core,0.119958,0.119958,0.013625,0.013625,0.053584343875,0.053584343875,0.141564,0.01573
rapl,npu,half,gt,max,256,262144,uniform,18000410,3,bench/results/raw/energy/measurements/20260817_174754_npu_half_gt_q18_k256_max_uniform_s18000410_rep3_rapl.txt,0.091778,0.859178,9.361477,4.871461,0.412085,4.490016,0,rapl:package+core,0.120173,0.120173,0.013605,0.013605,0.053896773095,0.053896773095,0.142327,0.015732
rapl,npu,half,gt,max,4096,262144,uniform,18004250,1,bench/results/raw/energy/measurements/20260817_174754_npu_half_gt_q18_k4096_max_uniform_s18004250_rep1_rapl.txt,0.206614,1.803587,8.729258,4.871461,0.797075,3.857797,0,rapl:package+core,0.999155,0.999155,0.115797,0.115797,0.435054430583,0.435054430583,0.999155,0.117927
rapl,npu,half,gt,max,4096,262144,uniform,18004250,2,bench/results/raw/energy/measurements/20260817_174754_npu_half_gt_q18_k4096_max_uniform_s18004250_rep2_rapl.txt,0.203722,1.577265,7.742233,4.871461,0.58484,2.870772,0,rapl:package+core,0.853136,0.853136,0.115687,0.115687,0.289571291293,0.289571291293,0.872468,0.117855
rapl,npu,half,gt,max,4096,262144,uniform,18004250,3,bench/results/raw/energy/measurements/20260817_174754_npu_half_gt_q18_k4096_max_uniform_s18004250_rep3_rapl.txt,0.204034,1.572794,7.708495,4.871461,0.578851,2.837034,0,rapl:package+core,0.870392,0.870392,0.115702,0.115702,0.306754219378,0.306754219378,0.888839,0.117838
rapl,npu,half,gt,max,8,262144,uniform,18000162,1,bench/results/raw/energy/measurements/20260817_174754_npu_half_gt_q18_k8_max_uniform_s18000162_rep1_rapl.txt,0.087502,0.821445,9.387728,4.871461,0.395182,4.516267,0,rapl:package+core,0.107843,0.107843,0.011573,0.011573,0.051465581847,0.051465581847,0.119012,0.013672
rapl,npu,half,gt,max,8,262144,uniform,18000162,2,bench/results/raw/energy/measurements/20260817_174754_npu_half_gt_q18_k8_max_uniform_s18000162_rep2_rapl.txt,0.090453,0.840198,9.28874,4.871461,0.399558,4.417279,0,rapl:package+core,0.098215,0.098215,0.011641,0.011641,0.041506322499,0.041506322499,0.130196,0.013695
rapl,npu,half,gt,max,8,262144,uniform,18000162,3,bench/results/raw/energy/measurements/20260817_174754_npu_half_gt_q18_k8_max_uniform_s18000162_rep3_rapl.txt,0.09168,0.850374,9.275453,4.871461,0.403758,4.403992,0,rapl:package+core,0.109278,0.109278,0.011539,0.011539,0.053066211521,0.053066211521,0.119897,0.013633
rapl,npu,half,gt,max,131072,524288,uniform,19131229,1,bench/results/raw/energy/measurements/20260817_174754_npu_half_gt_q19_k131072_max_uniform_s19131229_rep1_rapl.txt,2.350918,14.460388,6.150954,4.871461,3.007982,1.279493,0,rapl:package+core,12.213708,12.213708,2.035347,2.035347,2.29859446803,2.29859446803,12.243568,2.039906
rapl,npu,half,gt,max,131072,524288,uniform,19131229,2,bench/results/raw/energy/measurements/20260817_174754_npu_half_gt_q19_k131072_max_uniform_s19131229_rep2_rapl.txt,2.352733,15.196251,6.458977,4.871461,3.735002,1.587516,0,rapl:package+core,12.786325,12.786325,2.035477,2.035477,2.8705781781,2.8705781781,12.82502,2.040351
rapl,npu,half,gt,max,131072,524288,uniform,19131229,3,bench/results/raw/energy/measurements/20260817_174754_npu_half_gt_q19_k131072_max_uniform_s19131229_rep3_rapl.txt,2.351564,14.567179,6.194678,4.871461,3.111628,1.323217,0,rapl:package+core,12.27004,12.27004,2.035804,2.035804,2.35270021036,2.35270021036,12.332965,2.039988
rapl,npu,half,gt,max,256,524288,uniform,19000413,1,bench/results/raw/energy/measurements/20260817_174754_npu_half_gt_q19_k256_max_uniform_s19000413_rep1_rapl.txt,0.107778,0.858384,7.964366,4.871461,0.333347,3.092905,0,rapl:package+core,0.209981,0.209981,0.024235,0.024235,0.091921142665,0.091921142665,0.219105,0.027141
rapl,npu,half,gt,max,256,524288,uniform,19000413,2,bench/results/raw/energy/measurements/20260817_174754_npu_half_gt_q19_k256_max_uniform_s19000413_rep2_rapl.txt,0.10937,0.873688,7.98837,4.871461,0.340896,3.116909,0,rapl:package+core,0.200888,0.200888,0.024262,0.024262,0.082696613218,0.082696613218,0.210958,0.027199
rapl,npu,half,gt,max,256,524288,uniform,19000413,3,bench/results/raw/energy/measurements/20260817_174754_npu_half_gt_q19_k256_max_uniform_s19000413_rep3_rapl.txt,0.11202,0.909956,8.123155,4.871461,0.364255,3.251694,0,rapl:package+core,0.210485,0.210485,0.024216,0.024216,0.092517700424,0.092517700424,0.220341,0.027176
rapl,npu,half,gt,max,4096,524288,uniform,19004253,1,bench/results/raw/energy/measurements/20260817_174754_npu_half_gt_q19_k4096_max_uniform_s19004253_rep1_rapl.txt,0.238067,1.821546,7.651396,4.871461,0.661811,2.779935,0,rapl:package+core,1.054816,1.054816,0.141263,0.141263,0.366658804757,0.366658804757,1.072943,0.144249
rapl,npu,half,gt,max,4096,524288,uniform,19004253,2,bench/results/raw/energy/measurements/20260817_174754_npu_half_gt_q19_k4096_max_uniform_s19004253_rep2_rapl.txt,0.240382,1.887934,7.853877,4.871461,0.71692,2.982416,0,rapl:package+core,1.088017,1.088017,0.140974,0.140974,0.401267656986,0.401267656986,1.12482,0.14394
rapl,npu,half,gt,max,4096,524288,uniform,19004253,3,bench/results/raw/energy/measurements/20260817_174754_npu_half_gt_q19_k4096_max_uniform_s19004253_rep3_rapl.txt,0.236809,1.795562,7.582306,4.871461,0.641954,2.710845,0,rapl:package+core,1.039895,1.039895,0.141227,0.141227,0.351913177353,0.351913177353,1.066916,0.144363
rapl,npu,half,gt,max,8,524288,uniform,19000165,1,bench/results/raw/energy/measurements/20260817_174754_npu_half_gt_q19_k8_max_uniform_s19000165_rep1_rapl.txt,0.103662,0.851244,8.211707,4.871461,0.346257,3.340246,0,rapl:package+core,0.179877,0.179877,0.022061,0.022061,0.072407698879,0.072407698879,0.19869,0.024937
rapl,npu,half,gt,max,8,524288,uniform,19000165,2,bench/results/raw/energy/measurements/20260817_174754_npu_half_gt_q19_k8_max_uniform_s19000165_rep2_rapl.txt,0.104352,0.945218,9.057956,4.871461,0.43687,4.186495,0,rapl:package+core,0.228977,0.228977,0.022055,0.022055,0.121536927645,0.121536927645,0.251284,0.025085
rapl,npu,half,gt,max,8,524288,uniform,19000165,3,bench/results/raw/energy/measurements/20260817_174754_npu_half_gt_q19_k8_max_uniform_s19000165_rep3_rapl.txt,0.106836,0.84157,7.877243,4.871461,0.321125,3.005782,0,rapl:package+core,0.179419,0.179419,0.021983,0.021983,0.072329672837,0.072329672837,0.199224,0.024879
rapl,npu,half,gt,max,131072,1048576,uniform,20131232,1,bench/results/raw/energy/measurements/20260817_174754_npu_half_gt_q20_k131072_max_uniform_s20131232_rep1_rapl.txt,3.057682,19.520994,6.384246,4.871461,4.625615,1.512785,0,rapl:package+core,16.769503,16.769503,2.668622,2.668622,3.76941500326,3.76941500326,16.810135,2.675334
rapl,npu,half,gt,max,131072,1048576,uniform,20131232,2,bench/results/raw/energy/measurements/20260817_174754_npu_half_gt_q20_k131072_max_uniform_s20131232_rep2_rapl.txt,3.062946,19.70972,6.43489,4.871461,4.788698,1.563429,0,rapl:package+core,17.01638,17.01638,2.668278,2.668278,4.01796778584,4.01796778584,17.073931,2.675096
rapl,npu,half,gt,max,131072,1048576,uniform,20131232,3,bench/results/raw/energy/measurements/20260817_174754_npu_half_gt_q20_k131072_max_uniform_s20131232_rep3_rapl.txt,3.057399,19.083485,6.241739,4.871461,4.189487,1.370278,0,rapl:package+core,16.251708,16.251708,2.668399,2.668399,3.25270633906,3.25270633906,16.286618,2.674217
rapl,npu,half,gt,max,256,1048576,uniform,20000416,1,bench/results/raw/energy/measurements/20260817_174754_npu_half_gt_q20_k256_max_uniform_s20000416_rep1_rapl.txt,0.142393,1.132113,7.950643,4.871461,0.438453,3.079182,0,rapl:package+core,0.365308,0.365308,0.045345,0.045345,0.144411600955,0.144411600955,0.403269,0.050125
rapl,npu,half,gt,max,256,1048576,uniform,20000416,2,bench/results/raw/energy/measurements/20260817_174754_npu_half_gt_q20_k256_max_uniform_s20000416_rep2_rapl.txt,0.138548,1.110416,8.014659,4.871461,0.435484,3.143198,0,rapl:package+core,0.353011,0.353011,0.045229,0.045229,0.132679690431,0.132679690431,0.39117,0.049863
rapl,npu,half,gt,max,256,1048576,uniform,20000416,3,bench/results/raw/energy/measurements/20260817_174754_npu_half_gt_q20_k256_max_uniform_s20000416_rep3_rapl.txt,0.145041,1.147157,7.909205,4.871461,0.440597,3.037744,0,rapl:package+core,0.354261,0.354261,0.045119,0.045119,0.134465551141,0.134465551141,0.39242,0.049701
rapl,npu,half,gt,max,4096,1048576,uniform,20004256,1,bench/results/raw/energy/measurements/20260817_174754_npu_half_gt_q20_k4096_max_uniform_s20004256_rep1_rapl.txt,0.282063,2.256292,7.999235,4.871461,0.882231,3.127774,0,rapl:package+core,1.417728,1.417728,0.173678,0.173678,0.571662396442,0.571662396442,1.441637,0.178961
rapl,npu,half,gt,max,4096,1048576,uniform,20004256,2,bench/results/raw/energy/measurements/20260817_174754_npu_half_gt_q20_k4096_max_uniform_s20004256_rep2_rapl.txt,0.279604,2.118665,7.577372,4.871461,0.756584,2.705911,0,rapl:package+core,1.272975,1.272975,0.173486,0.173486,0.427844716954,0.427844716954,1.290949,0.178366
rapl,npu,half,gt,max,4096,1048576,uniform,20004256,3,bench/results/raw/energy/measurements/20260817_174754_npu_half_gt_q20_k4096_max_uniform_s20004256_rep3_rapl.txt,0.284048,2.242209,7.893759,4.871461,0.858479,3.022298,0,rapl:package+core,1.242931,1.242931,0.172071,0.172071,0.404693834269,0.404693834269,1.287943,0.176516
rapl,npu,half,gt,max,8,1048576,uniform,20000168,1,bench/results/raw/energy/measurements/20260817_174754_npu_half_gt_q20_k8_max_uniform_s20000168_rep1_rapl.txt,0.137867,1.100865,7.984994,4.871461,0.429253,3.113533,0,rapl:package+core,0.350659,0.350659,0.042562,0.042562,0.143319876918,0.143319876918,0.369595,0.046911
rapl,npu,half,gt,max,8,1048576,uniform,20000168,2,bench/results/raw/energy/measurements/20260817_174754_npu_half_gt_q20_k8_max_uniform_s20000168_rep2_rapl.txt,0.135279,1.073019,7.9319,4.871461,0.414013,3.060439,0,rapl:package+core,0.343991,0.343991,0.042659,0.042659,0.136179345201,0.136179345201,0.381663,0.047331
rapl,npu,half,gt,max,8,1048576,uniform,20000168,3,bench/results/raw/energy/measurements/20260817_174754_npu_half_gt_q20_k8_max_uniform_s20000168_rep3_rapl.txt,0.13771,1.096043,7.959088,4.871461,0.425196,3.087627,0,rapl:package+core,0.334577,0.334577,0.042604,0.042604,0.127033275556,0.127033275556,0.372738,0.046981
rapl,npu,half,gt,max,131072,2097152,uniform,21131235,1,bench/results/raw/energy/measurements/20260817_174754_npu_half_gt_q21_k131072_max_uniform_s21131235_rep1_rapl.txt,3.711218,24.532468,6.610354,4.871461,6.453413,1.738893,0,rapl:package+core,21.250306,21.250306,3.249252,3.249252,5.42170160283,5.42170160283,21.339412,3.259586
rapl,npu,half,gt,max,131072,2097152,uniform,21131235,2,bench/results/raw/energy/measurements/20260817_174754_npu_half_gt_q21_k131072_max_uniform_s21131235_rep2_rapl.txt,3.715655,23.637907,6.361707,4.871461,5.537239,1.490246,0,rapl:package+core,20.36035,20.36035,3.253854,3.253854,4.50932713931,4.50932713931,20.418286,3.264034
rapl,npu,half,gt,max,131072,2097152,uniform,21131235,3,bench/results/raw/energy/measurements/20260817_174754_npu_half_gt_q21_k131072_max_uniform_s21131235_rep3_rapl.txt,3.716164,24.418918,6.571001,4.871461,6.315769,1.69954,0,rapl:package+core,20.892122,20.892122,3.254376,3.254376,5.03855623666,5.03855623666,20.94484,3.26472
rapl,npu,half,gt,max,256,2097152,uniform,21000419,1,bench/results/raw/energy/measurements/20260817_174754_npu_half_gt_q21_k256_max_uniform_s21000419_rep1_rapl.txt,0.196537,1.556484,7.919556,4.871461,0.599063,3.048095,0,rapl:package+core,0.66757,0.66757,0.086274,0.086274,0.247289573686,0.247289573686,0.734582,0.093459
rapl,npu,half,gt,max,256,2097152,uniform,21000419,2,bench/results/raw/energy/measurements/20260817_174754_npu_half_gt_q21_k256_max_uniform_s21000419_rep2_rapl.txt,0.198065,1.587366,8.014358,4.871461,0.622499,3.142897,0,rapl:package+core,0.680019,0.680019,0.086204,0.086204,0.260079575956,0.260079575956,0.736778,0.093377
rapl,npu,half,gt,max,256,2097152,uniform,21000419,3,bench/results/raw/energy/measurements/20260817_174754_npu_half_gt_q21_k256_max_uniform_s21000419_rep3_rapl.txt,0.19876,1.577067,7.934518,4.871461,0.608814,3.063057,0,rapl:package+core,0.687556,0.687556,0.086342,0.086342,0.266944314338,0.266944314338,0.735634,0.093455
rapl,npu,half,gt,max,4096,2097152,uniform,21004259,1,bench/results/raw/energy/measurements/20260817_174754_npu_half_gt_q21_k4096_max_uniform_s21004259_rep1_rapl.txt,0.359461,2.831,7.875684,4.871461,1.079901,3.004223,0,rapl:package+core,1.748733,1.748733,0.222339,0.222339,0.665617232721,0.665617232721,1.805296,0.230542
rapl,npu,half,gt,max,4096,2097152,uniform,21004259,2,bench/results/raw/energy/measurements/20260817_174754_npu_half_gt_q21_k4096_max_uniform_s21004259_rep2_rapl.txt,0.349247,2.633912,7.541694,4.871461,0.93257,2.670233,0,rapl:package+core,1.652549,1.652549,0.223099,0.223099,0.565730922361,0.565730922361,1.715182,0.23232
rapl,npu,half,gt,max,4096,2097152,uniform,21004259,3,bench/results/raw/energy/measurements/20260817_174754_npu_half_gt_q21_k4096_max_uniform_s21004259_rep3_rapl.txt,0.354899,2.653351,7.476362,4.871461,0.924476,2.604901,0,rapl:package+core,1.633857,1.633857,0.224411,0.224411,0.540647565529,0.540647565529,1.695057,0.233419
rapl,npu,half,gt,max,8,2097152,uniform,21000171,1,bench/results/raw/energy/measurements/20260817_174754_npu_half_gt_q21_k8_max_uniform_s21000171_rep1_rapl.txt,0.194123,1.6908,8.70994,4.871461,0.745137,3.838479,0,rapl:package+core,0.855546,0.855546,0.083931,0.083931,0.446679406809,0.446679406809,0.869782,0.091378
rapl,npu,half,gt,max,8,2097152,uniform,21000171,2,bench/results/raw/energy/measurements/20260817_174754_npu_half_gt_q21_k8_max_uniform_s21000171_rep2_rapl.txt,0.193115,1.543225,7.991213,4.871461,0.602472,3.119752,0,rapl:package+core,0.708688,0.708688,0.083772,0.083772,0.300595969108,0.300595969108,0.718178,0.090988
rapl,npu,half,gt,max,8,2097152,uniform,21000171,3,bench/results/raw/energy/measurements/20260817_174754_npu_half_gt_q21_k8_max_uniform_s21000171_rep3_rapl.txt,0.196715,1.67716,8.525832,4.871461,0.71887,3.654371,0,rapl:package+core,0.735466,0.735466,0.083701,0.083701,0.327719842839,0.327719842839,0.745368,0.090866
rapl,npu,half,gt,max,131072,4194304,uniform,22131238,1,bench/results/raw/energy/measurements/20260817_174754_npu_half_gt_q22_k131072_max_uniform_s22131238_rep1_rapl.txt,4.364547,32.271082,7.393914,4.871461,11.009363,2.522453,0,rapl:package+core,28.048646,28.048646,3.807546,3.807546,9.50033415529,9.50033415529,28.239003,3.835666
rapl,npu,half,gt,max,131072,4194304,uniform,22131238,2,bench/results/raw/energy/measurements/20260817_174754_npu_half_gt_q22_k131072_max_uniform_s22131238_rep2_rapl.txt,4.366453,32.127352,7.357769,4.871461,10.856348,2.486308,0,rapl:package+core,27.861381,27.861381,3.807764,3.807764,9.3120071768,9.3120071768,28.052733,3.836529
rapl,npu,half,gt,max,131072,4194304,uniform,22131238,3,bench/results/raw/energy/measurements/20260817_174754_npu_half_gt_q22_k131072_max_uniform_s22131238_rep3_rapl.txt,4.369868,32.318672,7.3958,4.871461,11.03103,2.524339,0,rapl:package+core,27.991719,27.991719,3.809623,3.809623,9.4332891308,9.4332891308,28.269092,3.83858
rapl,npu,half,gt,max,256,4194304,uniform,22000422,1,bench/results/raw/energy/measurements/20260817_174754_npu_half_gt_q22_k256_max_uniform_s22000422_rep1_rapl.txt,0.320622,2.556875,7.974722,4.871461,0.994975,3.103261,0,rapl:package+core,1.35746,1.35746,0.169745,0.169745,0.530553852555,0.530553852555,1.489578,0.187123
rapl,npu,half,gt,max,256,4194304,uniform,22000422,2,bench/results/raw/energy/measurements/20260817_174754_npu_half_gt_q22_k256_max_uniform_s22000422_rep2_rapl.txt,0.32129,2.592975,8.070524,4.871461,1.027826,3.199063,0,rapl:package+core,1.338278,1.338278,0.169764,0.169764,0.511279294796,0.511279294796,1.507338,0.187764
rapl,npu,half,gt,max,256,4194304,uniform,22000422,3,bench/results/raw/energy/measurements/20260817_174754_npu_half_gt_q22_k256_max_uniform_s22000422_rep3_rapl.txt,0.325621,2.716702,8.343138,4.871461,1.130451,3.471677,0,rapl:package+core,1.48529,1.48529,0.170083,0.170083,0.656737298737,0.656737298737,1.630577,0.189697
rapl,npu,half,gt,max,4096,4194304,uniform,22004262,1,bench/results/raw/energy/measurements/20260817_174754_npu_half_gt_q22_k4096_max_uniform_s22004262_rep1_rapl.txt,0.474397,3.737234,7.877867,4.871461,1.426229,3.006406,0,rapl:package+core,2.39743,2.39743,0.308882,0.308882,0.892723383398,0.892723383398,2.546972,0.326373
rapl,npu,half,gt,max,4096,4194304,uniform,22004262,2,bench/results/raw/energy/measurements/20260817_174754_npu_half_gt_q22_k4096_max_uniform_s22004262_rep2_rapl.txt,0.474608,3.777805,7.959848,4.871461,1.465772,3.088387,0,rapl:package+core,2.462412,2.462412,0.30836,0.30836,0.96024828604,0.96024828604,2.598117,0.325965
rapl,npu,half,gt,max,4096,4194304,uniform,22004262,3,bench/results/raw/energy/measurements/20260817_174754_npu_half_gt_q22_k4096_max_uniform_s22004262_rep3_rapl.txt,0.473945,3.727193,7.864191,4.871461,1.418389,2.99273,0,rapl:package+core,2.409236,2.409236,0.308157,0.308157,0.908061192623,0.908061192623,2.531058,0.324888
rapl,npu,half,gt,max,8,4194304,uniform,22000174,1,bench/results/raw/energy/measurements/20260817_174754_npu_half_gt_q22_k8_max_uniform_s22000174_rep1_rapl.txt,0.319163,2.556523,8.010096,4.871461,1.001735,3.138635,0,rapl:package+core,1.433749,1.433749,0.167054,0.167054,0.619951954106,0.619951954106,1.452608,0.183036
rapl,npu,half,gt,max,8,4194304,uniform,22000174,2,bench/results/raw/energy/measurements/20260817_174754_npu_half_gt_q22_k8_max_uniform_s22000174_rep2_rapl.txt,0.318111,2.892566,9.092947,4.871461,1.342901,4.221486,0,rapl:package+core,1.38555,1.38555,0.166796,0.166796,0.573009791044,0.573009791044,1.460282,0.182715
rapl,npu,half,gt,max,8,4194304,uniform,22000174,3,bench/results/raw/energy/measurements/20260817_174754_npu_half_gt_q22_k8_max_uniform_s22000174_rep3_rapl.txt,0.31761,2.631043,8.283891,4.871461,1.08382,3.41243,0,rapl:package+core,1.215801,1.215801,0.167085,0.167085,0.401852938815,0.401852938815,1.451707,0.182419
rapl,npu,half,gt,max,131072,8388608,uniform,23131241,1,bench/results/raw/energy/measurements/20260817_174754_npu_half_gt_q23_k131072_max_uniform_s23131241_rep1_rapl.txt,5.054109,38.058243,7.530159,4.871461,13.437348,2.658698,0,rapl:package+core,32.818522,32.818522,4.364114,4.364114,11.5589108494,11.5589108494,33.194542,4.424978
rapl,npu,half,gt,max,131072,8388608,uniform,23131241,2,bench/results/raw/energy/measurements/20260817_174754_npu_half_gt_q23_k131072_max_uniform_s23131241_rep2_rapl.txt,5.053144,38.068146,7.533556,4.871461,13.45195,2.662095,0,rapl:package+core,32.788406,32.788406,4.363746,4.363746,11.5305875471,11.5305875471,33.18264,4.422139
rapl,npu,half,gt,max,131072,8388608,uniform,23131241,3,bench/results/raw/energy/measurements/20260817_174754_npu_half_gt_q23_k131072_max_uniform_s23131241_rep3_rapl.txt,5.056885,38.241492,7.562262,4.871461,13.607072,2.690801,0,rapl:package+core,32.9293,32.9293,4.362831,4.362831,11.6759389339,11.6759389339,33.329514,4.425434
rapl,npu,half,gt,max,256,8388608,uniform,23000425,1,bench/results/raw/energy/measurements/20260817_174754_npu_half_gt_q23_k256_max_uniform_s23000425_rep1_rapl.txt,0.572899,4.612615,8.051363,4.871461,1.821762,3.179902,0,rapl:package+core,2.735073,2.735073,0.334413,0.334413,1.10599311261,1.10599311261,2.982222,0.369926
rapl,npu,half,gt,max,256,8388608,uniform,23000425,2,bench/results/raw/energy/measurements/20260817_174754_npu_half_gt_q23_k256_max_uniform_s23000425_rep2_rapl.txt,0.570546,4.588767,8.042766,4.871461,1.809375,3.171305,0,rapl:package+core,2.710508,2.710508,0.334999,0.334999,1.07857343646,1.07857343646,3.016415,0.372305
rapl,npu,half,gt,max,256,8388608,uniform,23000425,3,bench/results/raw/energy/measurements/20260817_174754_npu_half_gt_q23_k256_max_uniform_s23000425_rep3_rapl.txt,0.569026,4.557596,8.009476,4.871461,1.78561,3.138015,0,rapl:package+core,2.689086,2.689086,0.334327,0.334327,1.06042505825,1.06042505825,2.98419,0.370934
rapl,npu,half,gt,max,4096,8388608,uniform,23004265,1,bench/results/raw/energy/measurements/20260817_174754_npu_half_gt_q23_k4096_max_uniform_s23004265_rep1_rapl.txt,0.725444,5.758248,7.937547,4.871461,2.224274,3.066086,0,rapl:package+core,3.810856,3.810856,0.477495,0.477495,1.4847577298,1.4847577298,4.076892,0.514662
rapl,npu,half,gt,max,4096,8388608,uniform,23004265,2,bench/results/raw/energy/measurements/20260817_174754_npu_half_gt_q23_k4096_max_uniform_s23004265_rep2_rapl.txt,0.728497,5.823063,7.993261,4.871461,2.27422,3.1218,0,rapl:package+core,3.80278,3.80278,0.477599,0.477599,1.47617509786,1.47617509786,4.120912,0.515223
rapl,npu,half,gt,max,4096,8388608,uniform,23004265,3,bench/results/raw/energy/measurements/20260817_174754_npu_half_gt_q23_k4096_max_uniform_s23004265_rep3_rapl.txt,0.72367,5.847262,8.080017,4.871461,2.321934,3.208556,0,rapl:package+core,3.813618,3.813618,0.477127,0.477127,1.48931242745,1.48931242745,4.164244,0.514071
rapl,npu,half,gt,max,8,8388608,uniform,23000177,1,bench/results/raw/energy/measurements/20260817_174754_npu_half_gt_q23_k8_max_uniform_s23000177_rep1_rapl.txt,0.564713,4.841836,8.573976,4.871461,2.090859,3.702515,0,rapl:package+core,2.790539,2.790539,0.331501,0.331501,1.17564480704,1.17564480704,3.09623,0.36883
rapl,npu,half,gt,max,8,8388608,uniform,23000177,2,bench/results/raw/energy/measurements/20260817_174754_npu_half_gt_q23_k8_max_uniform_s23000177_rep2_rapl.txt,0.564532,4.569954,8.095126,4.871461,1.81986,3.223665,0,rapl:package+core,2.679825,2.679825,0.331455,0.331455,1.06515489425,1.06515489425,2.967482,0.367213
rapl,npu,half,gt,max,8,8388608,uniform,23000177,3,bench/results/raw/energy/measurements/20260817_174754_npu_half_gt_q23_k8_max_uniform_s23000177_rep3_rapl.txt,0.564752,4.625234,8.189848,4.871461,1.874066,3.318387,0,rapl:package+core,2.693033,2.693033,0.331566,0.331566,1.07782216207,1.07782216207,2.978316,0.368785
rapl,npu,half,gt,max,131072,16777216,uniform,24131244,1,bench/results/raw/energy/measurements/20260817_174754_npu_half_gt_q24_k131072_max_uniform_s24131244_rep1_rapl.txt,6.048427,46.572497,7.699935,4.871461,17.107819,2.828474,0,rapl:package+core,38.84211,38.84211,5.042961,5.042961,14.275522164,14.275522164,40.347401,5.250454
rapl,npu,half,gt,max,131072,16777216,uniform,24131244,2,bench/results/raw/energy/measurements/20260817_174754_npu_half_gt_q24_k131072_max_uniform_s24131244_rep2_rapl.txt,6.03914,46.28261,7.663775,4.871461,16.863175,2.792314,0,rapl:package+core,38.557064,38.557064,5.039423,5.039423,14.007711393,14.007711393,40.090822,5.243778
rapl,npu,half,gt,max,131072,16777216,uniform,24131244,3,bench/results/raw/energy/measurements/20260817_174754_npu_half_gt_q24_k131072_max_uniform_s24131244_rep3_rapl.txt,6.044449,46.383283,7.673699,4.871461,16.937986,2.802238,0,rapl:package+core,38.63333,38.63333,5.040557,5.040557,14.0784531562,14.0784531562,40.165983,5.24754
rapl,npu,half,gt,max,256,16777216,uniform,24000428,1,bench/results/raw/energy/measurements/20260817_174754_npu_half_gt_q24_k256_max_uniform_s24000428_rep1_rapl.txt,1.165187,9.548639,8.194942,4.871461,3.872477,3.323481,0,rapl:package+core,5.531958,5.531958,0.666089,0.666089,2.28713141397,2.28713141397,6.952369,0.841659
rapl,npu,half,gt,max,256,16777216,uniform,24000428,2,bench/results/raw/energy/measurements/20260817_174754_npu_half_gt_q24_k256_max_uniform_s24000428_rep2_rapl.txt,1.166234,9.510266,8.154682,4.871461,3.829004,3.283221,0,rapl:package+core,5.475608,5.475608,0.666296,0.666296,2.22977302154,2.22977302154,6.876948,0.84032
rapl,npu,half,gt,max,256,16777216,uniform,24000428,3,bench/results/raw/energy/measurements/20260817_174754_npu_half_gt_q24_k256_max_uniform_s24000428_rep3_rapl.txt,1.171711,9.447006,8.062575,4.871461,3.739063,3.191114,0,rapl:package+core,5.41909,5.41909,0.66659,0.66659,2.17182281201,2.17182281201,6.829282,0.846023
rapl,npu,half,gt,max,4096,16777216,uniform,24004268,1,bench/results/raw/energy/measurements/20260817_174754_npu_half_gt_q24_k4096_max_uniform_s24004268_rep1_rapl.txt,1.327244,10.606614,7.991459,4.871461,4.140998,3.119998,0,rapl:package+core,6.500441,6.500441,0.811272,0.811272,2.54836109161,2.54836109161,7.88683,0.986386
rapl,npu,half,gt,max,4096,16777216,uniform,24004268,2,bench/results/raw/energy/measurements/20260817_174754_npu_half_gt_q24_k4096_max_uniform_s24004268_rep2_rapl.txt,1.332078,10.926498,8.202596,4.871461,4.437332,3.331135,0,rapl:package+core,6.722534,6.722534,0.811066,0.811066,2.77145761257,2.77145761257,8.204807,0.989345
rapl,npu,half,gt,max,4096,16777216,uniform,24004268,3,bench/results/raw/energy/measurements/20260817_174754_npu_half_gt_q24_k4096_max_uniform_s24004268_rep3_rapl.txt,1.330074,10.723749,8.06252,4.871461,4.244345,3.191059,0,rapl:package+core,6.588101,6.588101,0.811254,0.811254,2.63610877791,2.63610877791,7.984938,0.987193
rapl,npu,half,gt,max,8,16777216,uniform,24000180,1,bench/results/raw/energy/measurements/20260817_174754_npu_half_gt_q24_k8_max_uniform_s24000180_rep1_rapl.txt,1.167835,9.555124,8.181911,4.871461,3.86606,3.31045,0,rapl:package+core,5.431256,5.431256,0.66254,0.66254,2.20371822906,2.20371822906,6.876735,0.841059
rapl,npu,half,gt,max,8,16777216,uniform,24000180,2,bench/results/raw/energy/measurements/20260817_174754_npu_half_gt_q24_k8_max_uniform_s24000180_rep2_rapl.txt,1.16635,9.419633,8.076166,4.871461,3.737806,3.204705,0,rapl:package+core,5.438428,5.438428,0.663175,0.663175,2.20779685133,2.20779685133,6.776917,0.836317
rapl,npu,half,gt,max,8,16777216,uniform,24000180,3,bench/results/raw/energy/measurements/20260817_174754_npu_half_gt_q24_k8_max_uniform_s24000180_rep3_rapl.txt,1.16236,9.357121,8.050108,4.871461,3.694731,3.178647,0,rapl:package+core,5.438584,5.438584,0.662859,0.662859,2.209492233,2.209492233,6.76645,0.836458
rapl,npu,half,map_reduce,max,256,65536,uniform,16000404,1,bench/results/raw/energy/measurements/20260817_174754_npu_half_map_reduce_q16_k256_max_uniform_s16000404_rep1_rapl.txt,0.142567,1.406147,9.863083,4.871461,0.711639,4.991622,0,rapl:package+core,0.293518,0.24341,0.027798,0.023361,0.158101127122,0.129607799579,0.305816,0.029026
rapl,npu,half,map_reduce,max,256,65536,uniform,16000404,2,bench/results/raw/energy/measurements/20260817_174754_npu_half_map_reduce_q16_k256_max_uniform_s16000404_rep2_rapl.txt,0.145633,1.400288,9.615153,4.871461,0.69084,4.743692,0,rapl:package+core,0.283829,0.197926,0.027809,0.023227,0.148358541051,0.084776575353,0.296127,0.029029
rapl,npu,half,map_reduce,max,256,65536,uniform,16000404,3,bench/results/raw/energy/measurements/20260817_174754_npu_half_map_reduce_q16_k256_max_uniform_s16000404_rep3_rapl.txt,0.140787,1.328362,9.435252,4.871461,0.642523,4.563791,0,rapl:package+core,0.274645,0.249576,0.027469,0.023022,0.140830837791,0.137425224858,0.300873,0.028674
rapl,npu,half,map_reduce,max,4096,65536,uniform,16004244,1,bench/results/raw/energy/measurements/20260817_174754_npu_half_map_reduce_q16_k4096_max_uniform_s16004244_rep1_rapl.txt,0.179327,1.667607,9.299239,4.871461,0.794021,4.427778,0,rapl:package+core,0.601059,0.554965,0.061647,0.057049,0.300748043733,0.277053021411,0.613326,0.062795
rapl,npu,half,map_reduce,max,4096,65536,uniform,16004244,2,bench/results/raw/energy/measurements/20260817_174754_npu_half_map_reduce_q16_k4096_max_uniform_s16004244_rep2_rapl.txt,0.182431,1.699604,9.316398,4.871461,0.810896,4.444937,0,rapl:package+core,0.600967,0.54352,0.061466,0.056925,0.301537778174,0.266212082575,0.600967,0.062708
rapl,npu,half,map_reduce,max,4096,65536,uniform,16004244,3,bench/results/raw/energy/measurements/20260817_174754_npu_half_map_reduce_q16_k4096_max_uniform_s16004244_rep3_rapl.txt,0.184759,1.795973,9.720605,4.871461,0.895925,4.849144,0,rapl:package+core,0.602798,0.543872,0.061754,0.057375,0.301965797406,0.264371925125,0.602798,0.062977
rapl,npu,half,map_reduce,max,8,65536,uniform,16000156,1,bench/results/raw/energy/measurements/20260817_174754_npu_half_map_reduce_q16_k8_max_uniform_s16000156_rep1_rapl.txt,0.144218,1.37731,9.550165,4.871461,0.674755,4.678704,0,rapl:package+core,0.289764,0.239351,0.026768,0.022581,0.159364731952,0.129348539159,0.289764,0.027984
rapl,npu,half,map_reduce,max,8,65536,uniform,16000156,2,bench/results/raw/energy/measurements/20260817_174754_npu_half_map_reduce_q16_k8_max_uniform_s16000156_rep2_rapl.txt,0.140566,1.338554,9.522626,4.871461,0.653794,4.651165,0,rapl:package+core,0.276582,0.226795,0.026825,0.022588,0.145905058675,0.116758438932,0.288956,0.028029
rapl,npu,half,map_reduce,max,8,65536,uniform,16000156,3,bench/results/raw/energy/measurements/20260817_174754_npu_half_map_reduce_q16_k8_max_uniform_s16000156_rep3_rapl.txt,0.139918,1.333946,9.533747,4.871461,0.652339,4.662286,0,rapl:package+core,0.280228,0.215351,0.026544,0.02248,0.150919939216,0.10584055672,0.292724,0.027651
rapl,npu,half,map_reduce,max,131072,131072,uniform,17131223,1,bench/results/raw/energy/measurements/20260817_174754_npu_half_map_reduce_q17_k131072_max_uniform_s17131223_rep1_rapl.txt,0.736022,6.286372,8.541008,4.871461,2.700868,3.669547,0,rapl:package+core,4.450835,4.421128,0.532705,0.521996,1.85578336799,1.87824484384,4.470854,0.535341
rapl,npu,half,map_reduce,max,131072,131072,uniform,17131223,2,bench/results/raw/energy/measurements/20260817_174754_npu_half_map_reduce_q17_k131072_max_uniform_s17131223_rep2_rapl.txt,0.725327,6.163271,8.497225,4.871461,2.629866,3.625764,0,rapl:package+core,4.437926,4.417938,0.529328,0.52021,1.85932529179,1.88375527319,4.437926,0.531738
rapl,npu,half,map_reduce,max,131072,131072,uniform,17131223,3,bench/results/raw/energy/measurements/20260817_174754_npu_half_map_reduce_q17_k131072_max_uniform_s17131223_rep3_rapl.txt,0.725971,6.209366,8.553182,4.871461,2.672824,3.681721,0,rapl:package+core,4.432739,4.383745,0.528369,0.51985,1.85881002289,1.85131599915,4.432739,0.530549
rapl,npu,half,map_reduce,max,256,131072,uniform,17000407,1,bench/results/raw/energy/measurements/20260817_174754_npu_half_map_reduce_q17_k256_max_uniform_s17000407_rep1_rapl.txt,0.143016,1.375844,9.620236,4.871461,0.679149,4.748775,0,rapl:package+core,0.317199,0.317199,0.029008,0.024378,0.175887659312,0.198442523742,0.317199,0.030223
rapl,npu,half,map_reduce,max,256,131072,uniform,17000407,2,bench/results/raw/energy/measurements/20260817_174754_npu_half_map_reduce_q17_k256_max_uniform_s17000407_rep2_rapl.txt,0.143026,1.360739,9.51392,4.871461,0.663993,4.642459,0,rapl:package+core,0.311919,0.286973,0.029711,0.025027,0.167183022229,0.165054945553,0.324431,0.030907
rapl,npu,half,map_reduce,max,256,131072,uniform,17000407,3,bench/results/raw/energy/measurements/20260817_174754_npu_half_map_reduce_q17_k256_max_uniform_s17000407_rep3_rapl.txt,0.145105,1.430254,9.856675,4.871461,0.72338,4.985214,0,rapl:package+core,0.326429,0.313933,0.029176,0.024598,0.184299253864,0.194104802322,0.326429,0.030383
rapl,npu,half,map_reduce,max,4096,131072,uniform,17004247,1,bench/results/raw/energy/measurements/20260817_174754_npu_half_map_reduce_q17_k4096_max_uniform_s17004247_rep1_rapl.txt,0.191667,1.784484,9.310354,4.871461,0.850788,4.438893,0,rapl:package+core,0.665768,0.596693,0.069227,0.064537,0.328531369353,0.282303521443,0.677547,0.070443
rapl,npu,half,map_reduce,max,4096,131072,uniform,17004247,2,bench/results/raw/energy/measurements/20260817_174754_npu_half_map_reduce_q17_k4096_max_uniform_s17004247_rep2_rapl.txt,0.196291,1.826809,9.306649,4.871461,0.870586,4.435188,0,rapl:package+core,0.635204,0.588956,0.069234,0.064312,0.297933269126,0.275662600168,0.681086,0.070456
rapl,npu,half,map_reduce,max,4096,131072,uniform,17004247,3,bench/results/raw/energy/measurements/20260817_174754_npu_half_map_reduce_q17_k4096_max_uniform_s17004247_rep3_rapl.txt,0.196295,1.828366,9.314355,4.871461,0.87212,4.442894,0,rapl:package+core,0.686137,0.651577,0.069662,0.064868,0.346781283818,0.335575067852,0.686137,0.070884
rapl,npu,half,map_reduce,max,8,131072,uniform,17000159,1,bench/results/raw/energy/measurements/20260817_174754_npu_half_map_reduce_q17_k8_max_uniform_s17000159_rep1_rapl.txt,0.139796,1.324471,9.474344,4.871461,0.643462,4.602883,0,rapl:package+core,0.307555,0.257356,0.028036,0.02358,0.170978719404,0.14248694962,0.320037,0.029264
rapl,npu,half,map_reduce,max,8,131072,uniform,17000159,2,bench/results/raw/energy/measurements/20260817_174754_npu_half_map_reduce_q17_k8_max_uniform_s17000159_rep2_rapl.txt,0.144565,1.387212,9.595791,4.871461,0.682971,4.72433,0,rapl:package+core,0.282181,0.193135,0.027946,0.023555,0.146043150894,0.078387736145,0.320143,0.029164
rapl,npu,half,map_reduce,max,8,131072,uniform,17000159,3,bench/results/raw/energy/measurements/20260817_174754_npu_half_map_reduce_q17_k8_max_uniform_s17000159_rep3_rapl.txt,0.144494,1.353934,9.370202,4.871461,0.650039,4.498741,0,rapl:package+core,0.319427,0.281938,0.028136,0.0237,0.182363573304,0.1664843743,0.319427,0.029351
rapl,npu,half,map_reduce,max,131072,262144,uniform,18131226,1,bench/results/raw/energy/measurements/20260817_174754_npu_half_map_reduce_q18_k131072_max_uniform_s18131226_rep1_rapl.txt,1.018692,8.88928,8.726172,4.871461,3.926763,3.854711,0,rapl:package+core,6.847897,6.788543,0.793002,0.785111,2.98481868408,2.96390538283,6.858242,0.794786
rapl,npu,half,map_reduce,max,131072,262144,uniform,18131226,2,bench/results/raw/energy/measurements/20260817_174754_npu_half_map_reduce_q18_k131072_max_uniform_s18131226_rep2_rapl.txt,1.015174,8.722571,8.592194,4.871461,3.777191,3.720733,0,rapl:package+core,6.650764,6.580411,0.784963,0.777907,2.82684735906,2.79086738787,6.680517,0.786715
rapl,npu,half,map_reduce,max,131072,262144,uniform,18131226,3,bench/results/raw/energy/measurements/20260817_174754_npu_half_map_reduce_q18_k131072_max_uniform_s18131226_rep3_rapl.txt,1.018288,8.762212,8.604843,4.871461,3.80166,3.733382,0,rapl:package+core,6.72597,6.645835,0.787773,0.779723,2.88836455365,2.8474448147,6.72597,0.789581
rapl,npu,half,map_reduce,max,256,262144,uniform,18000410,1,bench/results/raw/energy/measurements/20260817_174754_npu_half_map_reduce_q18_k256_max_uniform_s18000410_rep1_rapl.txt,0.148042,1.4182,9.579716,4.871461,0.697019,4.708255,0,rapl:package+core,0.310072,0.284943,0.030789,0.02651,0.160084587271,0.15580056889,0.335538,0.032005
rapl,npu,half,map_reduce,max,256,262144,uniform,18000410,2,bench/results/raw/energy/measurements/20260817_174754_npu_half_map_reduce_q18_k256_max_uniform_s18000410_rep2_rapl.txt,0.150353,1.414691,9.409118,4.871461,0.682251,4.537657,0,rapl:package+core,0.312882,0.300004,0.030802,0.026504,0.162831258278,0.170890797656,0.351133,0.032022
rapl,npu,half,map_reduce,max,256,262144,uniform,18000410,3,bench/results/raw/energy/measurements/20260817_174754_npu_half_map_reduce_q18_k256_max_uniform_s18000410_rep3_rapl.txt,0.14941,1.465439,9.80814,4.871461,0.737592,4.936679,0,rapl:package+core,0.337324,0.299149,0.030875,0.026553,0.186917641625,0.169797096067,0.350751,0.032099
rapl,npu,half,map_reduce,max,4096,262144,uniform,18004250,1,bench/results/raw/energy/measurements/20260817_174754_npu_half_map_reduce_q18_k4096_max_uniform_s18004250_rep1_rapl.txt,0.206511,1.926597,9.32928,4.871461,0.920588,4.457819,0,rapl:package+core,0.749596,0.716028,0.078277,0.073796,0.368272647303,0.356533664044,0.771964,0.079495
rapl,npu,half,map_reduce,max,4096,262144,uniform,18004250,2,bench/results/raw/energy/measurements/20260817_174754_npu_half_map_reduce_q18_k4096_max_uniform_s18004250_rep2_rapl.txt,0.199573,1.880259,9.421419,4.871461,0.908048,4.549958,0,rapl:package+core,0.761008,0.716485,0.077842,0.073346,0.381803732838,0.359182821494,0.772116,0.079035
rapl,npu,half,map_reduce,max,4096,262144,uniform,18004250,3,bench/results/raw/energy/measurements/20260817_174754_npu_half_map_reduce_q18_k4096_max_uniform_s18004250_rep3_rapl.txt,0.200344,1.88296,9.398653,4.871461,0.906994,4.527192,0,rapl:package+core,0.75643,0.698023,0.078484,0.073715,0.374098254876,0.338923252385,0.767767,0.079708
rapl,npu,half,map_reduce,max,8,262144,uniform,18000162,1,bench/results/raw/energy/measurements/20260817_174754_npu_half_map_reduce_q18_k8_max_uniform_s18000162_rep1_rapl.txt,0.14683,1.409306,9.598195,4.871461,0.694028,4.726734,0,rapl:package+core,0.333159,0.269182,0.029943,0.02572,0.187292843277,0.14388802308,0.333159,0.031164
rapl,npu,half,map_reduce,max,8,262144,uniform,18000162,2,bench/results/raw/energy/measurements/20260817_174754_npu_half_map_reduce_q18_k8_max_uniform_s18000162_rep2_rapl.txt,0.149791,1.410586,9.417013,4.871461,0.680884,4.545552,0,rapl:package+core,0.324964,0.260407,0.030113,0.025666,0.178269694907,0.135376081974,0.338483,0.03133
rapl,npu,half,map_reduce,max,8,262144,uniform,18000162,3,bench/results/raw/energy/measurements/20260817_174754_npu_half_map_reduce_q18_k8_max_uniform_s18000162_rep3_rapl.txt,0.147976,1.42589,9.635975,4.871461,0.705032,4.764514,0,rapl:package+core,0.312666,0.24805,0.029957,0.025653,0.166731642823,0.123082410967,0.338346,0.031198
rapl,npu,half,map_reduce,max,131072,524288,uniform,19131229,1,bench/results/raw/energy/measurements/20260817_174754_npu_half_map_reduce_q19_k131072_max_uniform_s19131229_rep1_rapl.txt,1.322798,11.435062,8.644603,4.871461,4.991104,3.773142,0,rapl:package+core,9.122927,9.102863,1.065312,1.057338,3.93330113917,3.95208216918,9.14293,1.06723
rapl,npu,half,map_reduce,max,131072,524288,uniform,19131229,2,bench/results/raw/energy/measurements/20260817_174754_npu_half_map_reduce_q19_k131072_max_uniform_s19131229_rep2_rapl.txt,1.326108,11.374534,8.577385,4.871461,4.914453,3.705924,0,rapl:package+core,9.047079,9.017051,1.062553,1.054836,3.87089350007,3.8784585646,9.047079,1.064463
rapl,npu,half,map_reduce,max,131072,524288,uniform,19131229,3,bench/results/raw/energy/measurements/20260817_174754_npu_half_map_reduce_q19_k131072_max_uniform_s19131229_rep3_rapl.txt,1.325614,11.563428,8.723072,4.871461,5.10575,3.851611,0,rapl:package+core,9.236384,9.199918,1.065323,1.057257,4.0467045531,4.04953175752,9.236384,1.067246
rapl,npu,half,map_reduce,max,256,524288,uniform,19000413,1,bench/results/raw/energy/measurements/20260817_174754_npu_half_map_reduce_q19_k256_max_uniform_s19000413_rep1_rapl.txt,0.161212,1.643043,10.191788,4.871461,0.857703,5.320327,0,rapl:package+core,0.376904,0.337752,0.035233,0.030611,0.205267814587,0.188631707329,0.402811,0.036442
rapl,npu,half,map_reduce,max,256,524288,uniform,19000413,2,bench/results/raw/energy/measurements/20260817_174754_npu_half_map_reduce_q19_k256_max_uniform_s19000413_rep2_rapl.txt,0.161234,1.536618,9.530365,4.871461,0.751173,4.658904,0,rapl:package+core,0.372402,0.345732,0.034421,0.030145,0.204721440919,0.198881808155,0.385356,0.035648
rapl,npu,half,map_reduce,max,256,524288,uniform,19000413,3,bench/results/raw/energy/measurements/20260817_174754_npu_half_map_reduce_q19_k256_max_uniform_s19000413_rep3_rapl.txt,0.159565,1.521803,9.537171,4.871461,0.744486,4.66571,0,rapl:package+core,0.36723,0.353848,0.034426,0.030272,0.199525083614,0.206379132608,0.380855,0.035413
rapl,npu,half,map_reduce,max,4096,524288,uniform,19004253,1,bench/results/raw/energy/measurements/20260817_174754_npu_half_map_reduce_q19_k4096_max_uniform_s19004253_rep1_rapl.txt,0.216562,2.121137,9.794582,4.871461,1.066162,4.923121,0,rapl:package+core,0.947705,0.909897,0.087438,0.082826,0.521754193082,0.506413371214,0.959332,0.088671
rapl,npu,half,map_reduce,max,4096,524288,uniform,19004253,2,bench/results/raw/energy/measurements/20260817_174754_npu_half_map_reduce_q19_k4096_max_uniform_s19004253_rep2_rapl.txt,0.224313,2.082427,9.283566,4.871461,0.989694,4.412105,0,rapl:package+core,0.819584,0.730827,0.087852,0.082949,0.391616408228,0.326744181511,0.864427,0.089083
rapl,npu,half,map_reduce,max,4096,524288,uniform,19004253,3,bench/results/raw/energy/measurements/20260817_174754_npu_half_map_reduce_q19_k4096_max_uniform_s19004253_rep3_rapl.txt,0.220911,2.092345,9.471458,4.871461,1.016188,4.599997,0,rapl:package+core,0.8667,0.773229,0.086907,0.082361,0.443335938873,0.372010600579,0.8667,0.088129
rapl,npu,half,map_reduce,max,8,524288,uniform,19000165,1,bench/results/raw/energy/measurements/20260817_174754_npu_half_map_reduce_q19_k8_max_uniform_s19000165_rep1_rapl.txt,0.156118,1.499571,9.60536,4.871461,0.739047,4.733899,0,rapl:package+core,0.382915,0.289765,0.034777,0.030515,0.213500200803,0.141112367585,0.396357,0.036013
rapl,npu,half,map_reduce,max,8,524288,uniform,19000165,2,bench/results/raw/energy/measurements/20260817_174754_npu_half_map_reduce_q19_k8_max_uniform_s19000165_rep2_rapl.txt,0.160155,1.534192,9.579416,4.871461,0.754003,4.707955,0,rapl:package+core,0.402887,0.271547,0.035089,0.030462,0.231952304971,0.123152555018,0.402887,0.036299
rapl,npu,half,map_reduce,max,8,524288,uniform,19000165,3,bench/results/raw/energy/measurements/20260817_174754_npu_half_map_reduce_q19_k8_max_uniform_s19000165_rep3_rapl.txt,0.160764,1.574625,9.794609,4.871461,0.791467,4.923148,0,rapl:package+core,0.371045,0.304384,0.034669,0.030068,0.202156318591,0.157908910652,0.384212,0.035892
rapl,npu,half,map_reduce,max,131072,1048576,uniform,20131232,1,bench/results/raw/energy/measurements/20260817_174754_npu_half_map_reduce_q20_k131072_max_uniform_s20131232_rep1_rapl.txt,1.60849,13.811466,8.586601,4.871461,5.975767,3.71514,0,rapl:package+core,11.253447,11.253447,1.318294,1.310784,4.83142919247,4.86801386458,11.253447,1.319964
rapl,npu,half,map_reduce,max,131072,1048576,uniform,20131232,2,bench/results/raw/energy/measurements/20260817_174754_npu_half_map_reduce_q20_k131072_max_uniform_s20131232_rep2_rapl.txt,1.609152,14.053763,8.733645,4.871461,6.214841,3.862184,0,rapl:package+core,11.495042,11.315641,1.320595,1.31366,5.06181496071,4.91619754274,11.495042,1.322268
rapl,npu,half,map_reduce,max,131072,1048576,uniform,20131232,3,bench/results/raw/energy/measurements/20260817_174754_npu_half_map_reduce_q20_k131072_max_uniform_s20131232_rep3_rapl.txt,1.611624,14.037222,8.709983,4.871461,6.186256,3.838522,0,rapl:package+core,11.389181,11.279322,1.324549,1.316595,4.93669220391,4.86558080471,11.409246,1.326352
rapl,npu,half,map_reduce,max,256,1048576,uniform,20000416,1,bench/results/raw/energy/measurements/20260817_174754_npu_half_map_reduce_q20_k256_max_uniform_s20000416_rep1_rapl.txt,0.180896,1.734712,9.589565,4.871461,0.853485,4.718104,0,rapl:package+core,0.483481,0.469978,0.046715,0.041993,0.255910699385,0.265410738227,0.52254,0.047923
rapl,npu,half,map_reduce,max,256,1048576,uniform,20000416,2,bench/results/raw/energy/measurements/20260817_174754_npu_half_map_reduce_q20_k256_max_uniform_s20000416_rep2_rapl.txt,0.176008,1.71445,9.740778,4.871461,0.857036,4.869317,0,rapl:package+core,0.495855,0.482962,0.046365,0.041664,0.269989710735,0.279997448896,0.522922,0.047564
rapl,npu,half,map_reduce,max,256,1048576,uniform,20000416,3,bench/results/raw/energy/measurements/20260817_174754_npu_half_map_reduce_q20_k256_max_uniform_s20000416_rep3_rapl.txt,0.179557,1.724749,9.605587,4.871461,0.850045,4.734126,0,rapl:package+core,0.497792,0.471518,0.045459,0.040807,0.276340254401,0.272728290973,0.511174,0.046665
rapl,npu,half,map_reduce,max,4096,1048576,uniform,20004256,1,bench/results/raw/energy/measurements/20260817_174754_npu_half_map_reduce_q20_k4096_max_uniform_s20004256_rep1_rapl.txt,0.236268,2.226707,9.424505,4.871461,1.075738,4.553044,0,rapl:package+core,0.97462,0.892866,0.099687,0.095019,0.488998667293,0.429984647241,0.986552,0.100896
rapl,npu,half,map_reduce,max,4096,1048576,uniform,20004256,2,bench/results/raw/energy/measurements/20260817_174754_npu_half_map_reduce_q20_k4096_max_uniform_s20004256_rep2_rapl.txt,0.242689,2.330537,9.602963,4.871461,1.148285,4.731502,0,rapl:package+core,0.991587,0.944944,0.10005,0.095449,0.50419732695,0.479967919011,1.003137,0.101277
rapl,npu,half,map_reduce,max,4096,1048576,uniform,20004256,3,bench/results/raw/energy/measurements/20260817_174754_npu_half_map_reduce_q20_k4096_max_uniform_s20004256_rep3_rapl.txt,0.247593,2.304339,9.306957,4.871461,1.098199,4.435496,0,rapl:package+core,0.993921,0.936399,0.101725,0.096849,0.498371629775,0.464602873611,1.00538,0.102952
rapl,npu,half,map_reduce,max,8,1048576,uniform,20000168,1,bench/results/raw/energy/measurements/20260817_174754_npu_half_map_reduce_q20_k8_max_uniform_s20000168_rep1_rapl.txt,0.17722,1.702838,9.608618,4.871461,0.839518,4.737157,0,rapl:package+core,0.464653,0.39828,0.042068,0.037394,0.259720378652,0.216116587366,0.491201,0.04328
rapl,npu,half,map_reduce,max,8,1048576,uniform,20000168,2,bench/results/raw/energy/measurements/20260817_174754_npu_half_map_reduce_q20_k8_max_uniform_s20000168_rep2_rapl.txt,0.171461,1.666982,9.722217,4.871461,0.831716,4.850756,0,rapl:package+core,0.484182,0.403194,0.04282,0.038072,0.27558603998,0.217727736808,0.484182,0.04404
rapl,npu,half,map_reduce,max,8,1048576,uniform,20000168,3,bench/results/raw/energy/measurements/20260817_174754_npu_half_map_reduce_q20_k8_max_uniform_s20000168_rep3_rapl.txt,0.179935,1.839673,10.224072,4.871461,0.963124,5.352611,0,rapl:package+core,0.477805,0.385691,0.044116,0.03929,0.262895626524,0.19429129731,0.504536,0.045326
rapl,npu,half,map_reduce,max,131072,2097152,uniform,21131235,1,bench/results/raw/energy/measurements/20260817_174754_npu_half_map_reduce_q21_k131072_max_uniform_s21131235_rep1_rapl.txt,1.943618,16.865613,8.677432,4.871461,7.397353,3.805971,0,rapl:package+core,13.832751,13.8028,1.60246,1.594182,6.02642960594,6.0368045601,13.863083,1.604295
rapl,npu,half,map_reduce,max,131072,2097152,uniform,21131235,2,bench/results/raw/energy/measurements/20260817_174754_npu_half_map_reduce_q21_k131072_max_uniform_s21131235_rep2_rapl.txt,1.929071,16.64866,8.630401,4.871461,7.251264,3.75894,0,rapl:package+core,13.717033,13.656992,1.600735,1.592596,5.91911487617,5.89872269724,13.737144,1.602586
rapl,npu,half,map_reduce,max,131072,2097152,uniform,21131235,3,bench/results/raw/energy/measurements/20260817_174754_npu_half_map_reduce_q21_k131072_max_uniform_s21131235_rep3_rapl.txt,1.933372,16.80954,8.694418,4.871461,7.391196,3.822957,0,rapl:package+core,13.892821,13.83269,1.602981,1.594573,6.08396157476,6.06478981885,13.902983,1.604868
rapl,npu,half,map_reduce,max,256,2097152,uniform,21000419,1,bench/results/raw/energy/measurements/20260817_174754_npu_half_map_reduce_q21_k256_max_uniform_s21000419_rep1_rapl.txt,0.222256,2.247503,10.112218,4.871461,1.164791,5.240757,0,rapl:package+core,0.889159,0.830232,0.07553,0.070681,0.52121755067,0.485912265059,0.904082,0.076776
rapl,npu,half,map_reduce,max,256,2097152,uniform,21000419,2,bench/results/raw/energy/measurements/20260817_174754_npu_half_map_reduce_q21_k256_max_uniform_s21000419_rep2_rapl.txt,0.223307,2.267064,10.152224,4.871461,1.179232,5.280763,0,rapl:package+core,0.857469,0.798085,0.073687,0.069201,0.498505653293,0.460975027339,0.887619,0.074902
rapl,npu,half,map_reduce,max,256,2097152,uniform,21000419,3,bench/results/raw/energy/measurements/20260817_174754_npu_half_map_reduce_q21_k256_max_uniform_s21000419_rep3_rapl.txt,0.222285,2.264516,10.187432,4.871461,1.181662,5.315971,0,rapl:package+core,0.902389,0.902389,0.074107,0.069661,0.541379639673,0.563038155279,0.902389,0.07532
rapl,npu,half,map_reduce,max,4096,2097152,uniform,21004259,1,bench/results/raw/energy/measurements/20260817_174754_npu_half_map_reduce_q21_k4096_max_uniform_s21004259_rep1_rapl.txt,0.270414,2.703077,9.996074,4.871461,1.385766,5.124613,0,rapl:package+core,1.31707,1.31707,0.118094,0.113587,0.741779684666,0.763735359393,1.31707,0.119318
rapl,npu,half,map_reduce,max,4096,2097152,uniform,21004259,2,bench/results/raw/energy/measurements/20260817_174754_npu_half_map_reduce_q21_k4096_max_uniform_s21004259_rep2_rapl.txt,0.265142,2.674086,10.085497,4.871461,1.382458,5.214036,0,rapl:package+core,1.304742,1.265635,0.118459,0.1137,0.727673601401,0.7117498843,1.304742,0.119669
rapl,npu,half,map_reduce,max,4096,2097152,uniform,21004259,3,bench/results/raw/energy/measurements/20260817_174754_npu_half_map_reduce_q21_k4096_max_uniform_s21004259_rep3_rapl.txt,0.272269,2.723156,10.001711,4.871461,1.396808,5.13025,0,rapl:package+core,1.316903,1.316903,0.118522,0.113667,0.739527699358,0.763178642513,1.316903,0.119769
rapl,npu,half,map_reduce,max,8,2097152,uniform,21000171,1,bench/results/raw/energy/measurements/20260817_174754_npu_half_map_reduce_q21_k8_max_uniform_s21000171_rep1_rapl.txt,0.218074,2.221534,10.187061,4.871461,1.159195,5.3156,0,rapl:package+core,0.882905,0.79392,0.071546,0.066995,0.534371451294,0.467556470305,0.882905,0.072769
rapl,npu,half,map_reduce,max,8,2097152,uniform,21000171,2,bench/results/raw/energy/measurements/20260817_174754_npu_half_map_reduce_q21_k8_max_uniform_s21000171_rep2_rapl.txt,0.215638,2.204506,10.223183,4.871461,1.154034,5.351722,0,rapl:package+core,0.874757,0.831012,0.071133,0.066634,0.528235364687,0.506407067726,0.874757,0.072375
rapl,npu,half,map_reduce,max,8,2097152,uniform,21000171,3,bench/results/raw/energy/measurements/20260817_174754_npu_half_map_reduce_q21_k8_max_uniform_s21000171_rep3_rapl.txt,0.218972,2.21476,10.114343,4.871461,1.148045,5.242882,0,rapl:package+core,0.850848,0.791908,0.071031,0.066482,0.504823253709,0.468043529798,0.865953,0.072241
rapl,npu,half,map_reduce,max,131072,4194304,uniform,22131238,1,bench/results/raw/energy/measurements/20260817_174754_npu_half_map_reduce_q22_k131072_max_uniform_s22131238_rep1_rapl.txt,2.320363,20.310702,8.753244,4.871461,9.007145,3.881783,0,rapl:package+core,16.822616,16.761598,1.928987,1.920995,7.42563105999,7.4035457763,16.843078,1.930598
rapl,npu,half,map_reduce,max,131072,4194304,uniform,22131238,2,bench/results/raw/energy/measurements/20260817_174754_npu_half_map_reduce_q22_k131072_max_uniform_s22131238_rep2_rapl.txt,2.302735,20.395109,8.856907,4.871461,9.177426,3.985446,0,rapl:package+core,16.875013,16.790745,1.92358,1.915874,7.50436804962,7.45763952809,16.89674,1.925204
rapl,npu,half,map_reduce,max,131072,4194304,uniform,22131238,3,bench/results/raw/energy/measurements/20260817_174754_npu_half_map_reduce_q22_k131072_max_uniform_s22131238_rep3_rapl.txt,2.312972,20.474863,8.852189,4.871461,9.207311,3.980728,0,rapl:package+core,16.992834,16.926493,1.92716,1.919716,7.60474921924,7.57467137492,17.013494,1.928562
rapl,npu,half,map_reduce,max,256,4194304,uniform,22000422,1,bench/results/raw/energy/measurements/20260817_174754_npu_half_map_reduce_q22_k256_max_uniform_s22000422_rep1_rapl.txt,0.291796,3.116035,10.678797,4.871461,1.69456,5.807336,0,rapl:package+core,1.525663,1.525663,0.117869,0.112758,0.951468763391,0.976366800562,1.525663,0.119086
rapl,npu,half,map_reduce,max,256,4194304,uniform,22000422,2,bench/results/raw/energy/measurements/20260817_174754_npu_half_map_reduce_q22_k256_max_uniform_s22000422_rep2_rapl.txt,0.291722,3.200838,10.972236,4.871461,1.779728,6.100775,0,rapl:package+core,1.592783,1.451909,0.118678,0.113748,1.01464775144,0.897790054172,1.592783,0.119886
rapl,npu,half,map_reduce,max,256,4194304,uniform,22000422,3,bench/results/raw/energy/measurements/20260817_174754_npu_half_map_reduce_q22_k256_max_uniform_s22000422_rep3_rapl.txt,0.291295,3.142003,10.786342,4.871461,1.722973,5.914881,0,rapl:package+core,1.514082,1.471207,0.11642,0.111776,0.94694651038,0.926694575264,1.528546,0.117652
rapl,npu,half,map_reduce,max,4096,4194304,uniform,22004262,1,bench/results/raw/energy/measurements/20260817_174754_npu_half_map_reduce_q22_k4096_max_uniform_s22004262_rep1_rapl.txt,0.347471,3.665155,10.548089,4.871461,1.972464,5.676628,0,rapl:package+core,2.007601,1.949117,0.172654,0.167665,1.16652377251,1.13234349143,2.022066,0.173886
rapl,npu,half,map_reduce,max,4096,4194304,uniform,22004262,2,bench/results/raw/energy/measurements/20260817_174754_npu_half_map_reduce_q22_k4096_max_uniform_s22004262_rep2_rapl.txt,0.357019,3.707618,10.38494,4.871461,1.968415,5.513479,0,rapl:package+core,2.014971,1.958394,0.175073,0.170115,1.16210970835,1.12968541199,2.030107,0.176288
rapl,npu,half,map_reduce,max,4096,4194304,uniform,22004262,3,bench/results/raw/energy/measurements/20260817_174754_npu_half_map_reduce_q22_k4096_max_uniform_s22004262_rep3_rapl.txt,0.352089,3.679466,10.450381,4.871461,1.964277,5.57892,0,rapl:package+core,2.015566,1.940099,0.175591,0.170446,1.16018129155,1.10977795839,2.029802,0.176864
rapl,npu,half,map_reduce,max,8,4194304,uniform,22000174,1,bench/results/raw/energy/measurements/20260817_174754_npu_half_map_reduce_q22_k8_max_uniform_s22000174_rep1_rapl.txt,0.30681,3.229219,10.525138,4.871461,1.734605,5.653677,0,rapl:package+core,1.618356,1.604853,0.133665,0.129064,0.967212165435,0.976122757496,1.631584,0.13488
rapl,npu,half,map_reduce,max,8,4194304,uniform,22000174,2,bench/results/raw/energy/measurements/20260817_174754_npu_half_map_reduce_q22_k8_max_uniform_s22000174_rep2_rapl.txt,0.308946,3.394798,10.988334,4.871461,1.889781,6.116873,0,rapl:package+core,1.675131,1.634163,0.133815,0.129164,1.02325644629,1.0049456114,1.675131,0.135044
rapl,npu,half,map_reduce,max,8,4194304,uniform,22000174,3,bench/results/raw/energy/measurements/20260817_174754_npu_half_map_reduce_q22_k8_max_uniform_s22000174_rep3_rapl.txt,0.308867,3.289595,10.650532,4.871461,1.784963,5.779071,0,rapl:package+core,1.646567,1.620277,0.135063,0.130178,0.988612862957,0.986119949942,1.673223,0.136284
rapl,npu,half,map_reduce,max,131072,8388608,uniform,23131241,1,bench/results/raw/energy/measurements/20260817_174754_npu_half_map_reduce_q23_k131072_max_uniform_s23131241_rep1_rapl.txt,2.724382,24.843518,9.118955,4.871461,11.571797,4.247494,0,rapl:package+core,20.639389,20.567082,2.260181,2.25105,9.62900540556,9.60117971595,20.649948,2.261709
rapl,npu,half,map_reduce,max,131072,8388608,uniform,23131241,2,bench/results/raw/energy/measurements/20260817_174754_npu_half_map_reduce_q23_k131072_max_uniform_s23131241_rep2_rapl.txt,2.712408,24.698674,9.10581,4.871461,11.485283,4.234349,0,rapl:package+core,20.537557,20.464945,2.257831,2.248689,9.53862133891,9.51054423537,20.578846,2.259143
rapl,npu,half,map_reduce,max,131072,8388608,uniform,23131241,3,bench/results/raw/energy/measurements/20260817_174754_npu_half_map_reduce_q23_k131072_max_uniform_s23131241_rep3_rapl.txt,2.719338,24.731387,9.094634,4.871461,11.484236,4.223173,0,rapl:package+core,20.476907,20.435634,2.260832,2.252503,9.46335208445,9.46265348312,20.476907,2.262193
rapl,npu,half,map_reduce,max,256,8388608,uniform,23000425,1,bench/results/raw/energy/measurements/20260817_174754_npu_half_map_reduce_q23_k256_max_uniform_s23000425_rep1_rapl.txt,0.482531,5.386303,11.162614,4.871461,3.035674,6.291153,0,rapl:package+core,3.212786,3.074517,0.254878,0.248464,1.97115776324,1.8641343141,3.212786,0.256111
rapl,npu,half,map_reduce,max,256,8388608,uniform,23000425,2,bench/results/raw/energy/measurements/20260817_174754_npu_half_map_reduce_q23_k256_max_uniform_s23000425_rep2_rapl.txt,0.480134,5.349119,11.140899,4.871461,3.010167,6.269438,0,rapl:package+core,3.222932,3.137671,0.254577,0.248072,1.982770073,1.92919792681,3.222932,0.255794
rapl,npu,half,map_reduce,max,256,8388608,uniform,23000425,3,bench/results/raw/energy/measurements/20260817_174754_npu_half_map_reduce_q23_k256_max_uniform_s23000425_rep3_rapl.txt,0.483116,5.385295,11.14701,4.871461,3.031816,6.275549,0,rapl:package+core,3.217485,3.114005,0.254048,0.247639,1.97990007587,1.90764126942,3.217485,0.255277
rapl,npu,half,map_reduce,max,4096,8388608,uniform,23004265,1,bench/results/raw/energy/measurements/20260817_174754_npu_half_map_reduce_q23_k4096_max_uniform_s23004265_rep1_rapl.txt,0.510117,6.084952,11.928541,4.871461,3.599937,7.05708,0,rapl:package+core,3.580869,3.464496,0.283346,0.276964,2.20056001149,2.1152766756,3.580869,0.284582
rapl,npu,half,map_reduce,max,4096,8388608,uniform,23004265,2,bench/results/raw/energy/measurements/20260817_174754_npu_half_map_reduce_q23_k4096_max_uniform_s23004265_rep2_rapl.txt,0.515956,5.727304,11.10038,4.871461,3.213846,6.228919,0,rapl:package+core,3.522873,3.442234,0.286979,0.280556,2.12486599368,2.07551638768,3.57237,0.288217
rapl,npu,half,map_reduce,max,4096,8388608,uniform,23004265,3,bench/results/raw/energy/measurements/20260817_174754_npu_half_map_reduce_q23_k4096_max_uniform_s23004265_rep3_rapl.txt,0.508047,5.673688,11.167636,4.871461,3.198755,6.296175,0,rapl:package+core,3.485903,3.453434,0.28068,0.275824,2.11858132652,2.10976814114,3.501772,0.281914
rapl,npu,half,map_reduce,max,8,8388608,uniform,23000177,1,bench/results/raw/energy/measurements/20260817_174754_npu_half_map_reduce_q23_k8_max_uniform_s23000177_rep1_rapl.txt,0.486389,5.523747,11.356641,4.871461,3.154321,6.48518,0,rapl:package+core,3.281737,3.192051,0.250805,0.245138,2.0599502239,1.99787079338,3.281737,0.252035
rapl,npu,half,map_reduce,max,8,8388608,uniform,23000177,2,bench/results/raw/energy/measurements/20260817_174754_npu_half_map_reduce_q23_k8_max_uniform_s23000177_rep2_rapl.txt,0.480192,5.392314,11.229503,4.871461,3.053079,6.358042,0,rapl:package+core,3.168247,3.081245,0.249988,0.2442,1.95044020753,1.8916342238,3.218309,0.251209
rapl,npu,half,map_reduce,max,8,8388608,uniform,23000177,3,bench/results/raw/energy/measurements/20260817_174754_npu_half_map_reduce_q23_k8_max_uniform_s23000177_rep3_rapl.txt,0.478104,5.427561,11.352257,4.871461,3.098495,6.480796,0,rapl:package+core,3.181004,3.093652,0.249472,0.243174,1.96571088141,1.90903934279,3.214617,0.250705
rapl,npu,half,map_reduce,max,131072,16777216,uniform,24131244,1,bench/results/raw/energy/measurements/20260817_174754_npu_half_map_reduce_q24_k131072_max_uniform_s24131244_rep1_rapl.txt,3.078648,29.653008,9.631829,4.871461,14.655496,4.760368,0,rapl:package+core,24.241056,24.197632,2.511664,2.504622,12.0055827789,11.9964636073,24.252255,2.512904
rapl,npu,half,map_reduce,max,131072,16777216,uniform,24131244,2,bench/results/raw/energy/measurements/20260817_174754_npu_half_map_reduce_q24_k131072_max_uniform_s24131244_rep2_rapl.txt,3.081642,29.746874,9.652929,4.871461,14.734773,4.781468,0,rapl:package+core,24.337135,24.237881,2.511469,2.504324,12.1026117138,12.0381643026,24.347663,2.512709
rapl,npu,half,map_reduce,max,131072,16777216,uniform,24131244,3,bench/results/raw/energy/measurements/20260817_174754_npu_half_map_reduce_q24_k131072_max_uniform_s24131244_rep3_rapl.txt,3.076563,29.450046,9.572384,4.871461,14.462688,4.700923,0,rapl:package+core,24.118077,24.054329,2.505768,2.498506,11.911325913,11.8829544627,24.139575,2.507016
rapl,npu,half,map_reduce,max,256,16777216,uniform,24000428,1,bench/results/raw/energy/measurements/20260817_174754_npu_half_map_reduce_q24_k256_max_uniform_s24000428_rep1_rapl.txt,0.831064,9.716111,11.691178,4.871461,5.667618,6.819717,0,rapl:package+core,6.333749,6.248395,0.498382,0.491443,3.9059005239,3.85434959178,6.383993,0.499619
rapl,npu,half,map_reduce,max,256,16777216,uniform,24000428,2,bench/results/raw/energy/measurements/20260817_174754_npu_half_map_reduce_q24_k256_max_uniform_s24000428_rep2_rapl.txt,0.837157,9.744415,11.639886,4.871461,5.666236,6.768425,0,rapl:package+core,6.433155,6.31396,0.496537,0.489643,4.01429436944,3.92868322158,6.468309,0.497778
rapl,npu,half,map_reduce,max,256,16777216,uniform,24000428,3,bench/results/raw/energy/measurements/20260817_174754_npu_half_map_reduce_q24_k256_max_uniform_s24000428_rep3_rapl.txt,0.839905,9.718431,11.570869,4.871461,5.626866,6.699408,0,rapl:package+core,6.379279,6.345025,0.497634,0.490595,3.95507437673,3.9551105907,6.413472,0.498868
rapl,npu,half,map_reduce,max,4096,16777216,uniform,24004268,1,bench/results/raw/energy/measurements/20260817_174754_npu_half_map_reduce_q24_k4096_max_uniform_s24004268_rep1_rapl.txt,0.808882,9.503903,11.749427,4.871461,5.563465,6.877966,0,rapl:package+core,6.277996,6.227202,0.477086,0.470166,3.95389015735,3.93680666747,6.277996,0.478342
rapl,npu,half,map_reduce,max,4096,16777216,uniform,24004268,2,bench/results/raw/energy/measurements/20260817_174754_npu_half_map_reduce_q24_k4096_max_uniform_s24004268_rep2_rapl.txt,0.812185,9.566857,11.779159,4.871461,5.610329,6.907698,0,rapl:package+core,6.25485,6.055138,0.47912,0.472179,3.92083560568,3.75493641648,6.337395,0.480375
rapl,npu,half,map_reduce,max,4096,16777216,uniform,24004268,3,bench/results/raw/energy/measurements/20260817_174754_npu_half_map_reduce_q24_k4096_max_uniform_s24004268_rep3_rapl.txt,0.82156,9.838618,11.975537,4.871461,5.836422,7.104076,0,rapl:package+core,6.556393,6.498414,0.484068,0.47709,4.19827461665,4.17428867151,6.556393,0.485317
rapl,npu,half,map_reduce,max,8,16777216,uniform,24000180,1,bench/results/raw/energy/measurements/20260817_174754_npu_half_map_reduce_q24_k8_max_uniform_s24000180_rep1_rapl.txt,0.814748,9.454848,11.604625,4.871461,5.485833,6.733164,0,rapl:package+core,6.184953,6.099127,0.47519,0.468174,3.87008344741,3.81843561779,6.202026,0.476437
rapl,npu,half,map_reduce,max,8,16777216,uniform,24000180,2,bench/results/raw/energy/measurements/20260817_174754_npu_half_map_reduce_q24_k8_max_uniform_s24000180_rep2_rapl.txt,0.815766,9.476545,11.61675,4.871461,5.502575,6.745289,0,rapl:package+core,6.202102,6.115209,0.4755,0.468614,3.8857222945,3.83237417495,6.202102,0.476748
rapl,npu,half,map_reduce,max,8,16777216,uniform,24000180,3,bench/results/raw/energy/measurements/20260817_174754_npu_half_map_reduce_q24_k8_max_uniform_s24000180_rep3_rapl.txt,0.812935,9.451965,11.626961,4.871461,5.491783,6.7555,0,rapl:package+core,6.157426,6.071951,0.478326,0.471309,3.82727954571,3.77598758755,6.191711,0.479567
