source,backend,dtype,algorithm,mode,k,n,dist,seed,rep,file_path,elapsed_seconds,energy_joules,average_watts,baseline_watts,net_energy_joules,net_average_watts,command_exit_code,inproc_counters,inproc_e2e_joules,inproc_algo_joules,inproc_e2e_seconds,inproc_algo_seconds,inproc_net_e2e_joules,inproc_net_algo_joules,inproc_loop_joules,inproc_loop_seconds
rapl,cpu,int,bitonic,max,256,65536,uniform,16000404,1,bench/results/raw/energy/measurements/20260817_174754_cpu_int_bitonic_q16_k256_max_uniform_s16000404_rep1_rapl.txt,0.034424,0.388148,11.275484,4.871461,0.220453,6.404023,0,rapl:package+core,0.26427,0.26427,0.022345,0.022345,0.155417203955,0.155417203955,0.318832,0.027386
rapl,cpu,int,bitonic,max,256,65536,uniform,16000404,2,bench/results/raw/energy/measurements/20260817_174754_cpu_int_bitonic_q16_k256_max_uniform_s16000404_rep2_rapl.txt,0.033769,0.373958,11.07396,4.871461,0.209453,6.202499,0,rapl:package+core,0.266923,0.266923,0.022208,0.022208,0.158737594112,0.158737594112,0.292648,0.026884
rapl,cpu,int,bitonic,max,256,65536,uniform,16000404,3,bench/results/raw/energy/measurements/20260817_174754_cpu_int_bitonic_q16_k256_max_uniform_s16000404_rep3_rapl.txt,0.034995,0.372707,10.650414,4.871461,0.202232,5.778953,0,rapl:package+core,0.240771,0.240771,0.022871,0.022871,0.129355815469,0.129355815469,0.291672,0.028068
rapl,cpu,int,bitonic,max,4096,65536,uniform,16004244,1,bench/results/raw/energy/measurements/20260817_174754_cpu_int_bitonic_q16_k4096_max_uniform_s16004244_rep1_rapl.txt,0.050956,0.535037,10.499929,4.871461,0.286806,5.628468,0,rapl:package+core,0.41035,0.41035,0.037594,0.037594,0.227212295166,0.227212295166,0.447243,0.042646
rapl,cpu,int,bitonic,max,4096,65536,uniform,16004244,2,bench/results/raw/energy/measurements/20260817_174754_cpu_int_bitonic_q16_k4096_max_uniform_s16004244_rep2_rapl.txt,0.051576,0.540865,10.486826,4.871461,0.289616,5.615365,0,rapl:package+core,0.394847,0.394847,0.038472,0.038472,0.207432152408,0.207432152408,0.443871,0.043427
rapl,cpu,int,bitonic,max,4096,65536,uniform,16004244,3,bench/results/raw/energy/measurements/20260817_174754_cpu_int_bitonic_q16_k4096_max_uniform_s16004244_rep3_rapl.txt,0.04993,0.535419,10.723475,4.871461,0.292189,5.852014,0,rapl:package+core,0.359966,0.359966,0.037007,0.037007,0.179687842773,0.179687842773,0.434823,0.041892
rapl,cpu,int,bitonic,max,8,65536,uniform,16000156,1,bench/results/raw/energy/measurements/20260817_174754_cpu_int_bitonic_q16_k8_max_uniform_s16000156_rep1_rapl.txt,0.018579,0.220036,11.843412,4.871461,0.12953,6.971951,0,rapl:package+core,0.124872,0.124872,0.008383,0.008383,0.084034542437,0.084034542437,0.14785,0.013088
rapl,cpu,int,bitonic,max,8,65536,uniform,16000156,2,bench/results/raw/energy/measurements/20260817_174754_cpu_int_bitonic_q16_k8_max_uniform_s16000156_rep2_rapl.txt,0.01867,0.212452,11.37942,4.871461,0.121503,6.507959,0,rapl:package+core,0.078715,0.078715,0.008396,0.008396,0.037814213444,0.037814213444,0.152687,0.013327
rapl,cpu,int,bitonic,max,8,65536,uniform,16000156,3,bench/results/raw/energy/measurements/20260817_174754_cpu_int_bitonic_q16_k8_max_uniform_s16000156_rep3_rapl.txt,0.018024,0.187749,10.416768,4.871461,0.099947,5.545307,0,rapl:package+core,0.068432,0.068432,0.008244,0.008244,0.028271675516,0.028271675516,0.140023,0.012736
rapl,cpu,int,bitonic,max,131072,131072,uniform,17131223,1,bench/results/raw/energy/measurements/20260817_174754_cpu_int_bitonic_q17_k131072_max_uniform_s17131223_rep1_rapl.txt,0.12431,1.439867,11.582894,4.871461,0.834297,6.711433,0,rapl:package+core,1.203841,1.203841,0.103965,0.103965,0.697379557135,0.697379557135,1.217909,0.106216
rapl,cpu,int,bitonic,max,131072,131072,uniform,17131223,2,bench/results/raw/energy/measurements/20260817_174754_cpu_int_bitonic_q17_k131072_max_uniform_s17131223_rep2_rapl.txt,0.1239,1.38802,11.202771,4.871461,0.784447,6.33131,0,rapl:package+core,1.162187,1.162187,0.103385,0.103385,0.658551004515,0.658551004515,1.175202,0.105551
rapl,cpu,int,bitonic,max,131072,131072,uniform,17131223,3,bench/results/raw/energy/measurements/20260817_174754_cpu_int_bitonic_q17_k131072_max_uniform_s17131223_rep3_rapl.txt,0.124318,1.440721,11.589031,4.871461,0.835112,6.71757,0,rapl:package+core,1.213225,1.213225,0.103924,0.103924,0.706963287036,0.706963287036,1.226942,0.106139
rapl,cpu,int,bitonic,max,256,131072,uniform,17000407,1,bench/results/raw/energy/measurements/20260817_174754_cpu_int_bitonic_q17_k256_max_uniform_s17000407_rep1_rapl.txt,0.045269,0.564225,12.463955,4.871461,0.343701,7.592494,0,rapl:package+core,0.346982,0.346982,0.02572,0.02572,0.22168802308,0.22168802308,0.470099,0.036548
rapl,cpu,int,bitonic,max,256,131072,uniform,17000407,2,bench/results/raw/energy/measurements/20260817_174754_cpu_int_bitonic_q17_k256_max_uniform_s17000407_rep2_rapl.txt,0.046596,0.567323,12.175408,4.871461,0.340333,7.303947,0,rapl:package+core,0.33676,0.33676,0.026076,0.026076,0.209731782964,0.209731782964,0.475653,0.037905
rapl,cpu,int,bitonic,max,256,131072,uniform,17000407,3,bench/results/raw/energy/measurements/20260817_174754_cpu_int_bitonic_q17_k256_max_uniform_s17000407_rep3_rapl.txt,0.045143,0.582825,12.910603,4.871461,0.362912,8.039142,0,rapl:package+core,0.301348,0.301348,0.025605,0.025605,0.176614241095,0.176614241095,0.455726,0.036333
rapl,cpu,int,bitonic,max,4096,131072,uniform,17004247,1,bench/results/raw/energy/measurements/20260817_174754_cpu_int_bitonic_q17_k4096_max_uniform_s17004247_rep1_rapl.txt,0.05946,0.785634,13.212779,4.871461,0.495976,8.341318,0,rapl:package+core,0.482245,0.482245,0.038838,0.038838,0.293047197682,0.293047197682,0.642301,0.049545
rapl,cpu,int,bitonic,max,4096,131072,uniform,17004247,2,bench/results/raw/energy/measurements/20260817_174754_cpu_int_bitonic_q17_k4096_max_uniform_s17004247_rep2_rapl.txt,0.059674,0.779775,13.067296,4.871461,0.489076,8.195835,0,rapl:package+core,0.498203,0.498203,0.039064,0.039064,0.307904247496,0.307904247496,0.642148,0.049729
rapl,cpu,int,bitonic,max,4096,131072,uniform,17004247,3,bench/results/raw/energy/measurements/20260817_174754_cpu_int_bitonic_q17_k4096_max_uniform_s17004247_rep3_rapl.txt,0.05957,0.771109,12.94457,4.871461,0.480916,8.073109,0,rapl:package+core,0.486426,0.486426,0.039146,0.039146,0.295727787694,0.295727787694,0.627134,0.049641
rapl,cpu,int,bitonic,max,8,131072,uniform,17000159,1,bench/results/raw/energy/measurements/20260817_174754_cpu_int_bitonic_q17_k8_max_uniform_s17000159_rep1_rapl.txt,0.027009,0.309662,11.465238,4.871461,0.17809,6.593777,0,rapl:package+core,0.19698,0.19698,0.009605,0.009605,0.150189617095,0.150189617095,0.209919,0.019822
rapl,cpu,int,bitonic,max,8,131072,uniform,17000159,2,bench/results/raw/energy/measurements/20260817_174754_cpu_int_bitonic_q17_k8_max_uniform_s17000159_rep2_rapl.txt,0.027112,0.31076,11.461979,4.871461,0.178684,6.590518,0,rapl:package+core,0.063428,0.063428,0.009568,0.009568,0.016817861152,0.016817861152,0.211125,0.019826
rapl,cpu,int,bitonic,max,8,131072,uniform,17000159,3,bench/results/raw/energy/measurements/20260817_174754_cpu_int_bitonic_q17_k8_max_uniform_s17000159_rep3_rapl.txt,0.028089,0.311096,11.075537,4.871461,0.174264,6.204076,0,rapl:package+core,0.119867,0.119867,0.010533,0.010533,0.068555901287,0.068555901287,0.240863,0.020978
rapl,cpu,int,bitonic,max,131072,262144,uniform,18131226,1,bench/results/raw/energy/measurements/20260817_174754_cpu_int_bitonic_q18_k131072_max_uniform_s18131226_rep1_rapl.txt,0.168665,2.40347,14.249928,4.871461,1.581823,9.378467,0,rapl:package+core,1.736073,1.736073,0.123134,0.123134,1.13623052123,1.13623052123,2.100263,0.144867
rapl,cpu,int,bitonic,max,131072,262144,uniform,18131226,2,bench/results/raw/energy/measurements/20260817_174754_cpu_int_bitonic_q18_k131072_max_uniform_s18131226_rep2_rapl.txt,0.16939,2.449962,14.463463,4.871461,1.624787,9.592002,0,rapl:package+core,1.757967,1.757967,0.124298,0.124298,1.15245414062,1.15245414062,2.127148,0.14564
rapl,cpu,int,bitonic,max,131072,262144,uniform,18131226,3,bench/results/raw/energy/measurements/20260817_174754_cpu_int_bitonic_q18_k131072_max_uniform_s18131226_rep3_rapl.txt,0.168372,2.420956,14.378601,4.871461,1.600738,9.50714,0,rapl:package+core,1.761092,1.761092,0.122862,0.122862,1.16257455862,1.16257455862,2.088103,0.144486
rapl,cpu,int,bitonic,max,256,262144,uniform,18000410,1,bench/results/raw/energy/measurements/20260817_174754_cpu_int_bitonic_q18_k256_max_uniform_s18000410_rep1_rapl.txt,0.061179,0.885849,14.479644,4.871461,0.587818,9.608183,0,rapl:package+core,0.444465,0.444465,0.027798,0.027798,0.309048127122,0.309048127122,0.748192,0.049257
rapl,cpu,int,bitonic,max,256,262144,uniform,18000410,2,bench/results/raw/energy/measurements/20260817_174754_cpu_int_bitonic_q18_k256_max_uniform_s18000410_rep2_rapl.txt,0.061454,0.900085,14.64647,4.871461,0.600714,9.775009,0,rapl:package+core,0.400567,0.400567,0.028002,0.028002,0.264156349078,0.264156349078,0.737327,0.049338
rapl,cpu,int,bitonic,max,256,262144,uniform,18000410,3,bench/results/raw/energy/measurements/20260817_174754_cpu_int_bitonic_q18_k256_max_uniform_s18000410_rep3_rapl.txt,0.06117,0.888092,14.518513,4.871461,0.590107,9.647052,0,rapl:package+core,0.414439,0.414439,0.027452,0.027452,0.280707652628,0.280707652628,0.749961,0.048872
rapl,cpu,int,bitonic,max,4096,262144,uniform,18004250,1,bench/results/raw/energy/measurements/20260817_174754_cpu_int_bitonic_q18_k4096_max_uniform_s18004250_rep1_rapl.txt,0.076108,1.219267,16.020226,4.871461,0.84851,11.148765,0,rapl:package+core,0.638424,0.638424,0.041585,0.041585,0.435844294315,0.435844294315,1.05123,0.062855
rapl,cpu,int,bitonic,max,4096,262144,uniform,18004250,2,bench/results/raw/energy/measurements/20260817_174754_cpu_int_bitonic_q18_k4096_max_uniform_s18004250_rep2_rapl.txt,0.077285,1.237103,16.006966,4.871461,0.860611,11.135505,0,rapl:package+core,0.630217,0.630217,0.041343,0.041343,0.428816187877,0.428816187877,1.055289,0.06276
rapl,cpu,int,bitonic,max,4096,262144,uniform,18004250,3,bench/results/raw/energy/measurements/20260817_174754_cpu_int_bitonic_q18_k4096_max_uniform_s18004250_rep3_rapl.txt,0.076247,1.219785,15.997765,4.871461,0.84835,11.126304,0,rapl:package+core,0.689387,0.689387,0.041523,0.041523,0.487109324897,0.487109324897,1.052512,0.06287
rapl,cpu,int,bitonic,max,8,262144,uniform,18000162,1,bench/results/raw/energy/measurements/20260817_174754_cpu_int_bitonic_q18_k8_max_uniform_s18000162_rep1_rapl.txt,0.042619,0.498418,11.694805,4.871461,0.290802,6.823344,0,rapl:package+core,0.164282,0.164282,0.011549,0.011549,0.108021496911,0.108021496911,0.35806,0.032054
rapl,cpu,int,bitonic,max,8,262144,uniform,18000162,2,bench/results/raw/energy/measurements/20260817_174754_cpu_int_bitonic_q18_k8_max_uniform_s18000162_rep2_rapl.txt,0.04425,0.496526,11.220984,4.871461,0.280965,6.349523,0,rapl:package+core,0.133232,0.133232,0.011782,0.011782,0.075836446498,0.075836446498,0.384471,0.032735
rapl,cpu,int,bitonic,max,8,262144,uniform,18000162,3,bench/results/raw/energy/measurements/20260817_174754_cpu_int_bitonic_q18_k8_max_uniform_s18000162_rep3_rapl.txt,0.044709,0.516834,11.559963,4.871461,0.299036,6.688502,0,rapl:package+core,0.139335,0.139335,0.011575,0.011575,0.082947838925,0.082947838925,0.379787,0.032534
rapl,cpu,int,bitonic,max,131072,524288,uniform,19131229,1,bench/results/raw/energy/measurements/20260817_174754_cpu_int_bitonic_q19_k131072_max_uniform_s19131229_rep1_rapl.txt,0.170192,3.572767,20.992596,4.871461,2.743684,16.121135,0,rapl:package+core,2.828572,2.828572,0.128204,0.128204,2.20403121396,2.20403121396,3.031764,0.137656
rapl,cpu,int,bitonic,max,131072,524288,uniform,19131229,2,bench/results/raw/energy/measurements/20260817_174754_cpu_int_bitonic_q19_k131072_max_uniform_s19131229_rep2_rapl.txt,0.170125,3.566726,20.965295,4.871461,2.737967,16.093834,0,rapl:package+core,2.813605,2.813605,0.128574,0.128574,2.18726177339,2.18726177339,3.052134,0.137997
rapl,cpu,int,bitonic,max,131072,524288,uniform,19131229,3,bench/results/raw/energy/measurements/20260817_174754_cpu_int_bitonic_q19_k131072_max_uniform_s19131229_rep3_rapl.txt,0.175214,3.748692,21.394928,4.871461,2.895144,16.523467,0,rapl:package+core,3.009748,3.009748,0.133701,0.133701,2.35842879284,2.35842879284,3.220613,0.14321
rapl,cpu,int,bitonic,max,256,524288,uniform,19000413,1,bench/results/raw/energy/measurements/20260817_174754_cpu_int_bitonic_q19_k256_max_uniform_s19000413_rep1_rapl.txt,0.093234,1.578013,16.925327,4.871461,1.123828,12.053866,0,rapl:package+core,0.507922,0.507922,0.032706,0.032706,0.348595996534,0.348595996534,1.324882,0.075067
rapl,cpu,int,bitonic,max,256,524288,uniform,19000413,2,bench/results/raw/energy/measurements/20260817_174754_cpu_int_bitonic_q19_k256_max_uniform_s19000413_rep2_rapl.txt,0.094754,1.595697,16.840464,4.871461,1.134108,11.969003,0,rapl:package+core,0.577759,0.577759,0.033461,0.033461,0.414755043479,0.414755043479,1.308984,0.076282
rapl,cpu,int,bitonic,max,256,524288,uniform,19000413,3,bench/results/raw/energy/measurements/20260817_174754_cpu_int_bitonic_q19_k256_max_uniform_s19000413_rep3_rapl.txt,0.095856,1.602654,16.719358,4.871461,1.135694,11.847897,0,rapl:package+core,0.572815,0.572815,0.03397,0.03397,0.40733146983,0.40733146983,1.355872,0.077434
rapl,cpu,int,bitonic,max,4096,524288,uniform,19004253,1,bench/results/raw/energy/measurements/20260817_174754_cpu_int_bitonic_q19_k4096_max_uniform_s19004253_rep1_rapl.txt,0.072933,1.746095,23.941018,4.871461,1.390804,19.069557,0,rapl:package+core,1.1568,1.1568,0.044038,0.044038,0.942270600482,0.942270600482,1.409473,0.053123
rapl,cpu,int,bitonic,max,4096,524288,uniform,19004253,2,bench/results/raw/energy/measurements/20260817_174754_cpu_int_bitonic_q19_k4096_max_uniform_s19004253_rep2_rapl.txt,0.10627,2.059876,19.383362,4.871461,1.542184,14.511901,0,rapl:package+core,0.889375,0.889375,0.04546,0.04546,0.66791838294,0.66791838294,1.749741,0.086783
rapl,cpu,int,bitonic,max,4096,524288,uniform,19004253,3,bench/results/raw/energy/measurements/20260817_174754_cpu_int_bitonic_q19_k4096_max_uniform_s19004253_rep3_rapl.txt,0.103199,2.038347,19.751615,4.871461,1.535617,14.880154,0,rapl:package+core,0.930953,0.930953,0.043961,0.043961,0.716798702979,0.716798702979,1.739977,0.083937
rapl,cpu,int,bitonic,max,8,524288,uniform,19000165,1,bench/results/raw/energy/measurements/20260817_174754_cpu_int_bitonic_q19_k8_max_uniform_s19000165_rep1_rapl.txt,0.077353,0.944927,12.215815,4.871461,0.568106,7.344354,0,rapl:package+core,0.262789,0.262789,0.019276,0.019276,0.168886717764,0.168886717764,0.744056,0.061035
rapl,cpu,int,bitonic,max,8,524288,uniform,19000165,2,bench/results/raw/energy/measurements/20260817_174754_cpu_int_bitonic_q19_k8_max_uniform_s19000165_rep2_rapl.txt,0.077367,0.933561,12.066609,4.871461,0.556669,7.195148,0,rapl:package+core,0.189902,0.189902,0.018996,0.018996,0.097363726844,0.097363726844,0.731087,0.060971
rapl,cpu,int,bitonic,max,8,524288,uniform,19000165,3,bench/results/raw/energy/measurements/20260817_174754_cpu_int_bitonic_q19_k8_max_uniform_s19000165_rep3_rapl.txt,0.07823,0.941067,12.029431,4.871461,0.559971,7.15797,0,rapl:package+core,0.287171,0.287171,0.019079,0.019079,0.194228395581,0.194228395581,0.756202,0.061386
rapl,cpu,int,bitonic,max,131072,1048576,uniform,20131232,1,bench/results/raw/energy/measurements/20260817_174754_cpu_int_bitonic_q20_k131072_max_uniform_s20131232_rep1_rapl.txt,0.252506,6.139025,24.312391,4.871461,4.908952,19.44093,0,rapl:package+core,3.643441,3.643441,0.163936,0.163936,2.8448331695,2.8448331695,5.445336,0.215856
rapl,cpu,int,bitonic,max,131072,1048576,uniform,20131232,2,bench/results/raw/energy/measurements/20260817_174754_cpu_int_bitonic_q20_k131072_max_uniform_s20131232_rep2_rapl.txt,0.259942,6.206786,23.877597,4.871461,4.94049,19.006136,0,rapl:package+core,3.561405,3.561405,0.162771,0.162771,2.76847242157,2.76847242157,5.507086,0.220166
rapl,cpu,int,bitonic,max,131072,1048576,uniform,20131232,3,bench/results/raw/energy/measurements/20260817_174754_cpu_int_bitonic_q20_k131072_max_uniform_s20131232_rep3_rapl.txt,0.258709,6.222152,24.050735,4.871461,4.961859,19.179274,0,rapl:package+core,3.708972,3.708972,0.164121,0.164121,2.90946294922,2.90946294922,5.510275,0.221256
rapl,cpu,int,bitonic,max,256,1048576,uniform,20000416,1,bench/results/raw/energy/measurements/20260817_174754_cpu_int_bitonic_q20_k256_max_uniform_s20000416_rep1_rapl.txt,0.138231,2.670074,19.31609,4.871461,1.996689,14.444629,0,rapl:package+core,1.425966,1.425966,0.059974,0.059974,1.13380499799,1.13380499799,2.274037,0.11246
rapl,cpu,int,bitonic,max,256,1048576,uniform,20000416,2,bench/results/raw/energy/measurements/20260817_174754_cpu_int_bitonic_q20_k256_max_uniform_s20000416_rep2_rapl.txt,0.138001,2.657959,19.260438,4.871461,1.985693,14.388977,0,rapl:package+core,1.41497,1.41497,0.059536,0.059536,1.1249426979,1.1249426979,2.287266,0.112473
rapl,cpu,int,bitonic,max,256,1048576,uniform,20000416,3,bench/results/raw/energy/measurements/20260817_174754_cpu_int_bitonic_q20_k256_max_uniform_s20000416_rep3_rapl.txt,0.141056,2.732433,19.371223,4.871461,2.045283,14.499762,0,rapl:package+core,1.473603,1.473603,0.063146,0.063146,1.16598972369,1.16598972369,2.357117,0.115269
rapl,cpu,int,bitonic,max,4096,1048576,uniform,20004256,1,bench/results/raw/energy/measurements/20260817_174754_cpu_int_bitonic_q20_k4096_max_uniform_s20004256_rep1_rapl.txt,0.172937,3.735219,21.598767,4.871461,2.892765,16.727306,0,rapl:package+core,1.871451,1.871451,0.089038,0.089038,1.43770585548,1.43770585548,3.241745,0.143892
rapl,cpu,int,bitonic,max,4096,1048576,uniform,20004256,2,bench/results/raw/energy/measurements/20260817_174754_cpu_int_bitonic_q20_k4096_max_uniform_s20004256_rep2_rapl.txt,0.183008,3.852508,21.051014,4.871461,2.960991,16.179553,0,rapl:package+core,1.612986,1.612986,0.09651,0.09651,1.14284129889,1.14284129889,3.305402,0.151214
rapl,cpu,int,bitonic,max,4096,1048576,uniform,20004256,3,bench/results/raw/energy/measurements/20260817_174754_cpu_int_bitonic_q20_k4096_max_uniform_s20004256_rep3_rapl.txt,0.171748,3.697929,21.531113,4.871461,2.861265,16.659652,0,rapl:package+core,1.728761,1.728761,0.087052,0.087052,1.30469057703,1.30469057703,3.207766,0.142363
rapl,cpu,int,bitonic,max,8,1048576,uniform,20000168,1,bench/results/raw/energy/measurements/20260817_174754_cpu_int_bitonic_q20_k8_max_uniform_s20000168_rep1_rapl.txt,0.111283,1.467117,13.183622,4.871461,0.925005,8.312161,0,rapl:package+core,0.484897,0.484897,0.034165,0.034165,0.318463534935,0.318463534935,1.196167,0.088158
rapl,cpu,int,bitonic,max,8,1048576,uniform,20000168,2,bench/results/raw/energy/measurements/20260817_174754_cpu_int_bitonic_q20_k8_max_uniform_s20000168_rep2_rapl.txt,0.103508,1.371434,13.249516,4.871461,0.867198,8.378055,0,rapl:package+core,0.395654,0.395654,0.028356,0.028356,0.257518851884,0.257518851884,1.108433,0.081033
rapl,cpu,int,bitonic,max,8,1048576,uniform,20000168,3,bench/results/raw/energy/measurements/20260817_174754_cpu_int_bitonic_q20_k8_max_uniform_s20000168_rep3_rapl.txt,0.109425,1.456849,13.313668,4.871461,0.923789,8.442207,0,rapl:package+core,0.452151,0.452151,0.033442,0.033442,0.289239601238,0.289239601238,1.17566,0.086422
rapl,cpu,int,bitonic,max,131072,2097152,uniform,21131235,1,bench/results/raw/energy/measurements/20260817_174754_cpu_int_bitonic_q21_k131072_max_uniform_s21131235_rep1_rapl.txt,0.340443,10.501197,30.84565,4.871461,8.84274,25.974189,0,rapl:package+core,8.235903,8.235903,0.254545,0.254545,6.99589695976,6.99589695976,9.216533,0.279182
rapl,cpu,int,bitonic,max,131072,2097152,uniform,21131235,2,bench/results/raw/energy/measurements/20260817_174754_cpu_int_bitonic_q21_k131072_max_uniform_s21131235_rep2_rapl.txt,0.351587,10.735742,30.53513,4.871461,9.023002,25.663669,0,rapl:package+core,8.593322,8.593322,0.266196,0.266196,7.29655856764,7.29655856764,9.405489,0.290429
rapl,cpu,int,bitonic,max,131072,2097152,uniform,21131235,3,bench/results/raw/energy/measurements/20260817_174754_cpu_int_bitonic_q21_k131072_max_uniform_s21131235_rep3_rapl.txt,0.343064,10.560748,30.783581,4.871461,8.889524,25.91212,0,rapl:package+core,8.351557,8.351557,0.256179,0.256179,7.10359099248,7.10359099248,9.216412,0.280776
rapl,cpu,int,bitonic,max,256,2097152,uniform,21000419,1,bench/results/raw/energy/measurements/20260817_174754_cpu_int_bitonic_q21_k256_max_uniform_s21000419_rep1_rapl.txt,0.215862,4.577919,21.207615,4.871461,3.526356,16.336154,0,rapl:package+core,1.67629,1.67629,0.103114,0.103114,1.17397417045,1.17397417045,3.955743,0.175584
rapl,cpu,int,bitonic,max,256,2097152,uniform,21000419,2,bench/results/raw/energy/measurements/20260817_174754_cpu_int_bitonic_q21_k256_max_uniform_s21000419_rep2_rapl.txt,0.225292,4.716569,20.93534,4.871461,3.619067,16.063879,0,rapl:package+core,1.871027,1.871027,0.113118,0.113118,1.3199770746,1.3199770746,4.065631,0.184462
rapl,cpu,int,bitonic,max,256,2097152,uniform,21000419,3,bench/results/raw/energy/measurements/20260817_174754_cpu_int_bitonic_q21_k256_max_uniform_s21000419_rep3_rapl.txt,0.235025,4.844049,20.610788,4.871461,3.699134,15.739327,0,rapl:package+core,2.075291,2.075291,0.121464,0.121464,1.4835838611,1.4835838611,4.178785,0.193117
rapl,cpu,int,bitonic,max,4096,2097152,uniform,21004259,1,bench/results/raw/energy/measurements/20260817_174754_cpu_int_bitonic_q21_k4096_max_uniform_s21004259_rep1_rapl.txt,0.289044,6.891322,23.841744,4.871461,5.483254,18.970283,0,rapl:package+core,3.76989,3.76989,0.169278,0.169278,2.94525882484,2.94525882484,6.064903,0.243586
rapl,cpu,int,bitonic,max,4096,2097152,uniform,21004259,2,bench/results/raw/energy/measurements/20260817_174754_cpu_int_bitonic_q21_k4096_max_uniform_s21004259_rep2_rapl.txt,0.294727,6.92437,23.494195,4.871461,5.48862,18.622734,0,rapl:package+core,4.021551,4.021551,0.177742,0.177742,3.15568777894,3.15568777894,6.121769,0.248966
rapl,cpu,int,bitonic,max,4096,2097152,uniform,21004259,3,bench/results/raw/energy/measurements/20260817_174754_cpu_int_bitonic_q21_k4096_max_uniform_s21004259_rep3_rapl.txt,0.296982,7.033175,23.682174,4.871461,5.58644,18.810713,0,rapl:package+core,3.541183,3.541183,0.178168,0.178168,2.67324453655,2.67324453655,6.219512,0.251522
rapl,cpu,int,bitonic,max,8,2097152,uniform,21000171,1,bench/results/raw/energy/measurements/20260817_174754_cpu_int_bitonic_q21_k8_max_uniform_s21000171_rep1_rapl.txt,0.163687,2.214988,13.531891,4.871461,1.417596,8.66043,0,rapl:package+core,0.831013,0.831013,0.055695,0.055695,0.559696979605,0.559696979605,1.78627,0.12881
rapl,cpu,int,bitonic,max,8,2097152,uniform,21000171,2,bench/results/raw/energy/measurements/20260817_174754_cpu_int_bitonic_q21_k8_max_uniform_s21000171_rep2_rapl.txt,0.155649,2.119321,13.616053,4.871461,1.361084,8.744592,0,rapl:package+core,0.853026,0.853026,0.049952,0.049952,0.609686780128,0.609686780128,1.707919,0.121325
rapl,cpu,int,bitonic,max,8,2097152,uniform,21000171,3,bench/results/raw/energy/measurements/20260817_174754_cpu_int_bitonic_q21_k8_max_uniform_s21000171_rep3_rapl.txt,0.159078,2.13432,13.416804,4.871461,1.359377,8.545343,0,rapl:package+core,0.818575,0.818575,0.052401,0.052401,0.563305572139,0.563305572139,1.721148,0.123192
rapl,cpu,int,bitonic,max,131072,4194304,uniform,22131238,1,bench/results/raw/energy/measurements/20260817_174754_cpu_int_bitonic_q22_k131072_max_uniform_s22131238_rep1_rapl.txt,0.892854,23.947523,26.821328,4.871461,19.598021,21.949867,0,rapl:package+core,19.184064,19.184064,0.669163,0.669163,15.9242625429,15.9242625429,21.632548,0.790025
rapl,cpu,int,bitonic,max,131072,4194304,uniform,22131238,2,bench/results/raw/energy/measurements/20260817_174754_cpu_int_bitonic_q22_k131072_max_uniform_s22131238_rep2_rapl.txt,0.940334,24.459001,26.010976,4.871461,19.878201,21.139515,0,rapl:package+core,19.223705,19.223705,0.683063,0.683063,15.896190235,15.896190235,21.636272,0.804876
rapl,cpu,int,bitonic,max,131072,4194304,uniform,22131238,3,bench/results/raw/energy/measurements/20260817_174754_cpu_int_bitonic_q22_k131072_max_uniform_s22131238_rep3_rapl.txt,0.775316,22.308005,28.772782,4.871461,18.531082,23.901321,0,rapl:package+core,17.501323,17.501323,0.553318,0.553318,14.8058559424,14.8058559424,19.929771,0.671415
rapl,cpu,int,bitonic,max,256,4194304,uniform,22000422,1,bench/results/raw/energy/measurements/20260817_174754_cpu_int_bitonic_q22_k256_max_uniform_s22000422_rep1_rapl.txt,0.401917,8.967142,22.310957,4.871461,7.009221,17.439496,0,rapl:package+core,5.281932,5.281932,0.21625,0.21625,4.22847855875,4.22847855875,7.77302,0.329119
rapl,cpu,int,bitonic,max,256,4194304,uniform,22000422,2,bench/results/raw/energy/measurements/20260817_174754_cpu_int_bitonic_q22_k256_max_uniform_s22000422_rep2_rapl.txt,0.404202,9.010596,22.292323,4.871461,7.041543,17.420862,0,rapl:package+core,5.563634,5.563634,0.220389,0.220389,4.49001758167,4.49001758167,7.795098,0.33068
rapl,cpu,int,bitonic,max,256,4194304,uniform,22000422,3,bench/results/raw/energy/measurements/20260817_174754_cpu_int_bitonic_q22_k256_max_uniform_s22000422_rep3_rapl.txt,0.405812,9.043996,22.286197,4.871461,7.067101,17.414736,0,rapl:package+core,5.417141,5.417141,0.216142,0.216142,4.36421367654,4.36421367654,7.847647,0.332162
rapl,cpu,int,bitonic,max,4096,4194304,uniform,22004262,1,bench/results/raw/energy/measurements/20260817_174754_cpu_int_bitonic_q22_k4096_max_uniform_s22004262_rep1_rapl.txt,0.544412,13.651867,25.076335,4.871461,10.999783,20.204874,0,rapl:package+core,9.729293,9.729293,0.346697,0.346697,8.04037208568,8.04037208568,12.113494,0.462194
rapl,cpu,int,bitonic,max,4096,4194304,uniform,22004262,2,bench/results/raw/energy/measurements/20260817_174754_cpu_int_bitonic_q22_k4096_max_uniform_s22004262_rep2_rapl.txt,0.535051,13.5737,25.369001,4.871461,10.967222,20.49754,0,rapl:package+core,9.555521,9.555521,0.340499,0.340499,7.89679340096,7.89679340096,11.990698,0.453394
rapl,cpu,int,bitonic,max,4096,4194304,uniform,22004262,3,bench/results/raw/energy/measurements/20260817_174754_cpu_int_bitonic_q22_k4096_max_uniform_s22004262_rep3_rapl.txt,0.534129,13.575165,25.415499,4.871461,10.973175,20.544038,0,rapl:package+core,9.657749,9.657749,0.3401,0.3401,8.0009651139,8.0009651139,11.977683,0.45223
rapl,cpu,int,bitonic,max,8,4194304,uniform,22000174,1,bench/results/raw/energy/measurements/20260817_174754_cpu_int_bitonic_q22_k8_max_uniform_s22000174_rep1_rapl.txt,0.282336,4.418656,15.650372,4.871461,3.04327,10.778911,0,rapl:package+core,1.486148,1.486148,0.106909,0.106909,0.965344975951,0.965344975951,3.663583,0.220262
rapl,cpu,int,bitonic,max,8,4194304,uniform,22000174,2,bench/results/raw/energy/measurements/20260817_174754_cpu_int_bitonic_q22_k8_max_uniform_s22000174_rep2_rapl.txt,0.282451,4.434875,15.701414,4.871461,3.058928,10.829953,0,rapl:package+core,1.453489,1.453489,0.107226,0.107226,0.931141722814,0.931141722814,3.693107,0.220948
rapl,cpu,int,bitonic,max,8,4194304,uniform,22000174,3,bench/results/raw/energy/measurements/20260817_174754_cpu_int_bitonic_q22_k8_max_uniform_s22000174_rep3_rapl.txt,0.270614,4.305335,15.909483,4.871461,2.987048,11.038022,0,rapl:package+core,1.424518,1.424518,0.104432,0.104432,0.915781584848,0.915781584848,3.563521,0.209961
rapl,cpu,int,bitonic,max,131072,8388608,uniform,23131241,1,bench/results/raw/energy/measurements/20260817_174754_cpu_int_bitonic_q23_k131072_max_uniform_s23131241_rep1_rapl.txt,1.511665,44.646098,29.534384,4.871461,37.28208,24.662923,0,rapl:package+core,36.291609,36.291609,1.103751,1.103751,30.9147290498,30.9147290498,39.914364,1.306421
rapl,cpu,int,bitonic,max,131072,8388608,uniform,23131241,2,bench/results/raw/energy/measurements/20260817_174754_cpu_int_bitonic_q23_k131072_max_uniform_s23131241_rep2_rapl.txt,1.502312,44.513171,29.62977,4.871461,37.194715,24.758309,0,rapl:package+core,36.027795,36.027795,1.090787,1.090787,30.7140686702,30.7140686702,39.702201,1.29291
rapl,cpu,int,bitonic,max,131072,8388608,uniform,23131241,3,bench/results/raw/energy/measurements/20260817_174754_cpu_int_bitonic_q23_k131072_max_uniform_s23131241_rep3_rapl.txt,1.497933,44.395607,29.637909,4.871461,37.098484,24.766448,0,rapl:package+core,35.996905,35.996905,1.090187,1.090187,30.6861015468,30.6861015468,39.641001,1.292908
rapl,cpu,int,bitonic,max,256,8388608,uniform,23000425,1,bench/results/raw/energy/measurements/20260817_174754_cpu_int_bitonic_q23_k256_max_uniform_s23000425_rep1_rapl.txt,0.804754,19.006463,23.617716,4.871461,15.086133,18.746255,0,rapl:package+core,12.865315,12.865315,0.471608,0.471608,10.5678950207,10.5678950207,16.69216,0.668353
rapl,cpu,int,bitonic,max,256,8388608,uniform,23000425,2,bench/results/raw/energy/measurements/20260817_174754_cpu_int_bitonic_q23_k256_max_uniform_s23000425_rep2_rapl.txt,0.80709,19.024941,23.572266,4.871461,15.093233,18.700805,0,rapl:package+core,12.842398,12.842398,0.472091,0.472091,10.542625105,10.542625105,16.674691,0.670911
rapl,cpu,int,bitonic,max,256,8388608,uniform,23000425,3,bench/results/raw/energy/measurements/20260817_174754_cpu_int_bitonic_q23_k256_max_uniform_s23000425_rep3_rapl.txt,0.805109,18.914107,23.492603,4.871461,14.99205,18.621142,0,rapl:package+core,12.560932,12.560932,0.468018,0.468018,10.2810005657,10.2810005657,16.542022,0.668381
rapl,cpu,int,bitonic,max,4096,8388608,uniform,23004265,1,bench/results/raw/energy/measurements/20260817_174754_cpu_int_bitonic_q23_k4096_max_uniform_s23004265_rep1_rapl.txt,1.049339,27.183042,25.90493,4.871461,22.07123,21.033469,0,rapl:package+core,20.22344,20.22344,0.68837,0.68837,16.8700723914,16.8700723914,24.061484,0.88974
rapl,cpu,int,bitonic,max,4096,8388608,uniform,23004265,2,bench/results/raw/energy/measurements/20260817_174754_cpu_int_bitonic_q23_k4096_max_uniform_s23004265_rep2_rapl.txt,1.052064,27.211484,25.864852,4.871461,22.086394,20.993391,0,rapl:package+core,20.108735,20.108735,0.688318,0.688318,16.7556207074,16.7556207074,24.09374,0.892262
rapl,cpu,int,bitonic,max,4096,8388608,uniform,23004265,3,bench/results/raw/energy/measurements/20260817_174754_cpu_int_bitonic_q23_k4096_max_uniform_s23004265_rep3_rapl.txt,1.053246,27.319144,25.938052,4.871461,22.188298,21.066591,0,rapl:package+core,20.348495,20.348495,0.693017,0.693017,16.9724897122,16.9724897122,24.183579,0.89389
rapl,cpu,int,bitonic,max,8,8388608,uniform,23000177,1,bench/results/raw/energy/measurements/20260817_174754_cpu_int_bitonic_q23_k8_max_uniform_s23000177_rep1_rapl.txt,0.521266,8.639369,16.573806,4.871461,6.10004,11.702345,0,rapl:package+core,3.591899,3.591899,0.216898,0.216898,2.53528885202,2.53528885202,7.165599,0.409702
rapl,cpu,int,bitonic,max,8,8388608,uniform,23000177,2,bench/results/raw/energy/measurements/20260817_174754_cpu_int_bitonic_q23_k8_max_uniform_s23000177_rep2_rapl.txt,0.531462,9.082935,17.090463,4.871461,6.493938,12.219002,0,rapl:package+core,3.719858,3.719858,0.215394,0.215394,2.67057452937,2.67057452937,7.241126,0.413331
rapl,cpu,int,bitonic,max,8,8388608,uniform,23000177,3,bench/results/raw/energy/measurements/20260817_174754_cpu_int_bitonic_q23_k8_max_uniform_s23000177_rep3_rapl.txt,0.521732,8.570952,16.427872,4.871461,6.029353,11.556411,0,rapl:package+core,3.741293,3.741293,0.216661,0.216661,2.68583738828,2.68583738828,7.148586,0.409232
rapl,cpu,int,bitonic,max,131072,16777216,uniform,24131244,1,bench/results/raw/energy/measurements/20260817_174754_cpu_int_bitonic_q24_k131072_max_uniform_s24131244_rep1_rapl.txt,2.952218,88.028819,29.817856,4.871461,73.647203,24.946395,0,rapl:package+core,73.650623,73.650623,2.196759,2.196759,62.9491972051,62.9491972051,78.856427,2.561063
rapl,cpu,int,bitonic,max,131072,16777216,uniform,24131244,2,bench/results/raw/energy/measurements/20260817_174754_cpu_int_bitonic_q24_k131072_max_uniform_s24131244_rep2_rapl.txt,2.93743,87.969724,29.947852,4.871461,73.660148,25.076391,0,rapl:package+core,73.427784,73.427784,2.188727,2.188727,62.7654857799,62.7654857799,78.665807,2.546437
rapl,cpu,int,bitonic,max,131072,16777216,uniform,24131244,3,bench/results/raw/energy/measurements/20260817_174754_cpu_int_bitonic_q24_k131072_max_uniform_s24131244_rep3_rapl.txt,2.960381,88.307064,29.829633,4.871461,73.885686,24.958172,0,rapl:package+core,73.859328,73.859328,2.20364,2.20364,63.124381682,63.124381682,79.095595,2.569557
rapl,cpu,int,bitonic,max,256,16777216,uniform,24000428,1,bench/results/raw/energy/measurements/20260817_174754_cpu_int_bitonic_q24_k256_max_uniform_s24000428_rep1_rapl.txt,1.549164,38.361771,24.762885,4.871461,30.815079,19.891424,0,rapl:package+core,27.478409,27.478409,0.933226,0.933226,22.9322349368,22.9322349368,33.740778,1.287539
rapl,cpu,int,bitonic,max,256,16777216,uniform,24000428,2,bench/results/raw/energy/measurements/20260817_174754_cpu_int_bitonic_q24_k256_max_uniform_s24000428_rep2_rapl.txt,1.554299,38.564977,24.811812,4.871461,30.993269,19.940351,0,rapl:package+core,27.662679,27.662679,0.943693,0.943693,23.0655153545,23.0655153545,33.929153,1.293497
rapl,cpu,int,bitonic,max,256,16777216,uniform,24000428,3,bench/results/raw/energy/measurements/20260817_174754_cpu_int_bitonic_q24_k256_max_uniform_s24000428_rep3_rapl.txt,1.533076,38.352707,25.01684,4.871461,30.884389,20.145379,0,rapl:package+core,27.513835,27.513835,0.927494,0.927494,22.9955841513,22.9955841513,33.762139,1.273358
rapl,cpu,int,bitonic,max,4096,16777216,uniform,24004268,1,bench/results/raw/energy/measurements/20260817_174754_cpu_int_bitonic_q24_k4096_max_uniform_s24004268_rep1_rapl.txt,2.037637,54.921567,26.953558,4.871461,44.995298,22.082097,0,rapl:package+core,42.796964,42.796964,1.386213,1.386213,36.0440814328,36.0440814328,48.808221,1.732359
rapl,cpu,int,bitonic,max,4096,16777216,uniform,24004268,2,bench/results/raw/energy/measurements/20260817_174754_cpu_int_bitonic_q24_k4096_max_uniform_s24004268_rep2_rapl.txt,2.056184,55.220136,26.855642,4.871461,45.203517,21.984181,0,rapl:package+core,42.985002,42.985002,1.399719,1.399719,36.1663254805,36.1663254805,49.121224,1.751099
rapl,cpu,int,bitonic,max,4096,16777216,uniform,24004268,3,bench/results/raw/energy/measurements/20260817_174754_cpu_int_bitonic_q24_k4096_max_uniform_s24004268_rep3_rapl.txt,2.036565,55.005792,27.009098,4.871461,45.084744,22.137637,0,rapl:package+core,42.816318,42.816318,1.387459,1.387459,36.0573655924,36.0573655924,48.844063,1.733334
rapl,cpu,int,bitonic,max,8,16777216,uniform,24000180,1,bench/results/raw/energy/measurements/20260817_174754_cpu_int_bitonic_q24_k8_max_uniform_s24000180_rep1_rapl.txt,1.04796,18.052304,17.226138,4.871461,12.947208,12.354677,0,rapl:package+core,9.510345,9.510345,0.487071,0.487071,7.13759761927,7.13759761927,15.283404,0.83143
rapl,cpu,int,bitonic,max,8,16777216,uniform,24000180,2,bench/results/raw/energy/measurements/20260817_174754_cpu_int_bitonic_q24_k8_max_uniform_s24000180_rep2_rapl.txt,1.050344,18.053433,17.188115,4.871461,12.936723,12.316654,0,rapl:package+core,9.351459,9.351459,0.481126,0.481126,7.00767245491,7.00767245491,15.165857,0.833128
rapl,cpu,int,bitonic,max,8,16777216,uniform,24000180,3,bench/results/raw/energy/measurements/20260817_174754_cpu_int_bitonic_q24_k8_max_uniform_s24000180_rep3_rapl.txt,1.050678,17.8554,16.994173,4.871461,12.737064,12.122712,0,rapl:package+core,9.323459,9.323459,0.479155,0.479155,6.98927410455,6.98927410455,15.067382,0.833851
rapl,cpu,int,gt,max,256,65536,uniform,16000404,1,bench/results/raw/energy/measurements/20260817_174754_cpu_int_gt_q16_k256_max_uniform_s16000404_rep1_rapl.txt,0.008934,0.096812,10.835752,4.871461,0.053288,5.964291,0,rapl:package+core,0.032088,0.032088,0.003356,0.003356,0.015739376884,0.015739376884,0.042708,0.004926
rapl,cpu,int,gt,max,256,65536,uniform,16000404,2,bench/results/raw/energy/measurements/20260817_174754_cpu_int_gt_q16_k256_max_uniform_s16000404_rep2_rapl.txt,0.009197,0.095378,10.370291,4.871461,0.050574,5.49883,0,rapl:package+core,0.02635,0.02635,0.003355,0.003355,0.010006248345,0.010006248345,0.051923,0.004924
rapl,cpu,int,gt,max,256,65536,uniform,16000404,3,bench/results/raw/energy/measurements/20260817_174754_cpu_int_gt_q16_k256_max_uniform_s16000404_rep3_rapl.txt,0.008947,0.088054,9.841325,4.871461,0.044467,4.969864,0,rapl:package+core,0.033018,0.033018,0.003352,0.003352,0.016688862728,0.016688862728,0.043668,0.004947
rapl,cpu,int,gt,max,4096,65536,uniform,16004244,1,bench/results/raw/energy/measurements/20260817_174754_cpu_int_gt_q16_k4096_max_uniform_s16004244_rep1_rapl.txt,0.034725,0.324095,9.333138,4.871461,0.154933,4.461677,0,rapl:package+core,0.259981,0.259981,0.026393,0.026393,0.131408529827,0.131408529827,0.259981,0.028005
rapl,cpu,int,gt,max,4096,65536,uniform,16004244,2,bench/results/raw/energy/measurements/20260817_174754_cpu_int_gt_q16_k4096_max_uniform_s16004244_rep2_rapl.txt,0.034856,0.309371,8.875729,4.871461,0.139572,4.004268,0,rapl:package+core,0.232867,0.232867,0.026589,0.026589,0.103339723471,0.103339723471,0.242526,0.028181
rapl,cpu,int,gt,max,4096,65536,uniform,16004244,3,bench/results/raw/energy/measurements/20260817_174754_cpu_int_gt_q16_k4096_max_uniform_s16004244_rep3_rapl.txt,0.036654,0.309158,8.434387,4.871461,0.130597,3.562926,0,rapl:package+core,0.225239,0.225239,0.026784,0.026784,0.094761788576,0.094761788576,0.246051,0.028432
rapl,cpu,int,gt,max,8,65536,uniform,16000156,1,bench/results/raw/energy/measurements/20260817_174754_cpu_int_gt_q16_k8_max_uniform_s16000156_rep1_rapl.txt,0.007665,0.092342,12.04773,4.871461,0.055004,7.176269,0,rapl:package+core,0.020186,0.020186,0.002163,0.002163,0.009649029857,0.009649029857,0.040434,0.003733
rapl,cpu,int,gt,max,8,65536,uniform,16000156,2,bench/results/raw/energy/measurements/20260817_174754_cpu_int_gt_q16_k8_max_uniform_s16000156_rep2_rapl.txt,0.008209,0.102885,12.532482,4.871461,0.062893,7.661021,0,rapl:package+core,0.028517,0.028517,0.002405,0.002405,0.016801136295,0.016801136295,0.051618,0.004107
rapl,cpu,int,gt,max,8,65536,uniform,16000156,3,bench/results/raw/energy/measurements/20260817_174754_cpu_int_gt_q16_k8_max_uniform_s16000156_rep3_rapl.txt,0.007818,0.090739,11.606445,4.871461,0.052654,6.734984,0,rapl:package+core,0.021513,0.021513,0.002233,0.002233,0.010635027587,0.010635027587,0.033811,0.003857
rapl,cpu,int,gt,max,131072,131072,uniform,17131223,1,bench/results/raw/energy/measurements/20260817_174754_cpu_int_gt_q17_k131072_max_uniform_s17131223_rep1_rapl.txt,0.351782,2.247473,6.388822,4.871461,0.53378,1.517361,0,rapl:package+core,1.903711,1.903711,0.310418,0.310418,0.391521819302,0.391521819302,1.935996,0.313783
rapl,cpu,int,gt,max,131072,131072,uniform,17131223,2,bench/results/raw/energy/measurements/20260817_174754_cpu_int_gt_q17_k131072_max_uniform_s17131223_rep2_rapl.txt,0.350889,2.425641,6.912835,4.871461,0.716297,2.041374,0,rapl:package+core,2.060197,2.060197,0.309588,0.309588,0.552051131932,0.552051131932,2.09236,0.31292
rapl,cpu,int,gt,max,131072,131072,uniform,17131223,3,bench/results/raw/energy/measurements/20260817_174754_cpu_int_gt_q17_k131072_max_uniform_s17131223_rep3_rapl.txt,0.351151,2.255788,6.423974,4.871461,0.545167,1.552513,0,rapl:package+core,1.89628,1.89628,0.309775,0.309775,0.387223168725,0.387223168725,1.93354,0.313001
rapl,cpu,int,gt,max,256,131072,uniform,17000407,1,bench/results/raw/energy/measurements/20260817_174754_cpu_int_gt_q17_k256_max_uniform_s17000407_rep1_rapl.txt,0.011931,0.118692,9.948051,4.871461,0.06057,5.07659,0,rapl:package+core,0.053738,0.053738,0.004695,0.004695,0.030866490605,0.030866490605,0.064053,0.006771
rapl,cpu,int,gt,max,256,131072,uniform,17000407,2,bench/results/raw/energy/measurements/20260817_174754_cpu_int_gt_q17_k256_max_uniform_s17000407_rep2_rapl.txt,0.011958,0.127846,10.691357,4.871461,0.069594,5.819896,0,rapl:package+core,0.044402,0.044402,0.00466,0.00466,0.02170099174,0.02170099174,0.069912,0.006802
rapl,cpu,int,gt,max,256,131072,uniform,17000407,3,bench/results/raw/energy/measurements/20260817_174754_cpu_int_gt_q17_k256_max_uniform_s17000407_rep3_rapl.txt,0.01178,0.115885,9.837616,4.871461,0.0585,4.966155,0,rapl:package+core,0.04968,0.04968,0.004548,0.004548,0.027524595372,0.027524595372,0.059995,0.00663
rapl,cpu,int,gt,max,4096,131072,uniform,17004247,1,bench/results/raw/energy/measurements/20260817_174754_cpu_int_gt_q17_k4096_max_uniform_s17004247_rep1_rapl.txt,0.04397,0.387614,8.815494,4.871461,0.173418,3.944033,0,rapl:package+core,0.296098,0.296098,0.03373,0.03373,0.13178362047,0.13178362047,0.305603,0.035836
rapl,cpu,int,gt,max,4096,131072,uniform,17004247,2,bench/results/raw/energy/measurements/20260817_174754_cpu_int_gt_q17_k4096_max_uniform_s17004247_rep2_rapl.txt,0.045135,0.389125,8.621445,4.871461,0.169254,3.749984,0,rapl:package+core,0.283495,0.283495,0.033346,0.033346,0.121051261494,0.121051261494,0.302521,0.035477
rapl,cpu,int,gt,max,4096,131072,uniform,17004247,3,bench/results/raw/energy/measurements/20260817_174754_cpu_int_gt_q17_k4096_max_uniform_s17004247_rep3_rapl.txt,0.04517,0.401164,8.881285,4.871461,0.181122,4.009824,0,rapl:package+core,0.291948,0.291948,0.034908,0.034908,0.121895039412,0.121895039412,0.322051,0.037037
rapl,cpu,int,gt,max,8,131072,uniform,17000159,1,bench/results/raw/energy/measurements/20260817_174754_cpu_int_gt_q17_k8_max_uniform_s17000159_rep1_rapl.txt,0.009192,0.109248,11.885747,4.871461,0.064472,7.014286,0,rapl:package+core,0.02159,0.02159,0.002673,0.002673,0.008568584747,0.008568584747,0.047849,0.004329
rapl,cpu,int,gt,max,8,131072,uniform,17000159,2,bench/results/raw/energy/measurements/20260817_174754_cpu_int_gt_q17_k8_max_uniform_s17000159_rep2_rapl.txt,0.010035,0.097529,9.719078,4.871461,0.048645,4.847617,0,rapl:package+core,0,0,0.003131,0.003131,0,0,0.053922,0.00522
rapl,cpu,int,gt,max,8,131072,uniform,17000159,3,bench/results/raw/energy/measurements/20260817_174754_cpu_int_gt_q17_k8_max_uniform_s17000159_rep3_rapl.txt,0.01027,0.113367,11.038529,4.871461,0.063337,6.167068,0,rapl:package+core,0.03639,0.03639,0.00308,0.00308,0.02138590012,0.02138590012,0.059537,0.005159
rapl,cpu,int,gt,max,131072,262144,uniform,18131226,1,bench/results/raw/energy/measurements/20260817_174754_cpu_int_gt_q18_k131072_max_uniform_s18131226_rep1_rapl.txt,0.61467,3.924816,6.385238,4.871461,0.930474,1.513777,0,rapl:package+core,3.370096,3.370096,0.546948,0.546948,0.705660148972,0.705660148972,3.400749,0.551551
rapl,cpu,int,gt,max,131072,262144,uniform,18131226,2,bench/results/raw/energy/measurements/20260817_174754_cpu_int_gt_q18_k131072_max_uniform_s18131226_rep2_rapl.txt,0.614527,3.838882,6.246887,4.871461,0.845237,1.375426,0,rapl:package+core,3.258712,3.258712,0.547105,0.547105,0.593511329595,0.593511329595,3.290281,0.551385
rapl,cpu,int,gt,max,131072,262144,uniform,18131226,3,bench/results/raw/energy/measurements/20260817_174754_cpu_int_gt_q18_k131072_max_uniform_s18131226_rep3_rapl.txt,0.614025,3.856689,6.281,4.871461,0.865492,1.409539,0,rapl:package+core,3.289686,3.289686,0.546524,0.546524,0.627315648436,0.627315648436,3.304181,0.550764
rapl,cpu,int,gt,max,256,262144,uniform,18000410,1,bench/results/raw/energy/measurements/20260817_174754_cpu_int_gt_q18_k256_max_uniform_s18000410_rep1_rapl.txt,0.016467,0.171683,10.425973,4.871461,0.091465,5.554512,0,rapl:package+core,0.074108,0.074108,0.006683,0.006683,0.041552026137,0.041552026137,0.096705,0.00956
rapl,cpu,int,gt,max,256,262144,uniform,18000410,2,bench/results/raw/energy/measurements/20260817_174754_cpu_int_gt_q18_k256_max_uniform_s18000410_rep2_rapl.txt,0.01646,0.163932,9.959308,4.871461,0.083747,5.087847,0,rapl:package+core,0.075009,0.075009,0.006749,0.006749,0.042131509711,0.042131509711,0.098399,0.009656
rapl,cpu,int,gt,max,256,262144,uniform,18000410,3,bench/results/raw/energy/measurements/20260817_174754_cpu_int_gt_q18_k256_max_uniform_s18000410_rep3_rapl.txt,0.016446,0.161735,9.834096,4.871461,0.081617,4.962635,0,rapl:package+core,0.048413,0.048413,0.00667,0.00667,0.01592035513,0.01592035513,0.096888,0.009545
rapl,cpu,int,gt,max,4096,262144,uniform,18004250,1,bench/results/raw/energy/measurements/20260817_174754_cpu_int_gt_q18_k4096_max_uniform_s18004250_rep1_rapl.txt,0.054887,0.472739,8.612941,4.871461,0.205359,3.74148,0,rapl:package+core,0.368771,0.368771,0.041174,0.041174,0.168193464786,0.168193464786,0.379375,0.044101
rapl,cpu,int,gt,max,4096,262144,uniform,18004250,2,bench/results/raw/energy/measurements/20260817_174754_cpu_int_gt_q18_k4096_max_uniform_s18004250_rep2_rapl.txt,0.056541,0.48493,8.576577,4.871461,0.209492,3.705116,0,rapl:package+core,0.32324,0.32324,0.041622,0.041622,0.120480050258,0.120480050258,0.367183,0.044536
rapl,cpu,int,gt,max,4096,262144,uniform,18004250,3,bench/results/raw/energy/measurements/20260817_174754_cpu_int_gt_q18_k4096_max_uniform_s18004250_rep3_rapl.txt,0.055442,0.509358,9.187167,4.871461,0.239273,4.315706,0,rapl:package+core,0.37881,0.37881,0.040382,0.040382,0.182090661898,0.182090661898,0.40278,0.043351
rapl,cpu,int,gt,max,8,262144,uniform,18000162,1,bench/results/raw/energy/measurements/20260817_174754_cpu_int_gt_q18_k8_max_uniform_s18000162_rep1_rapl.txt,0.01534,0.148414,9.674911,4.871461,0.073685,4.80345,0,rapl:package+core,0.084545,0.084545,0.005366,0.005366,0.058404740274,0.058404740274,0.084545,0.008403
rapl,cpu,int,gt,max,8,262144,uniform,18000162,2,bench/results/raw/energy/measurements/20260817_174754_cpu_int_gt_q18_k8_max_uniform_s18000162_rep2_rapl.txt,0.015018,0.148842,9.910916,4.871461,0.075682,5.039455,0,rapl:package+core,0.045697,0.045697,0.005191,0.005191,0.020409245949,0.020409245949,0.078243,0.008166
rapl,cpu,int,gt,max,8,262144,uniform,18000162,3,bench/results/raw/energy/measurements/20260817_174754_cpu_int_gt_q18_k8_max_uniform_s18000162_rep3_rapl.txt,0.014623,0.151894,10.387218,4.871461,0.080658,5.515757,0,rapl:package+core,0.04466,0.04466,0.005024,0.005024,0.020185779936,0.020185779936,0.07867,0.007901
rapl,cpu,int,gt,max,131072,524288,uniform,19131229,1,bench/results/raw/energy/measurements/20260817_174754_cpu_int_gt_q19_k131072_max_uniform_s19131229_rep1_rapl.txt,0.93598,6.517333,6.963109,4.871461,1.957741,2.091648,0,rapl:package+core,5.767952,5.767952,0.83436,0.83436,1.70339980004,1.70339980004,5.797354,0.840853
rapl,cpu,int,gt,max,131072,524288,uniform,19131229,2,bench/results/raw/energy/measurements/20260817_174754_cpu_int_gt_q19_k131072_max_uniform_s19131229_rep2_rapl.txt,0.935759,6.726947,7.188761,4.871461,2.168434,2.3173,0,rapl:package+core,5.90184,5.90184,0.834455,0.834455,1.83682501125,1.83682501125,5.925551,0.840696
rapl,cpu,int,gt,max,131072,524288,uniform,19131229,3,bench/results/raw/energy/measurements/20260817_174754_cpu_int_gt_q19_k131072_max_uniform_s19131229_rep3_rapl.txt,0.933184,6.271999,6.721077,4.871461,1.726031,1.849616,0,rapl:package+core,5.432367,5.432367,0.832399,0.832399,1.37736773506,1.37736773506,5.455223,0.838414
rapl,cpu,int,gt,max,256,524288,uniform,19000413,1,bench/results/raw/energy/measurements/20260817_174754_cpu_int_gt_q19_k256_max_uniform_s19000413_rep1_rapl.txt,0.025396,0.253832,9.995011,4.871461,0.130117,5.12355,0,rapl:package+core,0.093653,0.093653,0.010789,0.010789,0.041094807271,0.041094807271,0.152015,0.015597
rapl,cpu,int,gt,max,256,524288,uniform,19000413,2,bench/results/raw/energy/measurements/20260817_174754_cpu_int_gt_q19_k256_max_uniform_s19000413_rep2_rapl.txt,0.025187,0.25017,9.932405,4.871461,0.127471,5.060944,0,rapl:package+core,0.109538,0.109538,0.010724,0.010724,0.057296452236,0.057296452236,0.141396,0.015333
rapl,cpu,int,gt,max,256,524288,uniform,19000413,3,bench/results/raw/energy/measurements/20260817_174754_cpu_int_gt_q19_k256_max_uniform_s19000413_rep3_rapl.txt,0.02684,0.253405,9.441161,4.871461,0.122653,4.5697,0,rapl:package+core,0.104258,0.104258,0.011762,0.011762,0.046959875718,0.046959875718,0.159568,0.016959
rapl,cpu,int,gt,max,4096,524288,uniform,19004253,1,bench/results/raw/energy/measurements/20260817_174754_cpu_int_gt_q19_k4096_max_uniform_s19004253_rep1_rapl.txt,0.068877,0.598602,8.690916,4.871461,0.263072,3.819455,0,rapl:package+core,0.40533,0.40533,0.050043,0.050043,0.161547477177,0.161547477177,0.453895,0.054806
rapl,cpu,int,gt,max,4096,524288,uniform,19004253,2,bench/results/raw/energy/measurements/20260817_174754_cpu_int_gt_q19_k4096_max_uniform_s19004253_rep2_rapl.txt,0.070647,0.618437,8.753844,4.871461,0.274281,3.882383,0,rapl:package+core,0.406185,0.406185,0.052052,0.052052,0.152615712028,0.152615712028,0.463905,0.056732
rapl,cpu,int,gt,max,4096,524288,uniform,19004253,3,bench/results/raw/energy/measurements/20260817_174754_cpu_int_gt_q19_k4096_max_uniform_s19004253_rep3_rapl.txt,0.069331,0.585694,8.447802,4.871461,0.247951,3.576341,0,rapl:package+core,0.400751,0.400751,0.050517,0.050517,0.154659404663,0.154659404663,0.453758,0.055269
rapl,cpu,int,gt,max,8,524288,uniform,19000165,1,bench/results/raw/energy/measurements/20260817_174754_cpu_int_gt_q19_k8_max_uniform_s19000165_rep1_rapl.txt,0.023518,0.254122,10.805496,4.871461,0.139556,5.934035,0,rapl:package+core,0.067578,0.067578,0.008956,0.008956,0.023949195284,0.023949195284,0.138451,0.013704
rapl,cpu,int,gt,max,8,524288,uniform,19000165,2,bench/results/raw/energy/measurements/20260817_174754_cpu_int_gt_q19_k8_max_uniform_s19000165_rep2_rapl.txt,0.022772,0.259416,11.391729,4.871461,0.148482,6.520268,0,rapl:package+core,0.104852,0.104852,0.00864,0.00864,0.06276257696,0.06276257696,0.150688,0.013317
rapl,cpu,int,gt,max,8,524288,uniform,19000165,3,bench/results/raw/energy/measurements/20260817_174754_cpu_int_gt_q19_k8_max_uniform_s19000165_rep3_rapl.txt,0.0234,0.240268,10.267938,4.871461,0.126277,5.396477,0,rapl:package+core,0.122309,0.122309,0.008906,0.008906,0.078923768334,0.078923768334,0.143426,0.013751
rapl,cpu,int,gt,max,131072,1048576,uniform,20131232,1,bench/results/raw/energy/measurements/20260817_174754_cpu_int_gt_q20_k131072_max_uniform_s20131232_rep1_rapl.txt,1.266301,9.078159,7.169038,4.871461,2.909423,2.297577,0,rapl:package+core,8.090951,8.090951,1.129198,1.129198,2.59010698172,2.59010698172,8.135947,1.139569
rapl,cpu,int,gt,max,131072,1048576,uniform,20131232,2,bench/results/raw/energy/measurements/20260817_174754_cpu_int_gt_q20_k131072_max_uniform_s20131232_rep2_rapl.txt,1.253623,8.898313,7.09808,4.871461,2.79134,2.226619,0,rapl:package+core,7.764218,7.764218,1.116979,1.116979,2.32289836368,2.32289836368,7.844184,1.12775
rapl,cpu,int,gt,max,131072,1048576,uniform,20131232,3,bench/results/raw/energy/measurements/20260817_174754_cpu_int_gt_q20_k131072_max_uniform_s20131232_rep3_rapl.txt,1.258844,9.180541,7.292837,4.871461,3.048133,2.421376,0,rapl:package+core,8.090845,8.090845,1.122024,1.122024,2.62494884294,2.62494884294,8.131492,1.132844
rapl,cpu,int,gt,max,256,1048576,uniform,20000416,1,bench/results/raw/energy/measurements/20260817_174754_cpu_int_gt_q20_k256_max_uniform_s20000416_rep1_rapl.txt,0.040145,0.386882,9.637077,4.871461,0.191316,4.765616,0,rapl:package+core,0.169058,0.169058,0.01817,0.01817,0.08054355363,0.08054355363,0.238375,0.025581
rapl,cpu,int,gt,max,256,1048576,uniform,20000416,2,bench/results/raw/energy/measurements/20260817_174754_cpu_int_gt_q20_k256_max_uniform_s20000416_rep2_rapl.txt,0.039866,0.38171,9.57489,4.871461,0.187506,4.703429,0,rapl:package+core,0.154366,0.154366,0.018056,0.018056,0.066406900184,0.066406900184,0.230457,0.025291
rapl,cpu,int,gt,max,256,1048576,uniform,20000416,3,bench/results/raw/energy/measurements/20260817_174754_cpu_int_gt_q20_k256_max_uniform_s20000416_rep3_rapl.txt,0.041533,0.384456,9.256747,4.871461,0.182132,4.385286,0,rapl:package+core,0.156213,0.156213,0.018286,0.018286,0.067133464154,0.067133464154,0.248568,0.025644
rapl,cpu,int,gt,max,4096,1048576,uniform,20004256,1,bench/results/raw/energy/measurements/20260817_174754_cpu_int_gt_q20_k4096_max_uniform_s20004256_rep1_rapl.txt,0.088433,0.766424,8.66674,4.871461,0.335627,3.795279,0,rapl:package+core,0.53647,0.53647,0.063627,0.063627,0.226513550953,0.226513550953,0.584931,0.070113
rapl,cpu,int,gt,max,4096,1048576,uniform,20004256,2,bench/results/raw/energy/measurements/20260817_174754_cpu_int_gt_q20_k4096_max_uniform_s20004256_rep2_rapl.txt,0.090334,0.757255,8.382818,4.871461,0.317196,3.511357,0,rapl:package+core,0.497776,0.497776,0.063607,0.063607,0.187916980173,0.187916980173,0.570573,0.070942
rapl,cpu,int,gt,max,4096,1048576,uniform,20004256,3,bench/results/raw/energy/measurements/20260817_174754_cpu_int_gt_q20_k4096_max_uniform_s20004256_rep3_rapl.txt,0.089875,0.748558,8.328836,4.871461,0.310733,3.457375,0,rapl:package+core,0.506793,0.506793,0.063534,0.063534,0.197289596826,0.197289596826,0.572876,0.070811
rapl,cpu,int,gt,max,8,1048576,uniform,20000168,1,bench/results/raw/energy/measurements/20260817_174754_cpu_int_gt_q20_k8_max_uniform_s20000168_rep1_rapl.txt,0.037185,0.393428,10.580369,4.871461,0.212284,5.708908,0,rapl:package+core,0.137079,0.137079,0.015557,0.015557,0.061293681223,0.061293681223,0.243411,0.022939
rapl,cpu,int,gt,max,8,1048576,uniform,20000168,2,bench/results/raw/energy/measurements/20260817_174754_cpu_int_gt_q20_k8_max_uniform_s20000168_rep2_rapl.txt,0.037598,0.389735,10.365873,4.871461,0.206578,5.494412,0,rapl:package+core,0.158225,0.158225,0.01567,0.01567,0.08188920613,0.08188920613,0.239459,0.02305
rapl,cpu,int,gt,max,8,1048576,uniform,20000168,3,bench/results/raw/energy/measurements/20260817_174754_cpu_int_gt_q20_k8_max_uniform_s20000168_rep3_rapl.txt,0.03699,0.374523,10.124869,4.871461,0.194326,5.253408,0,rapl:package+core,0.163704,0.163704,0.015555,0.015555,0.087928424145,0.087928424145,0.230396,0.022866
rapl,cpu,int,gt,max,131072,2097152,uniform,21131235,1,bench/results/raw/energy/measurements/20260817_174754_cpu_int_gt_q21_k131072_max_uniform_s21131235_rep1_rapl.txt,1.617175,11.812484,7.304396,4.871461,3.934481,2.432935,0,rapl:package+core,10.3762,10.3762,1.429731,1.429731,3.41132119301,3.41132119301,10.55788,1.452403
rapl,cpu,int,gt,max,131072,2097152,uniform,21131235,2,bench/results/raw/energy/measurements/20260817_174754_cpu_int_gt_q21_k131072_max_uniform_s21131235_rep2_rapl.txt,1.614281,12.109023,7.501187,4.871461,4.245116,2.629726,0,rapl:package+core,10.554982,10.554982,1.425184,1.425184,3.61225372618,3.61225372618,10.741403,1.450248
rapl,cpu,int,gt,max,131072,2097152,uniform,21131235,3,bench/results/raw/energy/measurements/20260817_174754_cpu_int_gt_q21_k131072_max_uniform_s21131235_rep3_rapl.txt,1.59027,11.843473,7.447461,4.871461,4.096536,2.576,0,rapl:package+core,10.322969,10.322969,1.403489,1.403489,3.48592707257,3.48592707257,10.48191,1.426775
rapl,cpu,int,gt,max,256,2097152,uniform,21000419,1,bench/results/raw/energy/measurements/20260817_174754_cpu_int_gt_q21_k256_max_uniform_s21000419_rep1_rapl.txt,0.072233,0.698069,9.66407,4.871461,0.346187,4.792609,0,rapl:package+core,0.301942,0.301942,0.032487,0.032487,0.143682846493,0.143682846493,0.458366,0.048185
rapl,cpu,int,gt,max,256,2097152,uniform,21000419,2,bench/results/raw/energy/measurements/20260817_174754_cpu_int_gt_q21_k256_max_uniform_s21000419_rep2_rapl.txt,0.072825,0.692057,9.502958,4.871461,0.337291,4.631497,0,rapl:package+core,0.309202,0.309202,0.032699,0.032699,0.149910096761,0.149910096761,0.460898,0.048738
rapl,cpu,int,gt,max,256,2097152,uniform,21000419,3,bench/results/raw/energy/measurements/20260817_174754_cpu_int_gt_q21_k256_max_uniform_s21000419_rep3_rapl.txt,0.072366,0.684032,9.452395,4.871461,0.331504,4.580934,0,rapl:package+core,0.303573,0.303573,0.032715,0.032715,0.144203153385,0.144203153385,0.446724,0.048634
rapl,cpu,int,gt,max,4096,2097152,uniform,21004259,1,bench/results/raw/energy/measurements/20260817_174754_cpu_int_gt_q21_k4096_max_uniform_s21004259_rep1_rapl.txt,0.129639,1.108005,8.546871,4.871461,0.476475,3.67541,0,rapl:package+core,0.710458,0.710458,0.085163,0.085163,0.295589766857,0.295589766857,0.84508,0.100338
rapl,cpu,int,gt,max,4096,2097152,uniform,21004259,2,bench/results/raw/energy/measurements/20260817_174754_cpu_int_gt_q21_k4096_max_uniform_s21004259_rep2_rapl.txt,0.128846,1.117145,8.670378,4.871461,0.489476,3.798917,0,rapl:package+core,0.69572,0.69572,0.084708,0.084708,0.283068281612,0.283068281612,0.832889,0.099885
rapl,cpu,int,gt,max,4096,2097152,uniform,21004259,3,bench/results/raw/energy/measurements/20260817_174754_cpu_int_gt_q21_k4096_max_uniform_s21004259_rep3_rapl.txt,0.130322,1.119922,8.593501,4.871461,0.485064,3.72204,0,rapl:package+core,0.706232,0.706232,0.084422,0.084422,0.294973519458,0.294973519458,0.851854,0.101169
rapl,cpu,int,gt,max,8,2097152,uniform,21000171,1,bench/results/raw/energy/measurements/20260817_174754_cpu_int_gt_q21_k8_max_uniform_s21000171_rep1_rapl.txt,0.06961,0.704569,10.121681,4.871461,0.365467,5.25022,0,rapl:package+core,0.284025,0.284025,0.029806,0.029806,0.138826233434,0.138826233434,0.443138,0.045681
rapl,cpu,int,gt,max,8,2097152,uniform,21000171,2,bench/results/raw/energy/measurements/20260817_174754_cpu_int_gt_q21_k8_max_uniform_s21000171_rep2_rapl.txt,0.069477,0.687327,9.892893,4.871461,0.348873,5.021432,0,rapl:package+core,0.262756,0.262756,0.029785,0.029785,0.117659534115,0.117659534115,0.433922,0.045633
rapl,cpu,int,gt,max,8,2097152,uniform,21000171,3,bench/results/raw/energy/measurements/20260817_174754_cpu_int_gt_q21_k8_max_uniform_s21000171_rep3_rapl.txt,0.068658,0.695277,10.12669,4.871461,0.360813,5.255229,0,rapl:package+core,0.29451,0.29451,0.029779,0.029779,0.149442762881,0.149442762881,0.45269,0.045299
rapl,cpu,int,gt,max,131072,4194304,uniform,22131238,1,bench/results/raw/energy/measurements/20260817_174754_cpu_int_gt_q22_k131072_max_uniform_s22131238_rep1_rapl.txt,2.03229,15.046814,7.403872,4.871461,5.146593,2.532411,0,rapl:package+core,13.012492,13.012492,1.769191,1.769191,4.39394704195,4.39394704195,13.404962,1.817183
rapl,cpu,int,gt,max,131072,4194304,uniform,22131238,2,bench/results/raw/energy/measurements/20260817_174754_cpu_int_gt_q22_k131072_max_uniform_s22131238_rep2_rapl.txt,2.033779,15.154917,7.451606,4.871461,5.247444,2.580145,0,rapl:package+core,13.131773,13.131773,1.768738,1.768738,4.51543481378,4.51543481378,13.414223,1.818106
rapl,cpu,int,gt,max,131072,4194304,uniform,22131238,3,bench/results/raw/energy/measurements/20260817_174754_cpu_int_gt_q22_k131072_max_uniform_s22131238_rep3_rapl.txt,1.966014,14.643545,7.448341,4.871461,5.066183,2.57688,0,rapl:package+core,12.559498,12.559498,1.70895,1.70895,4.23441472405,4.23441472405,12.898595,1.755949
rapl,cpu,int,gt,max,256,4194304,uniform,22000422,1,bench/results/raw/energy/measurements/20260817_174754_cpu_int_gt_q22_k256_max_uniform_s22000422_rep1_rapl.txt,0.140711,1.343635,9.548893,4.871461,0.658167,4.677432,0,rapl:package+core,0.58258,0.58258,0.061919,0.061919,0.280944006341,0.280944006341,0.923491,0.09716
rapl,cpu,int,gt,max,256,4194304,uniform,22000422,2,bench/results/raw/energy/measurements/20260817_174754_cpu_int_gt_q22_k256_max_uniform_s22000422_rep2_rapl.txt,0.143533,1.379308,9.609661,4.871461,0.68009,4.7382,0,rapl:package+core,0.587402,0.587402,0.061802,0.061802,0.286335967278,0.286335967278,0.940045,0.099556
rapl,cpu,int,gt,max,256,4194304,uniform,22000422,3,bench/results/raw/energy/measurements/20260817_174754_cpu_int_gt_q22_k256_max_uniform_s22000422_rep3_rapl.txt,0.14002,1.329078,9.492082,4.871461,0.646978,4.620621,0,rapl:package+core,0.571492,0.571492,0.061682,0.061682,0.271010542598,0.271010542598,0.903747,0.096302
rapl,cpu,int,gt,max,4096,4194304,uniform,22004262,1,bench/results/raw/energy/measurements/20260817_174754_cpu_int_gt_q22_k4096_max_uniform_s22004262_rep1_rapl.txt,0.20565,1.831876,8.907743,4.871461,0.830061,4.036282,0,rapl:package+core,1.056493,1.056493,0.120457,0.120457,0.469691422323,0.469691422323,1.355093,0.156239
rapl,cpu,int,gt,max,4096,4194304,uniform,22004262,2,bench/results/raw/energy/measurements/20260817_174754_cpu_int_gt_q22_k4096_max_uniform_s22004262_rep2_rapl.txt,0.208627,1.825208,8.748647,4.871461,0.808887,3.877186,0,rapl:package+core,1.04725,1.04725,0.121819,0.121819,0.453813492441,0.453813492441,1.360907,0.158632
rapl,cpu,int,gt,max,4096,4194304,uniform,22004262,3,bench/results/raw/energy/measurements/20260817_174754_cpu_int_gt_q22_k4096_max_uniform_s22004262_rep3_rapl.txt,0.211321,1.857296,8.788995,4.871461,0.827856,3.917534,0,rapl:package+core,1.050057,1.050057,0.120073,0.120073,0.465126063347,0.465126063347,1.385442,0.161396
rapl,cpu,int,gt,max,8,4194304,uniform,22000174,1,bench/results/raw/energy/measurements/20260817_174754_cpu_int_gt_q22_k8_max_uniform_s22000174_rep1_rapl.txt,0.138196,1.407321,10.183515,4.871461,0.734105,5.312054,0,rapl:package+core,0.597683,0.597683,0.05879,0.05879,0.31128980781,0.31128980781,0.961101,0.096048
rapl,cpu,int,gt,max,8,4194304,uniform,22000174,2,bench/results/raw/energy/measurements/20260817_174754_cpu_int_gt_q22_k8_max_uniform_s22000174_rep2_rapl.txt,0.141405,1.351309,9.55628,4.871461,0.662458,4.684819,0,rapl:package+core,0.534397,0.534397,0.05884,0.05884,0.24776023476,0.24776023476,0.92259,0.096343
rapl,cpu,int,gt,max,8,4194304,uniform,22000174,3,bench/results/raw/energy/measurements/20260817_174754_cpu_int_gt_q22_k8_max_uniform_s22000174_rep3_rapl.txt,0.139457,1.314416,9.425227,4.871461,0.635056,4.553766,0,rapl:package+core,0.53464,0.53464,0.059188,0.059188,0.246307966332,0.246307966332,0.902847,0.095858
rapl,cpu,int,gt,max,131072,8388608,uniform,23131241,1,bench/results/raw/energy/measurements/20260817_174754_cpu_int_gt_q23_k131072_max_uniform_s23131241_rep1_rapl.txt,2.534067,19.127047,7.547963,4.871461,6.782437,2.676502,0,rapl:package+core,15.43284,15.43284,2.055823,2.055823,5.4179784326,5.4179784326,16.907878,2.247098
rapl,cpu,int,gt,max,131072,8388608,uniform,23131241,2,bench/results/raw/energy/measurements/20260817_174754_cpu_int_gt_q23_k131072_max_uniform_s23131241_rep2_rapl.txt,2.538657,19.186889,7.55789,4.871461,6.819921,2.686429,0,rapl:package+core,15.386034,15.386034,2.06333,2.06333,5.33460237487,5.33460237487,16.87251,2.251101
rapl,cpu,int,gt,max,131072,8388608,uniform,23131241,3,bench/results/raw/energy/measurements/20260817_174754_cpu_int_gt_q23_k131072_max_uniform_s23131241_rep3_rapl.txt,2.551265,19.660467,7.706165,4.871461,7.23208,2.834704,0,rapl:package+core,15.628954,15.628954,2.068025,2.068025,5.55465086548,5.55465086548,17.196743,2.265029
rapl,cpu,int,gt,max,256,8388608,uniform,23000425,1,bench/results/raw/energy/measurements/20260817_174754_cpu_int_gt_q23_k256_max_uniform_s23000425_rep1_rapl.txt,0.388176,3.472828,8.946536,4.871461,1.581845,4.075075,0,rapl:package+core,1.089773,1.089773,0.122404,0.122404,0.493486687756,0.493486687756,2.664199,0.300187
rapl,cpu,int,gt,max,256,8388608,uniform,23000425,2,bench/results/raw/energy/measurements/20260817_174754_cpu_int_gt_q23_k256_max_uniform_s23000425_rep2_rapl.txt,0.383268,3.519197,9.182076,4.871461,1.652121,4.310615,0,rapl:package+core,1.11725,1.11725,0.122209,0.122209,0.521913622651,0.521913622651,2.708829,0.295352
rapl,cpu,int,gt,max,256,8388608,uniform,23000425,3,bench/results/raw/energy/measurements/20260817_174754_cpu_int_gt_q23_k256_max_uniform_s23000425_rep3_rapl.txt,0.384278,3.430196,8.926333,4.871461,1.558199,4.054872,0,rapl:package+core,1.072314,1.072314,0.122275,0.122275,0.476656106225,0.476656106225,2.636629,0.295935
rapl,cpu,int,gt,max,4096,8388608,uniform,23004265,1,bench/results/raw/energy/measurements/20260817_174754_cpu_int_gt_q23_k4096_max_uniform_s23004265_rep1_rapl.txt,0.463483,4.005896,8.643029,4.871461,1.748057,3.771568,0,rapl:package+core,1.627206,1.627206,0.189698,0.189698,0.703099591222,0.703099591222,3.161793,0.368713
rapl,cpu,int,gt,max,4096,8388608,uniform,23004265,2,bench/results/raw/energy/measurements/20260817_174754_cpu_int_gt_q23_k4096_max_uniform_s23004265_rep2_rapl.txt,0.464464,4.040258,8.698755,4.871461,1.77764,3.827294,0,rapl:package+core,1.560385,1.560385,0.19035,0.19035,0.63310239865,0.63310239865,3.172153,0.369654
rapl,cpu,int,gt,max,4096,8388608,uniform,23004265,3,bench/results/raw/energy/measurements/20260817_174754_cpu_int_gt_q23_k4096_max_uniform_s23004265_rep3_rapl.txt,0.46456,4.045217,8.70763,4.871461,1.782131,3.836169,0,rapl:package+core,1.601416,1.601416,0.190822,0.190822,0.671834069058,0.671834069058,3.17931,0.369235
rapl,cpu,int,gt,max,8,8388608,uniform,23000177,1,bench/results/raw/energy/measurements/20260817_174754_cpu_int_gt_q23_k8_max_uniform_s23000177_rep1_rapl.txt,0.3807,3.522249,9.252025,4.871461,1.667682,4.380564,0,rapl:package+core,1.08126,1.08126,0.117902,0.117902,0.506905005178,0.506905005178,2.663543,0.292919
rapl,cpu,int,gt,max,8,8388608,uniform,23000177,2,bench/results/raw/energy/measurements/20260817_174754_cpu_int_gt_q23_k8_max_uniform_s23000177_rep2_rapl.txt,0.388072,3.827286,9.862309,4.871461,1.936808,4.990848,0,rapl:package+core,1.156264,1.156264,0.117464,0.117464,0.584042705096,0.584042705096,3.005979,0.300466
rapl,cpu,int,gt,max,8,8388608,uniform,23000177,3,bench/results/raw/energy/measurements/20260817_174754_cpu_int_gt_q23_k8_max_uniform_s23000177_rep3_rapl.txt,0.385413,3.464618,8.989372,4.871461,1.587095,4.117911,0,rapl:package+core,0.986762,0.986762,0.118306,0.118306,0.410438934934,0.410438934934,2.656693,0.297628
rapl,cpu,int,gt,max,131072,16777216,uniform,24131244,1,bench/results/raw/energy/measurements/20260817_174754_cpu_int_gt_q24_k131072_max_uniform_s24131244_rep1_rapl.txt,3.26475,25.20083,7.719069,4.871461,9.296728,2.847608,0,rapl:package+core,19.15505,19.15505,2.542285,2.542285,6.77040777161,6.77040777161,22.031682,2.865078
rapl,cpu,int,gt,max,131072,16777216,uniform,24131244,2,bench/results/raw/energy/measurements/20260817_174754_cpu_int_gt_q24_k131072_max_uniform_s24131244_rep2_rapl.txt,3.256016,24.935402,7.658255,4.871461,9.073847,2.786794,0,rapl:package+core,18.767135,18.767135,2.531464,2.531464,6.4352068511,6.4352068511,21.63502,2.854612
rapl,cpu,int,gt,max,131072,16777216,uniform,24131244,3,bench/results/raw/energy/measurements/20260817_174754_cpu_int_gt_q24_k131072_max_uniform_s24131244_rep3_rapl.txt,3.258705,25.115949,7.707341,4.871461,9.241296,2.83588,0,rapl:package+core,19.11249,19.11249,2.53878,2.53878,6.74492224242,6.74492224242,21.874891,2.85765
rapl,cpu,int,gt,max,256,16777216,uniform,24000428,1,bench/results/raw/energy/measurements/20260817_174754_cpu_int_gt_q24_k256_max_uniform_s24000428_rep1_rapl.txt,0.71948,6.800948,9.452587,4.871461,3.296029,4.581126,0,rapl:package+core,2.29561,2.29561,0.238795,0.238795,1.1323294705,1.1323294705,5.273302,0.552077
rapl,cpu,int,gt,max,256,16777216,uniform,24000428,2,bench/results/raw/energy/measurements/20260817_174754_cpu_int_gt_q24_k256_max_uniform_s24000428_rep2_rapl.txt,0.717062,6.771791,9.443795,4.871461,3.278649,4.572334,0,rapl:package+core,2.302331,2.302331,0.23874,0.23874,1.13931840086,1.13931840086,5.245426,0.549692
rapl,cpu,int,gt,max,256,16777216,uniform,24000428,3,bench/results/raw/energy/measurements/20260817_174754_cpu_int_gt_q24_k256_max_uniform_s24000428_rep3_rapl.txt,0.716942,6.930198,9.666332,4.871461,3.437644,4.794871,0,rapl:package+core,2.38868,2.38868,0.238485,0.238485,1.22690962341,1.22690962341,5.40124,0.549449
rapl,cpu,int,gt,max,4096,16777216,uniform,24004268,1,bench/results/raw/energy/measurements/20260817_174754_cpu_int_gt_q24_k4096_max_uniform_s24004268_rep1_rapl.txt,0.806349,7.398253,9.175003,4.871461,3.470156,4.303542,0,rapl:package+core,2.752313,2.752313,0.310609,0.310609,1.23919337025,1.23919337025,5.801458,0.631609
rapl,cpu,int,gt,max,4096,16777216,uniform,24004268,2,bench/results/raw/energy/measurements/20260817_174754_cpu_int_gt_q24_k4096_max_uniform_s24004268_rep2_rapl.txt,0.803643,7.304615,9.089381,4.871461,3.389701,4.21792,0,rapl:package+core,2.772639,2.772639,0.312927,0.312927,1.24822732365,1.24822732365,5.708949,0.628827
rapl,cpu,int,gt,max,4096,16777216,uniform,24004268,3,bench/results/raw/energy/measurements/20260817_174754_cpu_int_gt_q24_k4096_max_uniform_s24004268_rep3_rapl.txt,0.810225,7.387558,9.117909,4.871461,3.440578,4.246448,0,rapl:package+core,2.803213,2.803213,0.314745,0.314745,1.26994500756,1.26994500756,5.765541,0.633855
rapl,cpu,int,gt,max,8,16777216,uniform,24000180,1,bench/results/raw/energy/measurements/20260817_174754_cpu_int_gt_q24_k8_max_uniform_s24000180_rep1_rapl.txt,0.72096,6.888483,9.554602,4.871461,3.376356,4.683141,0,rapl:package+core,2.244842,2.244842,0.233315,0.233315,1.10825707678,1.10825707678,5.308182,0.553668
rapl,cpu,int,gt,max,8,16777216,uniform,24000180,2,bench/results/raw/energy/measurements/20260817_174754_cpu_int_gt_q24_k8_max_uniform_s24000180_rep2_rapl.txt,0.714252,6.777848,9.489438,4.871461,3.298398,4.617977,0,rapl:package+core,2.097184,2.097184,0.233715,0.233715,0.958650492385,0.958650492385,5.245182,0.547098
rapl,cpu,int,gt,max,8,16777216,uniform,24000180,3,bench/results/raw/energy/measurements/20260817_174754_cpu_int_gt_q24_k8_max_uniform_s24000180_rep3_rapl.txt,0.711157,6.74631,9.486385,4.871461,3.281936,4.614924,0,rapl:package+core,2.286582,2.286582,0.232222,0.232222,1.15532158366,1.15532158366,5.210927,0.544209
rapl,cpu,int,map_reduce,max,256,65536,uniform,16000404,1,bench/results/raw/energy/measurements/20260817_174754_cpu_int_map_reduce_q16_k256_max_uniform_s16000404_rep1_rapl.txt,0.007515,0.089717,11.938085,4.871461,0.053107,7.066624,0,rapl:package+core,0.01181,0.01181,0.002451,0.002451,0,0,0.038068,0.003668
rapl,cpu,int,map_reduce,max,256,65536,uniform,16000404,2,bench/results/raw/energy/measurements/20260817_174754_cpu_int_map_reduce_q16_k256_max_uniform_s16000404_rep2_rapl.txt,0.007528,0.087474,11.619348,4.871461,0.0508,6.747887,0,rapl:package+core,0.034422,0.034422,0.002537,0.002537,0.022063103443,0.022063103443,0.034422,0.00375
rapl,cpu,int,map_reduce,max,256,65536,uniform,16000404,3,bench/results/raw/energy/measurements/20260817_174754_cpu_int_map_reduce_q16_k256_max_uniform_s16000404_rep3_rapl.txt,0.007308,0.076992,10.534951,4.871461,0.04139,5.66349,0,rapl:package+core,0.010589,0.010589,0.00232,0.00232,0,0,0.032027,0.003517
rapl,cpu,int,map_reduce,max,4096,65536,uniform,16004244,1,bench/results/raw/energy/measurements/20260817_174754_cpu_int_map_reduce_q16_k4096_max_uniform_s16004244_rep1_rapl.txt,0.048607,0.448402,9.225029,4.871461,0.211614,4.353568,0,rapl:package+core,0.372753,0.372753,0.039632,0.039632,0.179687257648,0.179687257648,0.372753,0.04087
rapl,cpu,int,map_reduce,max,4096,65536,uniform,16004244,2,bench/results/raw/energy/measurements/20260817_174754_cpu_int_map_reduce_q16_k4096_max_uniform_s16004244_rep2_rapl.txt,0.049727,0.436577,8.77944,4.871461,0.194333,3.907979,0,rapl:package+core,0.357907,0.357907,0.040721,0.040721,0.159536236619,0.159536236619,0.357907,0.041948
rapl,cpu,int,map_reduce,max,4096,65536,uniform,16004244,3,bench/results/raw/energy/measurements/20260817_174754_cpu_int_map_reduce_q16_k4096_max_uniform_s16004244_rep3_rapl.txt,0.049732,0.433495,8.716543,4.871461,0.191225,3.845082,0,rapl:package+core,0.345441,0.345441,0.040766,0.040766,0.146851020874,0.146851020874,0.345441,0.041998
rapl,cpu,int,map_reduce,max,8,65536,uniform,16000156,1,bench/results/raw/energy/measurements/20260817_174754_cpu_int_map_reduce_q16_k8_max_uniform_s16000156_rep1_rapl.txt,0.006193,0.093684,15.127591,4.871461,0.063515,10.25613,0,rapl:package+core,0.014495,0.014495,0.001389,0.001389,0.007728540671,0.007728540671,0.034803,0.002593
rapl,cpu,int,map_reduce,max,8,65536,uniform,16000156,2,bench/results/raw/energy/measurements/20260817_174754_cpu_int_map_reduce_q16_k8_max_uniform_s16000156_rep2_rapl.txt,0.006127,0.072476,11.829184,4.871461,0.042629,6.957723,0,rapl:package+core,0.023207,0.023207,0.001382,0.001382,0.016474640898,0.016474640898,0.023207,0.002591
rapl,cpu,int,map_reduce,max,8,65536,uniform,16000156,3,bench/results/raw/energy/measurements/20260817_174754_cpu_int_map_reduce_q16_k8_max_uniform_s16000156_rep3_rapl.txt,0.006013,0.067257,11.18542,4.871461,0.037965,6.313959,0,rapl:package+core,0,0,0.001379,0.001379,0,0,0.021987,0.002599
rapl,cpu,int,map_reduce,max,131072,131072,uniform,17131223,1,bench/results/raw/energy/measurements/20260817_174754_cpu_int_map_reduce_q17_k131072_max_uniform_s17131223_rep1_rapl.txt,0.36621,2.401746,6.558393,4.871461,0.617771,1.686932,0,rapl:package+core,2.067184,2.067184,0.324999,0.324999,0.483964046461,0.483964046461,2.073425,0.326653
rapl,cpu,int,map_reduce,max,131072,131072,uniform,17131223,2,bench/results/raw/energy/measurements/20260817_174754_cpu_int_map_reduce_q17_k131072_max_uniform_s17131223_rep2_rapl.txt,0.365515,2.420376,6.62182,4.871461,0.639783,1.750359,0,rapl:package+core,2.101133,2.101133,0.324928,0.324928,0.518258920192,0.518258920192,2.101133,0.326592
rapl,cpu,int,map_reduce,max,131072,131072,uniform,17131223,3,bench/results/raw/energy/measurements/20260817_174754_cpu_int_map_reduce_q17_k131072_max_uniform_s17131223_rep3_rapl.txt,0.362025,2.393996,6.6128,4.871461,0.630408,1.741339,0,rapl:package+core,2.049836,2.049836,0.321443,0.321443,0.483938961777,0.483938961777,2.058411,0.322883
rapl,cpu,int,map_reduce,max,256,131072,uniform,17000407,1,bench/results/raw/energy/measurements/20260817_174754_cpu_int_map_reduce_q17_k256_max_uniform_s17000407_rep1_rapl.txt,0.008364,0.096613,11.550446,4.871461,0.055866,6.678985,0,rapl:package+core,0.038831,0.038831,0.002695,0.002695,0.025702412605,0.025702412605,0.038831,0.003882
rapl,cpu,int,map_reduce,max,256,131072,uniform,17000407,2,bench/results/raw/energy/measurements/20260817_174754_cpu_int_map_reduce_q17_k256_max_uniform_s17000407_rep2_rapl.txt,0.008447,0.086909,10.288825,4.871461,0.04576,5.417364,0,rapl:package+core,0.012114,0.012114,0.002833,0.002833,0,0,0.041242,0.00405
rapl,cpu,int,map_reduce,max,256,131072,uniform,17000407,3,bench/results/raw/energy/measurements/20260817_174754_cpu_int_map_reduce_q17_k256_max_uniform_s17000407_rep3_rapl.txt,0.008359,0.086223,10.315045,4.871461,0.045503,5.443584,0,rapl:package+core,0,0,0.002773,0.002773,0,0,0.044904,0.003963
rapl,cpu,int,map_reduce,max,4096,131072,uniform,17004247,1,bench/results/raw/energy/measurements/20260817_174754_cpu_int_map_reduce_q17_k4096_max_uniform_s17004247_rep1_rapl.txt,0.058522,0.533618,9.118211,4.871461,0.248529,4.24675,0,rapl:package+core,0.416621,0.416621,0.048108,0.048108,0.182264754212,0.182264754212,0.437829,0.049338
rapl,cpu,int,map_reduce,max,4096,131072,uniform,17004247,2,bench/results/raw/energy/measurements/20260817_174754_cpu_int_map_reduce_q17_k4096_max_uniform_s17004247_rep2_rapl.txt,0.059726,0.520206,8.709945,4.871461,0.229255,3.838484,0,rapl:package+core,0.419427,0.419427,0.048008,0.048008,0.185557900312,0.185557900312,0.429848,0.049223
rapl,cpu,int,map_reduce,max,4096,131072,uniform,17004247,3,bench/results/raw/energy/measurements/20260817_174754_cpu_int_map_reduce_q17_k4096_max_uniform_s17004247_rep3_rapl.txt,0.058289,0.518726,8.899165,4.871461,0.234772,4.027704,0,rapl:package+core,0.429345,0.429345,0.047937,0.047937,0.195821774043,0.195821774043,0.429345,0.049158
rapl,cpu,int,map_reduce,max,8,131072,uniform,17000159,1,bench/results/raw/energy/measurements/20260817_174754_cpu_int_map_reduce_q17_k8_max_uniform_s17000159_rep1_rapl.txt,0.006999,0.067791,9.68546,4.871461,0.033694,4.813999,0,rapl:package+core,0.015945,0.015945,0.001613,0.001613,0.008087333407,0.008087333407,0.026213,0.002827
rapl,cpu,int,map_reduce,max,8,131072,uniform,17000159,2,bench/results/raw/energy/measurements/20260817_174754_cpu_int_map_reduce_q17_k8_max_uniform_s17000159_rep2_rapl.txt,0.006958,0.069454,9.981196,4.871461,0.035556,5.109735,0,rapl:package+core,0.010589,0.010589,0.001621,0.001621,0.002692361719,0.002692361719,0.021544,0.002839
rapl,cpu,int,map_reduce,max,8,131072,uniform,17000159,3,bench/results/raw/energy/measurements/20260817_174754_cpu_int_map_reduce_q17_k8_max_uniform_s17000159_rep3_rapl.txt,0.007101,0.088313,12.436596,4.871461,0.05372,7.565135,0,rapl:package+core,0.02281,0.02281,0.001645,0.001645,0.014796446655,0.014796446655,0.033979,0.002895
rapl,cpu,int,map_reduce,max,131072,262144,uniform,18131226,1,bench/results/raw/energy/measurements/20260817_174754_cpu_int_map_reduce_q18_k131072_max_uniform_s18131226_rep1_rapl.txt,0.755563,5.23267,6.92552,4.871461,1.551972,2.054059,0,rapl:package+core,4.595344,4.595344,0.679134,0.679134,1.28696920523,1.28696920523,4.601569,0.680647
rapl,cpu,int,map_reduce,max,131072,262144,uniform,18131226,2,bench/results/raw/energy/measurements/20260817_174754_cpu_int_map_reduce_q18_k131072_max_uniform_s18131226_rep2_rapl.txt,0.756563,5.727762,7.570765,4.871461,2.042194,2.699304,0,rapl:package+core,5.043822,5.043822,0.67904,0.67904,1.73590512256,1.73590512256,5.052184,0.680761
rapl,cpu,int,map_reduce,max,131072,262144,uniform,18131226,3,bench/results/raw/energy/measurements/20260817_174754_cpu_int_map_reduce_q18_k131072_max_uniform_s18131226_rep3_rapl.txt,0.759244,5.633726,7.420181,4.871461,1.9351,2.54872,0,rapl:package+core,4.892675,4.892675,0.681124,0.681124,1.57460599784,1.57460599784,4.910024,0.682904
rapl,cpu,int,map_reduce,max,256,262144,uniform,18000410,1,bench/results/raw/energy/measurements/20260817_174754_cpu_int_map_reduce_q18_k256_max_uniform_s18000410_rep1_rapl.txt,0.010168,0.110255,10.84376,4.871461,0.060724,5.972299,0,rapl:package+core,0.011535,0.011535,0.003388,0.003388,0,0,0.045469,0.004586
rapl,cpu,int,map_reduce,max,256,262144,uniform,18000410,2,bench/results/raw/energy/measurements/20260817_174754_cpu_int_map_reduce_q18_k256_max_uniform_s18000410_rep2_rapl.txt,0.010039,0.10615,10.574169,4.871461,0.057247,5.702708,0,rapl:package+core,0.034544,0.034544,0.003309,0.003309,0.018424335551,0.018424335551,0.045988,0.00452
rapl,cpu,int,map_reduce,max,256,262144,uniform,18000410,3,bench/results/raw/energy/measurements/20260817_174754_cpu_int_map_reduce_q18_k256_max_uniform_s18000410_rep3_rapl.txt,0.009851,0.114236,11.596411,4.871461,0.066247,6.72495,0,rapl:package+core,0.035307,0.035307,0.003205,0.003205,0.019693967495,0.019693967495,0.035307,0.004306
rapl,cpu,int,map_reduce,max,4096,262144,uniform,18004250,1,bench/results/raw/energy/measurements/20260817_174754_cpu_int_map_reduce_q18_k4096_max_uniform_s18004250_rep1_rapl.txt,0.068739,0.605284,8.805578,4.871461,0.270426,3.934117,0,rapl:package+core,0.498342,0.498342,0.056454,0.056454,0.223328540706,0.223328540706,0.508336,0.057673
rapl,cpu,int,map_reduce,max,4096,262144,uniform,18004250,2,bench/results/raw/energy/measurements/20260817_174754_cpu_int_map_reduce_q18_k4096_max_uniform_s18004250_rep2_rapl.txt,0.068905,0.602721,8.747176,4.871461,0.267055,3.875715,0,rapl:package+core,0.489354,0.489354,0.056655,0.056655,0.213361377045,0.213361377045,0.489354,0.057876
rapl,cpu,int,map_reduce,max,4096,262144,uniform,18004250,3,bench/results/raw/energy/measurements/20260817_174754_cpu_int_map_reduce_q18_k4096_max_uniform_s18004250_rep3_rapl.txt,0.068879,0.598251,8.68558,4.871461,0.262711,3.814119,0,rapl:package+core,0.485495,0.485495,0.056617,0.056617,0.209687492563,0.209687492563,0.495611,0.057844
rapl,cpu,int,map_reduce,max,8,262144,uniform,18000162,1,bench/results/raw/energy/measurements/20260817_174754_cpu_int_map_reduce_q18_k8_max_uniform_s18000162_rep1_rapl.txt,0.008633,0.095164,11.023108,4.871461,0.053108,6.151647,0,rapl:package+core,0.0278,0.0278,0.00207,0.00207,0.01771607573,0.01771607573,0.040144,0.00329
rapl,cpu,int,map_reduce,max,8,262144,uniform,18000162,2,bench/results/raw/energy/measurements/20260817_174754_cpu_int_map_reduce_q18_k8_max_uniform_s18000162_rep2_rapl.txt,0.008467,0.099193,11.714644,4.871461,0.057944,6.843183,0,rapl:package+core,0.011932,0.011932,0.002051,0.002051,0.001940633489,0.001940633489,0.035032,0.003228
rapl,cpu,int,map_reduce,max,8,262144,uniform,18000162,3,bench/results/raw/energy/measurements/20260817_174754_cpu_int_map_reduce_q18_k8_max_uniform_s18000162_rep3_rapl.txt,0.008673,0.092265,10.638246,4.871461,0.050015,5.766785,0,rapl:package+core,0.023131,0.023131,0.002153,0.002153,0.012642744467,0.012642744467,0.035277,0.003411
rapl,cpu,int,map_reduce,max,131072,524288,uniform,19131229,1,bench/results/raw/energy/measurements/20260817_174754_cpu_int_map_reduce_q19_k131072_max_uniform_s19131229_rep1_rapl.txt,1.156354,8.422645,7.283793,4.871461,2.789511,2.412332,0,rapl:package+core,7.523583,7.523583,1.041207,1.041207,2.45138370657,2.45138370657,7.531471,1.043199
rapl,cpu,int,map_reduce,max,131072,524288,uniform,19131229,2,bench/results/raw/energy/measurements/20260817_174754_cpu_int_map_reduce_q19_k131072_max_uniform_s19131229_rep2_rapl.txt,1.158934,9.017035,7.780458,4.871461,3.371335,2.908997,0,rapl:package+core,8.006406,8.006406,1.043482,1.043482,2.9231241328,2.9231241328,8.014188,1.045203
rapl,cpu,int,map_reduce,max,131072,524288,uniform,19131229,3,bench/results/raw/energy/measurements/20260817_174754_cpu_int_map_reduce_q19_k131072_max_uniform_s19131229_rep3_rapl.txt,1.157645,9.260706,7.999608,4.871461,3.621284,3.128147,0,rapl:package+core,8.250336,8.250336,1.042053,1.042053,3.17401545057,3.17401545057,8.258286,1.043894
rapl,cpu,int,map_reduce,max,256,524288,uniform,19000413,1,bench/results/raw/energy/measurements/20260817_174754_cpu_int_map_reduce_q19_k256_max_uniform_s19000413_rep1_rapl.txt,0.012021,0.123925,10.309191,4.871461,0.065366,5.43773,0,rapl:package+core,0.047666,0.047666,0.003934,0.003934,0.028501672426,0.028501672426,0.06065,0.005147
rapl,cpu,int,map_reduce,max,256,524288,uniform,19000413,2,bench/results/raw/energy/measurements/20260817_174754_cpu_int_map_reduce_q19_k256_max_uniform_s19000413_rep2_rapl.txt,0.012316,0.136406,11.075522,4.871461,0.076409,6.204061,0,rapl:package+core,0.03993,0.03993,0.004147,0.004147,0.019728051233,0.019728051233,0.055981,0.005356
rapl,cpu,int,map_reduce,max,256,524288,uniform,19000413,3,bench/results/raw/energy/measurements/20260817_174754_cpu_int_map_reduce_q19_k256_max_uniform_s19000413_rep3_rapl.txt,0.012151,0.126169,10.383219,4.871461,0.066975,5.511758,0,rapl:package+core,0.046139,0.046139,0.004146,0.004146,0.025941922694,0.025941922694,0.058712,0.00534
rapl,cpu,int,map_reduce,max,4096,524288,uniform,19004253,1,bench/results/raw/energy/measurements/20260817_174754_cpu_int_map_reduce_q19_k4096_max_uniform_s19004253_rep1_rapl.txt,0.081151,0.721246,8.887754,4.871461,0.325924,4.016293,0,rapl:package+core,0.556521,0.556521,0.066623,0.066623,0.231969653797,0.231969653797,0.579698,0.06785
rapl,cpu,int,map_reduce,max,4096,524288,uniform,19004253,2,bench/results/raw/energy/measurements/20260817_174754_cpu_int_map_reduce_q19_k4096_max_uniform_s19004253_rep2_rapl.txt,0.08113,0.692057,8.530195,4.871461,0.296834,3.658734,0,rapl:package+core,0.547794,0.547794,0.066503,0.066503,0.223827229117,0.223827229117,0.56743,0.067721
rapl,cpu,int,map_reduce,max,4096,524288,uniform,19004253,3,bench/results/raw/energy/measurements/20260817_174754_cpu_int_map_reduce_q19_k4096_max_uniform_s19004253_rep3_rapl.txt,0.081167,0.693995,8.550188,4.871461,0.298592,3.678727,0,rapl:package+core,0.549242,0.549242,0.066624,0.066624,0.224685782336,0.224685782336,0.568864,0.067831
rapl,cpu,int,map_reduce,max,8,524288,uniform,19000165,1,bench/results/raw/energy/measurements/20260817_174754_cpu_int_map_reduce_q19_k8_max_uniform_s19000165_rep1_rapl.txt,0.010584,0.135979,12.84717,4.871461,0.084418,7.975709,0,rapl:package+core,0.04794,0.04794,0.002791,0.002791,0.034343752349,0.034343752349,0.04794,0.004005
rapl,cpu,int,map_reduce,max,8,524288,uniform,19000165,2,bench/results/raw/energy/measurements/20260817_174754_cpu_int_map_reduce_q19_k8_max_uniform_s19000165_rep2_rapl.txt,0.010743,0.12568,11.698886,4.871461,0.073346,6.827425,0,rapl:package+core,0.021773,0.021773,0.002869,0.002869,0.007796778391,0.007796778391,0.051023,0.0041
rapl,cpu,int,map_reduce,max,8,524288,uniform,19000165,3,bench/results/raw/energy/measurements/20260817_174754_cpu_int_map_reduce_q19_k8_max_uniform_s19000165_rep3_rapl.txt,0.010702,0.107157,10.013123,4.871461,0.055024,5.141662,0,rapl:package+core,0,0,0.002861,0.002861,0,0,0.036101,0.004078
rapl,cpu,int,map_reduce,max,131072,1048576,uniform,20131232,1,bench/results/raw/energy/measurements/20260817_174754_cpu_int_map_reduce_q20_k131072_max_uniform_s20131232_rep1_rapl.txt,1.560502,12.034946,7.712229,4.871461,4.433023,2.840768,0,rapl:package+core,10.713695,10.713695,1.405656,1.405656,3.86609661658,3.86609661658,10.728617,1.407497
rapl,cpu,int,map_reduce,max,131072,1048576,uniform,20131232,2,bench/results/raw/energy/measurements/20260817_174754_cpu_int_map_reduce_q20_k131072_max_uniform_s20131232_rep2_rapl.txt,1.552677,12.029926,7.747863,4.871461,4.466122,2.876402,0,rapl:package+core,10.714808,10.714808,1.398292,1.398292,3.90308305539,3.90308305539,10.714808,1.400276
rapl,cpu,int,map_reduce,max,131072,1048576,uniform,20131232,3,bench/results/raw/energy/measurements/20260817_174754_cpu_int_map_reduce_q20_k131072_max_uniform_s20131232_rep3_rapl.txt,1.556598,12.066286,7.751701,4.871461,4.483377,2.88024,0,rapl:package+core,10.738047,10.738047,1.401909,1.401909,3.90870198095,3.90870198095,10.755013,1.403683
rapl,cpu,int,map_reduce,max,256,1048576,uniform,20000416,1,bench/results/raw/energy/measurements/20260817_174754_cpu_int_map_reduce_q20_k256_max_uniform_s20000416_rep1_rapl.txt,0.017162,0.197256,11.493868,4.871461,0.113653,6.622407,0,rapl:package+core,0.094599,0.094599,0.005356,0.005356,0.068507454884,0.068507454884,0.094599,0.006544
rapl,cpu,int,map_reduce,max,256,1048576,uniform,20000416,2,bench/results/raw/energy/measurements/20260817_174754_cpu_int_map_reduce_q20_k256_max_uniform_s20000416_rep2_rapl.txt,0.017597,0.205784,11.694293,4.871461,0.120061,6.822832,0,rapl:package+core,0.051374,0.051374,0.005837,0.005837,0.022939282143,0.022939282143,0.088863,0.007059
rapl,cpu,int,map_reduce,max,256,1048576,uniform,20000416,3,bench/results/raw/energy/measurements/20260817_174754_cpu_int_map_reduce_q20_k256_max_uniform_s20000416_rep3_rapl.txt,0.017674,0.200154,11.324791,4.871461,0.114056,6.45333,0,rapl:package+core,0.085597,0.085597,0.005919,0.005919,0.056762822341,0.056762822341,0.085597,0.007079
rapl,cpu,int,map_reduce,max,4096,1048576,uniform,20004256,1,bench/results/raw/energy/measurements/20260817_174754_cpu_int_map_reduce_q20_k4096_max_uniform_s20004256_rep1_rapl.txt,0.097374,0.823947,8.461677,4.871461,0.349594,3.590216,0,rapl:package+core,0.637068,0.637068,0.078136,0.078136,0.256431523304,0.256431523304,0.646711,0.07939
rapl,cpu,int,map_reduce,max,4096,1048576,uniform,20004256,2,bench/results/raw/energy/measurements/20260817_174754_cpu_int_map_reduce_q20_k4096_max_uniform_s20004256_rep2_rapl.txt,0.09688,0.824313,8.508623,4.871461,0.352367,3.637162,0,rapl:package+core,0.630781,0.630781,0.077806,0.077806,0.251752105434,0.251752105434,0.640271,0.079032
rapl,cpu,int,map_reduce,max,4096,1048576,uniform,20004256,3,bench/results/raw/energy/measurements/20260817_174754_cpu_int_map_reduce_q20_k4096_max_uniform_s20004256_rep3_rapl.txt,0.096942,0.811802,8.374104,4.871461,0.339553,3.502643,0,rapl:package+core,0.63423,0.63423,0.077903,0.077903,0.254728573717,0.254728573717,0.63423,0.07915
rapl,cpu,int,map_reduce,max,8,1048576,uniform,20000168,1,bench/results/raw/energy/measurements/20260817_174754_cpu_int_map_reduce_q20_k8_max_uniform_s20000168_rep1_rapl.txt,0.015639,0.168174,10.753783,4.871461,0.091991,5.882322,0,rapl:package+core,0.025878,0.025878,0.004119,0.004119,0.005812452141,0.005812452141,0.051191,0.005305
rapl,cpu,int,map_reduce,max,8,1048576,uniform,20000168,2,bench/results/raw/energy/measurements/20260817_174754_cpu_int_map_reduce_q20_k8_max_uniform_s20000168_rep2_rapl.txt,0.016762,0.431924,25.767652,4.871461,0.350267,20.896191,0,rapl:package+core,0.060071,0.060071,0.004284,0.004284,0.039201661076,0.039201661076,0.122079,0.00553
rapl,cpu,int,map_reduce,max,8,1048576,uniform,20000168,3,bench/results/raw/energy/measurements/20260817_174754_cpu_int_map_reduce_q20_k8_max_uniform_s20000168_rep3_rapl.txt,0.015684,0.176886,11.277854,4.871461,0.10048,6.406393,0,rapl:package+core,0.043638,0.043638,0.004155,0.004155,0.023397079545,0.023397079545,0.067761,0.005365
rapl,cpu,int,map_reduce,max,131072,2097152,uniform,21131235,1,bench/results/raw/energy/measurements/20260817_174754_cpu_int_map_reduce_q21_k131072_max_uniform_s21131235_rep1_rapl.txt,2.081665,19.52168,9.377915,4.871461,9.380929,4.506454,0,rapl:package+core,17.575812,17.575812,1.873425,1.873425,8.44949517607,8.44949517607,17.584128,1.875369
rapl,cpu,int,map_reduce,max,131072,2097152,uniform,21131235,2,bench/results/raw/energy/measurements/20260817_174754_cpu_int_map_reduce_q21_k131072_max_uniform_s21131235_rep2_rapl.txt,2.0789,19.79489,9.521811,4.871461,9.667612,4.65035,0,rapl:package+core,17.748548,17.748548,1.870499,1.870499,8.63648507096,8.63648507096,17.756864,1.872446
rapl,cpu,int,map_reduce,max,131072,2097152,uniform,21131235,3,bench/results/raw/energy/measurements/20260817_174754_cpu_int_map_reduce_q21_k131072_max_uniform_s21131235_rep3_rapl.txt,2.076415,19.525312,9.403375,4.871461,9.410136,4.531914,0,rapl:package+core,17.491664,17.491664,1.867904,1.867904,8.39224251226,8.39224251226,17.500285,1.870023
rapl,cpu,int,map_reduce,max,256,2097152,uniform,21000419,1,bench/results/raw/energy/measurements/20260817_174754_cpu_int_map_reduce_q21_k256_max_uniform_s21000419_rep1_rapl.txt,0.027094,0.319792,11.803209,4.871461,0.187806,6.931748,0,rapl:package+core,0.091609,0.091609,0.00774,0.00774,0.05390389186,0.05390389186,0.108194,0.00896
rapl,cpu,int,map_reduce,max,256,2097152,uniform,21000419,2,bench/results/raw/energy/measurements/20260817_174754_cpu_int_map_reduce_q21_k256_max_uniform_s21000419_rep2_rapl.txt,0.026909,0.310928,11.554645,4.871461,0.17984,6.683184,0,rapl:package+core,0.107645,0.107645,0.007739,0.007739,0.069944763321,0.069944763321,0.107645,0.008961
rapl,cpu,int,map_reduce,max,256,2097152,uniform,21000419,3,bench/results/raw/energy/measurements/20260817_174754_cpu_int_map_reduce_q21_k256_max_uniform_s21000419_rep3_rapl.txt,0.02684,0.296371,11.04215,4.871461,0.165621,6.170689,0,rapl:package+core,0.102397,0.102397,0.007837,0.007837,0.064219360143,0.064219360143,0.102397,0.009066
rapl,cpu,int,map_reduce,max,4096,2097152,uniform,21004259,1,bench/results/raw/energy/measurements/20260817_174754_cpu_int_map_reduce_q21_k4096_max_uniform_s21004259_rep1_rapl.txt,0.116256,1.264888,10.880173,4.871461,0.69855,6.008712,0,rapl:package+core,0.977352,0.977352,0.089076,0.089076,0.543421739964,0.543421739964,0.977352,0.090336
rapl,cpu,int,map_reduce,max,4096,2097152,uniform,21004259,2,bench/results/raw/energy/measurements/20260817_174754_cpu_int_map_reduce_q21_k4096_max_uniform_s21004259_rep2_rapl.txt,0.116777,1.236051,10.584696,4.871461,0.667176,5.713235,0,rapl:package+core,0.953884,0.953884,0.08962,0.08962,0.51730366518,0.51730366518,0.953884,0.090867
rapl,cpu,int,map_reduce,max,4096,2097152,uniform,21004259,3,bench/results/raw/energy/measurements/20260817_174754_cpu_int_map_reduce_q21_k4096_max_uniform_s21004259_rep3_rapl.txt,0.117353,1.218367,10.382073,4.871461,0.646687,5.510612,0,rapl:package+core,0.926725,0.926725,0.090046,0.090046,0.488069422794,0.488069422794,0.950924,0.091281
rapl,cpu,int,map_reduce,max,8,2097152,uniform,21000171,1,bench/results/raw/energy/measurements/20260817_174754_cpu_int_map_reduce_q21_k8_max_uniform_s21000171_rep1_rapl.txt,0.024331,0.29747,12.2258,4.871461,0.178941,7.354339,0,rapl:package+core,0.070354,0.070354,0.005498,0.005498,0.043570707422,0.043570707422,0.103816,0.006718
rapl,cpu,int,map_reduce,max,8,2097152,uniform,21000171,2,bench/results/raw/energy/measurements/20260817_174754_cpu_int_map_reduce_q21_k8_max_uniform_s21000171_rep2_rapl.txt,0.024309,0.274125,11.276835,4.871461,0.155706,6.405374,0,rapl:package+core,0.089381,0.089381,0.005474,0.005474,0.062714622486,0.062714622486,0.089381,0.006689
rapl,cpu,int,map_reduce,max,8,2097152,uniform,21000171,3,bench/results/raw/energy/measurements/20260817_174754_cpu_int_map_reduce_q21_k8_max_uniform_s21000171_rep3_rapl.txt,0.024172,0.282609,11.691437,4.871461,0.164855,6.819976,0,rapl:package+core,0.053525,0.053525,0.005493,0.005493,0.026766064727,0.026766064727,0.080715,0.006719
rapl,cpu,int,map_reduce,max,131072,4194304,uniform,22131238,1,bench/results/raw/energy/measurements/20260817_174754_cpu_int_map_reduce_q22_k131072_max_uniform_s22131238_rep1_rapl.txt,2.522288,29.803482,11.816051,4.871461,17.516255,6.94459,0,rapl:package+core,26.823503,26.823503,2.260736,2.260736,15.8104157447,15.8104157447,26.823503,2.263055
rapl,cpu,int,map_reduce,max,131072,4194304,uniform,22131238,2,bench/results/raw/energy/measurements/20260817_174754_cpu_int_map_reduce_q22_k131072_max_uniform_s22131238_rep2_rapl.txt,2.520155,29.684561,11.778865,4.871461,17.407726,6.907404,0,rapl:package+core,26.539429,26.539429,2.259011,2.259011,15.5347450149,15.5347450149,26.573333,2.261134
rapl,cpu,int,map_reduce,max,131072,4194304,uniform,22131238,3,bench/results/raw/energy/measurements/20260817_174754_cpu_int_map_reduce_q22_k131072_max_uniform_s22131238_rep3_rapl.txt,2.519514,29.99471,11.904961,4.871461,17.720998,7.0335,0,rapl:package+core,26.907788,26.907788,2.258193,2.258193,15.90708887,15.90708887,26.915921,2.260419
rapl,cpu,int,map_reduce,max,256,4194304,uniform,22000422,1,bench/results/raw/energy/measurements/20260817_174754_cpu_int_map_reduce_q22_k256_max_uniform_s22000422_rep1_rapl.txt,0.045274,0.553804,12.232398,4.871461,0.333256,7.360937,0,rapl:package+core,0.185888,0.185888,0.0119,0.0119,0.1279176141,0.1279176141,0.202824,0.013132
rapl,cpu,int,map_reduce,max,256,4194304,uniform,22000422,2,bench/results/raw/energy/measurements/20260817_174754_cpu_int_map_reduce_q22_k256_max_uniform_s22000422_rep2_rapl.txt,0.044236,0.512959,11.59604,4.871461,0.297466,6.724579,0,rapl:package+core,0.19605,0.19605,0.011132,0.011132,0.141820896148,0.141820896148,0.19605,0.012367
rapl,cpu,int,map_reduce,max,256,4194304,uniform,22000422,3,bench/results/raw/energy/measurements/20260817_174754_cpu_int_map_reduce_q22_k256_max_uniform_s22000422_rep3_rapl.txt,0.043849,0.517552,11.803118,4.871461,0.303945,6.931657,0,rapl:package+core,0.195013,0.195013,0.010773,0.010773,0.142532750647,0.142532750647,0.195013,0.012008
rapl,cpu,int,map_reduce,max,4096,4194304,uniform,22004262,1,bench/results/raw/energy/measurements/20260817_174754_cpu_int_map_reduce_q22_k4096_max_uniform_s22004262_rep1_rapl.txt,0.141895,1.921074,13.538696,4.871461,1.229838,8.667235,0,rapl:package+core,1.469178,1.469178,0.098954,0.098954,0.987127448206,0.987127448206,1.469178,0.100188
rapl,cpu,int,map_reduce,max,4096,4194304,uniform,22004262,2,bench/results/raw/energy/measurements/20260817_174754_cpu_int_map_reduce_q22_k4096_max_uniform_s22004262_rep2_rapl.txt,0.140926,1.906227,13.526428,4.871461,1.219711,8.654967,0,rapl:package+core,1.405719,1.405719,0.099189,0.099189,0.922523654871,0.922523654871,1.452424,0.100454
rapl,cpu,int,map_reduce,max,4096,4194304,uniform,22004262,3,bench/results/raw/energy/measurements/20260817_174754_cpu_int_map_reduce_q22_k4096_max_uniform_s22004262_rep3_rapl.txt,0.14152,1.913399,13.520341,4.871461,1.22399,8.64888,0,rapl:package+core,1.436769,1.436769,0.099408,0.099408,0.952506804912,0.952506804912,1.452103,0.100654
rapl,cpu,int,map_reduce,max,8,4194304,uniform,22000174,1,bench/results/raw/energy/measurements/20260817_174754_cpu_int_map_reduce_q22_k8_max_uniform_s22000174_rep1_rapl.txt,0.039898,0.500127,12.53524,4.871461,0.305767,7.663779,0,rapl:package+core,0.132395,0.132395,0.007358,0.007358,0.096550789962,0.096550789962,0.154381,0.008203
rapl,cpu,int,map_reduce,max,8,4194304,uniform,22000174,2,bench/results/raw/energy/measurements/20260817_174754_cpu_int_map_reduce_q22_k8_max_uniform_s22000174_rep2_rapl.txt,0.040482,0.46656,11.52511,4.871461,0.269353,6.653649,0,rapl:package+core,0.134666,0.134666,0.00756,0.00756,0.09783775484,0.09783775484,0.153297,0.008797
rapl,cpu,int,map_reduce,max,8,4194304,uniform,22000174,3,bench/results/raw/energy/measurements/20260817_174754_cpu_int_map_reduce_q22_k8_max_uniform_s22000174_rep3_rapl.txt,0.040231,0.474462,11.793376,4.871461,0.278477,6.921915,0,rapl:package+core,0.095973,0.095973,0.0074,0.0074,0.0599241886,0.0599241886,0.13334,0.008627
rapl,cpu,int,map_reduce,max,131072,8388608,uniform,23131241,1,bench/results/raw/energy/measurements/20260817_174754_cpu_int_map_reduce_q23_k131072_max_uniform_s23131241_rep1_rapl.txt,2.997359,47.326853,15.789519,4.871461,32.725337,10.918058,0,rapl:package+core,42.523878,42.523878,2.669052,2.669052,29.521695275,29.521695275,42.531278,2.670631
rapl,cpu,int,map_reduce,max,131072,8388608,uniform,23131241,2,bench/results/raw/energy/measurements/20260817_174754_cpu_int_map_reduce_q23_k131072_max_uniform_s23131241_rep2_rapl.txt,2.988808,46.602631,15.592382,4.871461,32.042771,10.720921,0,rapl:package+core,41.777243,41.777243,2.659406,2.659406,28.8220503878,28.8220503878,41.793035,2.661396
rapl,cpu,int,map_reduce,max,131072,8388608,uniform,23131241,3,bench/results/raw/energy/measurements/20260817_174754_cpu_int_map_reduce_q23_k131072_max_uniform_s23131241_rep3_rapl.txt,2.997557,46.862109,15.633435,4.871461,32.259629,10.761974,0,rapl:package+core,41.939375,41.939375,2.669003,2.669003,28.9374309766,28.9374309766,41.964657,2.670759
rapl,cpu,int,map_reduce,max,256,8388608,uniform,23000425,1,bench/results/raw/energy/measurements/20260817_174754_cpu_int_map_reduce_q23_k256_max_uniform_s23000425_rep1_rapl.txt,0.089057,1.186249,13.320043,4.871461,0.752409,8.448582,0,rapl:package+core,0.563097,0.563097,0.02607,0.02607,0.43609801173,0.43609801173,0.563097,0.02734
rapl,cpu,int,map_reduce,max,256,8388608,uniform,23000425,2,bench/results/raw/energy/measurements/20260817_174754_cpu_int_map_reduce_q23_k256_max_uniform_s23000425_rep2_rapl.txt,0.088236,1.20317,13.63584,4.871461,0.773332,8.764379,0,rapl:package+core,0.518467,0.518467,0.025791,0.025791,0.392827149349,0.392827149349,0.543978,0.027043
rapl,cpu,int,map_reduce,max,256,8388608,uniform,23000425,3,bench/results/raw/energy/measurements/20260817_174754_cpu_int_map_reduce_q23_k256_max_uniform_s23000425_rep3_rapl.txt,0.089085,1.209211,13.573698,4.871461,0.775238,8.702237,0,rapl:package+core,0.551821,0.551821,0.02638,0.02638,0.42331185882,0.42331185882,0.580659,0.027575
rapl,cpu,int,map_reduce,max,4096,8388608,uniform,23004265,1,bench/results/raw/energy/measurements/20260817_174754_cpu_int_map_reduce_q23_k4096_max_uniform_s23004265_rep1_rapl.txt,0.183262,3.193896,17.427999,4.871461,2.301141,12.556538,0,rapl:package+core,2.344316,2.344316,0.112599,0.112599,1.79579436286,1.79579436286,2.413343,0.113881
rapl,cpu,int,map_reduce,max,4096,8388608,uniform,23004265,2,bench/results/raw/energy/measurements/20260817_174754_cpu_int_map_reduce_q23_k4096_max_uniform_s23004265_rep2_rapl.txt,0.183757,3.147649,17.129448,4.871461,2.252486,12.257987,0,rapl:package+core,2.359513,2.359513,0.112986,0.112986,1.80910610745,1.80910610745,2.359513,0.114242
rapl,cpu,int,map_reduce,max,4096,8388608,uniform,23004265,3,bench/results/raw/energy/measurements/20260817_174754_cpu_int_map_reduce_q23_k4096_max_uniform_s23004265_rep3_rapl.txt,0.183277,3.171589,17.304859,4.871461,2.27876,12.433398,0,rapl:package+core,2.349641,2.349641,0.112575,0.112575,1.80123627793,1.80123627793,2.349641,0.113831
rapl,cpu,int,map_reduce,max,8,8388608,uniform,23000177,1,bench/results/raw/energy/measurements/20260817_174754_cpu_int_map_reduce_q23_k8_max_uniform_s23000177_rep1_rapl.txt,0.086704,1.139971,13.147773,4.871461,0.717593,8.276312,0,rapl:package+core,0.419519,0.419519,0.023811,0.023811,0.303524642129,0.303524642129,0.488439,0.025057
rapl,cpu,int,map_reduce,max,8,8388608,uniform,23000177,2,bench/results/raw/energy/measurements/20260817_174754_cpu_int_map_reduce_q23_k8_max_uniform_s23000177_rep2_rapl.txt,0.085701,1.090871,12.728732,4.871461,0.67338,7.857271,0,rapl:package+core,0.401834,0.401834,0.023121,0.023121,0.289200950219,0.289200950219,0.452537,0.024266
rapl,cpu,int,map_reduce,max,8,8388608,uniform,23000177,3,bench/results/raw/energy/measurements/20260817_174754_cpu_int_map_reduce_q23_k8_max_uniform_s23000177_rep3_rapl.txt,0.084821,1.067404,12.584126,4.871461,0.6542,7.712665,0,rapl:package+core,0.413126,0.413126,0.022313,0.022313,0.304429090707,0.304429090707,0.452079,0.02355
rapl,cpu,int,map_reduce,max,131072,16777216,uniform,24131244,1,bench/results/raw/energy/measurements/20260817_174754_cpu_int_map_reduce_q24_k131072_max_uniform_s24131244_rep1_rapl.txt,3.48282,58.209514,16.713329,4.871461,41.243093,11.841868,0,rapl:package+core,52.051706,52.051706,3.062493,3.062493,37.1328907877,37.1328907877,52.051706,3.064287
rapl,cpu,int,map_reduce,max,131072,16777216,uniform,24131244,2,bench/results/raw/energy/measurements/20260817_174754_cpu_int_map_reduce_q24_k131072_max_uniform_s24131244_rep2_rapl.txt,3.475555,58.484677,16.827436,4.871461,41.553647,11.955975,0,rapl:package+core,52.246917,52.246917,3.055165,3.055165,37.3637998539,37.3637998539,52.246917,3.05681
rapl,cpu,int,map_reduce,max,131072,16777216,uniform,24131244,3,bench/results/raw/energy/measurements/20260817_174754_cpu_int_map_reduce_q24_k131072_max_uniform_s24131244_rep3_rapl.txt,3.476564,58.367709,16.788906,4.871461,41.431762,11.917445,0,rapl:package+core,52.096549,52.096549,3.056393,3.056393,37.2074496998,37.2074496998,52.113989,3.058404
rapl,cpu,int,map_reduce,max,256,16777216,uniform,24000428,1,bench/results/raw/energy/measurements/20260817_174754_cpu_int_map_reduce_q24_k256_max_uniform_s24000428_rep1_rapl.txt,0.189703,2.615908,13.789476,4.871461,1.691776,8.918015,0,rapl:package+core,1.38619,1.38619,0.068594,0.068594,1.05203700417,1.05203700417,1.461335,0.069843
rapl,cpu,int,map_reduce,max,256,16777216,uniform,24000428,2,bench/results/raw/energy/measurements/20260817_174754_cpu_int_map_reduce_q24_k256_max_uniform_s24000428_rep2_rapl.txt,0.190614,2.629609,13.795433,4.871461,1.701038,8.923972,0,rapl:package+core,1.460954,1.460954,0.06931,0.06931,1.12331303809,1.12331303809,1.487182,0.070601
rapl,cpu,int,map_reduce,max,256,16777216,uniform,24000428,3,bench/results/raw/energy/measurements/20260817_174754_cpu_int_map_reduce_q24_k256_max_uniform_s24000428_rep3_rapl.txt,0.189608,2.632219,13.882401,4.871461,1.708549,9.01094,0,rapl:package+core,1.402134,1.402134,0.068125,0.068125,1.07026571938,1.07026571938,1.477219,0.069384
rapl,cpu,int,map_reduce,max,4096,16777216,uniform,24004268,1,bench/results/raw/energy/measurements/20260817_174754_cpu_int_map_reduce_q24_k4096_max_uniform_s24004268_rep1_rapl.txt,0.292974,4.80421,16.398063,4.871461,3.376997,11.526602,0,rapl:package+core,3.397224,3.397224,0.164332,0.164332,2.59668707095,2.59668707095,3.46114,0.165616
rapl,cpu,int,map_reduce,max,4096,16777216,uniform,24004268,2,bench/results/raw/energy/measurements/20260817_174754_cpu_int_map_reduce_q24_k4096_max_uniform_s24004268_rep2_rapl.txt,0.293539,4.877387,16.61579,4.871461,3.447422,11.744329,0,rapl:package+core,3.432211,3.432211,0.164207,0.164207,2.63228300357,2.63228300357,3.531098,0.165482
rapl,cpu,int,map_reduce,max,4096,16777216,uniform,24004268,3,bench/results/raw/energy/measurements/20260817_174754_cpu_int_map_reduce_q24_k4096_max_uniform_s24004268_rep3_rapl.txt,0.294694,4.875618,16.544656,4.871461,3.440026,11.673195,0,rapl:package+core,3.438208,3.438208,0.165643,0.165643,2.63128458558,2.63128458558,3.536393,0.166923
rapl,cpu,int,map_reduce,max,8,16777216,uniform,24000180,1,bench/results/raw/energy/measurements/20260817_174754_cpu_int_map_reduce_q24_k8_max_uniform_s24000180_rep1_rapl.txt,0.186833,2.562443,13.715159,4.871461,1.652294,8.843698,0,rapl:package+core,1.303583,1.303583,0.065847,0.065847,0.982811907533,0.982811907533,1.354117,0.067132
rapl,cpu,int,map_reduce,max,8,16777216,uniform,24000180,2,bench/results/raw/energy/measurements/20260817_174754_cpu_int_map_reduce_q24_k8_max_uniform_s24000180_rep2_rapl.txt,0.187607,2.478327,13.210235,4.871461,1.564409,8.338774,0,rapl:package+core,1.340003,1.340003,0.065828,0.065828,1.01932446529,1.01932446529,1.340003,0.067114
rapl,cpu,int,map_reduce,max,8,16777216,uniform,24000180,3,bench/results/raw/energy/measurements/20260817_174754_cpu_int_map_reduce_q24_k8_max_uniform_s24000180_rep3_rapl.txt,0.187116,2.469232,13.196236,4.871461,1.557702,8.324775,0,rapl:package+core,1.266812,1.266812,0.065622,0.065622,0.947136986258,0.947136986258,1.315225,0.066905
gpu,gpu,int,bitonic,max,256,65536,uniform,16000404,1,bench/results/raw/energy/measurements/20260817_174754_gpu_int_bitonic_q16_k256_max_uniform_s16000404_rep1_gpu.txt,0.423457,8.308139,19.619808,14.716208,2.076462,4.9036,0,"rapl:package+core,nvml:board-integrated",0.377359,0.092664,0.016653,0.004614,0.132289988176,0.024763416288,0.387521,0.018386
gpu,gpu,int,bitonic,max,256,65536,uniform,16000404,2,bench/results/raw/energy/measurements/20260817_174754_gpu_int_bitonic_q16_k256_max_uniform_s16000404_rep2_gpu.txt,0.430731,8.326208,19.33041,14.716208,1.98748,4.614202,0,"rapl:package+core,nvml:board-integrated",0.350129,0.072157,0.016486,0.004395,0.107517594912,0.00747926584,0.386229,0.018223
gpu,gpu,int,bitonic,max,256,65536,uniform,16000404,3,bench/results/raw/energy/measurements/20260817_174754_gpu_int_bitonic_q16_k256_max_uniform_s16000404_rep3_gpu.txt,0.430614,8.458413,19.642701,14.716208,2.121415,4.926493,0,"rapl:package+core,nvml:board-integrated",0.343983,0.093933,0.016629,0.004354,0.099267177168,0.029858630368,0.390426,0.018368
gpu,gpu,int,bitonic,max,4096,65536,uniform,16004244,1,bench/results/raw/energy/measurements/20260817_174754_gpu_int_bitonic_q16_k4096_max_uniform_s16004244_rep1_gpu.txt,0.427704,7.938808,18.56146,14.716208,1.644629,3.845252,0,"rapl:package+core,nvml:board-integrated",0.347832,0.095112,0.01645,0.004655,0.1057503784,0.02660805176,0.382796,0.01818
gpu,gpu,int,bitonic,max,4096,65536,uniform,16004244,2,bench/results/raw/energy/measurements/20260817_174754_gpu_int_bitonic_q16_k4096_max_uniform_s16004244_rep2_gpu.txt,0.373038,6.969513,18.683104,14.716208,1.479804,3.966896,0,"rapl:package+core,nvml:board-integrated",0.307328,0.111376,0.01626,0.004716,0.06804245792,0.041974363072,0.341173,0.01803
gpu,gpu,int,bitonic,max,4096,65536,uniform,16004244,3,bench/results/raw/energy/measurements/20260817_174754_gpu_int_bitonic_q16_k4096_max_uniform_s16004244_rep3_gpu.txt,0.357485,6.45083,18.045022,14.716208,1.190002,3.328814,0,"rapl:package+core,nvml:board-integrated",0.30617,0.077075,0.01651,0.004662,0.06320540592,0.008468038304,0.362855,0.01824
gpu,gpu,int,bitonic,max,8,65536,uniform,16000156,1,bench/results/raw/energy/measurements/20260817_174754_gpu_int_bitonic_q16_k8_max_uniform_s16000156_rep1_gpu.txt,0.426655,8.345062,19.559261,14.716208,2.066314,4.843053,0,"rapl:package+core,nvml:board-integrated",0.351266,0.032773,0.017011,0.0042,0.100928585712,0,0.398699,0.018729
gpu,gpu,int,bitonic,max,8,65536,uniform,16000156,2,bench/results/raw/energy/measurements/20260817_174754_gpu_int_bitonic_q16_k8_max_uniform_s16000156_rep2_gpu.txt,0.36396,7.277784,19.996096,14.716208,1.921669,5.279888,0,"rapl:package+core,nvml:board-integrated",0.365983,0.104103,0.016708,0.004136,0.120104596736,0.043236763712,0.392575,0.018391
gpu,gpu,int,bitonic,max,8,65536,uniform,16000156,3,bench/results/raw/energy/measurements/20260817_174754_gpu_int_bitonic_q16_k8_max_uniform_s16000156_rep3_gpu.txt,0.425082,8.363531,19.675102,14.716208,2.107936,4.958894,0,"rapl:package+core,nvml:board-integrated",0.384007,0.084396,0.016948,0.004178,0.134596706816,0.022911682976,0.394504,0.018667
gpu,gpu,int,bitonic,max,131072,131072,uniform,17131223,1,bench/results/raw/energy/measurements/20260817_174754_gpu_int_bitonic_q17_k131072_max_uniform_s17131223_rep1_gpu.txt,0.444285,8.054238,18.128553,14.716208,1.516053,3.412345,0,"rapl:package+core,nvml:board-integrated",0.512485,0.212611,0.022732,0.006549,0.177956159744,0.116234553808,0.5492,0.025161
gpu,gpu,int,bitonic,max,131072,131072,uniform,17131223,2,bench/results/raw/energy/measurements/20260817_174754_gpu_int_bitonic_q17_k131072_max_uniform_s17131223_rep2_gpu.txt,0.437367,7.941074,18.156527,14.716208,1.504683,3.440319,0,"rapl:package+core,nvml:board-integrated",0.458549,0.133739,0.021695,0.006418,0.13928086744,0.039290377056,0.469214,0.024062
gpu,gpu,int,bitonic,max,131072,131072,uniform,17131223,3,bench/results/raw/energy/measurements/20260817_174754_gpu_int_bitonic_q17_k131072_max_uniform_s17131223_rep3_gpu.txt,0.437614,8.029696,18.348821,14.716208,1.589681,3.632613,0,"rapl:package+core,nvml:board-integrated",0.489488,0.124796,0.021741,0.006434,0.169542921872,0.030111917728,0.489488,0.02412
gpu,gpu,int,bitonic,max,256,131072,uniform,17000407,1,bench/results/raw/energy/measurements/20260817_174754_gpu_int_bitonic_q17_k256_max_uniform_s17000407_rep1_gpu.txt,0.365634,6.549119,17.911658,14.716208,1.168367,3.19545,0,"rapl:package+core,nvml:board-integrated",0.379766,0.148827,0.017843,0.004992,0.117184700656,0.075363689664,0.379766,0.020033
gpu,gpu,int,bitonic,max,256,131072,uniform,17000407,2,bench/results/raw/energy/measurements/20260817_174754_gpu_int_bitonic_q17_k256_max_uniform_s17000407_rep2_gpu.txt,0.390104,7.05896,18.095091,14.716208,1.318114,3.378883,0,"rapl:package+core,nvml:board-integrated",0.355842,0.0642,0.017912,0.005022,0.092245282304,0,0.378456,0.020131
gpu,gpu,int,bitonic,max,256,131072,uniform,17000407,3,bench/results/raw/energy/measurements/20260817_174754_gpu_int_bitonic_q17_k256_max_uniform_s17000407_rep3_gpu.txt,0.434598,7.887649,18.149289,14.716208,1.492011,3.433081,0,"rapl:package+core,nvml:board-integrated",0.326646,0.129974,0.01771,0.004999,0.06602195632,0.056407676208,0.380515,0.019968
gpu,gpu,int,bitonic,max,4096,131072,uniform,17004247,1,bench/results/raw/energy/measurements/20260817_174754_gpu_int_bitonic_q17_k4096_max_uniform_s17004247_rep1_gpu.txt,0.433393,7.778789,17.9486,14.716208,1.400895,3.232392,0,"rapl:package+core,nvml:board-integrated",0.359569,0.074187,0.017626,0.005519,0.100181117792,0,0.392638,0.019893
gpu,gpu,int,bitonic,max,4096,131072,uniform,17004247,2,bench/results/raw/energy/measurements/20260817_174754_gpu_int_bitonic_q17_k4096_max_uniform_s17004247_rep2_gpu.txt,0.434656,7.702632,17.721219,14.716208,1.306146,3.005011,0,"rapl:package+core,nvml:board-integrated",0.347845,0.078496,0.017836,0.005537,0.085366714112,0,0.41417,0.020078
gpu,gpu,int,bitonic,max,4096,131072,uniform,17004247,3,bench/results/raw/energy/measurements/20260817_174754_gpu_int_bitonic_q17_k4096_max_uniform_s17004247_rep3_gpu.txt,0.43516,7.802982,17.931307,14.716208,1.399081,3.215099,0,"rapl:package+core,nvml:board-integrated",0.348671,0.10905,0.017628,0.005533,0.089253685376,0.027625221136,0.402284,0.019881
gpu,gpu,int,bitonic,max,8,131072,uniform,17000159,1,bench/results/raw/energy/measurements/20260817_174754_gpu_int_bitonic_q17_k8_max_uniform_s17000159_rep1_gpu.txt,0.429023,7.86718,18.337422,14.716208,1.553585,3.621214,0,"rapl:package+core,nvml:board-integrated",0.367129,0.054479,0.017626,0.00431,0.107741117792,0,0.411164,0.019813
gpu,gpu,int,bitonic,max,8,131072,uniform,17000159,2,bench/results/raw/energy/measurements/20260817_174754_gpu_int_bitonic_q17_k8_max_uniform_s17000159_rep2_gpu.txt,0.376051,6.861918,18.247297,14.716208,1.32787,3.531089,0,"rapl:package+core,nvml:board-integrated",0.362806,0.08717,0.017663,0.004319,0.102873618096,0.023610697648,0.383649,0.019875
gpu,gpu,int,bitonic,max,8,131072,uniform,17000159,3,bench/results/raw/energy/measurements/20260817_174754_gpu_int_bitonic_q17_k8_max_uniform_s17000159_rep3_gpu.txt,0.433735,7.820543,18.030688,14.716208,1.437607,3.31448,0,"rapl:package+core,nvml:board-integrated",0.295223,0.054199,0.017597,0.004304,0.036261887824,0,0.394964,0.019793
gpu,gpu,int,bitonic,max,131072,262144,uniform,18131226,1,bench/results/raw/energy/measurements/20260817_174754_gpu_int_bitonic_q18_k131072_max_uniform_s18131226_rep1_gpu.txt,0.439485,8.102739,18.436901,14.716208,1.635188,3.720693,0,"rapl:package+core,nvml:board-integrated",0.594973,0.192308,0.025747,0.009377,0.216074792624,0.054314117584,0.617296,0.02903
gpu,gpu,int,bitonic,max,131072,262144,uniform,18131226,2,bench/results/raw/energy/measurements/20260817_174754_gpu_int_bitonic_q18_k131072_max_uniform_s18131226_rep2_gpu.txt,0.432346,8.156764,18.866294,14.716208,1.794272,4.150086,0,"rapl:package+core,nvml:board-integrated",0.571045,0.150113,0.025841,0.00944,0.190763469072,0.01119199648,0.615984,0.02912
gpu,gpu,int,bitonic,max,131072,262144,uniform,18131226,3,bench/results/raw/energy/measurements/20260817_174754_gpu_int_bitonic_q18_k131072_max_uniform_s18131226_rep3_gpu.txt,0.436776,8.360719,19.141896,14.716208,1.933034,4.425688,0,"rapl:package+core,nvml:board-integrated",0.553999,0.211979,0.025449,0.009382,0.179486222608,0.073911536544,0.611349,0.028642
gpu,gpu,int,bitonic,max,256,262144,uniform,18000410,1,bench/results/raw/energy/measurements/20260817_174754_gpu_int_bitonic_q18_k256_max_uniform_s18000410_rep1_gpu.txt,0.43417,7.851832,18.084674,14.716208,1.462488,3.368466,0,"rapl:package+core,nvml:board-integrated",0.355052,0.087867,0.019765,0.006133,0.06418614888,0,0.455506,0.022775
gpu,gpu,int,bitonic,max,256,262144,uniform,18000410,2,bench/results/raw/energy/measurements/20260817_174754_gpu_int_bitonic_q18_k256_max_uniform_s18000410_rep2_gpu.txt,0.432359,8.018792,18.546586,14.716208,1.6561,3.830378,0,"rapl:package+core,nvml:board-integrated",0.36549,0.121162,0.019417,0.005961,0.079745389264,0.033438684112,0.443785,0.022416
gpu,gpu,int,bitonic,max,256,262144,uniform,18000410,3,bench/results/raw/energy/measurements/20260817_174754_gpu_int_bitonic_q18_k256_max_uniform_s18000410_rep3_gpu.txt,0.433494,7.996674,18.447009,14.716208,1.617281,3.730801,0,"rapl:package+core,nvml:board-integrated",0.381677,0.133728,0.019594,0.006029,0.093327620448,0.045003981968,0.460947,0.022645
gpu,gpu,int,bitonic,max,4096,262144,uniform,18004250,1,bench/results/raw/energy/measurements/20260817_174754_gpu_int_bitonic_q18_k4096_max_uniform_s18004250_rep1_gpu.txt,0.422771,7.874382,18.625644,14.716208,1.652796,3.909436,0,"rapl:package+core,nvml:board-integrated",0.478801,0.190148,0.023794,0.007931,0.128643546848,0.073433754352,0.556986,0.026988
gpu,gpu,int,bitonic,max,4096,262144,uniform,18004250,2,bench/results/raw/energy/measurements/20260817_174754_gpu_int_bitonic_q18_k4096_max_uniform_s18004250_rep2_gpu.txt,0.440811,8.184588,18.567098,14.716208,1.697516,3.85089,0,"rapl:package+core,nvml:board-integrated",0.504524,0.139823,0.021436,0.007737,0.189067365312,0.025963698704,0.526481,0.024542
gpu,gpu,int,bitonic,max,4096,262144,uniform,18004250,3,bench/results/raw/energy/measurements/20260817_174754_gpu_int_bitonic_q18_k4096_max_uniform_s18004250_rep3_gpu.txt,0.438073,8.212054,18.745872,14.716208,1.765286,4.029664,0,"rapl:package+core,nvml:board-integrated",0.462598,0.126404,0.020951,0.007677,0.154278726192,0.013427671184,0.530329,0.024076
gpu,gpu,int,bitonic,max,8,262144,uniform,18000162,1,bench/results/raw/energy/measurements/20260817_174754_gpu_int_bitonic_q18_k8_max_uniform_s18000162_rep1_gpu.txt,0.428946,7.839146,18.275356,14.716208,1.526683,3.559148,0,"rapl:package+core,nvml:board-integrated",0.384013,0.100687,0.018894,0.004801,0.105964966048,0.030034485392,0.452367,0.021929
gpu,gpu,int,bitonic,max,8,262144,uniform,18000162,2,bench/results/raw/energy/measurements/20260817_174754_gpu_int_bitonic_q18_k8_max_uniform_s18000162_rep2_gpu.txt,0.362411,6.613332,18.248141,14.716208,1.280012,3.531933,0,"rapl:package+core,nvml:board-integrated",0.388838,0.078929,0.0188,0.00467,0.1121732896,0.01020430864,0.434383,0.021808
gpu,gpu,int,bitonic,max,8,262144,uniform,18000162,3,bench/results/raw/energy/measurements/20260817_174754_gpu_int_bitonic_q18_k8_max_uniform_s18000162_rep3_gpu.txt,0.432874,7.922487,18.302044,14.716208,1.552217,3.585836,0,"rapl:package+core,nvml:board-integrated",0.374064,0.124143,0.018806,0.00477,0.097310992352,0.05394668784,0.429546,0.02185
gpu,gpu,int,bitonic,max,131072,524288,uniform,19131229,1,bench/results/raw/energy/measurements/20260817_174754_gpu_int_bitonic_q19_k131072_max_uniform_s19131229_rep1_gpu.txt,0.43889,8.720906,19.870358,14.716208,2.262106,5.15415,0,"rapl:package+core,nvml:board-integrated",0.832421,0.374931,0.038155,0.016079,0.27092408376,0.138309091568,0.938133,0.043089
gpu,gpu,int,bitonic,max,131072,524288,uniform,19131229,2,bench/results/raw/energy/measurements/20260817_174754_gpu_int_bitonic_q19_k131072_max_uniform_s19131229_rep2_gpu.txt,0.409925,8.35057,20.370947,14.716208,2.318022,5.654739,0,"rapl:package+core,nvml:board-integrated",0.886765,0.362072,0.041205,0.016301,0.28038364936,0.122183093392,1.039881,0.04628
gpu,gpu,int,bitonic,max,131072,524288,uniform,19131229,3,bench/results/raw/energy/measurements/20260817_174754_gpu_int_bitonic_q19_k131072_max_uniform_s19131229_rep3_gpu.txt,0.413631,8.592113,20.772424,14.716208,2.505037,6.056216,0,"rapl:package+core,nvml:board-integrated",0.850559,0.325203,0.038224,0.016074,0.288046665408,0.088654672608,0.964784,0.043139
gpu,gpu,int,bitonic,max,256,524288,uniform,19000413,1,bench/results/raw/energy/measurements/20260817_174754_gpu_int_bitonic_q19_k256_max_uniform_s19000413_rep1_gpu.txt,0.415922,7.883836,18.955097,14.716208,1.763046,4.238889,0,"rapl:package+core,nvml:board-integrated",0.746312,0.258345,0.032947,0.010423,0.261457095024,0.104957964016,0.806516,0.037785
gpu,gpu,int,bitonic,max,256,524288,uniform,19000413,2,bench/results/raw/energy/measurements/20260817_174754_gpu_int_bitonic_q19_k256_max_uniform_s19000413_rep2_gpu.txt,0.412205,7.927254,19.231317,14.716208,1.861153,4.515109,0,"rapl:package+core,nvml:board-integrated",0.781479,0.229048,0.033385,0.010376,0.29017839592,0.076352625792,0.846271,0.03802
gpu,gpu,int,bitonic,max,256,524288,uniform,19000413,3,bench/results/raw/energy/measurements/20260817_174754_gpu_int_bitonic_q19_k256_max_uniform_s19000413_rep3_gpu.txt,0.400365,7.807645,19.501299,14.716208,1.915785,4.785091,0,"rapl:package+core,nvml:board-integrated",0.579747,0.192488,0.029731,0.010211,0.142219419952,0.042220800112,0.720536,0.034295
gpu,gpu,int,bitonic,max,4096,524288,uniform,19004253,1,bench/results/raw/energy/measurements/20260817_174754_gpu_int_bitonic_q19_k4096_max_uniform_s19004253_rep1_gpu.txt,0.411676,7.909797,19.213638,14.716208,1.851485,4.49743,0,"rapl:package+core,nvml:board-integrated",0.776859,0.268772,0.035242,0.01285,0.258230397664,0.0796687272,0.86325,0.039999
gpu,gpu,int,bitonic,max,4096,524288,uniform,19004253,2,bench/results/raw/energy/measurements/20260817_174754_gpu_int_bitonic_q19_k4096_max_uniform_s19004253_rep2_gpu.txt,0.41047,8.217318,20.019302,14.716208,2.17676,5.303094,0,"rapl:package+core,nvml:board-integrated",0.782126,0.274942,0.034622,0.013045,0.272621446624,0.08296906664,0.894599,0.03922
gpu,gpu,int,bitonic,max,4096,524288,uniform,19004253,3,bench/results/raw/energy/measurements/20260817_174754_gpu_int_bitonic_q19_k4096_max_uniform_s19004253_rep3_gpu.txt,0.41324,8.132565,19.680007,14.716208,2.05124,4.963799,0,"rapl:package+core,nvml:board-integrated",0.766139,0.293212,0.03461,0.013007,0.25681104112,0.101798282544,0.876108,0.039232
gpu,gpu,int,bitonic,max,8,524288,uniform,19000165,1,bench/results/raw/energy/measurements/20260817_174754_gpu_int_bitonic_q19_k8_max_uniform_s19000165_rep1_gpu.txt,0.413856,7.951151,19.212349,14.716208,1.860756,4.496141,0,"rapl:package+core,nvml:board-integrated",0.678739,0.216013,0.031944,0.008074,0.208644451648,0.097194336608,0.810813,0.036787
gpu,gpu,int,bitonic,max,8,524288,uniform,19000165,2,bench/results/raw/energy/measurements/20260817_174754_gpu_int_bitonic_q19_k8_max_uniform_s19000165_rep2_gpu.txt,0.428625,8.174971,19.072564,14.716208,1.867241,4.356356,0,"rapl:package+core,nvml:board-integrated",0.628838,0.224723,0.0282,0.007649,0.2138409344,0.112158725008,0.717038,0.033087
gpu,gpu,int,bitonic,max,8,524288,uniform,19000165,3,bench/results/raw/energy/measurements/20260817_174754_gpu_int_bitonic_q19_k8_max_uniform_s19000165_rep3_gpu.txt,0.413447,7.731304,18.699608,14.716208,1.646926,3.9834,0,"rapl:package+core,nvml:board-integrated",0.662855,0.131197,0.031335,0.007784,0.20172262232,0.016646036928,0.754915,0.035996
gpu,gpu,int,bitonic,max,131072,1048576,uniform,20131232,1,bench/results/raw/energy/measurements/20260817_174754_gpu_int_bitonic_q20_k131072_max_uniform_s20131232_rep1_gpu.txt,0.472354,10.299876,21.805399,14.716208,3.348611,7.089191,0,"rapl:package+core,nvml:board-integrated",1.501202,0.749184,0.061669,0.027595,0.593668168848,0.34309024024,1.702698,0.06974
gpu,gpu,int,bitonic,max,131072,1048576,uniform,20131232,2,bench/results/raw/energy/measurements/20260817_174754_gpu_int_bitonic_q20_k131072_max_uniform_s20131232_rep2_gpu.txt,0.471871,10.438589,22.121705,14.716208,3.494438,7.405497,0,"rapl:package+core,nvml:board-integrated",1.572057,0.753731,0.065889,0.031824,0.602420771088,0.285402396608,1.844426,0.073742
gpu,gpu,int,bitonic,max,131072,1048576,uniform,20131232,3,bench/results/raw/energy/measurements/20260817_174754_gpu_int_bitonic_q20_k131072_max_uniform_s20131232_rep3_gpu.txt,0.432245,9.791944,22.653713,14.716208,3.430943,7.937505,0,"rapl:package+core,nvml:board-integrated",1.692715,0.713549,0.062715,0.02812,0.76978801528,0.29972923104,1.806706,0.07085
gpu,gpu,int,bitonic,max,256,1048576,uniform,20000416,1,bench/results/raw/energy/measurements/20260817_174754_gpu_int_bitonic_q20_k256_max_uniform_s20000416_rep1_gpu.txt,0.419907,8.357799,19.903924,14.716208,2.178359,5.187716,0,"rapl:package+core,nvml:board-integrated",1.181877,0.262651,0.047718,0.015827,0.479648986656,0.029737575984,1.257467,0.055583
gpu,gpu,int,bitonic,max,256,1048576,uniform,20000416,2,bench/results/raw/energy/measurements/20260817_174754_gpu_int_bitonic_q20_k256_max_uniform_s20000416_rep2_gpu.txt,0.424981,8.715382,20.507691,14.716208,2.461271,5.791483,0,"rapl:package+core,nvml:board-integrated",1.216043,0.477132,0.048322,0.016116,0.504926397024,0.239965591872,1.425012,0.056796
gpu,gpu,int,bitonic,max,256,1048576,uniform,20000416,3,bench/results/raw/energy/measurements/20260817_174754_gpu_int_bitonic_q20_k256_max_uniform_s20000416_rep3_gpu.txt,0.431674,8.85383,20.510455,14.716208,2.501226,5.794247,0,"rapl:package+core,nvml:board-integrated",1.12979,0.422636,0.0471,0.01563,0.4366566032,0.19262166896,1.281951,0.055118
gpu,gpu,int,bitonic,max,4096,1048576,uniform,20004256,1,bench/results/raw/energy/measurements/20260817_174754_gpu_int_bitonic_q20_k4096_max_uniform_s20004256_rep1_gpu.txt,0.487194,10.254391,21.047856,14.716208,3.084742,6.331648,0,"rapl:package+core,nvml:board-integrated",1.12915,0.487994,0.048565,0.020734,0.41445735848,0.182868143328,1.281026,0.056239
gpu,gpu,int,bitonic,max,4096,1048576,uniform,20004256,2,bench/results/raw/energy/measurements/20260817_174754_gpu_int_bitonic_q20_k4096_max_uniform_s20004256_rep2_gpu.txt,0.430376,8.962496,20.824824,14.716208,2.628999,6.108616,0,"rapl:package+core,nvml:board-integrated",1.14595,0.428176,0.051457,0.020082,0.388698084944,0.132645110944,1.383964,0.059322
gpu,gpu,int,bitonic,max,4096,1048576,uniform,20004256,3,bench/results/raw/energy/measurements/20260817_174754_gpu_int_bitonic_q20_k4096_max_uniform_s20004256_rep3_gpu.txt,0.43582,9.439203,21.658472,14.716208,3.02558,6.942264,0,"rapl:package+core,nvml:board-integrated",1.246597,0.471434,0.05358,0.024459,0.45810257536,0.111490268528,1.47164,0.061502
gpu,gpu,int,bitonic,max,8,1048576,uniform,20000168,1,bench/results/raw/energy/measurements/20260817_174754_gpu_int_bitonic_q20_k8_max_uniform_s20000168_rep1_gpu.txt,0.423234,8.626123,20.381452,14.716208,2.397724,5.665244,0,"rapl:package+core,nvml:board-integrated",1.085441,0.239367,0.044564,0.011585,0.429627906688,0.06887973032,1.229025,0.052497
gpu,gpu,int,bitonic,max,8,1048576,uniform,20000168,2,bench/results/raw/energy/measurements/20260817_174754_gpu_int_bitonic_q20_k8_max_uniform_s20000168_rep2_gpu.txt,0.433213,8.752426,20.20354,14.716208,2.377181,5.487332,0,"rapl:package+core,nvml:board-integrated",1.055595,0.320742,0.04766,0.015751,0.35422052672,0.088947007792,1.251627,0.055556
gpu,gpu,int,bitonic,max,8,1048576,uniform,20000168,3,bench/results/raw/energy/measurements/20260817_174754_gpu_int_bitonic_q20_k8_max_uniform_s20000168_rep3_gpu.txt,0.424824,8.361055,19.681199,14.716208,2.10925,4.964991,0,"rapl:package+core,nvml:board-integrated",0.909076,0.240738,0.042544,0.011429,0.282989646848,0.072546458768,1.135741,0.050557
gpu,gpu,int,bitonic,max,131072,2097152,uniform,21131235,1,bench/results/raw/energy/measurements/20260817_174754_gpu_int_bitonic_q21_k131072_max_uniform_s21131235_rep1_gpu.txt,0.558442,14.004268,25.077374,14.716208,5.786114,10.361166,0,"rapl:package+core,nvml:board-integrated",2.617482,1.191142,0.096261,0.042204,1.20088510171,0.570059157568,3.095337,0.114982
gpu,gpu,int,bitonic,max,131072,2097152,uniform,21131235,2,bench/results/raw/energy/measurements/20260817_174754_gpu_int_bitonic_q21_k131072_max_uniform_s21131235_rep2_gpu.txt,0.553682,14.899421,26.909727,14.716208,6.751328,12.193519,0,"rapl:package+core,nvml:board-integrated",2.827962,1.246801,0.099598,0.04381,1.36225711562,0.60208392752,3.415032,0.1187
gpu,gpu,int,bitonic,max,131072,2097152,uniform,21131235,3,bench/results/raw/energy/measurements/20260817_174754_gpu_int_bitonic_q21_k131072_max_uniform_s21131235_rep3_gpu.txt,0.538662,15.275466,28.358167,14.716208,7.348404,13.641959,0,"rapl:package+core,nvml:board-integrated",3.03204,1.336666,0.099659,0.043729,1.56543742693,0.693140940368,3.610202,0.118501
gpu,gpu,int,bitonic,max,256,2097152,uniform,21000419,1,bench/results/raw/energy/measurements/20260817_174754_gpu_int_bitonic_q21_k256_max_uniform_s21000419_rep1_gpu.txt,0.475849,10.040014,21.099173,14.716208,3.037325,6.382965,0,"rapl:package+core,nvml:board-integrated",1.785011,0.520906,0.072777,0.022717,0.714009530384,0.186597902864,2.17474,0.091441
gpu,gpu,int,bitonic,max,256,2097152,uniform,21000419,2,bench/results/raw/energy/measurements/20260817_174754_gpu_int_bitonic_q21_k256_max_uniform_s21000419_rep2_gpu.txt,0.473896,10.737924,22.658818,14.716208,3.763972,7.94261,0,"rapl:package+core,nvml:board-integrated",1.706117,0.480227,0.06376,0.01719,0.76781157792,0.22725538448,2.052799,0.082135
gpu,gpu,int,bitonic,max,256,2097152,uniform,21000419,3,bench/results/raw/energy/measurements/20260817_174754_gpu_int_bitonic_q21_k256_max_uniform_s21000419_rep3_gpu.txt,0.470714,11.075406,23.528956,14.716208,4.148283,8.812748,0,"rapl:package+core,nvml:board-integrated",1.998349,0.453086,0.068798,0.01779,0.985903322016,0.19128465968,2.285471,0.087198
gpu,gpu,int,bitonic,max,4096,2097152,uniform,21004259,1,bench/results/raw/energy/measurements/20260817_174754_gpu_int_bitonic_q21_k4096_max_uniform_s21004259_rep1_gpu.txt,0.489617,11.617184,23.727103,14.716208,4.411884,9.010895,0,"rapl:package+core,nvml:board-integrated",2.04902,0.761669,0.079017,0.026786,0.886189392464,0.367480652512,2.516335,0.096721
gpu,gpu,int,bitonic,max,4096,2097152,uniform,21004259,2,bench/results/raw/energy/measurements/20260817_174754_gpu_int_bitonic_q21_k4096_max_uniform_s21004259_rep2_gpu.txt,0.557676,13.274775,23.803727,14.716208,5.067894,9.087519,0,"rapl:package+core,nvml:board-integrated",2.264886,0.931547,0.091741,0.040644,0.914806361872,0.333421442048,2.902376,0.111132
gpu,gpu,int,bitonic,max,4096,2097152,uniform,21004259,3,bench/results/raw/energy/measurements/20260817_174754_gpu_int_bitonic_q21_k4096_max_uniform_s21004259_rep3_gpu.txt,0.485794,11.781882,24.252821,14.716208,4.632832,9.536613,0,"rapl:package+core,nvml:board-integrated",1.805831,0.624611,0.078755,0.027067,0.64685603896,0.226287398064,2.611553,0.097812
gpu,gpu,int,bitonic,max,8,2097152,uniform,21000171,1,bench/results/raw/energy/measurements/20260817_174754_gpu_int_bitonic_q21_k8_max_uniform_s21000171_rep1_gpu.txt,0.488401,11.484072,23.513616,14.716208,4.296662,8.797408,0,"rapl:package+core,nvml:board-integrated",1.671592,0.435156,0.06982,0.018709,0.64410635744,0.159830464528,2.287344,0.088952
gpu,gpu,int,bitonic,max,8,2097152,uniform,21000171,2,bench/results/raw/energy/measurements/20260817_174754_gpu_int_bitonic_q21_k8_max_uniform_s21000171_rep2_gpu.txt,0.482047,10.528573,21.84138,14.716208,3.434668,7.125172,0,"rapl:package+core,nvml:board-integrated",1.904892,0.611706,0.077058,0.026719,0.770890443936,0.218503638448,2.384448,0.095118
gpu,gpu,int,bitonic,max,8,2097152,uniform,21000171,3,bench/results/raw/energy/measurements/20260817_174754_gpu_int_bitonic_q21_k8_max_uniform_s21000171_rep3_gpu.txt,0.494253,10.379239,20.999833,14.716208,3.105703,6.283625,0,"rapl:package+core,nvml:board-integrated",1.641863,0.465379,0.070659,0.019085,0.602030458928,0.18452017032,2.113958,0.089405
gpu,gpu,int,bitonic,max,131072,4194304,uniform,22131238,1,bench/results/raw/energy/measurements/20260817_174754_gpu_int_bitonic_q22_k131072_max_uniform_s22131238_rep1_gpu.txt,0.779917,20.362836,26.108986,14.716208,8.885419,11.392778,0,"rapl:package+core,nvml:board-integrated",4.679998,2.117993,0.177633,0.081165,2.06591382434,0.92355197768,9.188216,0.347693
gpu,gpu,int,bitonic,max,131072,4194304,uniform,22131238,2,bench/results/raw/energy/measurements/20260817_174754_gpu_int_bitonic_q22_k131072_max_uniform_s22131238_rep2_gpu.txt,0.919134,26.039668,28.330643,14.716208,12.513495,13.614435,0,"rapl:package+core,nvml:board-integrated",5.706518,2.771133,0.20412,0.102326,2.70264562304,1.26528230019,12.141502,0.432602
gpu,gpu,int,bitonic,max,131072,4194304,uniform,22131238,3,bench/results/raw/energy/measurements/20260817_174754_gpu_int_bitonic_q22_k131072_max_uniform_s22131238_rep3_gpu.txt,0.674224,19.373374,28.734323,14.716208,9.451351,14.018115,0,"rapl:package+core,nvml:board-integrated",5.188448,2.712268,0.182702,0.082917,2.49976736598,1.49204418126,6.761713,0.229077
gpu,gpu,int,bitonic,max,256,4194304,uniform,22000422,1,bench/results/raw/energy/measurements/20260817_174754_gpu_int_bitonic_q22_k256_max_uniform_s22000422_rep1_gpu.txt,0.607574,14.600415,24.030659,14.716208,5.659222,9.314451,0,"rapl:package+core,nvml:board-integrated",3.007365,0.716298,0.113762,0.02784,1.3332197455,0.30659876928,4.030183,0.152757
gpu,gpu,int,bitonic,max,256,4194304,uniform,22000422,2,bench/results/raw/energy/measurements/20260817_174754_gpu_int_bitonic_q22_k256_max_uniform_s22000422_rep2_gpu.txt,0.555247,15.078131,27.155715,14.716208,6.907,12.439507,0,"rapl:package+core,nvml:board-integrated",2.943776,0.766985,0.113392,0.027918,1.27507574246,0.356137905056,4.17142,0.153169
gpu,gpu,int,bitonic,max,256,4194304,uniform,22000422,3,bench/results/raw/energy/measurements/20260817_174754_gpu_int_bitonic_q22_k256_max_uniform_s22000422_rep3_gpu.txt,0.59083,14.619166,24.743425,14.716208,5.924384,10.027217,0,"rapl:package+core,nvml:board-integrated",3.49995,1.281183,0.134544,0.049059,1.51997251085,0.559220551728,4.377628,0.173133
gpu,gpu,int,bitonic,max,4096,4194304,uniform,22004262,1,bench/results/raw/energy/measurements/20260817_174754_gpu_int_bitonic_q22_k4096_max_uniform_s22004262_rep1_gpu.txt,0.654006,17.067027,26.096113,14.716208,7.442532,11.379905,0,"rapl:package+core,nvml:board-integrated",3.430208,1.399637,0.133858,0.044838,1.46032582954,0.739791665696,6.211282,0.229737
gpu,gpu,int,bitonic,max,4096,4194304,uniform,22004262,2,bench/results/raw/energy/measurements/20260817_174754_gpu_int_bitonic_q22_k4096_max_uniform_s22004262_rep2_gpu.txt,0.710674,19.747981,27.787676,14.716208,9.289553,13.071468,0,"rapl:package+core,nvml:board-integrated",3.762722,1.352295,0.136686,0.044843,1.75122239331,0.692376084656,7.370589,0.256249
gpu,gpu,int,bitonic,max,4096,4194304,uniform,22004262,3,bench/results/raw/energy/measurements/20260817_174754_gpu_int_bitonic_q22_k4096_max_uniform_s22004262_rep3_gpu.txt,0.659458,17.259144,26.171713,14.716208,7.554424,11.455505,0,"rapl:package+core,nvml:board-integrated",3.601081,1.10468,0.139534,0.045608,1.54766963293,0.433503185536,6.408862,0.240559
gpu,gpu,int,bitonic,max,8,4194304,uniform,22000174,1,bench/results/raw/energy/measurements/20260817_174754_gpu_int_bitonic_q22_k8_max_uniform_s22000174_rep1_gpu.txt,0.602321,16.328358,27.109057,14.716208,7.464475,12.392849,0,"rapl:package+core,nvml:board-integrated",3.74677,1.136748,0.131284,0.044874,1.81476734893,0.476372882208,4.760531,0.167318
gpu,gpu,int,bitonic,max,8,4194304,uniform,22000174,2,bench/results/raw/energy/measurements/20260817_174754_gpu_int_bitonic_q22_k8_max_uniform_s22000174_rep2_gpu.txt,0.549299,13.159774,23.957417,14.716208,5.076183,9.241209,0,"rapl:package+core,nvml:board-integrated",2.823274,0.455639,0.104917,0.014514,1.27929360526,0.242047957088,3.927216,0.1478
gpu,gpu,int,bitonic,max,8,4194304,uniform,22000174,3,bench/results/raw/energy/measurements/20260817_174754_gpu_int_bitonic_q22_k8_max_uniform_s22000174_rep3_gpu.txt,0.544842,13.123177,24.086206,14.716208,5.105169,9.369998,0,"rapl:package+core,nvml:board-integrated",2.674816,0.38982,0.100324,0.013727,1.19842714861,0.187810612784,3.934657,0.14245
gpu,gpu,int,bitonic,max,131072,8388608,uniform,23131241,1,bench/results/raw/energy/measurements/20260817_174754_gpu_int_bitonic_q23_k131072_max_uniform_s23131241_rep1_gpu.txt,1.032716,33.388695,32.330962,14.716208,18.191034,17.614754,0,"rapl:package+core,nvml:board-integrated",11.888527,6.278568,0.361071,0.175637,6.57493106123,3.6938573755,18.609182,0.557988
gpu,gpu,int,bitonic,max,131072,8388608,uniform,23131241,2,bench/results/raw/energy/measurements/20260817_174754_gpu_int_bitonic_q23_k131072_max_uniform_s23131241_rep2_gpu.txt,1.04636,37.947266,36.265966,14.716208,22.54881,21.549758,0,"rapl:package+core,nvml:board-integrated",13.345435,6.494588,0.354799,0.174451,8.12413911781,3.92733079819,19.59932,0.52032
gpu,gpu,int,bitonic,max,131072,8388608,uniform,23131241,3,bench/results/raw/energy/measurements/20260817_174754_gpu_int_bitonic_q23_k131072_max_uniform_s23131241_rep3_gpu.txt,1.056749,39.124186,37.023172,14.716208,23.572854,22.306964,0,"rapl:package+core,nvml:board-integrated",13.961447,7.034059,0.358679,0.178023,8.68305223077,4.41423550322,20.956391,0.540339
gpu,gpu,int,bitonic,max,256,8388608,uniform,23000425,1,bench/results/raw/energy/measurements/20260817_174754_gpu_int_bitonic_q23_k256_max_uniform_s23000425_rep1_gpu.txt,0.921199,24.156802,26.223222,14.716208,10.600248,11.507014,0,"rapl:package+core,nvml:board-integrated",6.43655,1.56981,0.225762,0.054045,3.1141894495,0.77447253864,11.646075,0.412646
gpu,gpu,int,bitonic,max,256,8388608,uniform,23000425,2,bench/results/raw/energy/measurements/20260817_174754_gpu_int_bitonic_q23_k256_max_uniform_s23000425_rep2_gpu.txt,0.925904,24.959686,26.957105,14.716208,11.333893,12.240897,0,"rapl:package+core,nvml:board-integrated",7.139205,1.775868,0.241658,0.067484,3.58291560714,0.782759419328,12.063256,0.419591
gpu,gpu,int,bitonic,max,256,8388608,uniform,23000425,3,bench/results/raw/energy/measurements/20260817_174754_gpu_int_bitonic_q23_k256_max_uniform_s23000425_rep3_gpu.txt,0.917986,25.317558,27.579469,14.716208,11.80829,12.863261,0,"rapl:package+core,nvml:board-integrated",6.852375,1.745152,0.23045,0.054107,3.4610248664,0.948902133744,12.431624,0.422755
gpu,gpu,int,bitonic,max,4096,8388608,uniform,23004265,1,bench/results/raw/energy/measurements/20260817_174754_gpu_int_bitonic_q23_k4096_max_uniform_s23004265_rep1_gpu.txt,0.902225,25.067972,27.784604,14.716208,11.790637,13.068396,0,"rapl:package+core,nvml:board-integrated",8.036548,3.079129,0.272965,0.101878,4.01953828328,1.57987116138,12.863801,0.440779
gpu,gpu,int,bitonic,max,4096,8388608,uniform,23004265,2,bench/results/raw/energy/measurements/20260817_174754_gpu_int_bitonic_q23_k4096_max_uniform_s23004265_rep2_gpu.txt,0.915565,27.919082,30.493828,14.716208,14.445436,15.77762,0,"rapl:package+core,nvml:board-integrated",8.776462,3.010784,0.26679,0.088493,4.85032486768,1.70850260546,14.93764,0.462083
gpu,gpu,int,bitonic,max,4096,8388608,uniform,23004265,3,bench/results/raw/energy/measurements/20260817_174754_gpu_int_bitonic_q23_k4096_max_uniform_s23004265_rep3_gpu.txt,0.909814,27.750483,30.501267,14.716208,14.361469,15.785059,0,"rapl:package+core,nvml:board-integrated",8.339949,3.014608,0.262008,0.087604,4.48418477434,1.72540931437,14.521196,0.453474
gpu,gpu,int,bitonic,max,8,8388608,uniform,23000177,1,bench/results/raw/energy/measurements/20260817_174754_gpu_int_bitonic_q23_k8_max_uniform_s23000177_rep1_gpu.txt,0.859293,24.973687,29.063072,14.716208,12.328156,14.346864,0,"rapl:package+core,nvml:board-integrated",6.937087,1.132236,0.210447,0.035989,3.84010517502,0.602614390288,12.29722,0.386258
gpu,gpu,int,bitonic,max,8,8388608,uniform,23000177,2,bench/results/raw/energy/measurements/20260817_174754_gpu_int_bitonic_q23_k8_max_uniform_s23000177_rep2_gpu.txt,0.850532,21.969423,25.830219,14.716208,9.45282,11.114011,0,"rapl:package+core,nvml:board-integrated",5.674262,1.13945,0.199153,0.029856,2.74348502818,0.700082893952,10.747155,0.380502
gpu,gpu,int,bitonic,max,8,8388608,uniform,23000177,3,bench/results/raw/energy/measurements/20260817_174754_gpu_int_bitonic_q23_k8_max_uniform_s23000177_rep3_gpu.txt,0.848691,21.134261,24.902186,14.716208,8.644748,10.185978,0,"rapl:package+core,nvml:board-integrated",5.226741,0.756472,0.199174,0.027409,2.29565498781,0.353115454928,10.227225,0.380136
gpu,gpu,int,bitonic,max,131072,16777216,uniform,24131244,1,bench/results/raw/energy/measurements/20260817_174754_gpu_int_bitonic_q24_k131072_max_uniform_s24131244_rep1_gpu.txt,1.638043,62.609331,38.222028,14.716208,38.503547,23.50582,0,"rapl:package+core,nvml:board-integrated",28.60519,16.307039,0.72976,0.411276,17.8658900499,10.2546158386,41.749113,1.057581
gpu,gpu,int,bitonic,max,131072,16777216,uniform,24131244,2,bench/results/raw/energy/measurements/20260817_174754_gpu_int_bitonic_q24_k131072_max_uniform_s24131244_rep2_gpu.txt,1.671915,68.823699,41.164602,14.716208,44.219456,26.448394,0,"rapl:package+core,nvml:board-integrated",30.694655,17.343846,0.747045,0.420292,19.7009853946,11.1587415073,44.077887,1.071252
gpu,gpu,int,bitonic,max,131072,16777216,uniform,24131244,3,bench/results/raw/energy/measurements/20260817_174754_gpu_int_bitonic_q24_k131072_max_uniform_s24131244_rep3_gpu.txt,1.671962,66.804925,39.956012,14.716208,42.199987,25.239804,0,"rapl:package+core,nvml:board-integrated",29.221186,16.729736,0.747131,0.41616,18.2262508008,10.6054388787,42.813953,1.085336
gpu,gpu,int,bitonic,max,256,16777216,uniform,24000428,1,bench/results/raw/energy/measurements/20260817_174754_gpu_int_bitonic_q24_k256_max_uniform_s24000428_rep1_gpu.txt,1.34356,42.215235,31.420432,14.716208,22.443127,16.704224,0,"rapl:package+core,nvml:board-integrated",13.955714,3.673006,0.413261,0.106701,7.87407916571,2.10277189019,24.664835,0.745458
gpu,gpu,int,bitonic,max,256,16777216,uniform,24000428,2,bench/results/raw/energy/measurements/20260817_174754_gpu_int_bitonic_q24_k256_max_uniform_s24000428_rep2_gpu.txt,1.343558,45.278341,33.700335,14.716208,25.506268,18.984127,0,"rapl:package+core,nvml:board-integrated",15.05155,3.936024,0.416485,0.106796,8.92247011112,2.36439185043,26.198473,0.740579
gpu,gpu,int,bitonic,max,256,16777216,uniform,24000428,3,bench/results/raw/energy/measurements/20260817_174754_gpu_int_bitonic_q24_k256_max_uniform_s24000428_rep3_gpu.txt,1.27891,42.802283,33.467786,14.716208,23.981579,18.751578,0,"rapl:package+core,nvml:board-integrated",14.515654,3.815184,0.413358,0.107674,8.43259169354,2.23063101981,25.102755,0.726891
gpu,gpu,int,bitonic,max,4096,16777216,uniform,24004268,1,bench/results/raw/energy/measurements/20260817_174754_gpu_int_bitonic_q24_k4096_max_uniform_s24004268_rep1_gpu.txt,1.387846,48.990901,35.299949,14.716208,28.567067,20.583741,0,"rapl:package+core,nvml:board-integrated",17.872197,6.859814,0.485537,0.179849,10.7269335163,4.21311870741,29.663985,0.81989
gpu,gpu,int,bitonic,max,4096,16777216,uniform,24004268,2,bench/results/raw/energy/measurements/20260817_174754_gpu_int_bitonic_q24_k4096_max_uniform_s24004268_rep2_gpu.txt,1.409688,52.770772,37.434363,14.716208,32.02551,22.718155,0,"rapl:package+core,nvml:board-integrated",19.835434,6.719003,0.500388,0.183356,12.4716201113,4.02069796595,31.912938,0.824108
gpu,gpu,int,bitonic,max,4096,16777216,uniform,24004268,3,bench/results/raw/energy/measurements/20260817_174754_gpu_int_bitonic_q24_k4096_max_uniform_s24004268_rep3_gpu.txt,1.406268,49.475214,35.181933,14.716208,28.780287,20.465725,0,"rapl:package+core,nvml:board-integrated",18.233119,6.960932,0.498305,0.182827,10.8999589726,4.27041183998,29.948089,0.831074
gpu,gpu,int,bitonic,max,8,16777216,uniform,24000180,1,bench/results/raw/energy/measurements/20260817_174754_gpu_int_bitonic_q24_k8_max_uniform_s24000180_rep1_gpu.txt,1.288614,47.275633,36.687208,14.716208,28.312128,21.971,0,"rapl:package+core,nvml:board-integrated",14.777762,2.41636,0.369768,0.065212,9.33617920026,1.4566866439,26.916584,0.686812
gpu,gpu,int,bitonic,max,8,16777216,uniform,24000180,2,bench/results/raw/energy/measurements/20260817_174754_gpu_int_bitonic_q24_k8_max_uniform_s24000180_rep2_gpu.txt,1.267406,38.540723,30.409149,14.716208,19.88932,15.692941,0,"rapl:package+core,nvml:board-integrated",12.066227,2.285526,0.367193,0.063339,6.66253843586,1.35341610149,22.422702,0.685954
gpu,gpu,int,bitonic,max,8,16777216,uniform,24000180,3,bench/results/raw/energy/measurements/20260817_174754_gpu_int_bitonic_q24_k8_max_uniform_s24000180_rep3_gpu.txt,1.28398,38.883366,30.283475,14.716208,19.988054,15.567267,0,"rapl:package+core,nvml:board-integrated",11.993145,2.36551,0.371653,0.06488,6.52382214818,1.41072242496,21.723922,0.682754
gpu,gpu,int,gt,max,256,65536,uniform,16000404,1,bench/results/raw/energy/measurements/20260817_174754_gpu_int_gt_q16_k256_max_uniform_s16000404_rep1_gpu.txt,0.430365,8.631211,20.055567,14.716208,2.297872,5.339359,0,"rapl:package+core,nvml:board-integrated",0.266747,0.047846,0.012755,0.002831,0.07904176696,0.006184415152,0.314455,0.014476
gpu,gpu,int,gt,max,256,65536,uniform,16000404,2,bench/results/raw/energy/measurements/20260817_174754_gpu_int_gt_q16_k256_max_uniform_s16000404_rep2_gpu.txt,0.433943,8.662908,19.963239,14.716208,2.276912,5.247031,0,"rapl:package+core,nvml:board-integrated",0.287632,0.057543,0.01279,0.002842,0.09941169968,0.015719536864,0.308261,0.014515
gpu,gpu,int,gt,max,256,65536,uniform,16000404,3,bench/results/raw/energy/measurements/20260817_174754_gpu_int_gt_q16_k256_max_uniform_s16000404_rep3_gpu.txt,0.376411,7.249343,19.259106,14.716208,1.709998,4.542898,0,"rapl:package+core,nvml:board-integrated",0.320938,0.048429,0.013186,0.002868,0.126890081312,0.006222915456,0.341902,0.014887
gpu,gpu,int,gt,max,4096,65536,uniform,16004244,1,bench/results/raw/energy/measurements/20260817_174754_gpu_int_gt_q16_k4096_max_uniform_s16004244_rep1_gpu.txt,0.440619,8.436577,19.147113,14.716208,1.95234,4.430905,0,"rapl:package+core,nvml:board-integrated",0.428288,0.099363,0.020361,0.002886,0.128651288912,0.056892023712,0.43819,0.02207
gpu,gpu,int,gt,max,4096,65536,uniform,16004244,2,bench/results/raw/energy/measurements/20260817_174754_gpu_int_gt_q16_k4096_max_uniform_s16004244_rep2_gpu.txt,0.424333,8.153825,19.215613,14.716208,1.909248,4.499405,0,"rapl:package+core,nvml:board-integrated",0.427596,0.081694,0.020015,0.002878,0.13305109688,0.039340753376,0.437758,0.021716
gpu,gpu,int,gt,max,4096,65536,uniform,16004244,3,bench/results/raw/energy/measurements/20260817_174754_gpu_int_gt_q16_k4096_max_uniform_s16004244_rep3_gpu.txt,0.425491,8.180128,19.225166,14.716208,1.918519,4.508958,0,"rapl:package+core,nvml:board-integrated",0.432185,0.058423,0.020793,0.003011,0.126190887056,0.014112497712,0.467889,0.022521
gpu,gpu,int,gt,max,8,65536,uniform,16000156,1,bench/results/raw/energy/measurements/20260817_174754_gpu_int_gt_q16_k8_max_uniform_s16000156_rep1_gpu.txt,0.352483,11.544955,32.7532,14.716208,6.357738,18.036992,0,"rapl:package+core,nvml:board-integrated",0.441094,0.076728,0.013172,0.003229,0.247252108224,0.029209364368,0.517893,0.014893
gpu,gpu,int,gt,max,8,65536,uniform,16000156,2,bench/results/raw/energy/measurements/20260817_174754_gpu_int_gt_q16_k8_max_uniform_s16000156_rep2_gpu.txt,0.426877,10.913713,25.566411,14.716208,4.631702,10.850203,0,"rapl:package+core,nvml:board-integrated",0.349971,0.144371,0.012565,0.002864,0.16506184648,0.102223780288,0.411702,0.014287
gpu,gpu,int,gt,max,8,65536,uniform,16000156,3,bench/results/raw/energy/measurements/20260817_174754_gpu_int_gt_q16_k8_max_uniform_s16000156_rep3_gpu.txt,0.419998,9.058605,21.568214,14.716208,2.877828,6.852006,0,"rapl:package+core,nvml:board-integrated",0.312434,0.080708,0.012438,0.002835,0.129393804896,0.03898755032,0.33323,0.014168
gpu,gpu,int,gt,max,131072,131072,uniform,17131223,1,bench/results/raw/energy/measurements/20260817_174754_gpu_int_gt_q17_k131072_max_uniform_s17131223_rep1_gpu.txt,0.782248,15.508905,19.826071,14.716208,3.99718,5.109863,0,"rapl:package+core,nvml:board-integrated",6.978994,0.26592,0.338001,0.008439,2.00490097979,0.141729920688,7.031417,0.340411
gpu,gpu,int,gt,max,131072,131072,uniform,17131223,2,bench/results/raw/energy/measurements/20260817_174754_gpu_int_gt_q17_k131072_max_uniform_s17131223_rep2_gpu.txt,0.799159,15.624779,19.551538,14.716208,3.864196,4.83533,0,"rapl:package+core,nvml:board-integrated",6.910684,0.255474,0.34334,0.011903,1.85802114528,0.080306976176,6.980971,0.345999
gpu,gpu,int,gt,max,131072,131072,uniform,17131223,3,bench/results/raw/energy/measurements/20260817_174754_gpu_int_gt_q17_k131072_max_uniform_s17131223_rep3_gpu.txt,0.793469,15.321007,19.308893,14.716208,3.644153,4.592685,0,"rapl:package+core,nvml:board-integrated",6.763211,0.272459,0.340469,0.009841,1.75279837845,0.127636797072,6.83875,0.343076
gpu,gpu,int,gt,max,256,131072,uniform,17000407,1,bench/results/raw/energy/measurements/20260817_174754_gpu_int_gt_q17_k256_max_uniform_s17000407_rep1_gpu.txt,0.431595,8.216141,19.036709,14.716208,1.864705,4.320501,0,"rapl:package+core,nvml:board-integrated",0.266285,0.05664,0.013362,0.002992,0.069647028704,0.012609105664,0.337796,0.015566
gpu,gpu,int,gt,max,256,131072,uniform,17000407,2,bench/results/raw/energy/measurements/20260817_174754_gpu_int_gt_q17_k256_max_uniform_s17000407_rep2_gpu.txt,0.430982,8.339953,19.351052,14.716208,1.997534,4.634844,0,"rapl:package+core,nvml:board-integrated",0.336125,0.081131,0.013337,0.002978,0.139854933904,0.037306132576,0.336125,0.01552
gpu,gpu,int,gt,max,256,131072,uniform,17000407,3,bench/results/raw/energy/measurements/20260817_174754_gpu_int_gt_q17_k256_max_uniform_s17000407_rep3_gpu.txt,0.433118,8.268514,19.090657,14.716208,1.894654,4.374449,0,"rapl:package+core,nvml:board-integrated",0.284411,0.080771,0.013331,0.002991,0.088229231152,0.036754821872,0.30925,0.015549
gpu,gpu,int,gt,max,4096,131072,uniform,17004247,1,bench/results/raw/energy/measurements/20260817_174754_gpu_int_gt_q17_k4096_max_uniform_s17004247_rep1_gpu.txt,0.370214,7.096246,19.167969,14.716208,1.648103,4.451761,0,"rapl:package+core,nvml:board-integrated",0.426662,0.05683,0.020679,0.003017,0.122345534768,0.012431200464,0.472365,0.022875
gpu,gpu,int,gt,max,4096,131072,uniform,17004247,2,bench/results/raw/energy/measurements/20260817_174754_gpu_int_gt_q17_k4096_max_uniform_s17004247_rep2_gpu.txt,0.433789,8.335272,19.215047,14.716208,1.951546,4.498839,0,"rapl:package+core,nvml:board-integrated",0.42591,0.03534,0.020415,0.003039,0.12547861368,0,0.461097,0.022619
gpu,gpu,int,gt,max,4096,131072,uniform,17004247,3,bench/results/raw/energy/measurements/20260817_174754_gpu_int_gt_q17_k4096_max_uniform_s17004247_rep3_gpu.txt,0.432431,8.43549,19.507135,14.716208,2.071745,4.790927,0,"rapl:package+core,nvml:board-integrated",0.432126,0.081591,0.020436,0.002979,0.131385573312,0.037751416368,0.479781,0.02264
gpu,gpu,int,gt,max,8,131072,uniform,17000159,1,bench/results/raw/energy/measurements/20260817_174754_gpu_int_gt_q17_k8_max_uniform_s17000159_rep1_gpu.txt,0.431609,8.410134,19.48552,14.716208,2.05848,4.769312,0,"rapl:package+core,nvml:board-integrated",0.295351,0.076863,0.013046,0.003001,0.103363350432,0.032699659792,0.316117,0.015287
gpu,gpu,int,gt,max,8,131072,uniform,17000159,2,bench/results/raw/energy/measurements/20260817_174754_gpu_int_gt_q17_k8_max_uniform_s17000159_rep2_gpu.txt,0.433591,8.323512,19.196673,14.716208,1.942691,4.480465,0,"rapl:package+core,nvml:board-integrated",0.302845,0.076521,0.013084,0.002962,0.110298134528,0.032931591904,0.313083,0.015303
gpu,gpu,int,gt,max,8,131072,uniform,17000159,3,bench/results/raw/energy/measurements/20260817_174754_gpu_int_gt_q17_k8_max_uniform_s17000159_rep3_gpu.txt,0.371102,7.031462,18.947502,14.716208,1.570243,4.231294,0,"rapl:package+core,nvml:board-integrated",0.301813,0.049088,0.013045,0.002961,0.10984006664,0.005513308112,0.326349,0.01527
gpu,gpu,int,gt,max,131072,262144,uniform,18131226,1,bench/results/raw/energy/measurements/20260817_174754_gpu_int_gt_q18_k131072_max_uniform_s18131226_rep1_gpu.txt,0.801897,15.810069,19.715839,14.716208,4.009188,4.999631,0,"rapl:package+core,nvml:board-integrated",7.095139,0.210214,0.344532,0.009304,2.02493442534,0.073294400768,7.125366,0.347812
gpu,gpu,int,gt,max,131072,262144,uniform,18131226,2,bench/results/raw/energy/measurements/20260817_174754_gpu_int_gt_q18_k131072_max_uniform_s18131226_rep2_gpu.txt,0.801581,15.534315,19.379603,14.716208,3.738087,4.663395,0,"rapl:package+core,nvml:board-integrated",6.903488,0.17087,0.343946,0.00954,1.84190712323,0.03047737568,6.979657,0.347321
gpu,gpu,int,gt,max,131072,262144,uniform,18131226,3,bench/results/raw/energy/measurements/20260817_174754_gpu_int_gt_q18_k131072_max_uniform_s18131226_rep3_gpu.txt,0.792793,15.390588,19.413116,14.716208,3.723677,4.696908,0,"rapl:package+core,nvml:board-integrated",6.90139,0.296436,0.343493,0.013965,1.84647556546,0.09092415528,6.951654,0.346865
gpu,gpu,int,gt,max,256,262144,uniform,18000410,1,bench/results/raw/energy/measurements/20260817_174754_gpu_int_gt_q18_k256_max_uniform_s18000410_rep1_gpu.txt,0.436908,8.50956,19.476756,14.716208,2.079924,4.760548,0,"rapl:package+core,nvml:board-integrated",0.391096,0.144223,0.016694,0.005304,0.145423623648,0.066168232768,0.463713,0.019764
gpu,gpu,int,gt,max,256,262144,uniform,18000410,2,bench/results/raw/energy/measurements/20260817_174754_gpu_int_gt_q18_k256_max_uniform_s18000410_rep2_gpu.txt,0.433383,8.313734,19.183352,14.716208,1.935983,4.467144,0,"rapl:package+core,nvml:board-integrated",0.390493,0.082183,0.01647,0.005249,0.14811705424,0.004937624208,0.424488,0.019484
gpu,gpu,int,gt,max,256,262144,uniform,18000410,3,bench/results/raw/energy/measurements/20260817_174754_gpu_int_gt_q18_k256_max_uniform_s18000410_rep3_gpu.txt,0.433882,8.321125,19.178303,14.716208,1.936024,4.462095,0,"rapl:package+core,nvml:board-integrated",0.364631,0.068739,0.016474,0.005228,0.122196189408,0,0.397207,0.019441
gpu,gpu,int,gt,max,4096,262144,uniform,18004250,1,bench/results/raw/energy/measurements/20260817_174754_gpu_int_gt_q18_k4096_max_uniform_s18004250_rep1_gpu.txt,0.446009,8.628331,19.345657,14.716208,2.064774,4.629449,0,"rapl:package+core,nvml:board-integrated",0.513413,0.132465,0.023722,0.005424,0.164315113824,0.052644287808,0.534073,0.02675
gpu,gpu,int,gt,max,4096,262144,uniform,18004250,2,bench/results/raw/energy/measurements/20260817_174754_gpu_int_gt_q18_k4096_max_uniform_s18004250_rep2_gpu.txt,0.445747,8.543429,19.166526,14.716208,1.983718,4.450318,0,"rapl:package+core,nvml:board-integrated",0.388855,0.053313,0.023563,0.005442,0.042096990896,0,0.545207,0.026572
gpu,gpu,int,gt,max,4096,262144,uniform,18004250,3,bench/results/raw/energy/measurements/20260817_174754_gpu_int_gt_q18_k4096_max_uniform_s18004250_rep3_gpu.txt,0.450489,8.676274,19.259667,14.716208,2.04678,4.543459,0,"rapl:package+core,nvml:board-integrated",0.51878,0.137463,0.023852,0.00544,0.167769006784,0.05740682848,0.565115,0.026888
gpu,gpu,int,gt,max,8,262144,uniform,18000162,1,bench/results/raw/energy/measurements/20260817_174754_gpu_int_gt_q18_k8_max_uniform_s18000162_rep1_gpu.txt,0.433978,8.333972,19.20367,14.716208,1.94746,4.487462,0,"rapl:package+core,nvml:board-integrated",0.330249,0.09208,0.015971,0.005197,0.095216442032,0.015599867024,0.378027,0.018994
gpu,gpu,int,gt,max,8,262144,uniform,18000162,2,bench/results/raw/energy/measurements/20260817_174754_gpu_int_gt_q18_k8_max_uniform_s18000162_rep2_gpu.txt,0.430674,8.092474,18.790271,14.716208,1.754591,4.074063,0,"rapl:package+core,nvml:board-integrated",0.324873,0.125385,0.0162,0.0052,0.0864704304,0.0488607184,0.405607,0.019233
gpu,gpu,int,gt,max,8,262144,uniform,18000162,3,bench/results/raw/energy/measurements/20260817_174754_gpu_int_gt_q18_k8_max_uniform_s18000162_rep3_gpu.txt,0.438096,8.529362,19.469181,14.716208,2.082256,4.752973,0,"rapl:package+core,nvml:board-integrated",0.366171,0.095251,0.015995,0.00521,0.13078525304,0.01857955632,0.402273,0.019038
gpu,gpu,int,gt,max,131072,524288,uniform,19131229,1,bench/results/raw/energy/measurements/20260817_174754_gpu_int_gt_q19_k131072_max_uniform_s19131229_rep1_gpu.txt,0.783453,16.243775,20.733561,14.716208,4.714315,6.017353,0,"rapl:package+core,nvml:board-integrated",7.906923,0.581977,0.367036,0.024329,2.50554488051,0.223946375568,7.981714,0.372559
gpu,gpu,int,gt,max,131072,524288,uniform,19131229,2,bench/results/raw/energy/measurements/20260817_174754_gpu_int_gt_q19_k131072_max_uniform_s19131229_rep2_gpu.txt,0.775058,15.785667,20.36709,14.716208,4.379759,5.650882,0,"rapl:package+core,nvml:board-integrated",7.826971,0.363597,0.361869,0.018782,2.50163152725,0.087197181344,7.915213,0.367395
gpu,gpu,int,gt,max,131072,524288,uniform,19131229,3,bench/results/raw/energy/measurements/20260817_174754_gpu_int_gt_q19_k131072_max_uniform_s19131229_rep3_gpu.txt,0.777029,15.474378,19.914812,14.716208,4.039464,5.198604,0,"rapl:package+core,nvml:board-integrated",7.366781,0.428265,0.360756,0.020512,2.05782066675,0.126406141504,7.544193,0.365598
gpu,gpu,int,gt,max,256,524288,uniform,19000413,1,bench/results/raw/energy/measurements/20260817_174754_gpu_int_gt_q19_k256_max_uniform_s19000413_rep1_gpu.txt,0.410984,8.055517,19.600559,14.716208,2.00739,4.884351,0,"rapl:package+core,nvml:board-integrated",0.729533,0.17771,0.032887,0.012326,0.245561067504,0,0.832612,0.037607
gpu,gpu,int,gt,max,256,524288,uniform,19000413,2,bench/results/raw/energy/measurements/20260817_174754_gpu_int_gt_q19_k256_max_uniform_s19000413_rep2_gpu.txt,0.428191,8.434379,19.697716,14.716208,2.133035,4.981508,0,"rapl:package+core,nvml:board-integrated",0.565391,0.147385,0.025705,0.008229,0.18711087336,0.026285324368,0.676608,0.030356
gpu,gpu,int,gt,max,256,524288,uniform,19000413,3,bench/results/raw/energy/measurements/20260817_174754_gpu_int_gt_q19_k256_max_uniform_s19000413_rep3_gpu.txt,0.417257,8.310657,19.917343,14.716208,2.170212,5.201135,0,"rapl:package+core,nvml:board-integrated",0.573667,0.112446,0.025755,0.008179,0.19465106296,0,0.693716,0.030508
gpu,gpu,int,gt,max,4096,524288,uniform,19004253,1,bench/results/raw/energy/measurements/20260817_174754_gpu_int_gt_q19_k4096_max_uniform_s19004253_rep1_gpu.txt,0.409086,8.069142,19.724806,14.716208,2.048947,5.008598,0,"rapl:package+core,nvml:board-integrated",0.818112,0.219421,0.035048,0.008221,0.302338342016,0.098439054032,0.900957,0.039709
gpu,gpu,int,gt,max,4096,524288,uniform,19004253,2,bench/results/raw/energy/measurements/20260817_174754_gpu_int_gt_q19_k4096_max_uniform_s19004253_rep2_gpu.txt,0.447291,8.925285,19.954105,14.716208,2.342862,5.237897,0,"rapl:package+core,nvml:board-integrated",0.780216,0.174656,0.035416,0.008073,0.259026777472,0.055852052816,0.890158,0.040127
gpu,gpu,int,gt,max,4096,524288,uniform,19004253,3,bench/results/raw/energy/measurements/20260817_174754_gpu_int_gt_q19_k4096_max_uniform_s19004253_rep3_gpu.txt,0.41195,8.202076,19.910352,14.716208,2.139729,5.194144,0,"rapl:package+core,nvml:board-integrated",0.812796,0.191782,0.034621,0.008076,0.303306162832,0.072933904192,0.891943,0.039323
gpu,gpu,int,gt,max,8,524288,uniform,19000165,1,bench/results/raw/energy/measurements/20260817_174754_gpu_int_gt_q19_k8_max_uniform_s19000165_rep1_gpu.txt,0.41645,7.958875,19.111248,14.716208,1.830314,4.39504,0,"rapl:package+core,nvml:board-integrated",0.61859,0.16082,0.028646,0.008235,0.197029505632,0.03963202712,0.723321,0.033393
gpu,gpu,int,gt,max,8,524288,uniform,19000165,2,bench/results/raw/energy/measurements/20260817_174754_gpu_int_gt_q19_k8_max_uniform_s19000165_rep2_gpu.txt,0.421542,8.181635,19.408807,14.716208,1.97813,4.692599,0,"rapl:package+core,nvml:board-integrated",0.568561,0.174831,0.025225,0.008165,0.1973446532,0.05467316168,0.676026,0.029828
gpu,gpu,int,gt,max,8,524288,uniform,19000165,3,bench/results/raw/energy/measurements/20260817_174754_gpu_int_gt_q19_k8_max_uniform_s19000165_rep3_gpu.txt,0.414869,8.19068,19.742829,14.716208,2.085387,5.026621,0,"rapl:package+core,nvml:board-integrated",0.723963,0.315326,0.031534,0.011539,0.259902096928,0.145515675888,0.798078,0.036122
gpu,gpu,int,gt,max,131072,1048576,uniform,20131232,1,bench/results/raw/energy/measurements/20260817_174754_gpu_int_gt_q20_k131072_max_uniform_s20131232_rep1_gpu.txt,0.829085,16.976911,20.476687,14.716208,4.775926,5.760479,0,"rapl:package+core,nvml:board-integrated",8.147691,0.5702,0.382167,0.031336,2.52364193726,0.109052906112,8.377325,0.391779
gpu,gpu,int,gt,max,131072,1048576,uniform,20131232,2,bench/results/raw/energy/measurements/20260817_174754_gpu_int_gt_q20_k131072_max_uniform_s20131232_rep2_gpu.txt,0.812413,15.695937,19.32014,14.716208,3.740295,4.603932,0,"rapl:package+core,nvml:board-integrated",7.698194,0.677533,0.382298,0.029708,2.07221711402,0.240343892736,7.846995,0.391258
gpu,gpu,int,gt,max,131072,1048576,uniform,20131232,3,bench/results/raw/energy/measurements/20260817_174754_gpu_int_gt_q20_k131072_max_uniform_s20131232_rep3_gpu.txt,0.790483,15.355248,19.425147,14.716208,3.722336,4.708939,0,"rapl:package+core,nvml:board-integrated",7.640515,0.709378,0.381813,0.033654,2.0216754749,0.214118735968,7.83138,0.391131
gpu,gpu,int,gt,max,256,1048576,uniform,20000416,1,bench/results/raw/energy/measurements/20260817_174754_gpu_int_gt_q20_k256_max_uniform_s20000416_rep1_gpu.txt,0.426298,8.813154,20.673687,14.716208,2.539662,5.957479,0,"rapl:package+core,nvml:board-integrated",0.828654,0.18385,0.036563,0.008387,0.290585286896,0.060425163504,1.054778,0.044608
gpu,gpu,int,gt,max,256,1048576,uniform,20000416,2,bench/results/raw/energy/measurements/20260817_174754_gpu_int_gt_q20_k256_max_uniform_s20000416_rep2_gpu.txt,0.417603,8.554921,20.485774,14.716208,2.409388,5.769566,0,"rapl:package+core,nvml:board-integrated",0.996938,0.237047,0.040457,0.011695,0.401564372944,0.06494094744,1.137715,0.048257
gpu,gpu,int,gt,max,256,1048576,uniform,20000416,3,bench/results/raw/energy/measurements/20260817_174754_gpu_int_gt_q20_k256_max_uniform_s20000416_rep3_gpu.txt,0.413462,8.504614,20.569279,14.716208,2.420022,5.853071,0,"rapl:package+core,nvml:board-integrated",0.959294,0.284845,0.036502,0.008344,0.422122975584,0.162052960448,1.077579,0.044442
gpu,gpu,int,gt,max,4096,1048576,uniform,20004256,1,bench/results/raw/energy/measurements/20260817_174754_gpu_int_gt_q20_k4096_max_uniform_s20004256_rep1_gpu.txt,0.438345,9.030162,20.600562,14.716208,2.579379,5.884354,0,"rapl:package+core,nvml:board-integrated",1.136178,0.278163,0.048105,0.011071,0.42825481416,0.115239861232,1.327528,0.056293
gpu,gpu,int,gt,max,4096,1048576,uniform,20004256,2,bench/results/raw/energy/measurements/20260817_174754_gpu_int_gt_q20_k4096_max_uniform_s20004256_rep2_gpu.txt,0.448533,9.140512,20.378691,14.716208,2.53981,5.662483,0,"rapl:package+core,nvml:board-integrated",1.025209,0.21519,0.046466,0.009581,0.341405679072,0.074194011152,1.23951,0.054376
gpu,gpu,int,gt,max,4096,1048576,uniform,20004256,3,bench/results/raw/energy/measurements/20260817_174754_gpu_int_gt_q20_k4096_max_uniform_s20004256_rep3_gpu.txt,0.429268,8.597981,20.029384,14.716208,2.280778,5.313176,0,"rapl:package+core,nvml:board-integrated",1.201086,0.423283,0.052662,0.016126,0.426101054304,0.185969429792,1.366744,0.060688
gpu,gpu,int,gt,max,8,1048576,uniform,20000168,1,bench/results/raw/energy/measurements/20260817_174754_gpu_int_gt_q20_k8_max_uniform_s20000168_rep1_gpu.txt,0.421124,8.240814,19.568641,14.716208,2.043473,4.852433,0,"rapl:package+core,nvml:board-integrated",0.78559,0.186622,0.035959,0.008454,0.256409876528,0.062211177568,0.982594,0.043669
gpu,gpu,int,gt,max,8,1048576,uniform,20000168,2,bench/results/raw/energy/measurements/20260817_174754_gpu_int_gt_q20_k8_max_uniform_s20000168_rep2_gpu.txt,0.4201,8.394102,19.98119,14.716208,2.21182,5.264982,0,"rapl:package+core,nvml:board-integrated",0.883507,0.268519,0.035913,0.008395,0.355003822096,0.14497643384,1.00821,0.043677
gpu,gpu,int,gt,max,8,1048576,uniform,20000168,3,bench/results/raw/energy/measurements/20260817_174754_gpu_int_gt_q20_k8_max_uniform_s20000168_rep3_gpu.txt,0.413335,8.437357,20.412861,14.716208,2.354628,5.696653,0,"rapl:package+core,nvml:board-integrated",0.82405,0.07748,0.036656,0.008408,0.284612679552,0,1.035239,0.044569
gpu,gpu,int,gt,max,131072,2097152,uniform,21131235,1,bench/results/raw/energy/measurements/20260817_174754_gpu_int_gt_q21_k131072_max_uniform_s21131235_rep1_gpu.txt,0.918448,18.882765,20.559433,14.716208,5.366697,5.843225,0,"rapl:package+core,nvml:board-integrated",9.015158,1.137889,0.418856,0.052721,2.85118598195,0.362035798032,9.435272,0.441424
gpu,gpu,int,gt,max,131072,2097152,uniform,21131235,2,bench/results/raw/energy/measurements/20260817_174754_gpu_int_gt_q21_k131072_max_uniform_s21131235_rep2_gpu.txt,0.839309,16.417232,19.560426,14.716208,4.065793,4.844218,0,"rapl:package+core,nvml:board-integrated",8.010166,0.497281,0.39049,0.025182,2.26363393808,0.126697450144,8.418396,0.412721
gpu,gpu,int,gt,max,131072,2097152,uniform,21131235,3,bench/results/raw/energy/measurements/20260817_174754_gpu_int_gt_q21_k131072_max_uniform_s21131235_rep3_gpu.txt,0.849317,16.650377,19.604424,14.716208,4.151646,4.888216,0,"rapl:package+core,nvml:board-integrated",8.078315,0.619681,0.39815,0.030116,2.2190567848,0.176487679872,8.566772,0.420989
gpu,gpu,int,gt,max,256,2097152,uniform,21000419,1,bench/results/raw/energy/measurements/20260817_174754_gpu_int_gt_q21_k256_max_uniform_s21000419_rep1_gpu.txt,0.477835,10.025586,20.981274,14.716208,2.993667,6.265066,0,"rapl:package+core,nvml:board-integrated",1.606029,0.509401,0.067989,0.020932,0.605488734288,0.201361334144,2.012934,0.086754
gpu,gpu,int,gt,max,256,2097152,uniform,21000419,2,bench/results/raw/energy/measurements/20260817_174754_gpu_int_gt_q21_k256_max_uniform_s21000419_rep2_gpu.txt,0.465717,9.55354,20.513614,14.716208,2.699951,5.797406,0,"rapl:package+core,nvml:board-integrated",1.572169,0.478427,0.066438,0.01995,0.594453572896,0.1848386504,1.982022,0.084765
gpu,gpu,int,gt,max,256,2097152,uniform,21000419,3,bench/results/raw/energy/measurements/20260817_174754_gpu_int_gt_q21_k256_max_uniform_s21000419_rep3_gpu.txt,0.475882,9.787767,20.567653,14.716208,2.784595,5.851445,0,"rapl:package+core,nvml:board-integrated",1.678138,0.672064,0.070002,0.021813,0.647974007584,0.351059354896,2.095076,0.089205
gpu,gpu,int,gt,max,4096,2097152,uniform,21004259,1,bench/results/raw/energy/measurements/20260817_174754_gpu_int_gt_q21_k4096_max_uniform_s21004259_rep1_gpu.txt,0.480907,9.902507,20.591326,14.716208,2.825384,5.875118,0,"rapl:package+core,nvml:board-integrated",1.636803,0.349902,0.069368,0.014368,0.615969083456,0.138459523456,2.027516,0.086946
gpu,gpu,int,gt,max,4096,2097152,uniform,21004259,2,bench/results/raw/energy/measurements/20260817_174754_gpu_int_gt_q21_k4096_max_uniform_s21004259_rep2_gpu.txt,0.538391,11.044232,20.513391,14.716208,3.121153,5.797183,0,"rapl:package+core,nvml:board-integrated",1.947483,0.601667,0.08324,0.028448,0.72250584608,0.183020314816,2.373213,0.102001
gpu,gpu,int,gt,max,4096,2097152,uniform,21004259,3,bench/results/raw/energy/measurements/20260817_174754_gpu_int_gt_q21_k4096_max_uniform_s21004259_rep3_gpu.txt,0.486747,10.075642,20.699975,14.716208,2.912578,5.983767,0,"rapl:package+core,nvml:board-integrated",1.721988,0.496066,0.076937,0.021407,0.589767105104,0.181036135344,2.144434,0.09575
gpu,gpu,int,gt,max,8,2097152,uniform,21000171,1,bench/results/raw/energy/measurements/20260817_174754_gpu_int_gt_q21_k8_max_uniform_s21000171_rep1_gpu.txt,0.472422,9.259589,19.600235,14.716208,2.307324,4.884027,0,"rapl:package+core,nvml:board-integrated",1.440148,0.420569,0.068147,0.020539,0.437282573424,0.118312803888,2.020035,0.08796
gpu,gpu,int,gt,max,8,2097152,uniform,21000171,2,bench/results/raw/energy/measurements/20260817_174754_gpu_int_gt_q21_k8_max_uniform_s21000171_rep2_gpu.txt,0.476803,9.455698,19.831464,14.716208,2.438968,5.115256,0,"rapl:package+core,nvml:board-integrated",1.29318,0.205648,0.05681,0.010327,0.45715222352,0.053673719984,1.698315,0.074885
gpu,gpu,int,gt,max,8,2097152,uniform,21000171,3,bench/results/raw/energy/measurements/20260817_174754_gpu_int_gt_q21_k8_max_uniform_s21000171_rep3_gpu.txt,0.473898,9.820149,20.722077,14.716208,2.846169,6.005869,0,"rapl:package+core,nvml:board-integrated",1.681352,0.589488,0.074217,0.027519,0.589159190864,0.184512672048,2.222508,0.092379
gpu,gpu,int,gt,max,131072,4194304,uniform,22131238,1,bench/results/raw/energy/measurements/20260817_174754_gpu_int_gt_q22_k131072_max_uniform_s22131238_rep1_gpu.txt,0.967392,21.109753,21.821303,14.716208,6.873412,7.105095,0,"rapl:package+core,nvml:board-integrated",10.239347,1.155335,0.452328,0.045856,3.58279406778,0.480508565952,11.338491,0.498995
gpu,gpu,int,gt,max,131072,4194304,uniform,22131238,2,bench/results/raw/energy/measurements/20260817_174754_gpu_int_gt_q22_k131072_max_uniform_s22131238_rep2_gpu.txt,0.944904,19.458574,20.593169,14.716208,5.553166,5.876961,0,"rapl:package+core,nvml:board-integrated",9.431496,0.752046,0.439473,0.033185,2.96411992162,0.26368863752,10.429775,0.484551
gpu,gpu,int,gt,max,131072,4194304,uniform,22131238,3,bench/results/raw/energy/measurements/20260817_174754_gpu_int_gt_q22_k131072_max_uniform_s22131238_rep3_gpu.txt,0.947182,19.657224,20.753372,14.716208,5.718294,6.037164,0,"rapl:package+core,nvml:board-integrated",9.907872,0.955349,0.450109,0.04344,3.28397433333,0.31607692448,10.701169,0.49423
gpu,gpu,int,gt,max,256,4194304,uniform,22000422,1,bench/results/raw/energy/measurements/20260817_174754_gpu_int_gt_q22_k256_max_uniform_s22000422_rep1_gpu.txt,0.535913,12.687555,23.674634,14.716208,4.800941,8.958426,0,"rapl:package+core,nvml:board-integrated",2.599024,0.33785,0.089055,0.010728,1.28847209656,0.179974520576,3.507484,0.12784
gpu,gpu,int,gt,max,256,4194304,uniform,22000422,2,bench/results/raw/energy/measurements/20260817_174754_gpu_int_gt_q22_k256_max_uniform_s22000422_rep2_gpu.txt,0.539723,12.810822,23.735925,14.716208,4.868148,9.019717,0,"rapl:package+core,nvml:board-integrated",2.68432,0.475967,0.090211,0.010492,1.35675616011,0.321564545664,3.528994,0.127914
gpu,gpu,int,gt,max,256,4194304,uniform,22000422,3,bench/results/raw/energy/measurements/20260817_174754_gpu_int_gt_q22_k256_max_uniform_s22000422_rep3_gpu.txt,0.536713,12.646067,23.562082,14.716208,4.747692,8.845874,0,"rapl:package+core,nvml:board-integrated",2.451503,0.381749,0.089588,0.010308,1.1331073577,0.230054327936,3.503755,0.127587
gpu,gpu,int,gt,max,4096,4194304,uniform,22004262,1,bench/results/raw/energy/measurements/20260817_174754_gpu_int_gt_q22_k4096_max_uniform_s22004262_rep1_gpu.txt,0.537326,12.7002,23.635927,14.716208,4.792798,8.919719,0,"rapl:package+core,nvml:board-integrated",2.656498,0.319875,0.095688,0.010161,1.2483334889,0.170343610512,3.669603,0.133706
gpu,gpu,int,gt,max,4096,4194304,uniform,22004262,2,bench/results/raw/energy/measurements/20260817_174754_gpu_int_gt_q22_k4096_max_uniform_s22004262_rep2_gpu.txt,0.542303,13.194037,24.329637,14.716208,5.213392,9.613429,0,"rapl:package+core,nvml:board-integrated",2.719423,0.279941,0.097578,0.01057,1.28344485578,0.12439068144,4.127502,0.143432
gpu,gpu,int,gt,max,4096,4194304,uniform,22004262,3,bench/results/raw/energy/measurements/20260817_174754_gpu_int_gt_q22_k4096_max_uniform_s22004262_rep3_gpu.txt,0.53968,12.845115,23.801365,14.716208,4.903075,9.085157,0,"rapl:package+core,nvml:board-integrated",2.741667,0.234061,0.096173,0.010455,1.32636512802,0.08020304536,3.804517,0.136934
gpu,gpu,int,gt,max,8,4194304,uniform,22000174,1,bench/results/raw/energy/measurements/20260817_174754_gpu_int_gt_q22_k8_max_uniform_s22000174_rep1_gpu.txt,0.548256,11.100482,20.24689,14.716208,3.032231,5.530682,0,"rapl:package+core,nvml:board-integrated",2.490383,0.657778,0.107161,0.026595,0.913379434512,0.26640044824,3.379907,0.14864
gpu,gpu,int,gt,max,8,4194304,uniform,22000174,2,bench/results/raw/energy/measurements/20260817_174754_gpu_int_gt_q22_k8_max_uniform_s22000174_rep2_gpu.txt,0.53259,11.821547,22.196341,14.716208,3.983843,7.480133,0,"rapl:package+core,nvml:board-integrated",2.228264,0.257783,0.085894,0.010708,0.964230030048,0.100201844736,3.294775,0.126656
gpu,gpu,int,gt,max,8,4194304,uniform,22000174,3,bench/results/raw/energy/measurements/20260817_174754_gpu_int_gt_q22_k8_max_uniform_s22000174_rep3_gpu.txt,0.552124,13.164114,23.842696,14.716208,5.038949,9.126488,0,"rapl:package+core,nvml:board-integrated",2.431112,0.310662,0.084535,0.010327,1.18707735672,0.158687719984,3.547846,0.125589
gpu,gpu,int,gt,max,131072,8388608,uniform,23131241,1,bench/results/raw/energy/measurements/20260817_174754_gpu_int_gt_q23_k131072_max_uniform_s23131241_rep1_gpu.txt,1.149487,26.656545,23.189958,14.716208,9.740462,8.47375,0,"rapl:package+core,nvml:board-integrated",11.982341,0.310298,0.485325,0.015486,4.8401973524,0.082402802912,15.358339,0.627942
gpu,gpu,int,gt,max,131072,8388608,uniform,23131241,2,bench/results/raw/energy/measurements/20260817_174754_gpu_int_gt_q23_k131072_max_uniform_s23131241_rep2_gpu.txt,1.205778,27.150619,22.517098,14.716208,9.406141,7.80089,0,"rapl:package+core,nvml:board-integrated",12.143114,1.031729,0.515131,0.038538,4.56233905675,0.464595776096,16.306754,0.693465
gpu,gpu,int,gt,max,131072,8388608,uniform,23131241,3,bench/results/raw/energy/measurements/20260817_174754_gpu_int_gt_q23_k131072_max_uniform_s23131241_rep3_gpu.txt,1.169973,24.356035,20.817597,14.716208,7.138463,6.101389,0,"rapl:package+core,nvml:board-integrated",11.455343,1.18554,0.525376,0.049641,3.72380050579,0.455012718672,14.729424,0.682849
gpu,gpu,int,gt,max,256,8388608,uniform,23000425,1,bench/results/raw/energy/measurements/20260817_174754_gpu_int_gt_q23_k256_max_uniform_s23000425_rep1_gpu.txt,0.78307,18.261221,23.320034,14.716208,6.737398,8.603826,0,"rapl:package+core,nvml:board-integrated",4.807912,0.886837,0.185724,0.03168,2.07475898541,0.42062753056,9.131326,0.347758
gpu,gpu,int,gt,max,256,8388608,uniform,23000425,2,bench/results/raw/energy/measurements/20260817_174754_gpu_int_gt_q23_k256_max_uniform_s23000425_rep2_gpu.txt,0.7814,18.818214,24.082699,14.716208,7.318973,9.366491,0,"rapl:package+core,nvml:board-integrated",4.316415,0.332198,0.16568,0.013842,1.87823365856,0.128496248864,9.356983,0.348079
gpu,gpu,int,gt,max,256,8388608,uniform,23000425,3,bench/results/raw/energy/measurements/20260817_174754_gpu_int_gt_q23_k256_max_uniform_s23000425_rep3_gpu.txt,0.777053,19.172135,24.672876,14.716208,7.73686,9.956668,0,"rapl:package+core,nvml:board-integrated",4.44258,0.416235,0.163055,0.013701,2.04302870456,0.214608234192,9.284075,0.334162
gpu,gpu,int,gt,max,4096,8388608,uniform,23004265,1,bench/results/raw/energy/measurements/20260817_174754_gpu_int_gt_q23_k4096_max_uniform_s23004265_rep1_gpu.txt,0.783775,19.700009,25.134789,14.716208,8.165819,10.418581,0,"rapl:package+core,nvml:board-integrated",4.972329,0.442666,0.178877,0.013834,2.33993786158,0.239081978528,10.059509,0.36017
gpu,gpu,int,gt,max,4096,8388608,uniform,23004265,2,bench/results/raw/energy/measurements/20260817_174754_gpu_int_gt_q23_k4096_max_uniform_s23004265_rep2_gpu.txt,0.847807,20.778266,24.508259,14.716208,8.301766,9.792051,0,"rapl:package+core,nvml:board-integrated",5.51203,1.217768,0.200914,0.038345,2.55533778589,0.65347500424,10.642064,0.38886
gpu,gpu,int,gt,max,4096,8388608,uniform,23004265,3,bench/results/raw/energy/measurements/20260817_174754_gpu_int_gt_q23_k4096_max_uniform_s23004265_rep3_gpu.txt,0.843425,19.13217,22.683907,14.716208,6.720155,7.967699,0,"rapl:package+core,nvml:board-integrated",5.102864,0.870931,0.202659,0.037774,2.12049200293,0.315040959008,9.540639,0.383086
gpu,gpu,int,gt,max,8,8388608,uniform,23000177,1,bench/results/raw/energy/measurements/20260817_174754_gpu_int_gt_q23_k8_max_uniform_s23000177_rep1_gpu.txt,0.797106,18.009526,22.59364,14.716208,6.279148,7.877432,0,"rapl:package+core,nvml:board-integrated",4.518592,0.357496,0.174808,0.017608,1.94608111194,0.098373009536,8.89555,0.350384
gpu,gpu,int,gt,max,8,8388608,uniform,23000177,2,bench/results/raw/energy/measurements/20260817_174754_gpu_int_gt_q23_k8_max_uniform_s23000177_rep2_gpu.txt,0.79529,19.542927,24.573326,14.716208,7.83927,9.857118,0,"rapl:package+core,nvml:board-integrated",4.609849,0.332001,0.169448,0.013597,2.11621698682,0.131904719824,9.645719,0.35154
gpu,gpu,int,gt,max,8,8388608,uniform,23000177,3,bench/results/raw/energy/measurements/20260817_174754_gpu_int_gt_q23_k8_max_uniform_s23000177_rep3_gpu.txt,0.841829,20.094086,23.869562,14.716208,7.705558,9.153354,0,"rapl:package+core,nvml:board-integrated",4.747172,0.592667,0.177352,0.021234,2.13722307878,0.280183039328,9.633975,0.359125
gpu,gpu,int,gt,max,131072,16777216,uniform,24131244,1,bench/results/raw/energy/measurements/20260817_174754_gpu_int_gt_q24_k131072_max_uniform_s24131244_rep1_gpu.txt,1.576848,40.479556,25.671192,14.716208,17.27434,10.954984,0,"rapl:package+core,nvml:board-integrated",16.964548,0.93939,0.627497,0.028632,7.73017162862,0.518035532544,25.727602,0.968761
gpu,gpu,int,gt,max,131072,16777216,uniform,24131244,2,bench/results/raw/energy/measurements/20260817_174754_gpu_int_gt_q24_k131072_max_uniform_s24131244_rep2_gpu.txt,1.560412,39.627708,25.395671,14.716208,16.664361,10.679463,0,"rapl:package+core,nvml:board-integrated",16.583384,0.746871,0.625271,0.029525,7.38176590763,0.3123749588,24.856354,0.946459
gpu,gpu,int,gt,max,131072,16777216,uniform,24131244,3,bench/results/raw/energy/measurements/20260817_174754_gpu_int_gt_q24_k131072_max_uniform_s24131244_rep3_gpu.txt,1.550954,39.317061,25.350242,14.716208,16.492898,10.634034,0,"rapl:package+core,nvml:board-integrated",16.559413,0.648007,0.623946,0.029476,7.37729388323,0.214232052992,25.094194,0.951165
gpu,gpu,int,gt,max,256,16777216,uniform,24000428,1,bench/results/raw/energy/measurements/20260817_174754_gpu_int_gt_q24_k256_max_uniform_s24000428_rep1_gpu.txt,1.16984,31.924526,27.289649,14.716208,14.708916,12.573441,0,"rapl:package+core,nvml:board-integrated",9.45954,1.006958,0.316412,0.030618,4.8031551943,0.556377143456,19.192939,0.648758
gpu,gpu,int,gt,max,256,16777216,uniform,24000428,2,bench/results/raw/energy/measurements/20260817_174754_gpu_int_gt_q24_k256_max_uniform_s24000428_rep2_gpu.txt,1.13626,30.799541,27.106068,14.716208,14.078102,12.38986,0,"rapl:package+core,nvml:board-integrated",9.263676,1.150228,0.311806,0.030892,4.67507404835,0.695614902464,17.512247,0.597149
gpu,gpu,int,gt,max,256,16777216,uniform,24000428,3,bench/results/raw/energy/measurements/20260817_174754_gpu_int_gt_q24_k256_max_uniform_s24000428_rep3_gpu.txt,1.149574,31.210982,27.150041,14.716208,14.293611,12.433833,0,"rapl:package+core,nvml:board-integrated",9.33144,0.741795,0.312437,0.030968,4.7335521211,0.286063470656,18.469611,0.624519
gpu,gpu,int,gt,max,4096,16777216,uniform,24004268,1,bench/results/raw/energy/measurements/20260817_174754_gpu_int_gt_q24_k4096_max_uniform_s24004268_rep1_gpu.txt,1.180094,32.08143,27.185487,14.716208,14.714921,12.469279,0,"rapl:package+core,nvml:board-integrated",9.652561,0.856198,0.322427,0.030911,4.90765820318,0.401305294512,18.855655,0.636087
gpu,gpu,int,gt,max,4096,16777216,uniform,24004268,2,bench/results/raw/energy/measurements/20260817_174754_gpu_int_gt_q24_k4096_max_uniform_s24004268_rep2_gpu.txt,1.218105,32.942413,27.043994,14.716208,15.016533,12.327786,0,"rapl:package+core,nvml:board-integrated",9.467384,0.768557,0.321583,0.030982,4.73490168274,0.312619443744,18.845068,0.64568
gpu,gpu,int,gt,max,4096,16777216,uniform,24004268,3,bench/results/raw/energy/measurements/20260817_174754_gpu_int_gt_q24_k4096_max_uniform_s24004268_rep3_gpu.txt,1.181199,32.23289,27.288279,14.716208,14.850119,12.572071,0,"rapl:package+core,nvml:board-integrated",9.679544,1.146198,0.322719,0.030927,4.93034407045,0.691069835184,19.286026,0.644557
gpu,gpu,int,gt,max,8,16777216,uniform,24000180,1,bench/results/raw/energy/measurements/20260817_174754_gpu_int_gt_q24_k8_max_uniform_s24000180_rep1_gpu.txt,1.164635,27.530765,23.638971,14.716208,10.391759,8.922763,0,"rapl:package+core,nvml:board-integrated",8.147968,0.907701,0.311211,0.029993,3.56812219211,0.466317773456,15.83152,0.608934
gpu,gpu,int,gt,max,8,16777216,uniform,24000180,2,bench/results/raw/energy/measurements/20260817_174754_gpu_int_gt_q24_k8_max_uniform_s24000180_rep2_gpu.txt,1.209172,34.371965,28.426035,14.716208,16.577539,13.709827,0,"rapl:package+core,nvml:board-integrated",10.358664,0.883012,0.324761,0.030877,5.57941357371,0.428619645584,20.197415,0.644504
gpu,gpu,int,gt,max,8,16777216,uniform,24000180,3,bench/results/raw/energy/measurements/20260817_174754_gpu_int_gt_q24_k8_max_uniform_s24000180_rep3_gpu.txt,1.160005,31.171068,26.871498,14.716208,14.100195,12.15529,0,"rapl:package+core,nvml:board-integrated",8.977261,1.022078,0.311943,0.030731,4.38664292786,0.569834211952,18.221196,0.629352
gpu,gpu,int,map_reduce,max,256,65536,uniform,16000404,1,bench/results/raw/energy/measurements/20260817_174754_gpu_int_map_reduce_q16_k256_max_uniform_s16000404_rep1_gpu.txt,0.424767,8.678679,20.431609,14.716208,2.427715,5.715401,0,"rapl:package+core,nvml:board-integrated",1.181903,0.363492,0.052933,0.016346,0.402929961936,0.122940864032,1.181903,0.054165
gpu,gpu,int,map_reduce,max,256,65536,uniform,16000404,2,bench/results/raw/energy/measurements/20260817_174754_gpu_int_map_reduce_q16_k256_max_uniform_s16000404_rep2_gpu.txt,0.427032,8.808556,20.627379,14.716208,2.524261,5.911171,0,"rapl:package+core,nvml:board-integrated",1.247089,0.368049,0.055151,0.019217,0.435475412592,0.085247630864,1.247089,0.056457
gpu,gpu,int,map_reduce,max,256,65536,uniform,16000404,3,bench/results/raw/energy/measurements/20260817_174754_gpu_int_map_reduce_q16_k256_max_uniform_s16000404_rep3_gpu.txt,0.447073,9.356727,20.928869,14.716208,2.777511,6.212661,0,"rapl:package+core,nvml:board-integrated",1.105437,0.339283,0.049794,0.016463,0.372658138848,0.097010067696,1.125303,0.05105
gpu,gpu,int,map_reduce,max,4096,65536,uniform,16004244,1,bench/results/raw/energy/measurements/20260817_174754_gpu_int_map_reduce_q16_k4096_max_uniform_s16004244_rep1_gpu.txt,0.620595,13.519164,21.784182,14.716208,4.386352,7.067974,0,"rapl:package+core,nvml:board-integrated",4.636615,0.423003,0.207814,0.019527,1.57838095069,0.135639606384,4.636615,0.20909
gpu,gpu,int,map_reduce,max,4096,65536,uniform,16004244,2,bench/results/raw/energy/measurements/20260817_174754_gpu_int_map_reduce_q16_k4096_max_uniform_s16004244_rep2_gpu.txt,0.594266,14.780277,24.871466,14.716208,6.034929,10.155258,0,"rapl:package+core,nvml:board-integrated",5.047136,0.289226,0.19459,0.008998,2.18350908528,0.156809560416,5.060838,0.195855
gpu,gpu,int,map_reduce,max,4096,65536,uniform,16004244,3,bench/results/raw/energy/measurements/20260817_174754_gpu_int_map_reduce_q16_k4096_max_uniform_s16004244_rep3_gpu.txt,0.591604,15.480483,26.166979,14.716208,6.774319,11.450771,0,"rapl:package+core,nvml:board-integrated",4.927577,0.30413,0.186676,0.008363,2.18041415539,0.181058352496,4.927577,0.187954
gpu,gpu,int,map_reduce,max,8,65536,uniform,16000156,1,bench/results/raw/energy/measurements/20260817_174754_gpu_int_map_reduce_q16_k8_max_uniform_s16000156_rep1_gpu.txt,0.354029,13.878721,39.20217,14.716208,8.668751,24.485962,0,"rapl:package+core,nvml:board-integrated",0.526188,0.112007,0.013178,0.003491,0.332257810976,0.060632717872,0.61726,0.014431
gpu,gpu,int,map_reduce,max,8,65536,uniform,16000156,2,bench/results/raw/energy/measurements/20260817_174754_gpu_int_map_reduce_q16_k8_max_uniform_s16000156_rep2_gpu.txt,0.368334,11.009714,29.890606,14.716208,5.58924,15.174398,0,"rapl:package+core,nvml:board-integrated",0.431884,0.083559,0.013443,0.003643,0.234054015856,0.029947854256,0.495396,0.014685
gpu,gpu,int,map_reduce,max,8,65536,uniform,16000156,3,bench/results/raw/energy/measurements/20260817_174754_gpu_int_map_reduce_q16_k8_max_uniform_s16000156_rep3_gpu.txt,0.368524,8.332613,22.610798,14.716208,2.909343,7.89459,0,"rapl:package+core,nvml:board-integrated",0.322268,0.065457,0.01311,0.00347,0.12933851312,0.01439175824,0.332475,0.014334
gpu,gpu,int,map_reduce,max,131072,131072,uniform,17131223,1,bench/results/raw/energy/measurements/20260817_174754_gpu_int_map_reduce_q17_k131072_max_uniform_s17131223_rep1_gpu.txt,1.087306,27.888911,25.649556,14.716208,11.887892,10.933348,0,"rapl:package+core,nvml:board-integrated",17.968199,4.334098,0.68441,0.165839,7.89627908272,1.89357678149,17.977644,0.686472
gpu,gpu,int,map_reduce,max,131072,131072,uniform,17131223,2,bench/results/raw/energy/measurements/20260817_174754_gpu_int_map_reduce_q17_k131072_max_uniform_s17131223_rep2_gpu.txt,1.062287,27.369437,25.764644,14.716208,11.736606,11.048436,0,"rapl:package+core,nvml:board-integrated",16.854574,4.048854,0.640257,0.158172,7.43241881454,1.72116194822,16.902733,0.642454
gpu,gpu,int,map_reduce,max,131072,131072,uniform,17131223,3,bench/results/raw/energy/measurements/20260817_174754_gpu_int_map_reduce_q17_k131072_max_uniform_s17131223_rep3_gpu.txt,1.128729,29.871149,26.464415,14.716208,13.26054,11.748207,0,"rapl:package+core,nvml:board-integrated",18.725289,4.625812,0.685111,0.166474,8.64305302091,2.17594598941,18.744926,0.687029
gpu,gpu,int,map_reduce,max,256,131072,uniform,17000407,1,bench/results/raw/energy/measurements/20260817_174754_gpu_int_map_reduce_q17_k256_max_uniform_s17000407_rep1_gpu.txt,0.426574,8.916015,20.901426,14.716208,2.638456,6.185218,0,"rapl:package+core,nvml:board-integrated",1.320887,0.461983,0.05929,0.025221,0.44836302768,0.090825518032,1.352212,0.06053
gpu,gpu,int,map_reduce,max,256,131072,uniform,17000407,2,bench/results/raw/energy/measurements/20260817_174754_gpu_int_map_reduce_q17_k256_max_uniform_s17000407_rep2_gpu.txt,0.424368,9.022462,21.260918,14.716208,2.777368,6.54471,0,"rapl:package+core,nvml:board-integrated",1.410744,0.542029,0.059778,0.025669,0.531038518176,0.164278656848,1.429832,0.061014
gpu,gpu,int,map_reduce,max,256,131072,uniform,17000407,3,bench/results/raw/energy/measurements/20260817_174754_gpu_int_map_reduce_q17_k256_max_uniform_s17000407_rep3_gpu.txt,0.424953,9.178974,21.599988,14.716208,2.925281,6.88378,0,"rapl:package+core,nvml:board-integrated",1.387439,0.61083,0.057783,0.023131,0.537092353136,0.270429392752,1.387439,0.059014
gpu,gpu,int,map_reduce,max,4096,131072,uniform,17004247,1,bench/results/raw/energy/measurements/20260817_174754_gpu_int_map_reduce_q17_k4096_max_uniform_s17004247_rep1_gpu.txt,0.600632,13.231499,22.029287,14.716208,4.392471,7.313079,0,"rapl:package+core,nvml:board-integrated",4.661109,0.638385,0.205331,0.028269,1.63941529515,0.222372516048,4.711524,0.206615
gpu,gpu,int,map_reduce,max,4096,131072,uniform,17004247,2,bench/results/raw/energy/measurements/20260817_174754_gpu_int_map_reduce_q17_k4096_max_uniform_s17004247_rep2_gpu.txt,0.57728,14.47064,25.066943,14.716208,5.97527,10.350735,0,"rapl:package+core,nvml:board-integrated",5.24742,0.290221,0.204307,0.011103,2.24079569214,0.126826942576,5.304892,0.205582
gpu,gpu,int,map_reduce,max,4096,131072,uniform,17004247,3,bench/results/raw/energy/measurements/20260817_174754_gpu_int_map_reduce_q17_k4096_max_uniform_s17004247_rep3_gpu.txt,0.570994,14.375447,25.176183,14.716208,5.972582,10.459975,0,"rapl:package+core,nvml:board-integrated",5.115996,0.321283,0.203453,0.01069,2.12193933378,0.16396673648,5.160651,0.204716
gpu,gpu,int,map_reduce,max,8,131072,uniform,17000159,1,bench/results/raw/energy/measurements/20260817_174754_gpu_int_map_reduce_q17_k8_max_uniform_s17000159_rep1_gpu.txt,0.339159,8.28548,24.429449,14.716208,3.294338,9.713241,0,"rapl:package+core,nvml:board-integrated",0.397119,0.12699,0.014931,0.004659,0.177391298352,0.058427186928,0.444468,0.016154
gpu,gpu,int,map_reduce,max,8,131072,uniform,17000159,2,bench/results/raw/energy/measurements/20260817_174754_gpu_int_map_reduce_q17_k8_max_uniform_s17000159_rep2_gpu.txt,0.36576,8.536322,23.338567,14.716208,3.153717,8.622359,0,"rapl:package+core,nvml:board-integrated",0.331055,0.110956,0.014406,0.004437,0.119053307552,0.045660185104,0.411013,0.015641
gpu,gpu,int,map_reduce,max,8,131072,uniform,17000159,3,bench/results/raw/energy/measurements/20260817_174754_gpu_int_map_reduce_q17_k8_max_uniform_s17000159_rep3_gpu.txt,0.381331,8.121324,21.297284,14.716208,2.509571,6.581076,0,"rapl:package+core,nvml:board-integrated",0.317342,0.099579,0.014434,0.004391,0.104928253728,0.034960130672,0.348468,0.015666
gpu,gpu,int,map_reduce,max,131072,262144,uniform,18131226,1,bench/results/raw/energy/measurements/20260817_174754_gpu_int_map_reduce_q18_k131072_max_uniform_s18131226_rep1_gpu.txt,1.245582,36.656262,29.429027,14.716208,18.326021,14.712819,0,"rapl:package+core,nvml:board-integrated",24.985526,9.479855,0.824585,0.310382,12.8507616263,4.91220892854,24.9979,0.826653
gpu,gpu,int,map_reduce,max,131072,262144,uniform,18131226,2,bench/results/raw/energy/measurements/20260817_174754_gpu_int_map_reduce_q18_k131072_max_uniform_s18131226_rep2_gpu.txt,1.30303,38.122969,29.257174,14.716208,18.947312,14.540966,0,"rapl:package+core,nvml:board-integrated",24.500736,9.163922,0.824556,0.308097,12.3663983964,4.62990246382,24.529756,0.826916
gpu,gpu,int,map_reduce,max,131072,262144,uniform,18131226,3,bench/results/raw/energy/measurements/20260817_174754_gpu_int_map_reduce_q18_k131072_max_uniform_s18131226_rep3_gpu.txt,1.285168,35.731706,27.803142,14.716208,16.818908,13.086934,0,"rapl:package+core,nvml:board-integrated",22.184654,8.327552,0.787482,0.292227,10.5959050917,4.02707868478,22.234392,0.789738
gpu,gpu,int,map_reduce,max,256,262144,uniform,18000410,1,bench/results/raw/energy/measurements/20260817_174754_gpu_int_map_reduce_q18_k256_max_uniform_s18000410_rep1_gpu.txt,0.415959,8.275604,19.895246,14.716208,2.154267,5.179038,0,"rapl:package+core,nvml:board-integrated",1.351075,0.777883,0.0627,0.032548,0.4283687584,0.298899862016,1.351075,0.063936
gpu,gpu,int,map_reduce,max,256,262144,uniform,18000410,2,bench/results/raw/energy/measurements/20260817_174754_gpu_int_map_reduce_q18_k256_max_uniform_s18000410_rep2_gpu.txt,0.429694,9.067256,21.10165,14.716208,2.743787,6.385442,0,"rapl:package+core,nvml:board-integrated",1.444962,0.763262,0.063338,0.032531,0.512866817696,0.284529037552,1.456192,0.064567
gpu,gpu,int,map_reduce,max,256,262144,uniform,18000410,3,bench/results/raw/energy/measurements/20260817_174754_gpu_int_map_reduce_q18_k256_max_uniform_s18000410_rep3_gpu.txt,0.428685,9.621513,22.444227,14.716208,3.312889,7.728019,0,"rapl:package+core,nvml:board-integrated",1.537489,0.6429,0.062961,0.032439,0.610941828112,0.165520928688,1.579542,0.064202
gpu,gpu,int,map_reduce,max,4096,262144,uniform,18004250,1,bench/results/raw/energy/measurements/20260817_174754_gpu_int_map_reduce_q18_k4096_max_uniform_s18004250_rep1_gpu.txt,0.681125,15.670257,23.00642,14.716208,5.646674,8.290212,0,"rapl:package+core,nvml:board-integrated",5.905052,0.867988,0.249858,0.036705,2.22808970154,0.32782958536,5.998178,0.251124
gpu,gpu,int,map_reduce,max,4096,262144,uniform,18004250,2,bench/results/raw/energy/measurements/20260817_174754_gpu_int_map_reduce_q18_k4096_max_uniform_s18004250_rep2_gpu.txt,0.5719,14.361654,25.112161,14.716208,5.945449,10.395953,0,"rapl:package+core,nvml:board-integrated",5.749274,0.397258,0.224458,0.016579,2.44610338474,0.153277987568,5.808156,0.22573
gpu,gpu,int,map_reduce,max,4096,262144,uniform,18004250,3,bench/results/raw/energy/measurements/20260817_174754_gpu_int_map_reduce_q18_k4096_max_uniform_s18004250_rep3_gpu.txt,0.593136,15.207384,25.638967,14.716208,6.478677,10.922759,0,"rapl:package+core,nvml:board-integrated",5.728557,0.491804,0.220682,0.015448,2.48095478614,0.264468018816,5.774855,0.221951
gpu,gpu,int,map_reduce,max,8,262144,uniform,18000162,1,bench/results/raw/energy/measurements/20260817_174754_gpu_int_map_reduce_q18_k8_max_uniform_s18000162_rep1_gpu.txt,0.428535,10.136076,23.652882,14.716208,3.829673,8.936674,0,"rapl:package+core,nvml:board-integrated",0.571569,0.216702,0.022056,0.007127,0.246988316352,0.111819585584,0.592487,0.02329
gpu,gpu,int,map_reduce,max,8,262144,uniform,18000162,2,bench/results/raw/energy/measurements/20260817_174754_gpu_int_map_reduce_q18_k8_max_uniform_s18000162_rep2_gpu.txt,0.432138,9.397389,21.746246,14.716208,3.03795,7.030038,0,"rapl:package+core,nvml:board-integrated",0.53611,0.126239,0.022021,0.007129,0.212044383632,0.021327153168,0.546547,0.023256
gpu,gpu,int,map_reduce,max,8,262144,uniform,18000162,3,bench/results/raw/energy/measurements/20260817_174754_gpu_int_map_reduce_q18_k8_max_uniform_s18000162_rep3_gpu.txt,0.430565,8.651017,20.09225,14.716208,2.314735,5.376042,0,"rapl:package+core,nvml:board-integrated",0.508234,0.162135,0.022197,0.007135,0.181578331024,0.05713485592,0.532723,0.023424
gpu,gpu,int,map_reduce,max,131072,524288,uniform,19131229,1,bench/results/raw/energy/measurements/20260817_174754_gpu_int_map_reduce_q19_k131072_max_uniform_s19131229_rep1_gpu.txt,2.629785,82.112309,31.223965,14.716208,43.411849,16.507757,0,"rapl:package+core,nvml:board-integrated",66.585986,50.079087,2.052832,1.530775,36.3760832989,27.5518836988,66.749125,2.05559
gpu,gpu,int,map_reduce,max,131072,524288,uniform,19131229,2,bench/results/raw/energy/measurements/20260817_174754_gpu_int_map_reduce_q19_k131072_max_uniform_s19131229_rep2_gpu.txt,2.63501,88.430321,33.559773,14.716208,49.652973,18.843565,0,"rapl:package+core,nvml:board-integrated",70.096769,52.313584,2.051198,1.531573,39.9109125828,29.7746371648,70.235742,2.054432
gpu,gpu,int,map_reduce,max,131072,524288,uniform,19131229,3,bench/results/raw/energy/measurements/20260817_174754_gpu_int_map_reduce_q19_k131072_max_uniform_s19131229_rep3_gpu.txt,2.621905,87.785038,33.4814,14.716208,49.200544,18.765192,0,"rapl:package+core,nvml:board-integrated",70.1009,52.291667,2.059014,1.531544,39.8000217011,29.7531469348,70.121545,2.06196
gpu,gpu,int,map_reduce,max,256,524288,uniform,19000413,1,bench/results/raw/energy/measurements/20260817_174754_gpu_int_map_reduce_q19_k256_max_uniform_s19000413_rep1_gpu.txt,0.461192,9.878113,21.41864,14.716208,3.09111,6.702432,0,"rapl:package+core,nvml:board-integrated",1.999858,1.127823,0.090195,0.047661,0.67252961944,0.426433810512,2.088128,0.091443
gpu,gpu,int,map_reduce,max,256,524288,uniform,19000413,2,bench/results/raw/energy/measurements/20260817_174754_gpu_int_map_reduce_q19_k256_max_uniform_s19000413_rep2_gpu.txt,0.457389,10.955235,23.951673,14.716208,4.224201,9.235465,0,"rapl:package+core,nvml:board-integrated",2.250563,1.176923,0.090281,0.047552,0.921969025552,0.477137877184,2.260343,0.091531
gpu,gpu,int,map_reduce,max,256,524288,uniform,19000413,3,bench/results/raw/energy/measurements/20260817_174754_gpu_int_map_reduce_q19_k256_max_uniform_s19000413_rep3_gpu.txt,0.483537,12.689208,26.242464,14.716208,5.573374,11.526256,0,"rapl:package+core,nvml:board-integrated",2.57303,1.283709,0.08958,0.047629,1.25475208736,0.582790729168,2.57303,0.090839
gpu,gpu,int,map_reduce,max,4096,524288,uniform,19004253,1,bench/results/raw/energy/measurements/20260817_174754_gpu_int_map_reduce_q19_k4096_max_uniform_s19004253_rep1_gpu.txt,0.680705,18.50036,27.17825,14.716208,8.482969,12.462042,0,"rapl:package+core,nvml:board-integrated",7.161577,1.303805,0.256617,0.050608,3.38514785166,0.559047145536,7.220565,0.257903
gpu,gpu,int,map_reduce,max,4096,524288,uniform,19004253,2,bench/results/raw/energy/measurements/20260817_174754_gpu_int_map_reduce_q19_k4096_max_uniform_s19004253_rep2_gpu.txt,0.668439,17.518921,26.208718,14.716208,7.682038,11.49251,0,"rapl:package+core,nvml:board-integrated",7.286516,1.335825,0.269942,0.050945,3.31399338006,0.58610778344,7.296968,0.271217
gpu,gpu,int,map_reduce,max,4096,524288,uniform,19004253,3,bench/results/raw/energy/measurements/20260817_174754_gpu_int_map_reduce_q19_k4096_max_uniform_s19004253_rep3_gpu.txt,0.69695,18.57837,26.656686,14.716208,8.321913,11.940478,0,"rapl:package+core,nvml:board-integrated",7.226732,1.352058,0.271211,0.051825,3.23553451211,0.5893905204,7.31044,0.272674
gpu,gpu,int,map_reduce,max,8,524288,uniform,19000165,1,bench/results/raw/energy/measurements/20260817_174754_gpu_int_map_reduce_q19_k8_max_uniform_s19000165_rep1_gpu.txt,0.435135,11.579287,26.610813,14.716208,5.175755,11.894605,0,"rapl:package+core,nvml:board-integrated",0.845911,0.28544,0.027682,0.01131,0.438536930144,0.11899968752,0.845911,0.028916
gpu,gpu,int,map_reduce,max,8,524288,uniform,19000165,2,bench/results/raw/energy/measurements/20260817_174754_gpu_int_map_reduce_q19_k8_max_uniform_s19000165_rep2_gpu.txt,0.439524,9.913288,22.554603,14.716208,3.445162,7.838395,0,"rapl:package+core,nvml:board-integrated",0.685658,0.286736,0.02759,0.011341,0.27963782128,0.119839485072,0.696751,0.028876
gpu,gpu,int,map_reduce,max,8,524288,uniform,19000165,3,bench/results/raw/energy/measurements/20260817_174754_gpu_int_map_reduce_q19_k8_max_uniform_s19000165_rep3_gpu.txt,0.43224,9.125412,21.111909,14.716208,2.764478,6.395701,0,"rapl:package+core,nvml:board-integrated",0.614749,0.244923,0.02757,0.011323,0.20902314544,0.078291376816,0.684482,0.028816
gpu,gpu,int,map_reduce,max,131072,1048576,uniform,20131232,1,bench/results/raw/energy/measurements/20260817_174754_gpu_int_map_reduce_q20_k131072_max_uniform_s20131232_rep1_gpu.txt,11.943828,448.957814,37.589107,14.716208,273.189962,22.872899,0,"rapl:package+core,nvml:board-integrated",403.98293,384.199203,10.500286,9.984816,249.458537165,237.260573902,404.128562,10.504153
gpu,gpu,int,map_reduce,max,131072,1048576,uniform,20131232,2,bench/results/raw/energy/measurements/20260817_174754_gpu_int_map_reduce_q20_k131072_max_uniform_s20131232_rep2_gpu.txt,11.986079,453.232045,37.813203,14.716208,276.84241,23.096995,0,"rapl:package+core,nvml:board-integrated",403.82324,384.15951,10.495718,9.983107,249.366070803,237.246030902,403.904568,10.499337
gpu,gpu,int,map_reduce,max,131072,1048576,uniform,20131232,3,bench/results/raw/energy/measurements/20260817_174754_gpu_int_map_reduce_q20_k131072_max_uniform_s20131232_rep3_gpu.txt,11.981173,453.063355,37.814607,14.716208,276.745917,23.098399,0,"rapl:package+core,nvml:board-integrated",404.321174,384.398303,10.502905,9.984187,249.758239416,237.468930397,404.383701,10.506675
gpu,gpu,int,map_reduce,max,256,1048576,uniform,20000416,1,bench/results/raw/energy/measurements/20260817_174754_gpu_int_map_reduce_q20_k256_max_uniform_s20000416_rep1_gpu.txt,0.487009,10.880711,22.341896,14.716208,3.713781,7.625688,0,"rapl:package+core,nvml:board-integrated",2.753962,1.652188,0.118283,0.071432,1.01328476914,0.600979830144,2.753962,0.119518
gpu,gpu,int,map_reduce,max,256,1048576,uniform,20000416,2,bench/results/raw/energy/measurements/20260817_174754_gpu_int_map_reduce_q20_k256_max_uniform_s20000416_rep2_gpu.txt,0.536734,14.146957,26.357466,14.716208,6.248263,11.641258,0,"rapl:package+core,nvml:board-integrated",3.118279,2.025321,0.117843,0.071567,1.38407690066,0.972126142064,3.192306,0.119084
gpu,gpu,int,map_reduce,max,256,1048576,uniform,20000416,3,bench/results/raw/energy/measurements/20260817_174754_gpu_int_map_reduce_q20_k256_max_uniform_s20000416_rep3_gpu.txt,0.537957,15.525467,28.860054,14.716208,7.608781,14.143846,0,"rapl:package+core,nvml:board-integrated",3.597354,2.29315,0.116887,0.071517,1.8772205955,1.24069095246,3.69965,0.118135
gpu,gpu,int,map_reduce,max,4096,1048576,uniform,20004256,1,bench/results/raw/energy/measurements/20260817_174754_gpu_int_map_reduce_q20_k4096_max_uniform_s20004256_rep1_gpu.txt,0.90679,27.391742,30.207371,14.716208,14.047232,15.491163,0,"rapl:package+core,nvml:board-integrated",13.960705,5.974637,0.455577,0.197192,7.25633910798,3.07271851206,14.039725,0.457251
gpu,gpu,int,map_reduce,max,4096,1048576,uniform,20004256,2,bench/results/raw/energy/measurements/20260817_174754_gpu_int_map_reduce_q20_k4096_max_uniform_s20004256_rep2_gpu.txt,0.914032,28.559362,31.245473,14.716208,15.108277,16.529265,0,"rapl:package+core,nvml:board-integrated",15.203709,6.235017,0.470454,0.198894,8.28041008157,3.30805152605,15.324426,0.471995
gpu,gpu,int,map_reduce,max,4096,1048576,uniform,20004256,3,bench/results/raw/energy/measurements/20260817_174754_gpu_int_map_reduce_q20_k4096_max_uniform_s20004256_rep3_gpu.txt,0.918844,27.521609,29.952413,14.716208,13.999703,15.236205,0,"rapl:package+core,nvml:board-integrated",14.139633,6.046098,0.464062,0.19933,7.3104000831,3.11271625936,14.214597,0.465809
gpu,gpu,int,map_reduce,max,8,1048576,uniform,20000168,1,bench/results/raw/energy/measurements/20260817_174754_gpu_int_map_reduce_q20_k8_max_uniform_s20000168_rep1_gpu.txt,0.419772,12.624569,30.07483,14.716208,6.447118,15.358622,0,"rapl:package+core,nvml:board-integrated",1.24035,0.36454,0.036292,0.011512,0.706269379264,0.195127013504,1.305693,0.037527
gpu,gpu,int,map_reduce,max,8,1048576,uniform,20000168,2,bench/results/raw/energy/measurements/20260817_174754_gpu_int_map_reduce_q20_k8_max_uniform_s20000168_rep2_gpu.txt,0.429188,10.502117,24.469723,14.716208,4.186094,9.753515,0,"rapl:package+core,nvml:board-integrated",1.033516,0.335321,0.036181,0.011517,0.501068878352,0.165834432464,1.048301,0.037418
gpu,gpu,int,map_reduce,max,8,1048576,uniform,20000168,3,bench/results/raw/energy/measurements/20260817_174754_gpu_int_map_reduce_q20_k8_max_uniform_s20000168_rep3_gpu.txt,0.424316,9.313859,21.950293,14.716208,3.069538,7.234085,0,"rapl:package+core,nvml:board-integrated",0.883198,0.37856,0.036166,0.011526,0.350971621472,0.208940986592,0.925525,0.037405
gpu,gpu,int,map_reduce,max,131072,2097152,uniform,21131235,1,bench/results/raw/energy/measurements/20260817_174754_gpu_int_map_reduce_q21_k131072_max_uniform_s21131235_rep1_gpu.txt,21.792552,841.701082,38.623338,14.716208,520.997361,23.90713,0,"rapl:package+core,nvml:board-integrated",754.975668,730.749823,19.416824,18.789411,469.233647317,454.240942527,755.101667,19.420344
gpu,gpu,int,map_reduce,max,131072,2097152,uniform,21131235,2,bench/results/raw/energy/measurements/20260817_174754_gpu_int_map_reduce_q21_k131072_max_uniform_s21131235_rep2_gpu.txt,21.791992,840.995137,38.591935,14.716208,520.299651,23.875727,0,"rapl:package+core,nvml:board-integrated",758.725632,734.64792,19.41277,18.785955,473.043270824,458.189898741,758.789546,19.415852
gpu,gpu,int,map_reduce,max,131072,2097152,uniform,21131235,3,bench/results/raw/energy/measurements/20260817_174754_gpu_int_map_reduce_q21_k131072_max_uniform_s21131235_rep3_gpu.txt,21.760938,838.946594,38.552869,14.716208,518.708105,23.836661,0,"rapl:package+core,nvml:board-integrated",757.819685,733.594835,19.417551,18.788896,472.066965633,457.093533374,758.174057,19.420774
gpu,gpu,int,map_reduce,max,256,2097152,uniform,21000419,1,bench/results/raw/energy/measurements/20260817_174754_gpu_int_map_reduce_q21_k256_max_uniform_s21000419_rep1_gpu.txt,0.59917,14.707259,24.546045,14.716208,5.889745,9.829837,0,"rapl:package+core,nvml:board-integrated",4.302832,2.792757,0.173383,0.11307,1.75129170834,1.12879536144,4.314077,0.174632
gpu,gpu,int,map_reduce,max,256,2097152,uniform,21000419,2,bench/results/raw/energy/measurements/20260817_174754_gpu_int_map_reduce_q21_k256_max_uniform_s21000419_rep2_gpu.txt,0.60271,17.910732,29.716975,14.716208,9.041119,15.000767,0,"rapl:package+core,nvml:board-integrated",5.823894,3.897227,0.194926,0.130478,2.95532243939,1.97708561258,5.877509,0.196177
gpu,gpu,int,map_reduce,max,256,2097152,uniform,21000419,3,bench/results/raw/energy/measurements/20260817_174754_gpu_int_map_reduce_q21_k256_max_uniform_s21000419_rep3_gpu.txt,0.610672,19.639557,32.160553,14.716208,10.652777,17.444345,0,"rapl:package+core,nvml:board-integrated",6.562303,4.19809,0.197555,0.1307,3.65504252856,2.2746816144,6.612381,0.198804
gpu,gpu,int,map_reduce,max,4096,2097152,uniform,21004259,1,bench/results/raw/energy/measurements/20260817_174754_gpu_int_map_reduce_q21_k4096_max_uniform_s21004259_rep1_gpu.txt,1.098682,33.612419,30.593403,14.716208,17.443987,15.877195,0,"rapl:package+core,nvml:board-integrated",19.864974,11.502932,0.64564,0.37003,10.3636014669,6.05749355376,19.874556,0.647087
gpu,gpu,int,map_reduce,max,4096,2097152,uniform,21004259,2,bench/results/raw/energy/measurements/20260817_174754_gpu_int_map_reduce_q21_k4096_max_uniform_s21004259_rep2_gpu.txt,1.111017,38.552585,34.700251,14.716208,22.20262,19.984043,0,"rapl:package+core,nvml:board-integrated",22.619948,12.644956,0.646364,0.364461,13.1079209323,7.28147211611,22.683557,0.64825
gpu,gpu,int,map_reduce,max,4096,2097152,uniform,21004259,3,bench/results/raw/energy/measurements/20260817_174754_gpu_int_map_reduce_q21_k4096_max_uniform_s21004259_rep3_gpu.txt,1.097516,38.831799,35.381539,14.716208,22.680528,20.665331,0,"rapl:package+core,nvml:board-integrated",23.050416,13.287318,0.644998,0.365008,13.5584912724,7.91578435034,23.114902,0.646612
gpu,gpu,int,map_reduce,max,8,2097152,uniform,21000171,1,bench/results/raw/energy/measurements/20260817_174754_gpu_int_map_reduce_q21_k8_max_uniform_s21000171_rep1_gpu.txt,0.427218,13.81624,32.340043,14.716208,7.529215,17.623835,0,"rapl:package+core,nvml:board-integrated",2.088855,0.43498,0.057082,0.013978,1.24882441494,0.229276844576,2.101794,0.05832
gpu,gpu,int,map_reduce,max,8,2097152,uniform,21000171,2,bench/results/raw/energy/measurements/20260817_174754_gpu_int_map_reduce_q21_k8_max_uniform_s21000171_rep2_gpu.txt,0.4794,12.386524,25.837559,14.716208,5.331575,11.121351,0,"rapl:package+core,nvml:board-integrated",1.530181,0.45761,0.050735,0.012366,0.78355418712,0.275629371872,1.530181,0.051969
gpu,gpu,int,map_reduce,max,8,2097152,uniform,21000171,3,bench/results/raw/energy/measurements/20260817_174754_gpu_int_map_reduce_q21_k8_max_uniform_s21000171_rep3_gpu.txt,0.41476,9.682959,23.345914,14.716208,3.57926,8.629706,0,"rapl:package+core,nvml:board-integrated",1.502907,0.282816,0.055512,0.01238,0.685980861504,0.10062934496,1.502907,0.05674
gpu,gpu,int,map_reduce,max,131072,4194304,uniform,22131238,1,bench/results/raw/energy/measurements/20260817_174754_gpu_int_map_reduce_q22_k131072_max_uniform_s22131238_rep1_gpu.txt,32.545627,1277.352189,39.248044,14.716208,798.403978,24.531836,0,"rapl:package+core,nvml:board-integrated",1150.068164,1127.323057,29.195051,28.609013,720.427720913,706.306871017,1150.171348,29.197887
gpu,gpu,int,map_reduce,max,131072,4194304,uniform,22131238,2,bench/results/raw/energy/measurements/20260817_174754_gpu_int_map_reduce_q22_k131072_max_uniform_s22131238_rep2_gpu.txt,32.65707,1282.14268,39.260799,14.716208,801.554439,24.544591,0,"rapl:package+core,nvml:board-integrated",1158.522746,1135.402998,29.251541,28.670222,728.050984323,713.486047642,1158.609769,29.255317
gpu,gpu,int,map_reduce,max,131072,4194304,uniform,22131238,3,bench/results/raw/energy/measurements/20260817_174754_gpu_int_map_reduce_q22_k131072_max_uniform_s22131238_rep3_gpu.txt,32.614671,1279.8171,39.240534,14.716208,799.852825,24.524326,0,"rapl:package+core,nvml:board-integrated",1158.020961,1135.543497,29.253845,28.668754,727.51529318,713.648150035,1158.350184,29.256933
gpu,gpu,int,map_reduce,max,256,4194304,uniform,22000422,1,bench/results/raw/energy/measurements/20260817_174754_gpu_int_map_reduce_q22_k256_max_uniform_s22000422_rep1_gpu.txt,0.806241,22.383043,27.762239,14.716208,10.518239,13.046031,0,"rapl:package+core,nvml:board-integrated",9.977593,6.937392,0.360897,0.247535,4.66655768142,3.29461545272,10.035523,0.362171
gpu,gpu,int,map_reduce,max,256,4194304,uniform,22000422,2,bench/results/raw/energy/measurements/20260817_174754_gpu_int_map_reduce_q22_k256_max_uniform_s22000422_rep2_gpu.txt,0.795703,27.090525,34.046028,14.716208,15.380795,19.32982,0,"rapl:package+core,nvml:board-integrated",12.44507,8.685826,0.361838,0.249623,7.1201867297,5.01232201042,12.541851,0.363141
gpu,gpu,int,map_reduce,max,256,4194304,uniform,22000422,3,bench/results/raw/energy/measurements/20260817_174754_gpu_int_map_reduce_q22_k256_max_uniform_s22000422_rep3_gpu.txt,0.714485,25.104394,35.136363,14.716208,14.589888,20.420155,0,"rapl:package+core,nvml:board-integrated",10.741911,6.658225,0.286238,0.175561,6.5295730545,4.07463280731,10.853878,0.287681
gpu,gpu,int,map_reduce,max,4096,4194304,uniform,22004262,1,bench/results/raw/energy/measurements/20260817_174754_gpu_int_map_reduce_q22_k4096_max_uniform_s22004262_rep1_gpu.txt,1.317752,48.027186,36.446304,14.716208,28.634876,21.730096,0,"rapl:package+core,nvml:board-integrated",30.543819,20.620536,0.831039,0.559431,18.3140762199,12.3878330424,30.557384,0.832827
gpu,gpu,int,map_reduce,max,4096,4194304,uniform,22004262,2,bench/results/raw/energy/measurements/20260817_174754_gpu_int_map_reduce_q22_k4096_max_uniform_s22004262_rep2_gpu.txt,1.281811,49.705611,38.777652,14.716208,30.842217,24.061444,0,"rapl:package+core,nvml:board-integrated",31.346537,21.274605,0.826586,0.557295,19.1823254941,13.0733358626,31.536937,0.828157
gpu,gpu,int,map_reduce,max,4096,4194304,uniform,22004262,3,bench/results/raw/energy/measurements/20260817_174754_gpu_int_map_reduce_q22_k4096_max_uniform_s22004262_rep3_gpu.txt,1.324588,55.386726,41.814302,14.716208,35.893812,27.098094,0,"rapl:package+core,nvml:board-integrated",35.319337,23.52521,0.836262,0.556954,23.0127314655,15.3289590896,35.416756,0.837962
gpu,gpu,int,map_reduce,max,8,4194304,uniform,22000174,1,bench/results/raw/energy/measurements/20260817_174754_gpu_int_map_reduce_q22_k8_max_uniform_s22000174_rep1_gpu.txt,0.491731,16.212872,32.971039,14.716208,8.976461,18.254831,0,"rapl:package+core,nvml:board-integrated",3.448547,0.642418,0.090642,0.015277,2.11464047446,0.417598490384,3.460983,0.0919
gpu,gpu,int,map_reduce,max,8,4194304,uniform,22000174,2,bench/results/raw/energy/measurements/20260817_174754_gpu_int_map_reduce_q22_k8_max_uniform_s22000174_rep2_gpu.txt,0.489862,12.695988,25.917493,14.716208,5.487081,11.201285,0,"rapl:package+core,nvml:board-integrated",2.735838,0.505941,0.089953,0.015468,1.41207094178,0.278310694656,2.749631,0.091222
gpu,gpu,int,map_reduce,max,8,4194304,uniform,22000174,3,bench/results/raw/energy/measurements/20260817_174754_gpu_int_map_reduce_q22_k8_max_uniform_s22000174_rep3_gpu.txt,0.481938,11.509903,23.882532,14.716208,4.417601,9.166324,0,"rapl:package+core,nvml:board-integrated",2.413876,0.424324,0.088616,0.014846,1.10978451187,0.205847176032,2.494214,0.089865
gpu,gpu,int,map_reduce,max,131072,8388608,uniform,23131241,1,bench/results/raw/energy/measurements/20260817_174754_gpu_int_map_reduce_q23_k131072_max_uniform_s23131241_rep1_gpu.txt,47.326246,1899.376709,40.133686,14.716208,1202.913825,25.417478,0,"rapl:package+core,nvml:board-integrated",1714.563615,1686.92794,42.614639,41.925496,1087.43772363,1069.94362036,1714.725814,42.619561
gpu,gpu,int,map_reduce,max,131072,8388608,uniform,23131241,2,bench/results/raw/energy/measurements/20260817_174754_gpu_int_map_reduce_q23_k131072_max_uniform_s23131241_rep2_gpu.txt,47.419452,1895.056767,39.9637,14.716208,1197.222246,25.247492,0,"rapl:package+core,nvml:board-integrated",1715.443219,1686.038133,42.633556,41.912457,1088.03894112,1069.245698,1715.548657,42.638718
gpu,gpu,int,map_reduce,max,131072,8388608,uniform,23131241,3,bench/results/raw/energy/measurements/20260817_174754_gpu_int_map_reduce_q23_k131072_max_uniform_s23131241_rep3_gpu.txt,47.330587,1869.035312,39.488953,14.716208,1172.508553,24.772745,0,"rapl:package+core,nvml:board-integrated",1694.224647,1667.250519,42.606008,41.917949,1067.22577122,1050.37726258,1694.387582,42.609805
gpu,gpu,int,map_reduce,max,256,8388608,uniform,23000425,1,bench/results/raw/energy/measurements/20260817_174754_gpu_int_map_reduce_q23_k256_max_uniform_s23000425_rep1_gpu.txt,1.149581,38.93373,33.867758,14.716208,22.016258,19.15155,0,"rapl:package+core,nvml:board-integrated",19.993559,14.606798,0.628799,0.459607,10.7400221258,7.84312578974,20.059097,0.630388
gpu,gpu,int,map_reduce,max,256,8388608,uniform,23000425,2,bench/results/raw/energy/measurements/20260817_174754_gpu_int_map_reduce_q23_k256_max_uniform_s23000425_rep2_gpu.txt,1.164769,56.104509,48.16793,14.716208,38.963527,33.451722,0,"rapl:package+core,nvml:board-integrated",30.738534,23.237614,0.634795,0.465475,21.3967587426,16.3875870812,30.834806,0.636155
gpu,gpu,int,map_reduce,max,256,8388608,uniform,23000425,3,bench/results/raw/energy/measurements/20260817_174754_gpu_int_map_reduce_q23_k256_max_uniform_s23000425_rep3_gpu.txt,1.167038,51.876787,44.45167,14.716208,34.702414,29.735462,0,"rapl:package+core,nvml:board-integrated",27.702742,20.028513,0.639235,0.465061,18.2956267791,13.1845785913,27.800636,0.640659
gpu,gpu,int,map_reduce,max,4096,8388608,uniform,23004265,1,bench/results/raw/energy/measurements/20260817_174754_gpu_int_map_reduce_q23_k4096_max_uniform_s23004265_rep1_gpu.txt,1.807097,79.029647,43.73292,14.716208,52.436025,29.016712,0,"rapl:package+core,nvml:board-integrated",54.377406,37.777801,1.254574,0.875324,35.9148340646,24.8963509486,54.396829,1.256594
gpu,gpu,int,map_reduce,max,4096,8388608,uniform,23004265,2,bench/results/raw/energy/measurements/20260817_174754_gpu_int_map_reduce_q23_k4096_max_uniform_s23004265_rep2_gpu.txt,1.805422,74.047894,41.014174,14.716208,47.478927,26.297966,0,"rapl:package+core,nvml:board-integrated",51.96445,36.024196,1.260788,0.874904,33.4104315481,23.148926756,52.068732,1.262846
gpu,gpu,int,map_reduce,max,4096,8388608,uniform,23004265,3,bench/results/raw/energy/measurements/20260817_174754_gpu_int_map_reduce_q23_k4096_max_uniform_s23004265_rep3_gpu.txt,1.849706,79.37134,42.910242,14.716208,52.150679,28.194034,0,"rapl:package+core,nvml:board-integrated",54.65661,38.445673,1.272763,0.877885,35.9263649573,25.5265347399,54.721141,1.274957
gpu,gpu,int,map_reduce,max,8,8388608,uniform,23000177,1,bench/results/raw/energy/measurements/20260817_174754_gpu_int_map_reduce_q23_k8_max_uniform_s23000177_rep1_gpu.txt,0.626847,20.950012,33.421238,14.716208,11.725197,18.70503,0,"rapl:package+core,nvml:board-integrated",5.84692,0.576816,0.155599,0.019349,3.55709275141,0.292072091408,5.931198,0.156857
gpu,gpu,int,map_reduce,max,8,8388608,uniform,23000177,2,bench/results/raw/energy/measurements/20260817_174754_gpu_int_map_reduce_q23_k8_max_uniform_s23000177_rep2_gpu.txt,0.586124,15.525563,26.488533,14.716208,6.900042,11.772325,0,"rapl:package+core,nvml:board-integrated",4.663368,0.56,0.153568,0.01826,2.40342936986,0.29128204192,4.713936,0.154828
gpu,gpu,int,map_reduce,max,8,8388608,uniform,23000177,3,bench/results/raw/energy/measurements/20260817_174754_gpu_int_map_reduce_q23_k8_max_uniform_s23000177_rep3_gpu.txt,0.601828,18.060376,30.009182,14.716208,9.203745,15.292974,0,"rapl:package+core,nvml:board-integrated",5.325464,0.531059,0.156746,0.019459,3.01875726083,0.244696308528,5.342217,0.158004
gpu,gpu,int,map_reduce,max,131072,16777216,uniform,24131244,1,bench/results/raw/energy/measurements/20260817_174754_gpu_int_map_reduce_q24_k131072_max_uniform_s24131244_rep1_gpu.txt,67.101426,2676.911551,39.893512,14.716208,1689.43301,25.177304,0,"rapl:package+core,nvml:board-integrated",2420.951924,2387.42974,60.567401,59.734185,1529.62945286,1508.36904883,2421.114493,60.571582
gpu,gpu,int,map_reduce,max,131072,16777216,uniform,24131244,2,bench/results/raw/energy/measurements/20260817_174754_gpu_int_map_reduce_q24_k131072_max_uniform_s24131244_rep2_gpu.txt,67.182288,2673.428489,39.793651,14.716208,1684.75997,25.077443,0,"rapl:package+core,nvml:board-integrated",2421.934866,2388.568834,60.560397,59.729636,1530.71546719,1509.57508686,2422.150582,60.563235
gpu,gpu,int,map_reduce,max,131072,16777216,uniform,24131244,3,bench/results/raw/energy/measurements/20260817_174754_gpu_int_map_reduce_q24_k131072_max_uniform_s24131244_rep3_gpu.txt,67.136978,2681.179264,39.935954,14.716208,1693.177525,25.219746,0,"rapl:package+core,nvml:board-integrated",2428.599956,2394.791537,60.56892,59.731313,1537.25513094,1515.77311078,2428.684618,60.572251
gpu,gpu,int,map_reduce,max,256,16777216,uniform,24000428,1,bench/results/raw/energy/measurements/20260817_174754_gpu_int_map_reduce_q24_k256_max_uniform_s24000428_rep1_gpu.txt,1.158375,46.726556,40.338021,14.716208,29.679668,25.621813,0,"rapl:package+core,nvml:board-integrated",24.207553,13.014454,0.619651,0.334167,15.0886399966,8.09678292126,24.218722,0.620941
gpu,gpu,int,map_reduce,max,256,16777216,uniform,24000428,2,bench/results/raw/energy/measurements/20260817_174754_gpu_int_map_reduce_q24_k256_max_uniform_s24000428_rep2_gpu.txt,1.318352,60.855216,46.160084,14.716208,41.454081,31.443876,0,"rapl:package+core,nvml:board-integrated",36.145008,22.508927,0.79862,0.498406,24.392349967,15.1742806356,36.229829,0.800215
gpu,gpu,int,map_reduce,max,256,16777216,uniform,24000428,3,bench/results/raw/energy/measurements/20260817_174754_gpu_int_map_reduce_q24_k256_max_uniform_s24000428_rep3_gpu.txt,1.346097,63.792488,47.390707,14.716208,43.983045,32.674499,0,"rapl:package+core,nvml:board-integrated",36.326258,21.879665,0.747349,0.453589,25.3281146674,15.2045549295,36.347574,0.74881
gpu,gpu,int,map_reduce,max,4096,16777216,uniform,24004268,1,bench/results/raw/energy/measurements/20260817_174754_gpu_int_map_reduce_q24_k4096_max_uniform_s24004268_rep1_gpu.txt,2.530551,117.683622,46.505143,14.716208,80.443512,31.788935,0,"rapl:package+core,nvml:board-integrated",89.379309,64.58252,1.895037,1.373861,61.4915503403,44.3644957609,89.454041,1.897549
gpu,gpu,int,map_reduce,max,4096,16777216,uniform,24004268,2,bench/results/raw/energy/measurements/20260817_174754_gpu_int_map_reduce_q24_k4096_max_uniform_s24004268_rep2_gpu.txt,2.54912,116.329598,45.635195,14.716208,78.816215,30.918987,0,"rapl:package+core,nvml:board-integrated",86.932228,62.926823,1.866465,1.354605,59.4649408353,42.9921740622,86.953406,1.868732
gpu,gpu,int,map_reduce,max,4096,16777216,uniform,24004268,3,bench/results/raw/energy/measurements/20260817_174754_gpu_int_map_reduce_q24_k4096_max_uniform_s24004268_rep3_gpu.txt,2.538939,112.388056,44.265749,14.716208,75.024495,29.549541,0,"rapl:package+core,nvml:board-integrated",84.549723,61.605641,1.866216,1.35395,57.0861001711,41.6806311784,84.834793,1.868421
gpu,gpu,int,map_reduce,max,8,16777216,uniform,24000180,1,bench/results/raw/energy/measurements/20260817_174754_gpu_int_map_reduce_q24_k8_max_uniform_s24000180_rep1_gpu.txt,0.809594,27.829349,34.374434,14.716208,15.91519,19.658226,0,"rapl:package+core,nvml:board-integrated",11.514895,1.039569,0.299572,0.025343,7.10633113702,0.666616140656,11.653923,0.300838
gpu,gpu,int,map_reduce,max,8,16777216,uniform,24000180,2,bench/results/raw/energy/measurements/20260817_174754_gpu_int_map_reduce_q24_k8_max_uniform_s24000180_rep2_gpu.txt,0.786732,22.668855,28.813959,14.716208,11.091148,14.097751,0,"rapl:package+core,nvml:board-integrated",8.958999,0.867154,0.293552,0.02309,4.63902670918,0.52735675728,9.012186,0.294828
gpu,gpu,int,map_reduce,max,8,16777216,uniform,24000180,3,bench/results/raw/energy/measurements/20260817_174754_gpu_int_map_reduce_q24_k8_max_uniform_s24000180_rep3_gpu.txt,0.748307,27.555876,36.824294,14.716208,16.543635,22.108086,0,"rapl:package+core,nvml:board-integrated",11.838612,0.934364,0.285859,0.023051,7.63185149733,0.595140689392,11.873767,0.287142
rapl,npu,int,bitonic,max,256,65536,uniform,16000404,1,bench/results/raw/energy/measurements/20260817_174754_npu_int_bitonic_q16_k256_max_uniform_s16000404_rep1_rapl.txt,0.182716,1.864863,10.206327,4.871461,0.974767,5.334866,0,rapl:package+core,0.351041,0.312103,0.032997,0.028793,0.190297401383,0.171839023427,0.376964,0.03471
rapl,npu,int,bitonic,max,256,65536,uniform,16000404,2,bench/results/raw/energy/measurements/20260817_174754_npu_int_bitonic_q16_k256_max_uniform_s16000404_rep2_rapl.txt,0.180886,1.861903,10.293265,4.871461,0.980726,5.421804,0,rapl:package+core,0.403987,0.336471,0.033402,0.029012,0.241270459678,0.195140173468,0.403987,0.035088
rapl,npu,int,bitonic,max,256,65536,uniform,16000404,3,bench/results/raw/energy/measurements/20260817_174754_npu_int_bitonic_q16_k256_max_uniform_s16000404_rep3_rapl.txt,0.188404,1.905571,10.114277,4.871461,0.987768,5.242816,0,rapl:package+core,0.366116,0.299729,0.033091,0.028839,0.204914484049,0.159240936221,0.379237,0.034797
rapl,npu,int,bitonic,max,4096,65536,uniform,16004244,1,bench/results/raw/energy/measurements/20260817_174754_npu_int_bitonic_q16_k4096_max_uniform_s16004244_rep1_rapl.txt,0.207745,2.101378,10.115188,4.871461,1.089357,5.243727,0,rapl:package+core,0.590819,0.541506,0.057584,0.053158,0.310300789776,0.282548876162,0.603072,0.059272
rapl,npu,int,bitonic,max,4096,65536,uniform,16004244,2,bench/results/raw/energy/measurements/20260817_174754_npu_int_bitonic_q16_k4096_max_uniform_s16004244_rep2_rapl.txt,0.209847,2.116529,10.086048,4.871461,1.094266,5.214587,0,rapl:package+core,0.614104,0.614104,0.05849,0.054144,0.32917224611,0.350343615616,0.614104,0.06011
rapl,npu,int,bitonic,max,4096,65536,uniform,16004244,3,bench/results/raw/energy/measurements/20260817_174754_npu_int_bitonic_q16_k4096_max_uniform_s16004244_rep3_rapl.txt,0.219741,2.209496,10.055007,4.871461,1.139037,5.183546,0,rapl:package+core,0.626005,0.501928,0.05955,0.054958,0.33590949745,0.234202246362,0.63841,0.061307
rapl,npu,int,bitonic,max,8,65536,uniform,16000156,1,bench/results/raw/energy/measurements/20260817_174754_npu_int_bitonic_q16_k8_max_uniform_s16000156_rep1_rapl.txt,0.306128,2.25028,7.350775,4.871461,0.758988,2.479314,0,rapl:package+core,0.352338,0.31343,0.031875,0.027629,0.197060180625,0.178836404031,0.3652,0.033558
rapl,npu,int,bitonic,max,8,65536,uniform,16000156,2,bench/results/raw/energy/measurements/20260817_174754_npu_int_bitonic_q16_k8_max_uniform_s16000156_rep2_rapl.txt,0.181085,1.852505,10.23001,4.871461,0.970355,5.358549,0,rapl:package+core,0.341352,0.288696,0.031844,0.027696,0.186225195916,0.153776016144,0.368008,0.033516
rapl,npu,int,bitonic,max,8,65536,uniform,16000156,3,bench/results/raw/energy/measurements/20260817_174754_npu_int_bitonic_q16_k8_max_uniform_s16000156_rep3_rapl.txt,0.182479,1.853679,10.158333,4.871461,0.964741,5.286872,0,rapl:package+core,0.352643,0.300459,0.032064,0.027844,0.196444474496,0.164818039916,0.366925,0.033723
rapl,npu,int,bitonic,max,131072,131072,uniform,17131223,1,bench/results/raw/energy/measurements/20260817_174754_npu_int_bitonic_q17_k131072_max_uniform_s17131223_rep1_rapl.txt,0.566737,5.310837,9.370899,4.871461,2.549999,4.499438,0,rapl:package+core,3.407479,3.344097,0.371448,0.365517,1.59798455447,1.56349518966,3.502459,0.382131
rapl,npu,int,bitonic,max,131072,131072,uniform,17131223,2,bench/results/raw/energy/measurements/20260817_174754_npu_int_bitonic_q17_k131072_max_uniform_s17131223_rep2_rapl.txt,0.566051,5.474037,9.670564,4.871461,2.716539,4.799103,0,rapl:package+core,3.437628,3.416495,0.369242,0.362992,1.63887999744,1.64819362869,3.552734,0.380334
rapl,npu,int,bitonic,max,131072,131072,uniform,17131223,3,bench/results/raw/energy/measurements/20260817_174754_npu_int_bitonic_q17_k131072_max_uniform_s17131223_rep3_rapl.txt,0.565612,5.314545,9.396099,4.871461,2.559189,4.524638,0,rapl:package+core,3.384927,3.321163,0.370104,0.363737,1.58197979806,1.54923239024,3.500201,0.381264
rapl,npu,int,bitonic,max,256,131072,uniform,17000407,1,bench/results/raw/energy/measurements/20260817_174754_npu_int_bitonic_q17_k256_max_uniform_s17000407_rep1_rapl.txt,0.182925,1.892282,10.344606,4.871461,1.001172,5.473145,0,rapl:package+core,0.397333,0.304855,0.034244,0.02999,0.230514689516,0.15875988461,0.397333,0.036398
rapl,npu,int,bitonic,max,256,131072,uniform,17000407,2,bench/results/raw/energy/measurements/20260817_174754_npu_int_bitonic_q17_k256_max_uniform_s17000407_rep2_rapl.txt,0.189572,1.915627,10.104992,4.871461,0.992133,5.233531,0,rapl:package+core,0.374446,0.306731,0.034682,0.030336,0.205493989598,0.158950359104,0.414576,0.036844
rapl,npu,int,bitonic,max,256,131072,uniform,17000407,3,bench/results/raw/energy/measurements/20260817_174754_npu_int_bitonic_q17_k256_max_uniform_s17000407_rep3_rapl.txt,0.190329,1.931144,10.146368,4.871461,1.003966,5.274907,0,rapl:package+core,0.408655,0.354762,0.034821,0.030295,0.239025856519,0.207181089005,0.408655,0.036992
rapl,npu,int,bitonic,max,4096,131072,uniform,17004247,1,bench/results/raw/energy/measurements/20260817_174754_npu_int_bitonic_q17_k4096_max_uniform_s17004247_rep1_rapl.txt,0.216269,2.191369,10.132585,4.871461,1.137821,5.261124,0,rapl:package+core,0.67619,0.614135,0.065552,0.060983,0.356855988528,0.317058693837,0.700816,0.067714
rapl,npu,int,bitonic,max,4096,131072,uniform,17004247,2,bench/results/raw/energy/measurements/20260817_174754_npu_int_bitonic_q17_k4096_max_uniform_s17004247_rep2_rapl.txt,0.218756,2.210563,10.105145,4.871461,1.144901,5.233684,0,rapl:package+core,0.673991,0.635709,0.065623,0.061159,0.354311114797,0.337775316701,0.711511,0.067939
rapl,npu,int,bitonic,max,4096,131072,uniform,17004247,3,bench/results/raw/energy/measurements/20260817_174754_npu_int_bitonic_q17_k4096_max_uniform_s17004247_rep3_rapl.txt,0.215793,2.165629,10.035672,4.871461,1.114401,5.164211,0,rapl:package+core,0.674359,0.612823,0.065422,0.060803,0.355658278458,0.316623556817,0.686565,0.067611
rapl,npu,int,bitonic,max,8,131072,uniform,17000159,1,bench/results/raw/energy/measurements/20260817_174754_npu_int_bitonic_q17_k8_max_uniform_s17000159_rep1_rapl.txt,0.184209,1.871103,10.157481,4.871461,0.973734,5.28602,0,rapl:package+core,0.360913,0.334181,0.033384,0.0289,0.198284145976,0.1933957771,0.400156,0.035549
rapl,npu,int,bitonic,max,8,131072,uniform,17000159,2,bench/results/raw/energy/measurements/20260817_174754_npu_int_bitonic_q17_k8_max_uniform_s17000159_rep2_rapl.txt,0.178201,1.854976,10.409475,4.871461,0.986878,5.538014,0,rapl:package+core,0.374721,0.334561,0.033163,0.028894,0.213168738857,0.193805005866,0.387843,0.03551
rapl,npu,int,bitonic,max,8,131072,uniform,17000159,3,bench/results/raw/energy/measurements/20260817_174754_npu_int_bitonic_q17_k8_max_uniform_s17000159_rep3_rapl.txt,0.183747,1.876459,10.212186,4.871461,0.981342,5.340725,0,rapl:package+core,0.358639,0.31935,0.033061,0.028861,0.197583627879,0.178754764079,0.385188,0.035218
rapl,npu,int,bitonic,max,131072,262144,uniform,18131226,1,bench/results/raw/energy/measurements/20260817_174754_npu_int_bitonic_q18_k131072_max_uniform_s18131226_rep1_rapl.txt,0.859869,7.928072,9.220095,4.871461,3.739255,4.348634,0,rapl:package+core,5.833194,5.77175,0.639649,0.631444,2.71716884281,2.69569518032,5.853472,0.643683
rapl,npu,int,bitonic,max,131072,262144,uniform,18131226,2,bench/results/raw/energy/measurements/20260817_174754_npu_int_bitonic_q18_k131072_max_uniform_s18131226_rep2_rapl.txt,0.85943,7.865392,9.15187,4.871461,3.678712,4.280409,0,rapl:package+core,5.723077,5.672178,0.635755,0.628095,2.62602131195,2.6124377032,5.764091,0.639645
rapl,npu,int,bitonic,max,131072,262144,uniform,18131226,3,bench/results/raw/energy/measurements/20260817_174754_npu_int_bitonic_q18_k131072_max_uniform_s18131226_rep3_rapl.txt,0.845629,7.912341,9.356747,4.871461,3.79289,4.485286,0,rapl:package+core,5.820972,5.75997,0.633096,0.62545,2.73686952674,2.71311471755,5.872118,0.636905
rapl,npu,int,bitonic,max,256,262144,uniform,18000410,1,bench/results/raw/energy/measurements/20260817_174754_npu_int_bitonic_q18_k256_max_uniform_s18000410_rep1_rapl.txt,0.192888,1.981008,10.270249,4.871461,1.041362,5.398788,0,rapl:package+core,0.402858,0.3894,0.036874,0.03246,0.223227747086,0.23127237594,0.443108,0.039796
rapl,npu,int,bitonic,max,256,262144,uniform,18000410,2,bench/results/raw/energy/measurements/20260817_174754_npu_int_bitonic_q18_k256_max_uniform_s18000410_rep2_rapl.txt,0.187726,1.935081,10.308032,4.871461,1.020583,5.436571,0,rapl:package+core,0.418512,0.365138,0.036465,0.032116,0.240874174635,0.208686158524,0.445168,0.03938
rapl,npu,int,bitonic,max,256,262144,uniform,18000410,3,bench/results/raw/energy/measurements/20260817_174754_npu_int_bitonic_q18_k256_max_uniform_s18000410_rep3_rapl.txt,0.196364,1.991154,10.140097,4.871461,1.034572,5.268636,0,rapl:package+core,0.420143,0.364985,0.036654,0.032322,0.241584468506,0.207529637558,0.446998,0.039691
rapl,npu,int,bitonic,max,4096,262144,uniform,18004250,1,bench/results/raw/energy/measurements/20260817_174754_npu_int_bitonic_q18_k4096_max_uniform_s18004250_rep1_rapl.txt,0.233847,2.378356,10.170558,4.871461,1.239179,5.299097,0,rapl:package+core,0.757698,0.733239,0.073796,0.069144,0.398203664044,0.396406700616,0.806889,0.076862
rapl,npu,int,bitonic,max,4096,262144,uniform,18004250,2,bench/results/raw/energy/measurements/20260817_174754_npu_int_bitonic_q18_k4096_max_uniform_s18004250_rep2_rapl.txt,0.231516,2.361328,10.199432,4.871461,1.233509,5.327971,0,rapl:package+core,0.778815,0.72915,0.073766,0.069188,0.419466807874,0.392103356332,0.804036,0.076764
rapl,npu,int,bitonic,max,4096,262144,uniform,18004250,3,bench/results/raw/energy/measurements/20260817_174754_npu_int_bitonic_q18_k4096_max_uniform_s18004250_rep3_rapl.txt,0.230075,2.359116,10.253698,4.871461,1.238316,5.382237,0,rapl:package+core,0.777273,0.728066,0.073525,0.069065,0.419098829975,0.391618546035,0.802831,0.076461
rapl,npu,int,bitonic,max,8,262144,uniform,18000162,1,bench/results/raw/energy/measurements/20260817_174754_npu_int_bitonic_q18_k8_max_uniform_s18000162_rep1_rapl.txt,0.190623,1.974843,10.359938,4.871461,1.04623,5.488477,0,rapl:package+core,0.40809,0.352855,0.035557,0.031071,0.234875461223,0.201493835269,0.449622,0.03851
rapl,npu,int,bitonic,max,8,262144,uniform,18000162,2,bench/results/raw/energy/measurements/20260817_174754_npu_int_bitonic_q18_k8_max_uniform_s18000162_rep2_rapl.txt,0.188854,2.148327,11.37557,4.871461,1.22833,6.504109,0,rapl:package+core,0.432396,0.378718,0.036133,0.031659,0.256375499687,0.224492416201,0.446205,0.03912
rapl,npu,int,bitonic,max,8,262144,uniform,18000162,3,bench/results/raw/energy/measurements/20260817_174754_npu_int_bitonic_q18_k8_max_uniform_s18000162_rep3_rapl.txt,0.191331,1.971074,10.301924,4.871461,1.039014,5.430463,0,rapl:package+core,0.409082,0.342024,0.035318,0.030962,0.237031740402,0.191193824518,0.436501,0.038251
rapl,npu,int,bitonic,max,131072,524288,uniform,19131229,1,bench/results/raw/energy/measurements/20260817_174754_npu_int_bitonic_q19_k131072_max_uniform_s19131229_rep1_rapl.txt,1.16292,10.878939,9.354847,4.871461,5.21382,4.483386,0,rapl:package+core,8.290312,8.218506,0.906327,0.898018,3.87517536625,3.8438463357,8.330807,0.911756
rapl,npu,int,bitonic,max,131072,524288,uniform,19131229,2,bench/results/raw/energy/measurements/20260817_174754_npu_int_bitonic_q19_k131072_max_uniform_s19131229_rep2_rapl.txt,1.169275,13.854356,11.848669,4.871461,8.158277,6.977208,0,rapl:package+core,10.512211,10.413065,0.916728,0.909438,6.04640630039,5.98277325108,10.617706,0.922753
rapl,npu,int,bitonic,max,131072,524288,uniform,19131229,3,bench/results/raw/energy/measurements/20260817_174754_npu_int_bitonic_q19_k131072_max_uniform_s19131229_rep3_rapl.txt,1.157045,10.731791,9.275169,4.871461,5.09529,4.403708,0,rapl:package+core,8.276078,8.210956,0.904746,0.897156,3.86864314609,3.84049553508,8.327283,0.910384
rapl,npu,int,bitonic,max,256,524288,uniform,19000413,1,bench/results/raw/energy/measurements/20260817_174754_npu_int_bitonic_q19_k256_max_uniform_s19000413_rep1_rapl.txt,0.199609,2.107084,10.55608,4.871461,1.134699,5.684619,0,rapl:package+core,0.521718,0.386365,0.041759,0.037225,0.318290660101,0.205024864275,0.55115,0.046359
rapl,npu,int,bitonic,max,256,524288,uniform,19000413,2,bench/results/raw/energy/measurements/20260817_174754_npu_int_bitonic_q19_k256_max_uniform_s19000413_rep2_rapl.txt,0.200448,2.092162,10.437441,4.871461,1.115688,5.56598,0,rapl:package+core,0.474646,0.362775,0.04109,0.036587,0.27447766751,0.184542856393,0.531223,0.045541
rapl,npu,int,bitonic,max,256,524288,uniform,19000413,3,bench/results/raw/energy/measurements/20260817_174754_npu_int_bitonic_q19_k256_max_uniform_s19000413_rep3_rapl.txt,0.203371,2.108961,10.370004,4.871461,1.118246,5.498543,0,rapl:package+core,0.50275,0.430793,0.041466,0.03692,0.300749998174,0.25093865988,0.530841,0.046052
rapl,npu,int,bitonic,max,4096,524288,uniform,19004253,1,bench/results/raw/energy/measurements/20260817_174754_npu_int_bitonic_q19_k4096_max_uniform_s19004253_rep1_rapl.txt,0.245401,2.518531,10.262935,4.871461,1.323071,5.391474,0,rapl:package+core,0.834705,0.77265,0.083912,0.079267,0.425930964568,0.386503900913,0.935285,0.088429
rapl,npu,int,bitonic,max,4096,524288,uniform,19004253,2,bench/results/raw/energy/measurements/20260817_174754_npu_int_bitonic_q19_k4096_max_uniform_s19004253_rep2_rapl.txt,0.252101,2.583927,10.249553,4.871461,1.355825,5.378092,0,rapl:package+core,0.822572,0.759817,0.084686,0.079818,0.410027453754,0.370986725902,0.950253,0.088714
rapl,npu,int,bitonic,max,4096,524288,uniform,19004253,3,bench/results/raw/energy/measurements/20260817_174754_npu_int_bitonic_q19_k4096_max_uniform_s19004253_rep3_rapl.txt,0.246128,2.499886,10.15687,4.871461,1.300885,5.285409,0,rapl:package+core,0.807422,0.758001,0.085107,0.080402,0.392826568673,0.366325792678,0.931623,0.089765
rapl,npu,int,bitonic,max,8,524288,uniform,19000165,1,bench/results/raw/energy/measurements/20260817_174754_npu_int_bitonic_q19_k8_max_uniform_s19000165_rep1_rapl.txt,0.198501,2.038073,10.267301,4.871461,1.071081,5.39584,0,rapl:package+core,0.456261,0.386744,0.039648,0.035305,0.263117314272,0.214757069395,0.49851,0.044118
rapl,npu,int,bitonic,max,8,524288,uniform,19000165,2,bench/results/raw/energy/measurements/20260817_174754_npu_int_bitonic_q19_k8_max_uniform_s19000165_rep2_rapl.txt,0.208521,2.145443,10.288864,4.871461,1.129642,5.417403,0,rapl:package+core,0.451637,0.422555,0.039792,0.035322,0.257791823888,0.250485254558,0.521839,0.044362
rapl,npu,int,bitonic,max,8,524288,uniform,19000165,3,bench/results/raw/energy/measurements/20260817_174754_npu_int_bitonic_q19_k8_max_uniform_s19000165_rep3_rapl.txt,0.199171,2.073242,10.409341,4.871461,1.102987,5.53788,0,rapl:package+core,0.439186,0.397668,0.039535,0.035133,0.246592789365,0.226518960687,0.523014,0.043989
rapl,npu,int,bitonic,max,131072,1048576,uniform,20131232,1,bench/results/raw/energy/measurements/20260817_174754_npu_int_bitonic_q20_k131072_max_uniform_s20131232_rep1_rapl.txt,1.498427,16.556593,11.049316,4.871461,9.257065,6.177855,0,rapl:package+core,13.76218,13.666283,1.203136,1.195008,7.9011498983,7.84484813331,13.863037,1.214756
rapl,npu,int,bitonic,max,131072,1048576,uniform,20131232,2,bench/results/raw/energy/measurements/20260817_174754_npu_int_bitonic_q20_k131072_max_uniform_s20131232_rep2_rapl.txt,1.482934,13.78069,9.292853,4.871461,6.556634,4.421392,0,rapl:package+core,10.899491,10.745782,1.195081,1.186886,5.07770051666,4.96391313955,11.087363,1.20416
rapl,npu,int,bitonic,max,131072,1048576,uniform,20131232,3,bench/results/raw/energy/measurements/20260817_174754_npu_int_bitonic_q20_k131072_max_uniform_s20131232_rep3_rapl.txt,1.480292,13.498234,9.11863,4.871461,6.28705,4.247169,0,rapl:package+core,10.792335,10.670912,1.191264,1.183256,4.9891388833,4.90672654298,10.8335,1.200406
rapl,npu,int,bitonic,max,256,1048576,uniform,20000416,1,bench/results/raw/energy/measurements/20260817_174754_npu_int_bitonic_q20_k256_max_uniform_s20000416_rep1_rapl.txt,0.21782,2.300967,10.563609,4.871461,1.239865,5.692148,0,rapl:package+core,0.387414,0.329404,0.051623,0.047007,0.135934568797,0.100411232773,0.701181,0.059338
rapl,npu,int,bitonic,max,256,1048576,uniform,20000416,2,bench/results/raw/energy/measurements/20260817_174754_npu_int_bitonic_q20_k256_max_uniform_s20000416_rep2_rapl.txt,0.218359,2.313998,10.597219,4.871461,1.250271,5.725758,0,rapl:package+core,0.628935,0.543262,0.051856,0.047246,0.376320518384,0.313104953594,0.731683,0.059871
rapl,npu,int,bitonic,max,256,1048576,uniform,20000416,3,bench/results/raw/energy/measurements/20260817_174754_npu_int_bitonic_q20_k256_max_uniform_s20000416_rep3_rapl.txt,0.222935,2.343323,10.511241,4.871461,1.257304,5.63978,0,rapl:package+core,0.569596,0.494511,0.05093,0.046345,0.32149249127,0.268743139955,0.71711,0.058745
rapl,npu,int,bitonic,max,4096,1048576,uniform,20004256,1,bench/results/raw/energy/measurements/20260817_174754_npu_int_bitonic_q20_k4096_max_uniform_s20004256_rep1_rapl.txt,0.279608,2.937638,10.506291,4.871461,1.575541,5.63483,0,rapl:package+core,1.108035,1.066595,0.100979,0.096197,0.616119739681,0.597975066183,1.218473,0.108802
rapl,npu,int,bitonic,max,4096,1048576,uniform,20004256,2,bench/results/raw/energy/measurements/20260817_174754_npu_int_bitonic_q20_k4096_max_uniform_s20004256_rep2_rapl.txt,0.27686,2.892398,10.447168,4.871461,1.543688,5.575707,0,rapl:package+core,1.086612,1.059193,0.099166,0.094416,0.603528698474,0.599249138224,1.182235,0.106693
rapl,npu,int,bitonic,max,4096,1048576,uniform,20004256,3,bench/results/raw/energy/measurements/20260817_174754_npu_int_bitonic_q20_k4096_max_uniform_s20004256_rep3_rapl.txt,0.278119,2.867985,10.312067,4.871461,1.513138,5.440606,0,rapl:package+core,1.116566,1.020715,0.098649,0.094087,0.636001243811,0.562373848893,1.157167,0.106141
rapl,npu,int,bitonic,max,8,1048576,uniform,20000168,1,bench/results/raw/energy/measurements/20260817_174754_npu_int_bitonic_q20_k8_max_uniform_s20000168_rep1_rapl.txt,0.225477,2.626711,11.649587,4.871461,1.52831,6.778126,0,rapl:package+core,0.625685,0.565798,0.048373,0.04379,0.390037817047,0.35247672281,0.684352,0.056156
rapl,npu,int,bitonic,max,8,1048576,uniform,20000168,2,bench/results/raw/energy/measurements/20260817_174754_npu_int_bitonic_q20_k8_max_uniform_s20000168_rep2_rapl.txt,0.218575,2.324175,10.633283,4.871461,1.259393,5.761822,0,rapl:package+core,0.600463,0.541629,0.048554,0.044017,0.363934082606,0.327201901163,0.690089,0.056213
rapl,npu,int,bitonic,max,8,1048576,uniform,20000168,3,bench/results/raw/energy/measurements/20260817_174754_npu_int_bitonic_q20_k8_max_uniform_s20000168_rep3_rapl.txt,0.217721,2.344132,10.766703,4.871461,1.283515,5.895242,0,rapl:package+core,0.591034,0.547748,0.048593,0.044103,0.354315095627,0.332901955517,0.693675,0.056215
rapl,npu,int,bitonic,max,131072,2097152,uniform,21131235,1,bench/results/raw/energy/measurements/20260817_174754_npu_int_bitonic_q21_k131072_max_uniform_s21131235_rep1_rapl.txt,1.824443,17.253075,9.456624,4.871461,8.36537,4.585163,0,rapl:package+core,13.975866,13.925101,1.485931,1.477476,6.73721108481,6.72763428756,14.172531,1.50624
rapl,npu,int,bitonic,max,131072,2097152,uniform,21131235,2,bench/results/raw/energy/measurements/20260817_174754_npu_int_bitonic_q21_k131072_max_uniform_s21131235_rep2_rapl.txt,1.833731,17.931095,9.778478,4.871461,8.998147,4.907017,0,rapl:package+core,14.570106,14.524561,1.492343,1.483523,7.30021527688,7.2976365629,14.789823,1.513519
rapl,npu,int,bitonic,max,131072,2097152,uniform,21131235,3,bench/results/raw/energy/measurements/20260817_174754_npu_int_bitonic_q21_k131072_max_uniform_s21131235_rep3_rapl.txt,1.840065,19.077428,10.367802,4.871461,10.113624,5.496341,0,rapl:package+core,14.589548,14.496489,1.4912,1.482694,7.3252253568,7.27360300407,14.766983,1.51237
rapl,npu,int,bitonic,max,256,2097152,uniform,21000419,1,bench/results/raw/energy/measurements/20260817_174754_npu_int_bitonic_q21_k256_max_uniform_s21000419_rep1_rapl.txt,0.27357,3.418357,12.495351,4.871461,2.08567,7.62389,0,rapl:package+core,1.220627,1.147373,0.075775,0.0706,0.851492042725,0.8034478534,1.450563,0.09468
rapl,npu,int,bitonic,max,256,2097152,uniform,21000419,2,bench/results/raw/energy/measurements/20260817_174754_npu_int_bitonic_q21_k256_max_uniform_s21000419_rep2_rapl.txt,0.28045,4.183499,14.917101,4.871461,2.817298,10.04564,0,rapl:package+core,1.380192,1.300789,0.077515,0.071853,1.00258070059,0.950759912767,1.650427,0.097561
rapl,npu,int,bitonic,max,256,2097152,uniform,21000419,3,bench/results/raw/energy/measurements/20260817_174754_npu_int_bitonic_q21_k256_max_uniform_s21000419_rep3_rapl.txt,0.294866,4.623434,15.679788,4.871461,3.187007,10.808327,0,rapl:package+core,1.85638,1.604761,0.087717,0.080144,1.42907005546,1.21434262962,2.213005,0.11449
rapl,npu,int,bitonic,max,4096,2097152,uniform,21004259,1,bench/results/raw/energy/measurements/20260817_174754_npu_int_bitonic_q21_k4096_max_uniform_s21004259_rep1_rapl.txt,0.315307,3.578855,11.350394,4.871461,2.042851,6.478933,0,rapl:package+core,1.479889,1.348518,0.118403,0.113372,0.903093403217,0.796230723508,1.709201,0.136642
rapl,npu,int,bitonic,max,4096,2097152,uniform,21004259,2,bench/results/raw/energy/measurements/20260817_174754_npu_int_bitonic_q21_k4096_max_uniform_s21004259_rep2_rapl.txt,0.317385,3.696326,11.6462,4.871461,2.150199,6.774739,0,rapl:package+core,1.580378,1.467897,0.119109,0.113776,1.00014315175,0.913641653264,1.838421,0.138043
rapl,npu,int,bitonic,max,4096,2097152,uniform,21004259,3,bench/results/raw/energy/measurements/20260817_174754_npu_int_bitonic_q21_k4096_max_uniform_s21004259_rep3_rapl.txt,0.320178,3.565337,11.135491,4.871461,2.005603,6.26403,0,rapl:package+core,1.509564,1.412919,0.118876,0.113494,0.930464202164,0.860037405266,1.721102,0.136386
rapl,npu,int,bitonic,max,8,2097152,uniform,21000171,1,bench/results/raw/energy/measurements/20260817_174754_npu_int_bitonic_q21_k8_max_uniform_s21000171_rep1_rapl.txt,0.267548,3.025234,11.307274,4.871461,1.721886,6.435813,0,rapl:package+core,0.947827,0.900695,0.073827,0.068985,0.588181648753,0.564637262915,1.236356,0.091285
rapl,npu,int,bitonic,max,8,2097152,uniform,21000171,2,bench/results/raw/energy/measurements/20260817_174754_npu_int_bitonic_q21_k8_max_uniform_s21000171_rep2_rapl.txt,0.264589,2.979216,11.259785,4.871461,1.690281,6.388324,0,rapl:package+core,1.036035,0.909349,0.075617,0.0708,0.667669733563,0.5644495612,1.256206,0.09345
rapl,npu,int,bitonic,max,8,2097152,uniform,21000171,3,bench/results/raw/energy/measurements/20260817_174754_npu_int_bitonic_q21_k8_max_uniform_s21000171_rep3_rapl.txt,0.265127,3.006864,11.341203,4.871461,1.715306,6.469742,0,rapl:package+core,1.041251,1.041251,0.073681,0.068764,0.682316882059,0.706269855796,1.23193,0.090869
rapl,npu,int,bitonic,max,131072,4194304,uniform,22131238,1,bench/results/raw/energy/measurements/20260817_174754_npu_int_bitonic_q22_k131072_max_uniform_s22131238_rep1_rapl.txt,2.294028,22.125061,9.644635,4.871461,10.949794,4.773174,0,rapl:package+core,17.858026,17.807125,1.866054,1.856725,8.76761671511,8.76216157477,18.260652,1.909825
rapl,npu,int,bitonic,max,131072,4194304,uniform,22131238,2,bench/results/raw/energy/measurements/20260817_174754_npu_int_bitonic_q22_k131072_max_uniform_s22131238_rep2_rapl.txt,2.280014,22.148619,9.714246,4.871461,11.041618,4.842785,0,rapl:package+core,18.009211,17.927215,1.8621,1.853067,8.9380634719,8.90007137911,18.386119,1.903861
rapl,npu,int,bitonic,max,131072,4194304,uniform,22131238,3,bench/results/raw/energy/measurements/20260817_174754_npu_int_bitonic_q22_k131072_max_uniform_s22131238_rep3_rapl.txt,2.283919,23.632781,10.347467,4.871461,12.506757,5.476006,0,rapl:package+core,18.189688,18.118768,1.861321,1.852299,9.12233534002,9.09536566116,18.597228,1.904835
rapl,npu,int,bitonic,max,256,4194304,uniform,22000422,1,bench/results/raw/energy/measurements/20260817_174754_npu_int_bitonic_q22_k256_max_uniform_s22000422_rep1_rapl.txt,0.374138,4.548197,12.156481,4.871461,2.7256,7.28502,0,rapl:package+core,1.894386,1.749391,0.135129,0.129258,1.23611034653,1.11971569406,2.483971,0.175171
rapl,npu,int,bitonic,max,256,4194304,uniform,22000422,2,bench/results/raw/energy/measurements/20260817_174754_npu_int_bitonic_q22_k256_max_uniform_s22000422_rep2_rapl.txt,0.378733,4.589606,12.118326,4.871461,2.744625,7.246865,0,rapl:package+core,1.890863,1.76663,0.133721,0.12829,1.23944636362,1.14167026831,2.469385,0.174013
rapl,npu,int,bitonic,max,256,4194304,uniform,22000422,3,bench/results/raw/energy/measurements/20260817_174754_npu_int_bitonic_q22_k256_max_uniform_s22000422_rep3_rapl.txt,0.367635,4.445998,12.093503,4.871461,2.655077,7.222042,0,rapl:package+core,1.758716,1.741261,0.132789,0.12741,1.11183956527,1.12058815399,2.421353,0.172063
rapl,npu,int,bitonic,max,4096,4194304,uniform,22004262,1,bench/results/raw/energy/measurements/20260817_174754_npu_int_bitonic_q22_k4096_max_uniform_s22004262_rep1_rapl.txt,0.428756,5.047468,11.772355,4.871461,2.9588,6.900894,0,rapl:package+core,2.442546,2.352204,0.187058,0.181011,1.53130024826,1.47041597293,2.960342,0.226464
rapl,npu,int,bitonic,max,4096,4194304,uniform,22004262,2,bench/results/raw/energy/measurements/20260817_174754_npu_int_bitonic_q22_k4096_max_uniform_s22004262_rep2_rapl.txt,0.441927,5.910568,13.374536,4.871461,3.757738,8.503075,0,rapl:package+core,3.028639,2.920948,0.190909,0.184543,2.09863325195,2.02195397268,3.721197,0.235952
rapl,npu,int,bitonic,max,4096,4194304,uniform,22004262,3,bench/results/raw/energy/measurements/20260817_174754_npu_int_bitonic_q22_k4096_max_uniform_s22004262_rep3_rapl.txt,0.462556,7.491541,16.195961,4.871461,5.238217,11.3245,0,rapl:package+core,3.541439,3.330405,0.200667,0.193568,2.56389753551,2.38744603715,4.356846,0.2499
rapl,npu,int,bitonic,max,8,4194304,uniform,22000174,1,bench/results/raw/energy/measurements/20260817_174754_npu_int_bitonic_q22_k8_max_uniform_s22000174_rep1_rapl.txt,0.377659,4.604682,12.192687,4.871461,2.764929,7.321226,0,rapl:package+core,1.776733,1.671254,0.130965,0.125594,1.13874211013,1.05942772717,2.400266,0.171433
rapl,npu,int,bitonic,max,8,4194304,uniform,22000174,2,bench/results/raw/energy/measurements/20260817_174754_npu_int_bitonic_q22_k8_max_uniform_s22000174_rep2_rapl.txt,0.372629,4.518382,12.12568,4.871461,2.703134,7.254219,0,rapl:package+core,1.832911,1.730986,0.130251,0.12492,1.19839833329,1.12244309188,2.403517,0.168145
rapl,npu,int,bitonic,max,8,4194304,uniform,22000174,3,bench/results/raw/energy/measurements/20260817_174754_npu_int_bitonic_q22_k8_max_uniform_s22000174_rep3_rapl.txt,0.372027,4.511943,12.127986,4.871461,2.699626,7.256525,0,rapl:package+core,1.770523,1.717501,0.130749,0.125284,1.13358434571,1.10718488008,2.402662,0.169328
rapl,npu,int,bitonic,max,131072,8388608,uniform,23131241,1,bench/results/raw/energy/measurements/20260817_174754_npu_int_bitonic_q23_k131072_max_uniform_s23131241_rep1_rapl.txt,2.902448,31.624585,10.89583,4.871461,17.485421,6.024369,0,rapl:package+core,25.470454,25.411789,2.29988,2.290436,14.2666782753,14.254019353,27.002326,2.434669
rapl,npu,int,bitonic,max,131072,8388608,uniform,23131241,2,bench/results/raw/energy/measurements/20260817_174754_npu_int_bitonic_q23_k131072_max_uniform_s23131241_rep2_rapl.txt,2.937462,29.13834,9.919563,4.871461,14.828608,5.048102,0,rapl:package+core,22.821877,22.677812,2.301758,2.291603,11.6089526716,11.514357358,24.42783,2.474851
rapl,npu,int,bitonic,max,131072,8388608,uniform,23131241,3,bench/results/raw/energy/measurements/20260817_174754_npu_int_bitonic_q23_k131072_max_uniform_s23131241_rep3_rapl.txt,2.935277,31.748373,10.816143,4.871461,17.449287,5.944682,0,rapl:package+core,25.321496,25.246654,2.299515,2.289758,14.1194983586,14.0921872036,27.073719,2.467059
rapl,npu,int,bitonic,max,256,8388608,uniform,23000425,1,bench/results/raw/energy/measurements/20260817_174754_npu_int_bitonic_q23_k256_max_uniform_s23000425_rep1_rapl.txt,0.676656,8.68577,12.836315,4.871461,5.389467,7.964854,0,rapl:package+core,3.478139,3.382959,0.246531,0.239465,2.27717284821,2.21641459163,5.964596,0.420302
rapl,npu,int,bitonic,max,256,8388608,uniform,23000425,2,bench/results/raw/energy/measurements/20260817_174754_npu_int_bitonic_q23_k256_max_uniform_s23000425_rep2_rapl.txt,0.673076,10.844456,16.111793,4.871461,7.565594,11.240332,0,rapl:package+core,4.453615,4.218732,0.25046,0.24323,3.23350887794,3.03384654097,7.038455,0.406572
rapl,npu,int,bitonic,max,256,8388608,uniform,23000425,3,bench/results/raw/energy/measurements/20260817_174754_npu_int_bitonic_q23_k256_max_uniform_s23000425_rep3_rapl.txt,0.653824,8.499103,12.999062,4.871461,5.314023,8.127601,0,rapl:package+core,3.282274,3.117551,0.238963,0.231629,2.11817506506,1.98917936003,5.548373,0.398096
rapl,npu,int,bitonic,max,4096,8388608,uniform,23004265,1,bench/results/raw/energy/measurements/20260817_174754_npu_int_bitonic_q23_k4096_max_uniform_s23004265_rep1_rapl.txt,0.722198,9.304633,12.883761,4.871461,5.786471,8.0123,0,rapl:package+core,4.199993,4.110354,0.301153,0.293838,2.73293790547,2.67893364268,6.519392,0.465391
rapl,npu,int,bitonic,max,4096,8388608,uniform,23004265,2,bench/results/raw/energy/measurements/20260817_174754_npu_int_bitonic_q23_k4096_max_uniform_s23004265_rep2_rapl.txt,0.710857,8.946666,12.58574,4.871461,5.483752,7.714279,0,rapl:package+core,4.049631,4.015713,0.297346,0.289811,2.60112155749,2.60391001613,6.198806,0.454837
rapl,npu,int,bitonic,max,4096,8388608,uniform,23004265,3,bench/results/raw/energy/measurements/20260817_174754_npu_int_bitonic_q23_k4096_max_uniform_s23004265_rep3_rapl.txt,0.734103,9.122667,12.426958,4.871461,5.546513,7.555497,0,rapl:package+core,4.076084,3.953837,0.300607,0.293218,2.61168872317,2.5254369485,6.324624,0.472694
rapl,npu,int,bitonic,max,8,8388608,uniform,23000177,1,bench/results/raw/energy/measurements/20260817_174754_npu_int_bitonic_q23_k8_max_uniform_s23000177_rep1_rapl.txt,0.645298,8.711418,13.499842,4.871461,5.567875,8.628381,0,rapl:package+core,3.37893,3.212436,0.234969,0.227681,2.23428768029,2.10329688806,5.529423,0.387351
rapl,npu,int,bitonic,max,8,8388608,uniform,23000177,2,bench/results/raw/energy/measurements/20260817_174754_npu_int_bitonic_q23_k8_max_uniform_s23000177_rep2_rapl.txt,0.629434,8.105293,12.877106,4.871461,5.039028,8.005645,0,rapl:package+core,3.450553,3.411722,0.238311,0.231141,2.28963025763,2.285727633,5.347242,0.369324
rapl,npu,int,bitonic,max,8,8388608,uniform,23000177,3,bench/results/raw/energy/measurements/20260817_174754_npu_int_bitonic_q23_k8_max_uniform_s23000177_rep3_rapl.txt,0.662637,8.335018,12.578558,4.871461,5.107008,7.707097,0,rapl:package+core,3.330063,3.271639,0.238761,0.231494,2.16694810018,2.14392500727,5.614105,0.406262
rapl,npu,int,bitonic,max,131072,16777216,uniform,24131244,1,bench/results/raw/energy/measurements/20260817_174754_npu_int_bitonic_q24_k131072_max_uniform_s24131244_rep1_rapl.txt,3.755832,41.370084,11.014891,4.871461,23.073694,6.14343,0,rapl:package+core,31.698301,31.556539,2.875589,2.867324,17.6899813345,17.5884819596,35.121947,3.159345
rapl,npu,int,bitonic,max,131072,16777216,uniform,24131244,2,bench/results/raw/energy/measurements/20260817_174754_npu_int_bitonic_q24_k131072_max_uniform_s24131244_rep2_rapl.txt,3.773328,39.906887,10.576045,4.871461,21.525266,5.704584,0,rapl:package+core,29.705676,29.601892,2.866661,2.858491,15.7408487383,15.6768645746,33.125042,3.166215
rapl,npu,int,bitonic,max,131072,16777216,uniform,24131244,3,bench/results/raw/energy/measurements/20260817_174754_npu_int_bitonic_q24_k131072_max_uniform_s24131244_rep3_rapl.txt,3.757212,41.748147,11.11147,4.871461,23.445036,6.240009,0,rapl:package+core,32.166031,31.977748,2.882319,2.87413,18.1249264019,17.9765357961,35.44792,3.156252
rapl,npu,int,bitonic,max,256,16777216,uniform,24000428,1,bench/results/raw/energy/measurements/20260817_174754_npu_int_bitonic_q24_k256_max_uniform_s24000428_rep1_rapl.txt,1.126637,16.75632,14.872868,4.871461,11.267953,10.001407,0,rapl:package+core,7.200161,7.070927,0.451355,0.443944,5.00140272034,4.90827111782,11.441303,0.75067
rapl,npu,int,bitonic,max,256,16777216,uniform,24000428,2,bench/results/raw/energy/measurements/20260817_174754_npu_int_bitonic_q24_k256_max_uniform_s24000428_rep2_rapl.txt,1.097148,14.657674,13.359791,4.871461,9.312958,8.48833,0,rapl:package+core,6.666661,6.547328,0.446159,0.438665,4.4932148317,4.41038856043,10.739847,0.746166
rapl,npu,int,bitonic,max,256,16777216,uniform,24000428,3,bench/results/raw/energy/measurements/20260817_174754_npu_int_bitonic_q24_k256_max_uniform_s24000428_rep3_rapl.txt,1.059056,14.248073,13.453562,4.871461,9.088924,8.582101,0,rapl:package+core,6.752319,6.658466,0.447459,0.439989,4.5725399324,4.51507674607,10.389432,0.711532
rapl,npu,int,bitonic,max,4096,16777216,uniform,24004268,1,bench/results/raw/energy/measurements/20260817_174754_npu_int_bitonic_q24_k4096_max_uniform_s24004268_rep1_rapl.txt,1.164895,15.416439,13.234187,4.871461,9.741698,8.362726,0,rapl:package+core,7.369397,7.25951,0.508593,0.501001,4.89180603563,4.81890316754,11.434848,0.80808
rapl,npu,int,bitonic,max,4096,16777216,uniform,24004268,2,bench/results/raw/energy/measurements/20260817_174754_npu_int_bitonic_q24_k4096_max_uniform_s24004268_rep2_rapl.txt,1.205391,18.405466,15.269289,4.871461,12.53345,10.397828,0,rapl:package+core,9.339897,9.051045,0.5347,0.527206,6.7351268033,6.48278153203,14.483672,0.85116
rapl,npu,int,bitonic,max,4096,16777216,uniform,24004268,3,bench/results/raw/energy/measurements/20260817_174754_npu_int_bitonic_q24_k4096_max_uniform_s24004268_rep3_rapl.txt,1.143517,15.453012,13.513577,4.871461,9.882411,8.642116,0,rapl:package+core,7.534095,7.432233,0.508898,0.501553,5.05501824002,4.98893712107,11.333184,0.780099
rapl,npu,int,bitonic,max,8,16777216,uniform,24000180,1,bench/results/raw/energy/measurements/20260817_174754_npu_int_bitonic_q24_k8_max_uniform_s24000180_rep1_rapl.txt,1.080493,14.48744,13.408176,4.871461,9.223861,8.536715,0,rapl:package+core,6.698277,6.564344,0.439889,0.43262,4.55537489217,4.45685254218,10.540394,0.727175
rapl,npu,int,bitonic,max,8,16777216,uniform,24000180,2,bench/results/raw/energy/measurements/20260817_174754_npu_int_bitonic_q24_k8_max_uniform_s24000180_rep2_rapl.txt,1.063767,14.65537,13.776858,4.871461,9.47327,8.905397,0,rapl:package+core,6.665992,6.555387,0.441708,0.434301,4.51422870461,4.43970661624,10.402676,0.713869
rapl,npu,int,bitonic,max,8,16777216,uniform,24000180,3,bench/results/raw/energy/measurements/20260817_174754_npu_int_bitonic_q24_k8_max_uniform_s24000180_rep3_rapl.txt,1.105113,15.68739,14.195287,4.871461,10.303877,9.323826,0,rapl:package+core,7.31009,7.237553,0.449611,0.442113,5.11982754833,5.08381676291,11.69065,0.7543
rapl,npu,int,gt,max,256,65536,uniform,16000404,1,bench/results/raw/energy/measurements/20260817_174754_npu_int_gt_q16_k256_max_uniform_s16000404_rep1_rapl.txt,0.080295,0.837832,10.434474,4.871461,0.44668,5.563013,0,rapl:package+core,0.02368,0.02368,0.003363,0.003363,0.007297276657,0.007297276657,0.046872,0.005026
rapl,npu,int,gt,max,256,65536,uniform,16000404,2,bench/results/raw/energy/measurements/20260817_174754_npu_int_gt_q16_k256_max_uniform_s16000404_rep2_rapl.txt,0.078766,0.830386,10.542396,4.871461,0.446679,5.670935,0,rapl:package+core,0.022734,0.022734,0.003717,0.003717,0.004626779463,0.004626779463,0.0565,0.005309
rapl,npu,int,gt,max,256,65536,uniform,16000404,3,bench/results/raw/energy/measurements/20260817_174754_npu_int_gt_q16_k256_max_uniform_s16000404_rep3_rapl.txt,0.079,0.821521,10.399001,4.871461,0.436676,5.52754,0,rapl:package+core,0.034223,0.034223,0.003343,0.003343,0.017937705877,0.017937705877,0.045926,0.004949
rapl,npu,int,gt,max,4096,65536,uniform,16004244,1,bench/results/raw/energy/measurements/20260817_174754_npu_int_gt_q16_k4096_max_uniform_s16004244_rep1_rapl.txt,0.103124,1.109974,10.763474,4.871461,0.607609,5.892013,0,rapl:package+core,0.299392,0.299392,0.026434,0.026434,0.170619799926,0.170619799926,0.299392,0.028029
rapl,npu,int,gt,max,4096,65536,uniform,16004244,2,bench/results/raw/energy/measurements/20260817_174754_npu_int_gt_q16_k4096_max_uniform_s16004244_rep2_rapl.txt,0.106174,1.471299,13.857433,4.871461,0.954077,8.985972,0,rapl:package+core,0.360318,0.360318,0.026927,0.026927,0.229144169653,0.229144169653,0.376278,0.028562
rapl,npu,int,gt,max,4096,65536,uniform,16004244,3,bench/results/raw/energy/measurements/20260817_174754_npu_int_gt_q16_k4096_max_uniform_s16004244_rep3_rapl.txt,0.099387,1.400547,14.091863,4.871461,0.916387,9.220402,0,rapl:package+core,0.339216,0.339216,0.026371,0.026371,0.210750701969,0.210750701969,0.369839,0.027986
rapl,npu,int,gt,max,8,65536,uniform,16000156,1,bench/results/raw/energy/measurements/20260817_174754_npu_int_gt_q16_k8_max_uniform_s16000156_rep1_rapl.txt,0.076675,0.801319,10.450892,4.871461,0.427801,5.579431,0,rapl:package+core,0.034147,0.034147,0.002235,0.002235,0.023259284665,0.023259284665,0.034147,0.00383
rapl,npu,int,gt,max,8,65536,uniform,16000156,2,bench/results/raw/energy/measurements/20260817_174754_npu_int_gt_q16_k8_max_uniform_s16000156_rep2_rapl.txt,0.078266,0.823169,10.51753,4.871461,0.441897,5.646069,0,rapl:package+core,0.035491,0.035491,0.002161,0.002161,0.024963772779,0.024963772779,0.035491,0.00373
rapl,npu,int,gt,max,8,65536,uniform,16000156,3,bench/results/raw/energy/measurements/20260817_174754_npu_int_gt_q16_k8_max_uniform_s16000156_rep3_rapl.txt,0.077651,0.861086,11.089144,4.871461,0.482811,6.217683,0,rapl:package+core,0.014571,0.014571,0.002157,0.002157,0.004063258623,0.004063258623,0.042676,0.003736
rapl,npu,int,gt,max,131072,131072,uniform,17131223,1,bench/results/raw/energy/measurements/20260817_174754_npu_int_gt_q17_k131072_max_uniform_s17131223_rep1_rapl.txt,0.420369,3.711768,8.829787,4.871461,1.663957,3.958326,0,rapl:package+core,2.648865,2.648865,0.311831,0.311831,1.12979244491,1.12979244491,2.65863,0.315251
rapl,npu,int,gt,max,131072,131072,uniform,17131223,2,bench/results/raw/energy/measurements/20260817_174754_npu_int_gt_q17_k131072_max_uniform_s17131223_rep2_rapl.txt,0.418614,3.691322,8.817968,4.871461,1.652062,3.946507,0,rapl:package+core,2.653274,2.653274,0.311639,0.311639,1.13513676542,1.13513676542,2.673827,0.314907
rapl,npu,int,gt,max,131072,131072,uniform,17131223,3,bench/results/raw/energy/measurements/20260817_174754_npu_int_gt_q17_k131072_max_uniform_s17131223_rep3_rapl.txt,0.424766,3.765476,8.864833,4.871461,1.696247,3.993372,0,rapl:package+core,2.657471,2.657471,0.312537,0.312537,1.13495919344,1.13495919344,2.688307,0.315684
rapl,npu,int,gt,max,256,131072,uniform,17000407,1,bench/results/raw/energy/measurements/20260817_174754_npu_int_gt_q17_k256_max_uniform_s17000407_rep1_rapl.txt,0.082173,1.526822,18.580555,4.871461,1.126519,13.709094,0,rapl:package+core,0.095881,0.095881,0.004726,0.004726,0.072858475314,0.072858475314,0.157935,0.007072
rapl,npu,int,gt,max,256,131072,uniform,17000407,2,bench/results/raw/energy/measurements/20260817_174754_npu_int_gt_q17_k256_max_uniform_s17000407_rep2_rapl.txt,0.077001,0.842822,10.945585,4.871461,0.467714,6.074124,0,rapl:package+core,0.04701,0.04701,0.00462,0.00462,0.02450385018,0.02450385018,0.058865,0.006783
rapl,npu,int,gt,max,256,131072,uniform,17000407,3,bench/results/raw/energy/measurements/20260817_174754_npu_int_gt_q17_k256_max_uniform_s17000407_rep3_rapl.txt,0.081655,0.854662,10.466772,4.871461,0.456884,5.595311,0,rapl:package+core,0.047482,0.047482,0.00462,0.00462,0.02497585018,0.02497585018,0.070843,0.006722
rapl,npu,int,gt,max,4096,131072,uniform,17004247,1,bench/results/raw/energy/measurements/20260817_174754_npu_int_gt_q17_k4096_max_uniform_s17004247_rep1_rapl.txt,0.110478,1.105702,10.008374,4.871461,0.567514,5.136913,0,rapl:package+core,0.335951,0.335951,0.033495,0.033495,0.172781413805,0.172781413805,0.335951,0.035572
rapl,npu,int,gt,max,4096,131072,uniform,17004247,2,bench/results/raw/energy/measurements/20260817_174754_npu_int_gt_q17_k4096_max_uniform_s17004247_rep2_rapl.txt,0.111218,1.12572,10.121767,4.871461,0.583927,5.250306,0,rapl:package+core,0.341549,0.341549,0.033531,0.033531,0.178204041209,0.178204041209,0.355526,0.035637
rapl,npu,int,gt,max,4096,131072,uniform,17004247,3,bench/results/raw/energy/measurements/20260817_174754_npu_int_gt_q17_k4096_max_uniform_s17004247_rep3_rapl.txt,0.111019,1.101704,9.923551,4.871461,0.560879,5.05209,0,rapl:package+core,0.303406,0.303406,0.033543,0.033543,0.140002583677,0.140002583677,0.325591,0.035652
rapl,npu,int,gt,max,8,131072,uniform,17000159,1,bench/results/raw/energy/measurements/20260817_174754_npu_int_gt_q17_k8_max_uniform_s17000159_rep1_rapl.txt,0.08007,1.1606,14.494857,4.871461,0.770543,9.623396,0,rapl:package+core,0.016356,0.016356,0.003118,0.003118,0.001166784602,0.001166784602,0.071987,0.005239
rapl,npu,int,gt,max,8,131072,uniform,17000159,2,bench/results/raw/energy/measurements/20260817_174754_npu_int_gt_q17_k8_max_uniform_s17000159_rep2_rapl.txt,0.077985,1.117283,14.326844,4.871461,0.737381,9.455383,0,rapl:package+core,0.015624,0.015624,0.003096,0.003096,0.000541956744,0.000541956744,0.063824,0.005233
rapl,npu,int,gt,max,8,131072,uniform,17000159,3,bench/results/raw/energy/measurements/20260817_174754_npu_int_gt_q17_k8_max_uniform_s17000159_rep3_rapl.txt,0.079268,1.100361,13.88149,4.871461,0.714209,9.010029,0,rapl:package+core,0.078213,0.078213,0.003099,0.003099,0.063116342361,0.063116342361,0.078213,0.005197
rapl,npu,int,gt,max,131072,262144,uniform,18131226,1,bench/results/raw/energy/measurements/20260817_174754_npu_int_gt_q18_k131072_max_uniform_s18131226_rep1_rapl.txt,0.683419,6.134982,8.976894,4.871461,2.805732,4.105433,0,rapl:package+core,4.80122,4.80122,0.547152,0.547152,2.13579037093,2.13579037093,4.841638,0.551834
rapl,npu,int,gt,max,131072,262144,uniform,18131226,2,bench/results/raw/energy/measurements/20260817_174754_npu_int_gt_q18_k131072_max_uniform_s18131226_rep2_rapl.txt,0.680376,6.179536,9.082527,4.871461,2.865109,4.211066,0,rapl:package+core,4.89025,4.89025,0.547106,0.547106,2.22504445813,2.22504445813,4.910055,0.551682
rapl,npu,int,gt,max,131072,262144,uniform,18131226,3,bench/results/raw/energy/measurements/20260817_174754_npu_int_gt_q18_k131072_max_uniform_s18131226_rep3_rapl.txt,0.683695,5.072553,7.419326,4.871461,1.741961,2.547865,0,rapl:package+core,3.77158,3.77158,0.546605,0.546605,1.10881506009,1.10881506009,3.78815,0.5514
rapl,npu,int,gt,max,256,262144,uniform,18000410,1,bench/results/raw/energy/measurements/20260817_174754_npu_int_gt_q18_k256_max_uniform_s18000410_rep1_rapl.txt,0.086502,0.903227,10.441709,4.871461,0.481837,5.570248,0,rapl:package+core,0.059383,0.059383,0.00668,0.00668,0.02684164052,0.02684164052,0.096125,0.009557
rapl,npu,int,gt,max,256,262144,uniform,18000410,2,bench/results/raw/energy/measurements/20260817_174754_npu_int_gt_q18_k256_max_uniform_s18000410_rep2_rapl.txt,0.082172,0.847414,10.312726,4.871461,0.447118,5.441265,0,rapl:package+core,0.060298,0.060298,0.006732,0.006732,0.027503324548,0.027503324548,0.095393,0.00962
rapl,npu,int,gt,max,256,262144,uniform,18000410,3,bench/results/raw/energy/measurements/20260817_174754_npu_int_gt_q18_k256_max_uniform_s18000410_rep3_rapl.txt,0.083934,0.884949,10.543383,4.871461,0.476067,5.671922,0,rapl:package+core,0.061215,0.061215,0.006856,0.006856,0.027816263384,0.027816263384,0.096598,0.009724
rapl,npu,int,gt,max,4096,262144,uniform,18004250,1,bench/results/raw/energy/measurements/20260817_174754_npu_int_gt_q18_k4096_max_uniform_s18004250_rep1_rapl.txt,0.119931,1.209913,10.088391,4.871461,0.625673,5.21693,0,rapl:package+core,0.409693,0.409693,0.040463,0.040463,0.212579073557,0.212579073557,0.409693,0.043375
rapl,npu,int,gt,max,4096,262144,uniform,18004250,2,bench/results/raw/energy/measurements/20260817_174754_npu_int_gt_q18_k4096_max_uniform_s18004250_rep2_rapl.txt,0.119838,1.212797,10.120264,4.871461,0.629009,5.248803,0,rapl:package+core,0.339904,0.339904,0.040447,0.040447,0.142868016933,0.142868016933,0.406946,0.043316
rapl,npu,int,gt,max,4096,262144,uniform,18004250,3,bench/results/raw/energy/measurements/20260817_174754_npu_int_gt_q18_k4096_max_uniform_s18004250_rep3_rapl.txt,0.120759,1.222761,10.12565,4.871461,0.634489,5.254189,0,rapl:package+core,0.400324,0.400324,0.04061,0.04061,0.20249396879,0.20249396879,0.411493,0.043561
rapl,npu,int,gt,max,8,262144,uniform,18000162,1,bench/results/raw/energy/measurements/20260817_174754_npu_int_gt_q18_k8_max_uniform_s18000162_rep1_rapl.txt,0.081953,0.8528,10.405928,4.871461,0.453568,5.534467,0,rapl:package+core,0,0,0.005006,0.005006,0,0,0.084331,0.007929
rapl,npu,int,gt,max,8,262144,uniform,18000162,2,bench/results/raw/energy/measurements/20260817_174754_npu_int_gt_q18_k8_max_uniform_s18000162_rep2_rapl.txt,0.083111,0.865617,10.415246,4.871461,0.460747,5.543785,0,rapl:package+core,0.075787,0.075787,0.004973,0.004973,0.051561224447,0.051561224447,0.087123,0.008003
rapl,npu,int,gt,max,8,262144,uniform,18000162,3,bench/results/raw/energy/measurements/20260817_174754_npu_int_gt_q18_k8_max_uniform_s18000162_rep3_rapl.txt,0.079354,0.839297,10.576581,4.871461,0.452726,5.70512,0,rapl:package+core,0.036651,0.036651,0.005027,0.005027,0.012162165553,0.012162165553,0.071865,0.007916
rapl,npu,int,gt,max,131072,524288,uniform,19131229,1,bench/results/raw/energy/measurements/20260817_174754_npu_int_gt_q19_k131072_max_uniform_s19131229_rep1_rapl.txt,1.001033,6.362388,6.355822,4.871461,1.485894,1.484361,0,rapl:package+core,5.085018,5.085018,0.830712,0.830712,1.03823688977,1.03823688977,5.116175,0.836604
rapl,npu,int,gt,max,131072,524288,uniform,19131229,2,bench/results/raw/energy/measurements/20260817_174754_npu_int_gt_q19_k131072_max_uniform_s19131229_rep2_rapl.txt,1.004482,6.977713,6.94658,4.871461,2.084419,2.075119,0,rapl:package+core,5.710963,5.710963,0.836954,0.836954,1.63377423021,1.63377423021,5.733895,0.842788
rapl,npu,int,gt,max,131072,524288,uniform,19131229,3,bench/results/raw/energy/measurements/20260817_174754_npu_int_gt_q19_k131072_max_uniform_s19131229_rep3_rapl.txt,1.023778,11.19101,10.931093,4.871461,6.203717,6.059632,0,rapl:package+core,9.069798,9.069798,0.850385,0.850385,4.92718063752,4.92718063752,9.107149,0.857391
rapl,npu,int,gt,max,256,524288,uniform,19000413,1,bench/results/raw/energy/measurements/20260817_174754_npu_int_gt_q19_k256_max_uniform_s19000413_rep1_rapl.txt,0.092313,0.849779,9.205405,4.871461,0.40008,4.333944,0,rapl:package+core,0.110255,0.110255,0.011133,0.011133,0.056021024687,0.056021024687,0.169242,0.015742
rapl,npu,int,gt,max,256,524288,uniform,19000413,2,bench/results/raw/energy/measurements/20260817_174754_npu_int_gt_q19_k256_max_uniform_s19000413_rep2_rapl.txt,0.093387,0.88176,9.442011,4.871461,0.426829,4.57055,0,rapl:package+core,0.084819,0.084819,0.010816,0.010816,0.032129277824,0.032129277824,0.126992,0.014684
rapl,npu,int,gt,max,256,524288,uniform,19000413,3,bench/results/raw/energy/measurements/20260817_174754_npu_int_gt_q19_k256_max_uniform_s19000413_rep3_rapl.txt,0.094523,0.821903,8.695252,4.871461,0.361437,3.823791,0,rapl:package+core,0.07156,0.07156,0.01113,0.01113,0.01734063907,0.01734063907,0.133157,0.015779
rapl,npu,int,gt,max,4096,524288,uniform,19004253,1,bench/results/raw/energy/measurements/20260817_174754_npu_int_gt_q19_k4096_max_uniform_s19004253_rep1_rapl.txt,0.138164,1.148134,8.309933,4.871461,0.475073,3.438472,0,rapl:package+core,0.401346,0.401346,0.049952,0.049952,0.158006780128,0.158006780128,0.439644,0.054653
rapl,npu,int,gt,max,4096,524288,uniform,19004253,2,bench/results/raw/energy/measurements/20260817_174754_npu_int_gt_q19_k4096_max_uniform_s19004253_rep2_rapl.txt,0.134436,1.098896,8.174112,4.871461,0.443996,3.302651,0,rapl:package+core,0.388864,0.388864,0.049773,0.049773,0.146396771647,0.146396771647,0.436012,0.054195
rapl,npu,int,gt,max,4096,524288,uniform,19004253,3,bench/results/raw/energy/measurements/20260817_174754_npu_int_gt_q19_k4096_max_uniform_s19004253_rep3_rapl.txt,0.138492,1.113849,8.042703,4.871461,0.439191,3.171242,0,rapl:package+core,0.373211,0.373211,0.049667,0.049667,0.131260146513,0.131260146513,0.430153,0.054043
rapl,npu,int,gt,max,8,524288,uniform,19000165,1,bench/results/raw/energy/measurements/20260817_174754_npu_int_gt_q19_k8_max_uniform_s19000165_rep1_rapl.txt,0.088431,0.786092,8.889362,4.871461,0.355306,4.017901,0,rapl:package+core,0.093196,0.093196,0.008478,0.008478,0.051895753642,0.051895753642,0.115472,0.012513
rapl,npu,int,gt,max,8,524288,uniform,19000165,2,bench/results/raw/energy/measurements/20260817_174754_npu_int_gt_q19_k8_max_uniform_s19000165_rep2_rapl.txt,0.090164,0.781774,8.670583,4.871461,0.342544,3.799122,0,rapl:package+core,0.093883,0.093883,0.008583,0.008583,0.052071250237,0.052071250237,0.113581,0.01295
rapl,npu,int,gt,max,8,524288,uniform,19000165,3,bench/results/raw/energy/measurements/20260817_174754_npu_int_gt_q19_k8_max_uniform_s19000165_rep3_rapl.txt,0.093318,0.809376,8.673268,4.871461,0.354779,3.801807,0,rapl:package+core,0.073284,0.073284,0.008596,0.008596,0.031408921244,0.031408921244,0.114969,0.012953
rapl,npu,int,gt,max,131072,1048576,uniform,20131232,1,bench/results/raw/energy/measurements/20260817_174754_npu_int_gt_q20_k131072_max_uniform_s20131232_rep1_rapl.txt,1.289652,8.555664,6.634086,4.871461,2.273173,1.762625,0,rapl:package+core,6.966269,6.966269,1.082495,1.082495,1.6929368248,1.6929368248,7.030002,1.091746
rapl,npu,int,gt,max,131072,1048576,uniform,20131232,2,bench/results/raw/energy/measurements/20260817_174754_npu_int_gt_q20_k131072_max_uniform_s20131232_rep2_rapl.txt,1.299725,8.633389,6.642475,4.871461,2.30183,1.771014,0,rapl:package+core,7.092346,7.092346,1.096619,1.096619,1.75020930964,1.75020930964,7.13017,1.105862
rapl,npu,int,gt,max,131072,1048576,uniform,20131232,3,bench/results/raw/energy/measurements/20260817_174754_npu_int_gt_q20_k131072_max_uniform_s20131232_rep3_rapl.txt,1.313357,12.148587,9.250027,4.871461,5.75062,4.378566,0,rapl:package+core,10.597717,10.597717,1.107929,1.107929,5.20048408573,5.20048408573,10.705684,1.120859
rapl,npu,int,gt,max,256,1048576,uniform,20000416,1,bench/results/raw/energy/measurements/20260817_174754_npu_int_gt_q20_k256_max_uniform_s20000416_rep1_rapl.txt,0.11075,0.939801,8.485754,4.871461,0.400285,3.614293,0,rapl:package+core,0.147699,0.147699,0.018166,0.018166,0.059204039474,0.059204039474,0.222019,0.025298
rapl,npu,int,gt,max,256,1048576,uniform,20000416,2,bench/results/raw/energy/measurements/20260817_174754_npu_int_gt_q20_k256_max_uniform_s20000416_rep2_rapl.txt,0.108249,0.938565,8.670412,4.871461,0.411233,3.798951,0,rapl:package+core,0.158715,0.158715,0.018094,0.018094,0.070570784666,0.070570784666,0.222553,0.025245
rapl,npu,int,gt,max,256,1048576,uniform,20000416,3,bench/results/raw/energy/measurements/20260817_174754_npu_int_gt_q20_k256_max_uniform_s20000416_rep3_rapl.txt,0.108787,0.944913,8.685895,4.871461,0.414961,3.814434,0,rapl:package+core,0.148582,0.148582,0.018028,0.018028,0.060759301092,0.060759301092,0.232166,0.025371
rapl,npu,int,gt,max,4096,1048576,uniform,20004256,1,bench/results/raw/energy/measurements/20260817_174754_npu_int_gt_q20_k4096_max_uniform_s20004256_rep1_rapl.txt,0.159466,1.359655,8.526286,4.871461,0.582821,3.654825,0,rapl:package+core,0.496602,0.496602,0.06355,0.06355,0.18702065345,0.18702065345,0.57219,0.070669
rapl,npu,int,gt,max,4096,1048576,uniform,20004256,2,bench/results/raw/energy/measurements/20260817_174754_npu_int_gt_q20_k4096_max_uniform_s20004256_rep2_rapl.txt,0.158721,1.324059,8.34203,4.871461,0.550854,3.470569,0,rapl:package+core,0.51456,0.51456,0.064004,0.064004,0.202767010156,0.202767010156,0.589355,0.071369
rapl,npu,int,gt,max,4096,1048576,uniform,20004256,3,bench/results/raw/energy/measurements/20260817_174754_npu_int_gt_q20_k4096_max_uniform_s20004256_rep3_rapl.txt,0.158588,1.318917,8.316629,4.871461,0.546362,3.445168,0,rapl:package+core,0.514637,0.514637,0.063908,0.063908,0.203311670412,0.203311670412,0.573808,0.071003
rapl,npu,int,gt,max,8,1048576,uniform,20000168,1,bench/results/raw/energy/measurements/20260817_174754_npu_int_gt_q20_k8_max_uniform_s20000168_rep1_rapl.txt,0.112298,0.974956,8.681882,4.871461,0.427902,3.810421,0,rapl:package+core,0.147774,0.147774,0.015671,0.015671,0.071433334669,0.071433334669,0.200689,0.022896
rapl,npu,int,gt,max,8,1048576,uniform,20000168,2,bench/results/raw/energy/measurements/20260817_174754_npu_int_gt_q20_k8_max_uniform_s20000168_rep2_rapl.txt,0.106476,0.928129,8.716766,4.871461,0.409434,3.845305,0,rapl:package+core,0.127771,0.127771,0.015608,0.015608,0.051737236712,0.051737236712,0.202337,0.022533
rapl,npu,int,gt,max,8,1048576,uniform,20000168,3,bench/results/raw/energy/measurements/20260817_174754_npu_int_gt_q20_k8_max_uniform_s20000168_rep3_rapl.txt,0.101421,0.870194,8.580008,4.871461,0.376125,3.708547,0,rapl:package+core,0.150932,0.150932,0.015587,0.015587,0.075000537393,0.075000537393,0.194066,0.022007
rapl,npu,int,gt,max,131072,2097152,uniform,21131235,1,bench/results/raw/energy/measurements/20260817_174754_npu_int_gt_q21_k131072_max_uniform_s21131235_rep1_rapl.txt,1.683028,12.230447,7.266932,4.871461,4.031644,2.395471,0,rapl:package+core,10.245136,10.245136,1.4264,1.4264,3.2964840296,3.2964840296,10.427028,1.450443
rapl,npu,int,gt,max,131072,2097152,uniform,21131235,2,bench/results/raw/energy/measurements/20260817_174754_npu_int_gt_q21_k131072_max_uniform_s21131235_rep2_rapl.txt,1.703729,15.252035,8.952149,4.871461,6.952386,4.080688,0,rapl:package+core,13.159657,13.159657,1.441185,1.441185,6.13898047871,6.13898047871,13.430626,1.467815
rapl,npu,int,gt,max,131072,2097152,uniform,21131235,3,bench/results/raw/energy/measurements/20260817_174754_npu_int_gt_q21_k131072_max_uniform_s21131235_rep3_rapl.txt,1.67751,12.267951,7.313189,4.871461,4.096024,2.441728,0,rapl:package+core,10.219242,10.219242,1.41519,1.41519,3.32519910741,3.32519910741,10.421062,1.438027
rapl,npu,int,gt,max,256,2097152,uniform,21000419,1,bench/results/raw/energy/measurements/20260817_174754_npu_int_gt_q21_k256_max_uniform_s21000419_rep1_rapl.txt,0.140614,1.27534,9.069776,4.871461,0.590343,4.198315,0,rapl:package+core,0.294174,0.294174,0.033102,0.033102,0.132918897978,0.132918897978,0.464042,0.048844
rapl,npu,int,gt,max,256,2097152,uniform,21000419,2,bench/results/raw/energy/measurements/20260817_174754_npu_int_gt_q21_k256_max_uniform_s21000419_rep2_rapl.txt,0.143786,1.258846,8.754985,4.871461,0.558397,3.883524,0,rapl:package+core,0.305572,0.305572,0.032644,0.032644,0.146548027116,0.146548027116,0.435204,0.048169
rapl,npu,int,gt,max,256,2097152,uniform,21000419,3,bench/results/raw/energy/measurements/20260817_174754_npu_int_gt_q21_k256_max_uniform_s21000419_rep3_rapl.txt,0.139635,1.214613,8.698465,4.871461,0.534385,3.827004,0,rapl:package+core,0.286165,0.286165,0.032805,0.032805,0.126356721895,0.126356721895,0.448357,0.049296
rapl,npu,int,gt,max,4096,2097152,uniform,21004259,1,bench/results/raw/energy/measurements/20260817_174754_npu_int_gt_q21_k4096_max_uniform_s21004259_rep1_rapl.txt,0.200846,1.871791,9.319546,4.871461,0.893379,4.448085,0,rapl:package+core,0.760307,0.760307,0.085501,0.085501,0.343792213039,0.343792213039,0.96397,0.103772
rapl,npu,int,gt,max,4096,2097152,uniform,21004259,2,bench/results/raw/energy/measurements/20260817_174754_npu_int_gt_q21_k4096_max_uniform_s21004259_rep2_rapl.txt,0.199534,1.66715,8.35521,4.871461,0.695127,3.483749,0,rapl:package+core,0.724509,0.724509,0.084327,0.084327,0.313713308253,0.313713308253,0.838259,0.101206
rapl,npu,int,gt,max,4096,2097152,uniform,21004259,3,bench/results/raw/energy/measurements/20260817_174754_npu_int_gt_q21_k4096_max_uniform_s21004259_rep3_rapl.txt,0.198532,1.675771,8.440816,4.871461,0.708631,3.569355,0,rapl:package+core,0.67486,0.67486,0.084628,0.084628,0.262597998492,0.262597998492,0.84836,0.101765
rapl,npu,int,gt,max,8,2097152,uniform,21000171,1,bench/results/raw/energy/measurements/20260817_174754_npu_int_gt_q21_k8_max_uniform_s21000171_rep1_rapl.txt,0.1407,1.231366,8.751736,4.871461,0.545953,3.880275,0,rapl:package+core,0.281543,0.281543,0.029867,0.029867,0.136047074313,0.136047074313,0.413294,0.045065
rapl,npu,int,gt,max,8,2097152,uniform,21000171,2,bench/results/raw/energy/measurements/20260817_174754_npu_int_gt_q21_k8_max_uniform_s21000171_rep2_rapl.txt,0.140146,1.23576,8.817646,4.871461,0.553043,3.946185,0,rapl:package+core,0.275177,0.275177,0.030022,0.030022,0.128925997858,0.128925997858,0.418924,0.045277
rapl,npu,int,gt,max,8,2097152,uniform,21000171,3,bench/results/raw/energy/measurements/20260817_174754_npu_int_gt_q21_k8_max_uniform_s21000171_rep3_rapl.txt,0.139764,1.21173,8.669854,4.871461,0.530877,3.798393,0,rapl:package+core,0.250261,0.250261,0.029959,0.029959,0.104316899901,0.104316899901,0.437554,0.046661
rapl,npu,int,gt,max,131072,4194304,uniform,22131238,1,bench/results/raw/energy/measurements/20260817_174754_npu_int_gt_q22_k131072_max_uniform_s22131238_rep1_rapl.txt,2.106358,18.462089,8.764936,4.871461,8.20105,3.893475,0,rapl:package+core,15.881825,15.881825,1.772305,1.772305,7.24811031239,7.24811031239,16.250167,1.821331
rapl,npu,int,gt,max,131072,4194304,uniform,22131238,2,bench/results/raw/energy/measurements/20260817_174754_npu_int_gt_q22_k131072_max_uniform_s22131238_rep2_rapl.txt,2.164604,16.067528,7.422849,4.871461,5.522744,2.551388,0,rapl:package+core,13.236743,13.236743,1.824605,1.824605,4.34825090209,4.34825090209,13.555527,1.866849
rapl,npu,int,gt,max,131072,4194304,uniform,22131238,3,bench/results/raw/energy/measurements/20260817_174754_npu_int_gt_q22_k131072_max_uniform_s22131238_rep3_rapl.txt,2.09871,17.82232,8.492034,4.871461,7.598535,3.620573,0,rapl:package+core,15.167414,15.167414,1.765584,1.765584,6.56644040178,6.56644040178,15.592836,1.811869
rapl,npu,int,gt,max,256,4194304,uniform,22000422,1,bench/results/raw/energy/measurements/20260817_174754_npu_int_gt_q22_k256_max_uniform_s22000422_rep1_rapl.txt,0.207705,1.873804,9.021446,4.871461,0.861975,4.149985,0,rapl:package+core,0.569199,0.569199,0.062154,0.062154,0.266418213006,0.266418213006,0.920133,0.097704
rapl,npu,int,gt,max,256,4194304,uniform,22000422,2,bench/results/raw/energy/measurements/20260817_174754_npu_int_gt_q22_k256_max_uniform_s22000422_rep2_rapl.txt,0.213691,1.897394,8.879158,4.871461,0.856408,4.007697,0,rapl:package+core,0.561559,0.561559,0.061739,0.061739,0.260799869321,0.260799869321,0.915145,0.097317
rapl,npu,int,gt,max,256,4194304,uniform,22000422,3,bench/results/raw/energy/measurements/20260817_174754_npu_int_gt_q22_k256_max_uniform_s22000422_rep3_rapl.txt,0.211413,1.875666,8.872061,4.871461,0.845777,4.0006,0,rapl:package+core,0.571428,0.571428,0.061882,0.061882,0.269972250398,0.269972250398,0.926939,0.098042
rapl,npu,int,gt,max,4096,4194304,uniform,22004262,1,bench/results/raw/energy/measurements/20260817_174754_npu_int_gt_q22_k4096_max_uniform_s22004262_rep1_rapl.txt,0.271993,2.344498,8.619695,4.871461,1.019494,3.748234,0,rapl:package+core,1.061285,1.061285,0.120103,0.120103,0.476207919517,0.476207919517,1.361547,0.156563
rapl,npu,int,gt,max,4096,4194304,uniform,22004262,2,bench/results/raw/energy/measurements/20260817_174754_npu_int_gt_q22_k4096_max_uniform_s22004262_rep2_rapl.txt,0.275863,2.367904,8.583633,4.871461,1.02405,3.712172,0,rapl:package+core,1.05367,1.05367,0.120867,0.120867,0.464871123313,0.464871123313,1.359427,0.156354
rapl,npu,int,gt,max,4096,4194304,uniform,22004262,3,bench/results/raw/energy/measurements/20260817_174754_npu_int_gt_q22_k4096_max_uniform_s22004262_rep3_rapl.txt,0.273194,2.37944,8.709713,4.871461,1.048587,3.838252,0,rapl:package+core,1.061347,1.061347,0.119903,0.119903,0.477244211717,0.477244211717,1.357748,0.155827
rapl,npu,int,gt,max,8,4194304,uniform,22000174,1,bench/results/raw/energy/measurements/20260817_174754_npu_int_gt_q22_k8_max_uniform_s22000174_rep1_rapl.txt,0.206461,1.865794,9.03702,4.871461,0.860026,4.165559,0,rapl:package+core,0.52837,0.52837,0.058628,0.058628,0.242765984492,0.242765984492,0.881088,0.093695
rapl,npu,int,gt,max,8,4194304,uniform,22000174,2,bench/results/raw/energy/measurements/20260817_174754_npu_int_gt_q22_k8_max_uniform_s22000174_rep2_rapl.txt,0.205209,1.869242,9.108966,4.871461,0.869574,4.237505,0,rapl:package+core,0.557716,0.557716,0.058843,0.058843,0.271064620377,0.271064620377,0.888764,0.093634
rapl,npu,int,gt,max,8,4194304,uniform,22000174,3,bench/results/raw/energy/measurements/20260817_174754_npu_int_gt_q22_k8_max_uniform_s22000174_rep3_rapl.txt,0.202858,1.826047,9.001614,4.871461,0.837833,4.130153,0,rapl:package+core,0.54054,0.54054,0.058286,0.058286,0.256602024154,0.256602024154,0.886581,0.09377
rapl,npu,int,gt,max,131072,8388608,uniform,23131241,1,bench/results/raw/energy/measurements/20260817_174754_npu_int_gt_q23_k131072_max_uniform_s23131241_rep1_rapl.txt,2.718936,23.315933,8.575388,4.871461,10.070741,3.703927,0,rapl:package+core,18.708692,18.708692,2.158821,2.158821,8.19207969252,8.19207969252,20.460322,2.351464
rapl,npu,int,gt,max,131072,8388608,uniform,23131241,2,bench/results/raw/energy/measurements/20260817_174754_npu_int_gt_q23_k131072_max_uniform_s23131241_rep2_rapl.txt,2.611636,19.705005,7.545082,4.871461,6.982524,2.673621,0,rapl:package+core,15.39163,15.39163,2.062012,2.062012,5.34661896047,5.34661896047,16.924403,2.256554
rapl,npu,int,gt,max,131072,8388608,uniform,23131241,3,bench/results/raw/energy/measurements/20260817_174754_npu_int_gt_q23_k131072_max_uniform_s23131241_rep3_rapl.txt,2.702378,22.584052,8.357104,4.871461,9.419524,3.485643,0,rapl:package+core,18.067928,18.067928,2.147768,2.147768,7.60515995095,7.60515995095,19.751039,2.338422
rapl,npu,int,gt,max,256,8388608,uniform,23000425,1,bench/results/raw/energy/measurements/20260817_174754_npu_int_gt_q23_k256_max_uniform_s23000425_rep1_rapl.txt,0.452114,4.023504,8.89932,4.871461,1.82105,4.027859,0,rapl:package+core,1.101788,1.101788,0.123074,0.123074,0.502237808886,0.502237808886,2.667205,0.296194
rapl,npu,int,gt,max,256,8388608,uniform,23000425,2,bench/results/raw/energy/measurements/20260817_174754_npu_int_gt_q23_k256_max_uniform_s23000425_rep2_rapl.txt,0.454544,4.040288,8.888665,4.871461,1.825995,4.017204,0,rapl:package+core,1.165807,1.165807,0.122588,0.122588,0.568624338932,0.568624338932,2.693358,0.298688
rapl,npu,int,gt,max,256,8388608,uniform,23000425,3,bench/results/raw/energy/measurements/20260817_174754_npu_int_gt_q23_k256_max_uniform_s23000425_rep3_rapl.txt,0.458466,4.055012,8.844747,4.871461,1.821615,3.973286,0,rapl:package+core,1.162674,1.162674,0.122912,0.122912,0.563912985568,0.563912985568,2.680495,0.298587
rapl,npu,int,gt,max,4096,8388608,uniform,23004265,1,bench/results/raw/energy/measurements/20260817_174754_npu_int_gt_q23_k4096_max_uniform_s23004265_rep1_rapl.txt,0.52489,4.549066,8.6667,4.871461,1.992084,3.795239,0,rapl:package+core,1.759737,1.759737,0.189498,0.189498,0.836604883422,0.836604883422,3.163456,0.359534
rapl,npu,int,gt,max,4096,8388608,uniform,23004265,2,bench/results/raw/energy/measurements/20260817_174754_npu_int_gt_q23_k4096_max_uniform_s23004265_rep2_rapl.txt,0.526615,4.56379,8.66628,4.871461,1.998407,3.794819,0,rapl:package+core,1.655449,1.655449,0.187857,0.187857,0.740310950923,0.740310950923,3.187854,0.362643
rapl,npu,int,gt,max,4096,8388608,uniform,23004265,3,bench/results/raw/energy/measurements/20260817_174754_npu_int_gt_q23_k4096_max_uniform_s23004265_rep3_rapl.txt,0.531246,4.748885,8.939146,4.871461,2.160941,4.067685,0,rapl:package+core,1.716464,1.716464,0.189536,0.189536,0.793146767904,0.793146767904,3.341075,0.368272
rapl,npu,int,gt,max,8,8388608,uniform,23000177,1,bench/results/raw/energy/measurements/20260817_174754_npu_int_gt_q23_k8_max_uniform_s23000177_rep1_rapl.txt,0.448216,4.087847,9.120267,4.871461,1.904382,4.248806,0,rapl:package+core,1.113211,1.113211,0.117697,0.117697,0.539854654683,0.539854654683,2.733151,0.29362
rapl,npu,int,gt,max,8,8388608,uniform,23000177,2,bench/results/raw/energy/measurements/20260817_174754_npu_int_gt_q23_k8_max_uniform_s23000177_rep2_rapl.txt,0.450704,4.420532,9.808058,4.871461,2.224945,4.936597,0,rapl:package+core,1.100623,1.100623,0.118217,0.118217,0.524733494963,0.524733494963,2.631898,0.29053
rapl,npu,int,gt,max,8,8388608,uniform,23000177,3,bench/results/raw/energy/measurements/20260817_174754_npu_int_gt_q23_k8_max_uniform_s23000177_rep3_rapl.txt,0.451276,3.985664,8.831982,4.871461,1.787289,3.960521,0,rapl:package+core,1.128362,1.128362,0.118758,0.118758,0.549837034562,0.549837034562,2.647355,0.294395
rapl,npu,int,gt,max,131072,16777216,uniform,24131244,1,bench/results/raw/energy/measurements/20260817_174754_npu_int_gt_q24_k131072_max_uniform_s24131244_rep1_rapl.txt,3.353565,28.312852,8.442612,4.871461,11.976089,3.571151,0,rapl:package+core,21.264634,21.264634,2.549035,2.549035,8.84710940987,8.84710940987,24.533536,2.88425
rapl,npu,int,gt,max,131072,16777216,uniform,24131244,2,bench/results/raw/energy/measurements/20260817_174754_npu_int_gt_q24_k131072_max_uniform_s24131244_rep2_rapl.txt,3.447012,28.872286,8.376034,4.871461,12.080303,3.504573,0,rapl:package+core,22.020312,22.020312,2.645067,2.645067,9.13497126711,9.13497126711,25.016208,2.967707
rapl,npu,int,gt,max,131072,16777216,uniform,24131244,3,bench/results/raw/energy/measurements/20260817_174754_npu_int_gt_q24_k131072_max_uniform_s24131244_rep3_rapl.txt,3.445668,26.360347,7.650287,4.871461,9.574911,2.778826,0,rapl:package+core,19.78292,19.78292,2.635238,2.635238,6.94546085728,6.94546085728,22.571892,2.965281
rapl,npu,int,gt,max,256,16777216,uniform,24000428,1,bench/results/raw/energy/measurements/20260817_174754_npu_int_gt_q24_k256_max_uniform_s24000428_rep1_rapl.txt,0.789587,7.271703,9.209504,4.871461,3.425262,4.338043,0,rapl:package+core,2.201214,2.201214,0.236607,0.236607,1.04859222717,1.04859222717,5.239338,0.555544
rapl,npu,int,gt,max,256,16777216,uniform,24000428,2,bench/results/raw/energy/measurements/20260817_174754_npu_int_gt_q24_k256_max_uniform_s24000428_rep2_rapl.txt,0.806244,10.771843,13.360531,4.871461,6.844258,8.48907,0,rapl:package+core,3.57115,3.57115,0.238975,0.238975,2.40699260752,2.40699260752,8.066187,0.566403
rapl,npu,int,gt,max,256,16777216,uniform,24000428,3,bench/results/raw/energy/measurements/20260817_174754_npu_int_gt_q24_k256_max_uniform_s24000428_rep3_rapl.txt,0.784562,7.202569,9.180365,4.871461,3.380604,4.308904,0,rapl:package+core,2.209268,2.209268,0.236984,0.236984,1.05480968638,1.05480968638,5.132074,0.550495
rapl,npu,int,gt,max,4096,16777216,uniform,24004268,1,bench/results/raw/energy/measurements/20260817_174754_npu_int_gt_q24_k4096_max_uniform_s24004268_rep1_rapl.txt,0.868131,7.731122,8.905477,4.871461,3.502055,4.034016,0,rapl:package+core,2.730063,2.730063,0.312675,0.312675,1.20687893182,1.20687893182,5.650846,0.62717
rapl,npu,int,gt,max,4096,16777216,uniform,24004268,2,bench/results/raw/energy/measurements/20260817_174754_npu_int_gt_q24_k4096_max_uniform_s24004268_rep2_rapl.txt,0.868194,7.721494,8.893739,4.871461,3.492119,4.022278,0,rapl:package+core,2.763135,2.763135,0.311157,0.311157,1.24734580962,1.24734580962,5.604218,0.621948
rapl,npu,int,gt,max,4096,16777216,uniform,24004268,3,bench/results/raw/energy/measurements/20260817_174754_npu_int_gt_q24_k4096_max_uniform_s24004268_rep3_rapl.txt,0.883693,7.953782,9.000619,4.871461,3.648907,4.129158,0,rapl:package+core,2.775932,2.775932,0.319024,0.319024,1.22181902594,1.22181902594,5.762642,0.640952
rapl,npu,int,gt,max,8,16777216,uniform,24000180,1,bench/results/raw/energy/measurements/20260817_174754_npu_int_gt_q24_k8_max_uniform_s24000180_rep1_rapl.txt,0.782841,7.840354,10.015255,4.871461,4.026774,5.143794,0,rapl:package+core,2.295807,2.295807,0.231888,0.231888,1.16617365163,1.16617365163,5.411037,0.545592
rapl,npu,int,gt,max,8,16777216,uniform,24000180,2,bench/results/raw/energy/measurements/20260817_174754_npu_int_gt_q24_k8_max_uniform_s24000180_rep2_rapl.txt,0.773716,7.11926,9.20139,4.871461,3.350134,4.329929,0,rapl:package+core,2.154027,2.154027,0.232492,0.232492,1.02145128919,1.02145128919,5.108851,0.539328
rapl,npu,int,gt,max,8,16777216,uniform,24000180,3,bench/results/raw/energy/measurements/20260817_174754_npu_int_gt_q24_k8_max_uniform_s24000180_rep3_rapl.txt,0.777557,7.311542,9.403222,4.871461,3.523703,4.531761,0,rapl:package+core,2.360354,2.360354,0.232582,0.232582,1.2273398577,1.2273398577,5.142647,0.540853
rapl,npu,int,map_reduce,max,256,65536,uniform,16000404,1,bench/results/raw/energy/measurements/20260817_174754_npu_int_map_reduce_q16_k256_max_uniform_s16000404_rep1_rapl.txt,0.143628,1.490127,10.374915,4.871461,0.790449,5.503454,0,rapl:package+core,0.315093,0.207814,0.027345,0.023183,0.181882898955,0.094878919637,0.315093,0.028552
rapl,npu,int,map_reduce,max,256,65536,uniform,16000404,2,bench/results/raw/energy/measurements/20260817_174754_npu_int_map_reduce_q16_k256_max_uniform_s16000404_rep2_rapl.txt,0.14299,1.488571,10.41029,4.871461,0.791999,5.538829,0,rapl:package+core,0.289124,0.237155,0.027177,0.023037,0.156732304403,0.124931152943,0.30188,0.028407
rapl,npu,int,map_reduce,max,256,65536,uniform,16000404,3,bench/results/raw/energy/measurements/20260817_174754_npu_int_map_reduce_q16_k256_max_uniform_s16000404_rep3_rapl.txt,0.140495,1.463639,10.417743,4.871461,0.779224,5.546282,0,rapl:package+core,0.288726,0.261246,0.027478,0.023239,0.154867994642,0.148038117821,0.314543,0.028688
rapl,npu,int,map_reduce,max,4096,65536,uniform,16004244,1,bench/results/raw/energy/measurements/20260817_174754_npu_int_map_reduce_q16_k4096_max_uniform_s16004244_rep1_rapl.txt,0.178249,1.825985,10.244006,4.871461,0.957651,5.372545,0,rapl:package+core,0.629011,0.614607,0.059969,0.055602,0.336874355291,0.343744025478,0.629011,0.061194
rapl,npu,int,map_reduce,max,4096,65536,uniform,16004244,2,bench/results/raw/energy/measurements/20260817_174754_npu_int_map_reduce_q16_k4096_max_uniform_s16004244_rep2_rapl.txt,0.177145,1.798765,10.154182,4.871461,0.935809,5.282721,0,rapl:package+core,0.613128,0.613128,0.059442,0.055081,0.323558615238,0.344803056659,0.613128,0.060671
rapl,npu,int,map_reduce,max,4096,65536,uniform,16004244,3,bench/results/raw/energy/measurements/20260817_174754_npu_int_map_reduce_q16_k4096_max_uniform_s16004244_rep3_rapl.txt,0.177572,1.81114,10.19944,4.871461,0.946103,5.327979,0,rapl:package+core,0.614867,0.614867,0.059222,0.054961,0.326369336658,0.347126631979,0.614867,0.060457
rapl,npu,int,map_reduce,max,8,65536,uniform,16000156,1,bench/results/raw/energy/measurements/20260817_174754_npu_int_map_reduce_q16_k8_max_uniform_s16000156_rep1_rapl.txt,0.148107,1.559215,10.527622,4.871461,0.837717,5.656161,0,rapl:package+core,0.300888,0.248522,0.026746,0.022398,0.170595904094,0.139411016522,0.300888,0.027967
rapl,npu,int,map_reduce,max,8,65536,uniform,16000156,2,bench/results/raw/energy/measurements/20260817_174754_npu_int_map_reduce_q16_k8_max_uniform_s16000156_rep2_rapl.txt,0.13956,1.453081,10.41191,4.871461,0.773222,5.540449,0,rapl:package+core,0.306824,0.253114,0.026306,0.022041,0.178675346934,0.145742128099,0.306824,0.027518
rapl,npu,int,map_reduce,max,8,65536,uniform,16000156,3,bench/results/raw/energy/measurements/20260817_174754_npu_int_map_reduce_q16_k8_max_uniform_s16000156_rep3_rapl.txt,0.144912,1.848324,12.754803,4.871461,1.142391,7.883342,0,rapl:package+core,0.275117,0.236377,0.026759,0.022639,0.144761575101,0.126091994421,0.301437,0.02798
rapl,npu,int,map_reduce,max,131072,131072,uniform,17131223,1,bench/results/raw/energy/measurements/20260817_174754_npu_int_map_reduce_q17_k131072_max_uniform_s17131223_rep1_rapl.txt,0.509462,4.611929,9.052554,4.871461,2.130106,4.181093,0,rapl:package+core,3.152029,3.090677,0.356977,0.352804,1.4130294666,1.37200607336,3.152029,0.358239
rapl,npu,int,map_reduce,max,131072,131072,uniform,17131223,2,bench/results/raw/energy/measurements/20260817_174754_npu_int_map_reduce_q17_k131072_max_uniform_s17131223_rep2_rapl.txt,0.510002,4.622305,9.063314,4.871461,2.137852,4.191853,0,rapl:package+core,3.15119,3.059901,0.358903,0.353886,1.40280803272,1.33595915255,3.161519,0.360219
rapl,npu,int,map_reduce,max,131072,131072,uniform,17131223,3,bench/results/raw/energy/measurements/20260817_174754_npu_int_map_reduce_q17_k131072_max_uniform_s17131223_rep3_rapl.txt,0.514571,4.66344,9.062774,4.871461,2.156728,4.191313,0,rapl:package+core,3.064475,2.99392,0.359361,0.353357,1.31386190358,1.27255515542,3.165287,0.360829
rapl,npu,int,map_reduce,max,256,131072,uniform,17000407,1,bench/results/raw/energy/measurements/20260817_174754_npu_int_map_reduce_q17_k256_max_uniform_s17000407_rep1_rapl.txt,0.145504,1.679647,11.543667,4.871461,0.970831,6.672206,0,rapl:package+core,0.450737,0.431878,0.029312,0.024891,0.307944735168,0.310622464249,0.450737,0.030557
rapl,npu,int,map_reduce,max,256,131072,uniform,17000407,2,bench/results/raw/energy/measurements/20260817_174754_npu_int_map_reduce_q17_k256_max_uniform_s17000407_rep2_rapl.txt,0.146872,2.020404,13.756197,4.871461,1.304921,8.884736,0,rapl:package+core,0.341428,0.190267,0.028976,0.024587,0.200272546064,0.070492388393,0.448783,0.030183
rapl,npu,int,map_reduce,max,256,131072,uniform,17000407,3,bench/results/raw/energy/measurements/20260817_174754_npu_int_map_reduce_q17_k256_max_uniform_s17000407_rep3_rapl.txt,0.148721,2.094649,14.084444,4.871461,1.370162,9.212983,0,rapl:package+core,0.437157,0.437157,0.02867,0.024295,0.29749221313,0.318804855005,0.437157,0.029877
rapl,npu,int,map_reduce,max,4096,131072,uniform,17004247,1,bench/results/raw/energy/measurements/20260817_174754_npu_int_map_reduce_q17_k4096_max_uniform_s17004247_rep1_rapl.txt,0.188877,2.616167,13.851177,4.871461,1.696061,8.979716,0,rapl:package+core,0.971767,0.873094,0.069939,0.06521,0.631061889121,0.55542602819,0.971767,0.071167
rapl,npu,int,map_reduce,max,4096,131072,uniform,17004247,2,bench/results/raw/energy/measurements/20260817_174754_npu_int_map_reduce_q17_k4096_max_uniform_s17004247_rep2_rapl.txt,0.199834,2.557759,12.799396,4.871461,1.584274,7.927935,0,rapl:package+core,0.720315,0.671032,0.068685,0.064202,0.385718701215,0.358274460878,0.732583,0.069908
rapl,npu,int,map_reduce,max,4096,131072,uniform,17004247,3,bench/results/raw/energy/measurements/20260817_174754_npu_int_map_reduce_q17_k4096_max_uniform_s17004247_rep3_rapl.txt,0.191228,1.957586,10.236913,4.871461,1.026026,5.365452,0,rapl:package+core,0.715677,0.639692,0.068702,0.064161,0.380997886378,0.327134190779,0.728097,0.069927
rapl,npu,int,map_reduce,max,8,131072,uniform,17000159,1,bench/results/raw/energy/measurements/20260817_174754_npu_int_map_reduce_q17_k8_max_uniform_s17000159_rep1_rapl.txt,0.144464,1.483582,10.269527,4.871461,0.779829,5.398066,0,rapl:package+core,0.304046,0.26288,0.027709,0.023488,0.169062687151,0.148459124032,0.318068,0.028956
rapl,npu,int,map_reduce,max,8,131072,uniform,17000159,2,bench/results/raw/energy/measurements/20260817_174754_npu_int_map_reduce_q17_k8_max_uniform_s17000159_rep2_rapl.txt,0.145311,1.611611,11.090798,4.871461,0.903736,6.219337,0,rapl:package+core,0.309996,0.269181,0.0274,0.023197,0.1765179686,0.156177719183,0.32321,0.028629
rapl,npu,int,map_reduce,max,8,131072,uniform,17000159,3,bench/results/raw/energy/measurements/20260817_174754_npu_int_map_reduce_q17_k8_max_uniform_s17000159_rep3_rapl.txt,0.151992,1.540997,10.13865,4.871461,0.800572,5.267189,0,rapl:package+core,0.306564,0.253146,0.027471,0.023294,0.172740094869,0.139670187466,0.320037,0.028713
rapl,npu,int,map_reduce,max,131072,262144,uniform,18131226,1,bench/results/raw/energy/measurements/20260817_174754_npu_int_map_reduce_q18_k131072_max_uniform_s18131226_rep1_rapl.txt,0.85459,7.976791,9.334054,4.871461,3.813688,4.462593,0,rapl:package+core,6.150363,6.068809,0.666614,0.660441,2.90297889695,2.8514964257,6.162066,0.668087
rapl,npu,int,map_reduce,max,131072,262144,uniform,18131226,2,bench/results/raw/energy/measurements/20260817_174754_npu_int_map_reduce_q18_k131072_max_uniform_s18131226_rep2_rapl.txt,0.848085,8.0657,9.510489,4.871461,3.934289,4.639028,0,rapl:package+core,6.235287,6.205032,0.663708,0.658395,3.00205936261,2.99768643491,6.26704,0.665034
rapl,npu,int,map_reduce,max,131072,262144,uniform,18131226,3,bench/results/raw/energy/measurements/20260817_174754_npu_int_map_reduce_q18_k131072_max_uniform_s18131226_rep3_rapl.txt,0.85103,7.850531,9.224737,4.871461,3.70477,4.353276,0,rapl:package+core,6.025842,5.964352,0.664817,0.658913,2.78721191236,2.75448301811,6.035714,0.666216
rapl,npu,int,map_reduce,max,256,262144,uniform,18000410,1,bench/results/raw/energy/measurements/20260817_174754_npu_int_map_reduce_q18_k256_max_uniform_s18000410_rep1_rapl.txt,0.146446,1.502943,10.262763,4.871461,0.789536,5.391302,0,rapl:package+core,0.351469,0.271807,0.031481,0.02698,0.198110536259,0.14037498222,0.365094,0.032719
rapl,npu,int,map_reduce,max,256,262144,uniform,18000410,2,bench/results/raw/energy/measurements/20260817_174754_npu_int_map_reduce_q18_k256_max_uniform_s18000410_rep2_rapl.txt,0.149537,1.556514,10.408866,4.871461,0.828049,5.537405,0,rapl:package+core,0.354382,0.28627,0.031221,0.026916,0.202290116119,0.155149755724,0.367413,0.032425
rapl,npu,int,map_reduce,max,256,262144,uniform,18000410,3,bench/results/raw/energy/measurements/20260817_174754_npu_int_map_reduce_q18_k256_max_uniform_s18000410_rep3_rapl.txt,0.155612,1.624565,10.439861,4.871461,0.866508,5.5684,0,rapl:package+core,0.351117,0.282486,0.031621,0.027241,0.197076531719,0.149782530899,0.365398,0.032858
rapl,npu,int,map_reduce,max,4096,262144,uniform,18004250,1,bench/results/raw/energy/measurements/20260817_174754_npu_int_map_reduce_q18_k4096_max_uniform_s18004250_rep1_rapl.txt,0.20345,2.094343,10.294155,4.871461,1.103246,5.422694,0,rapl:package+core,0.846727,0.810168,0.078473,0.073897,0.464448840947,0.450181646483,0.846727,0.07969
rapl,npu,int,map_reduce,max,4096,262144,uniform,18004250,2,bench/results/raw/energy/measurements/20260817_174754_npu_int_map_reduce_q18_k4096_max_uniform_s18004250_rep2_rapl.txt,0.205663,2.065826,10.044704,4.871461,1.063946,5.173243,0,rapl:package+core,0.788107,0.703303,0.078651,0.074093,0.404961720889,0.342361840127,0.823932,0.079864
rapl,npu,int,map_reduce,max,4096,262144,uniform,18004250,3,bench/results/raw/energy/measurements/20260817_174754_npu_int_map_reduce_q18_k4096_max_uniform_s18004250_rep3_rapl.txt,0.200358,2.067825,10.320668,4.871461,1.09179,5.449207,0,rapl:package+core,0.834887,0.762611,0.078454,0.074001,0.452701398706,0.402118014539,0.834887,0.079676
rapl,npu,int,map_reduce,max,8,262144,uniform,18000162,1,bench/results/raw/energy/measurements/20260817_174754_npu_int_map_reduce_q18_k8_max_uniform_s18000162_rep1_rapl.txt,0.146682,1.528684,10.421788,4.871461,0.814131,5.550327,0,rapl:package+core,0.365475,0.338775,0.030662,0.026141,0.216106262818,0.211430137999,0.365475,0.031935
rapl,npu,int,map_reduce,max,8,262144,uniform,18000162,2,bench/results/raw/energy/measurements/20260817_174754_npu_int_map_reduce_q18_k8_max_uniform_s18000162_rep2_rapl.txt,0.14653,1.52049,10.376669,4.871461,0.806676,5.505208,0,rapl:package+core,0.35127,0.311415,0.03002,0.025617,0.20502874078,0.186622783563,0.364453,0.031251
rapl,npu,int,map_reduce,max,8,262144,uniform,18000162,3,bench/results/raw/energy/measurements/20260817_174754_npu_int_map_reduce_q18_k8_max_uniform_s18000162_rep3_rapl.txt,0.152578,1.561229,10.232342,4.871461,0.817952,5.360881,0,rapl:package+core,0.339764,0.271363,0.030172,0.025846,0.192782278708,0.145455218994,0.353497,0.031347
rapl,npu,int,map_reduce,max,131072,524288,uniform,19131229,1,bench/results/raw/energy/measurements/20260817_174754_npu_int_map_reduce_q19_k131072_max_uniform_s19131229_rep1_rapl.txt,1.194066,11.387457,9.53671,4.871461,5.570613,4.665249,0,rapl:package+core,9.245828,9.202556,0.978712,0.971055,4.47807066177,4.47209943864,9.265924,0.980413
rapl,npu,int,map_reduce,max,131072,524288,uniform,19131229,2,bench/results/raw/energy/measurements/20260817_174754_npu_int_map_reduce_q19_k131072_max_uniform_s19131229_rep2_rapl.txt,1.216126,14.190413,11.668539,4.871461,8.266103,6.797078,0,rapl:package+core,10.799536,10.728508,0.985889,0.978725,5.99681618617,5.96068733277,10.809515,0.987364
rapl,npu,int,map_reduce,max,131072,524288,uniform,19131229,3,bench/results/raw/energy/measurements/20260817_174754_npu_int_map_reduce_q19_k131072_max_uniform_s19131229_rep3_rapl.txt,1.200285,11.054894,9.210225,4.871461,5.207753,4.338764,0,rapl:package+core,8.85994,8.820009,0.977292,0.969482,4.09910013639,4.0972152468,8.879989,0.978856
rapl,npu,int,map_reduce,max,256,524288,uniform,19000413,1,bench/results/raw/energy/measurements/20260817_174754_npu_int_map_reduce_q19_k256_max_uniform_s19000413_rep1_rapl.txt,0.159043,1.642859,10.329679,4.871461,0.868089,5.458218,0,rapl:package+core,0.39152,0.350521,0.035277,0.030873,0.219669470303,0.200124384547,0.418909,0.036499
rapl,npu,int,map_reduce,max,256,524288,uniform,19000413,2,bench/results/raw/energy/measurements/20260817_174754_npu_int_map_reduce_q19_k256_max_uniform_s19000413_rep2_rapl.txt,0.161737,1.688419,10.439289,4.871461,0.900524,5.567828,0,rapl:package+core,0.402658,0.346782,0.03562,0.031334,0.22913655918,0.194139641026,0.430214,0.036827
rapl,npu,int,map_reduce,max,256,524288,uniform,19000413,3,bench/results/raw/energy/measurements/20260817_174754_npu_int_map_reduce_q19_k256_max_uniform_s19000413_rep3_rapl.txt,0.16249,1.695896,10.436932,4.871461,0.904333,5.565471,0,rapl:package+core,0.428185,0.387537,0.036444,0.031997,0.250649475316,0.231664862383,0.428185,0.037708
rapl,npu,int,map_reduce,max,4096,524288,uniform,19004253,1,bench/results/raw/energy/measurements/20260817_174754_npu_int_map_reduce_q19_k4096_max_uniform_s19004253_rep1_rapl.txt,0.2171,2.236685,10.302572,4.871461,1.179092,5.431111,0,rapl:package+core,0.804356,0.71734,0.088827,0.084159,0.371638733753,0.307362713701,0.952068,0.090022
rapl,npu,int,map_reduce,max,4096,524288,uniform,19004253,2,bench/results/raw/energy/measurements/20260817_174754_npu_int_map_reduce_q19_k4096_max_uniform_s19004253_rep2_rapl.txt,0.215961,2.216651,10.264116,4.871461,1.164604,5.392655,0,rapl:package+core,0.907928,0.871537,0.088349,0.083882,0.477539292111,0.462909108398,0.920134,0.089595
rapl,npu,int,map_reduce,max,4096,524288,uniform,19004253,3,bench/results/raw/energy/measurements/20260817_174754_npu_int_map_reduce_q19_k4096_max_uniform_s19004253_rep3_rapl.txt,0.217776,2.229178,10.236091,4.871461,1.168289,5.36463,0,rapl:package+core,0.935697,0.935697,0.088593,0.084224,0.504119655627,0.525403068736,0.935697,0.089832
rapl,npu,int,map_reduce,max,8,524288,uniform,19000165,1,bench/results/raw/energy/measurements/20260817_174754_npu_int_map_reduce_q19_k8_max_uniform_s19000165_rep1_rapl.txt,0.156878,1.651801,10.52924,4.871461,0.887578,5.657779,0,rapl:package+core,0.396938,0.342054,0.034871,0.030541,0.227065283469,0.193274709599,0.42492,0.036084
rapl,npu,int,map_reduce,max,8,524288,uniform,19000165,2,bench/results/raw/energy/measurements/20260817_174754_npu_int_map_reduce_q19_k8_max_uniform_s19000165_rep2_rapl.txt,0.158135,1.650992,10.440369,4.871461,0.880641,5.568908,0,rapl:package+core,0.399073,0.356092,0.034515,0.030087,0.230934523585,0.209524352893,0.399073,0.035739
rapl,npu,int,map_reduce,max,8,524288,uniform,19000165,3,bench/results/raw/energy/measurements/20260817_174754_npu_int_map_reduce_q19_k8_max_uniform_s19000165_rep3_rapl.txt,0.160533,1.665288,10.373512,4.871461,0.883259,5.502051,0,rapl:package+core,0.40008,0.344679,0.034039,0.029606,0.234260339021,0.200454525634,0.40008,0.035246
rapl,npu,int,map_reduce,max,131072,1048576,uniform,20131232,1,bench/results/raw/energy/measurements/20260817_174754_npu_int_map_reduce_q20_k131072_max_uniform_s20131232_rep1_rapl.txt,1.57313,17.558571,11.161554,4.871461,9.895131,6.290093,0,rapl:package+core,15.114789,15.06337,1.319554,1.312023,8.68663315161,8.6719011244,15.114789,1.321044
rapl,npu,int,map_reduce,max,131072,1048576,uniform,20131232,2,bench/results/raw/energy/measurements/20260817_174754_npu_int_map_reduce_q20_k131072_max_uniform_s20131232_rep2_rapl.txt,1.564744,14.66457,9.371864,4.871461,7.041979,4.500403,0,rapl:package+core,11.980293,11.950081,1.308804,1.301356,5.60450535736,5.61057599888,11.99999,1.310398
rapl,npu,int,map_reduce,max,131072,1048576,uniform,20131232,3,bench/results/raw/energy/measurements/20260817_174754_npu_int_map_reduce_q20_k131072_max_uniform_s20131232_rep3_rapl.txt,1.558561,14.419222,9.251623,4.871461,6.826751,4.380162,0,rapl:package+core,11.937539,11.867761,1.302473,1.295556,5.59259257695,5.55651047268,11.937539,1.303985
rapl,npu,int,map_reduce,max,256,1048576,uniform,20000416,1,bench/results/raw/energy/measurements/20260817_174754_npu_int_map_reduce_q20_k256_max_uniform_s20000416_rep1_rapl.txt,0.17274,1.847653,10.696151,4.871461,1.006157,5.82469,0,rapl:package+core,0.519794,0.46163,0.043079,0.038805,0.309936331581,0.272592955895,0.533679,0.0443
rapl,npu,int,map_reduce,max,256,1048576,uniform,20000416,2,bench/results/raw/energy/measurements/20260817_174754_npu_int_map_reduce_q20_k256_max_uniform_s20000416_rep2_rapl.txt,0.168668,1.794997,10.642189,4.871461,0.973337,5.770728,0,rapl:package+core,0.531192,0.473456,0.042776,0.03852,0.322810384264,0.28580732228,0.531192,0.04401
rapl,npu,int,map_reduce,max,256,1048576,uniform,20000416,3,bench/results/raw/energy/measurements/20260817_174754_npu_int_map_reduce_q20_k256_max_uniform_s20000416_rep3_rapl.txt,0.170776,1.831387,10.72392,4.871461,0.999459,5.852459,0,rapl:package+core,0.553011,0.509114,0.043956,0.039572,0.338881060284,0.316340545308,0.553011,0.045184
rapl,npu,int,map_reduce,max,4096,1048576,uniform,20004256,1,bench/results/raw/energy/measurements/20260817_174754_npu_int_map_reduce_q20_k4096_max_uniform_s20004256_rep1_rapl.txt,0.241641,2.6104,10.802822,4.871461,1.433257,5.931361,0,rapl:package+core,1.253719,1.189697,0.106649,0.101917,0.734182555811,0.693212309263,1.253719,0.107842
rapl,npu,int,map_reduce,max,4096,1048576,uniform,20004256,2,bench/results/raw/energy/measurements/20260817_174754_npu_int_map_reduce_q20_k4096_max_uniform_s20004256_rep2_rapl.txt,0.237422,2.471597,10.410154,4.871461,1.315006,5.538693,0,rapl:package+core,1.047202,0.994959,0.103923,0.099225,0.540945158497,0.511588282275,1.124865,0.105151
rapl,npu,int,map_reduce,max,4096,1048576,uniform,20004256,3,bench/results/raw/energy/measurements/20260817_174754_npu_int_map_reduce_q20_k4096_max_uniform_s20004256_rep3_rapl.txt,0.238716,2.477487,10.378371,4.871461,1.31459,5.50691,0,rapl:package+core,1.065619,1.002084,0.103923,0.099379,0.559362158497,0.517963077281,1.104923,0.105148
rapl,npu,int,map_reduce,max,8,1048576,uniform,20000168,1,bench/results/raw/energy/measurements/20260817_174754_npu_int_map_reduce_q20_k8_max_uniform_s20000168_rep1_rapl.txt,0.17576,1.861476,10.591023,4.871461,1.005269,5.719562,0,rapl:package+core,0.565172,0.508778,0.046912,0.042684,0.336642021568,0.300844558676,0.565172,0.048149
rapl,npu,int,map_reduce,max,8,1048576,uniform,20000168,2,bench/results/raw/energy/measurements/20260817_174754_npu_int_map_reduce_q20_k8_max_uniform_s20000168_rep2_rapl.txt,0.169494,1.792068,10.573022,4.871461,0.966383,5.701561,0,rapl:package+core,0.552599,0.510076,0.045751,0.041579,0.329724787789,0.307525523081,0.552599,0.046971
rapl,npu,int,map_reduce,max,8,1048576,uniform,20000168,3,bench/results/raw/energy/measurements/20260817_174754_npu_int_map_reduce_q20_k8_max_uniform_s20000168_rep3_rapl.txt,0.168665,1.811018,10.737341,4.871461,0.989371,5.86588,0,rapl:package+core,0.556322,0.526966,0.04674,0.042413,0.32862991286,0.320352724607,0.570405,0.047961
rapl,npu,int,map_reduce,max,131072,2097152,uniform,21131235,1,bench/results/raw/energy/measurements/20260817_174754_npu_int_map_reduce_q21_k131072_max_uniform_s21131235_rep1_rapl.txt,1.971091,18.341977,9.305493,4.871461,8.739883,4.434032,0,rapl:package+core,15.446803,15.387221,1.667854,1.659232,7.32191728531,7.30433702205,15.446803,1.669564
rapl,npu,int,map_reduce,max,131072,2097152,uniform,21131235,2,bench/results/raw/energy/measurements/20260817_174754_npu_int_map_reduce_q21_k131072_max_uniform_s21131235_rep2_rapl.txt,1.976457,18.489553,9.354899,4.871461,8.861322,4.483438,0,rapl:package+core,15.513769,15.449854,1.668565,1.660241,7.38541967653,7.3620547179,15.534093,1.670383
rapl,npu,int,map_reduce,max,131072,2097152,uniform,21131235,3,bench/results/raw/energy/measurements/20260817_174754_npu_int_map_reduce_q21_k131072_max_uniform_s21131235_rep3_rapl.txt,1.995173,22.567741,11.311173,4.871461,12.848336,6.439712,0,rapl:package+core,18.123742,18.113885,1.68617,1.67704,9.90963060563,9.94425004456,18.13366,1.687946
rapl,npu,int,map_reduce,max,256,2097152,uniform,21000419,1,bench/results/raw/energy/measurements/20260817_174754_npu_int_map_reduce_q21_k256_max_uniform_s21000419_rep1_rapl.txt,0.212206,2.409406,11.354096,4.871461,1.375653,6.482635,0,rapl:package+core,0.933835,0.917677,0.072817,0.068383,0.579109824363,0.584551882437,0.933835,0.074038
rapl,npu,int,map_reduce,max,256,2097152,uniform,21000419,2,bench/results/raw/energy/measurements/20260817_174754_npu_int_map_reduce_q21_k256_max_uniform_s21000419_rep2_rapl.txt,0.21078,2.344407,11.122548,4.871461,1.317602,6.251087,0,rapl:package+core,0.951504,0.918425,0.072886,0.068434,0.596442693554,0.585051437926,0.951504,0.074121
rapl,npu,int,map_reduce,max,256,2097152,uniform,21000419,3,bench/results/raw/energy/measurements/20260817_174754_npu_int_map_reduce_q21_k256_max_uniform_s21000419_rep3_rapl.txt,0.218479,3.252807,14.888393,4.871461,2.188493,10.016932,0,rapl:package+core,1.209777,1.088171,0.075399,0.070698,0.842473712061,0.743768450222,1.250454,0.076635
rapl,npu,int,map_reduce,max,4096,2097152,uniform,21004259,1,bench/results/raw/energy/measurements/20260817_174754_npu_int_map_reduce_q21_k4096_max_uniform_s21004259_rep1_rapl.txt,0.288682,4.184171,14.494074,4.871461,2.77787,9.622613,0,rapl:package+core,2.022493,1.946873,0.134534,0.129282,1.36711586583,1.317080779,2.040467,0.135778
rapl,npu,int,map_reduce,max,4096,2097152,uniform,21004259,2,bench/results/raw/energy/measurements/20260817_174754_npu_int_map_reduce_q21_k4096_max_uniform_s21004259_rep2_rapl.txt,0.278527,3.834427,13.766781,4.871461,2.477591,8.89532,0,rapl:package+core,1.532666,1.504194,0.130611,0.125987,0.896399607329,0.890453242993,1.532666,0.131861
rapl,npu,int,map_reduce,max,4096,2097152,uniform,21004259,3,bench/results/raw/energy/measurements/20260817_174754_npu_int_map_reduce_q21_k4096_max_uniform_s21004259_rep3_rapl.txt,0.28284,3.12464,11.047376,4.871461,1.746796,6.175915,0,rapl:package+core,1.523145,1.492964,0.132506,0.12768,0.877647188734,0.87097585952,1.551845,0.133756
rapl,npu,int,map_reduce,max,8,2097152,uniform,21000171,1,bench/results/raw/energy/measurements/20260817_174754_npu_int_map_reduce_q21_k8_max_uniform_s21000171_rep1_rapl.txt,0.201333,2.270208,11.27587,4.871461,1.289421,6.404409,0,rapl:package+core,0.849459,0.770071,0.064782,0.060368,0.533876013498,0.475990642352,0.865602,0.066027
rapl,npu,int,map_reduce,max,8,2097152,uniform,21000171,2,bench/results/raw/energy/measurements/20260817_174754_npu_int_map_reduce_q21_k8_max_uniform_s21000171_rep2_rapl.txt,0.206074,2.313861,11.228276,4.871461,1.309977,6.356815,0,rapl:package+core,0.824771,0.777029,0.06331,0.058924,0.51635880409,0.489983032036,0.857423,0.064533
rapl,npu,int,map_reduce,max,8,2097152,uniform,21000171,3,bench/results/raw/energy/measurements/20260817_174754_npu_int_map_reduce_q21_k8_max_uniform_s21000171_rep3_rapl.txt,0.202054,2.296589,11.366226,4.871461,1.312292,6.494765,0,rapl:package+core,0.868149,0.770269,0.064031,0.059592,0.556224480709,0.479968896088,0.884048,0.065262
rapl,npu,int,map_reduce,max,131072,4194304,uniform,22131238,1,bench/results/raw/energy/measurements/20260817_174754_npu_int_map_reduce_q22_k131072_max_uniform_s22131238_rep1_rapl.txt,2.469324,26.675699,10.802835,4.871461,14.646484,5.931374,0,rapl:package+core,23.266177,23.145089,2.117833,2.109979,12.949236136,12.8664085907,23.280122,2.119361
rapl,npu,int,map_reduce,max,131072,4194304,uniform,22131238,2,bench/results/raw/energy/measurements/20260817_174754_npu_int_map_reduce_q22_k131072_max_uniform_s22131238_rep2_rapl.txt,2.459878,23.461555,9.537692,4.871461,11.478357,4.666231,0,rapl:package+core,19.890618,19.857172,2.097915,2.090169,9.67070689618,9.67499523309,19.890618,2.099647
rapl,npu,int,map_reduce,max,131072,4194304,uniform,22131238,3,bench/results/raw/energy/measurements/20260817_174754_npu_int_map_reduce_q22_k131072_max_uniform_s22131238_rep3_rapl.txt,2.476136,26.046917,10.519178,4.871461,13.984516,5.647717,0,rapl:package+core,22.516093,22.446532,2.110586,2.102502,12.2344556139,12.2042755046,22.530893,2.112087
rapl,npu,int,map_reduce,max,256,4194304,uniform,22000422,1,bench/results/raw/energy/measurements/20260817_174754_npu_int_map_reduce_q22_k256_max_uniform_s22000422_rep1_rapl.txt,0.298643,3.454671,11.56791,4.871461,1.999845,6.696449,0,rapl:package+core,1.798933,1.698856,0.139609,0.134735,1.11883320125,1.04249970216,1.841931,0.140853
rapl,npu,int,map_reduce,max,256,4194304,uniform,22000422,2,bench/results/raw/energy/measurements/20260817_174754_npu_int_map_reduce_q22_k256_max_uniform_s22000422_rep2_rapl.txt,0.29521,3.429129,11.615911,4.871461,1.991027,6.74445,0,rapl:package+core,1.824903,1.810164,0.139421,0.134617,1.14571903592,1.15438253456,1.824903,0.140617
rapl,npu,int,map_reduce,max,256,4194304,uniform,22000422,3,bench/results/raw/energy/measurements/20260817_174754_npu_int_map_reduce_q22_k256_max_uniform_s22000422_rep3_rapl.txt,0.298443,3.509401,11.75903,4.871461,2.055547,6.887569,0,rapl:package+core,1.847378,1.80551,0.1397,0.134815,1.1668348983,1.14876398529,1.847378,0.140949
rapl,npu,int,map_reduce,max,4096,4194304,uniform,22004262,1,bench/results/raw/energy/measurements/20260817_174754_npu_int_map_reduce_q22_k4096_max_uniform_s22004262_rep1_rapl.txt,0.356099,4.058338,11.396645,4.871461,2.323614,6.525184,0,rapl:package+core,2.32242,2.292514,0.186526,0.18171,1.41376586551,1.40732082169,2.32242,0.18776
rapl,npu,int,map_reduce,max,4096,4194304,uniform,22004262,2,bench/results/raw/energy/measurements/20260817_174754_npu_int_map_reduce_q22_k4096_max_uniform_s22004262_rep2_rapl.txt,0.348167,4.104051,11.787579,4.871461,2.407967,6.916118,0,rapl:package+core,2.421445,2.372239,0.187012,0.182171,1.51042333547,1.48480007817,2.451061,0.188249
rapl,npu,int,map_reduce,max,4096,4194304,uniform,22004262,3,bench/results/raw/energy/measurements/20260817_174754_npu_int_map_reduce_q22_k4096_max_uniform_s22004262_rep3_rapl.txt,0.352596,4.034428,11.442068,4.871461,2.31677,6.570607,0,rapl:package+core,2.337296,2.307436,0.18931,0.184239,1.41507971809,1.40992289682,2.337296,0.190533
rapl,npu,int,map_reduce,max,8,4194304,uniform,22000174,1,bench/results/raw/energy/measurements/20260817_174754_npu_int_map_reduce_q22_k8_max_uniform_s22000174_rep1_rapl.txt,0.28151,3.394447,12.058013,4.871461,2.023084,7.186552,0,rapl:package+core,1.647193,1.603067,0.12329,0.118603,1.04659057331,1.02529711102,1.678304,0.124521
rapl,npu,int,map_reduce,max,8,4194304,uniform,22000174,2,bench/results/raw/energy/measurements/20260817_174754_npu_int_map_reduce_q22_k8_max_uniform_s22000174_rep2_rapl.txt,0.281156,3.346491,11.90263,4.871461,1.976853,7.031169,0,rapl:package+core,1.682423,1.652929,0.125143,0.120493,1.07279375608,1.06595204973,1.697299,0.126375
rapl,npu,int,map_reduce,max,8,4194304,uniform,22000174,3,bench/results/raw/energy/measurements/20260817_174754_npu_int_map_reduce_q22_k8_max_uniform_s22000174_rep3_rapl.txt,0.278506,3.318447,11.915191,4.871461,1.961718,7.04373,0,rapl:package+core,1.693577,1.617731,0.122407,0.117643,1.09727607337,1.04463771358,1.693577,0.123647
rapl,npu,int,map_reduce,max,131072,8388608,uniform,23131241,1,bench/results/raw/energy/measurements/20260817_174754_npu_int_map_reduce_q23_k131072_max_uniform_s23131241_rep1_rapl.txt,3.011248,32.145584,10.675171,4.871461,17.476409,5.80371,0,rapl:package+core,27.93755,27.864053,2.582774,2.57448,15.3556671872,15.3225740847,27.952732,2.584151
rapl,npu,int,map_reduce,max,131072,8388608,uniform,23131241,2,bench/results/raw/energy/measurements/20260817_174754_npu_int_map_reduce_q23_k131072_max_uniform_s23131241_rep2_rapl.txt,2.979689,29.211304,9.803475,4.871461,14.695866,4.932014,0,rapl:package+core,25.028124,24.974431,2.554283,2.545658,12.5850339825,12.5733573337,25.038271,2.555727
rapl,npu,int,map_reduce,max,131072,8388608,uniform,23131241,3,bench/results/raw/energy/measurements/20260817_174754_npu_int_map_reduce_q23_k131072_max_uniform_s23131241_rep3_rapl.txt,3.005901,31.68815,10.541982,4.871461,17.045022,5.670521,0,rapl:package+core,26.694008,26.624371,2.571345,2.562709,14.167801115,14.1402340522,26.7042,2.572747
rapl,npu,int,map_reduce,max,256,8388608,uniform,23000425,1,bench/results/raw/energy/measurements/20260817_174754_npu_int_map_reduce_q23_k256_max_uniform_s23000425_rep1_rapl.txt,0.46214,5.665036,12.258272,4.871461,3.41374,7.386811,0,rapl:package+core,3.552887,3.484439,0.262161,0.256431,2.27577991278,2.23524538431,3.569854,0.263408
rapl,npu,int,map_reduce,max,256,8388608,uniform,23000425,2,bench/results/raw/energy/measurements/20260817_174754_npu_int_map_reduce_q23_k256_max_uniform_s23000425_rep2_rapl.txt,0.45921,5.774085,12.573962,4.871461,3.537063,7.702501,0,rapl:package+core,3.575377,3.472112,0.261515,0.256116,2.30141687658,2.22445289452,3.575377,0.262751
rapl,npu,int,map_reduce,max,256,8388608,uniform,23000425,3,bench/results/raw/energy/measurements/20260817_174754_npu_int_map_reduce_q23_k256_max_uniform_s23000425_rep3_rapl.txt,0.467574,5.711389,12.214932,4.871461,3.433619,7.343471,0,rapl:package+core,3.561736,3.423451,0.260056,0.254335,2.29488333818,2.18446796657,3.561736,0.261301
rapl,npu,int,map_reduce,max,4096,8388608,uniform,23004265,1,bench/results/raw/energy/measurements/20260817_174754_npu_int_map_reduce_q23_k4096_max_uniform_s23004265_rep1_rapl.txt,0.505291,6.250683,12.370456,4.871461,3.789177,7.498995,0,rapl:package+core,4.076113,3.971687,0.306258,0.300284,2.58418909706,2.50886520508,4.093767,0.307538
rapl,npu,int,map_reduce,max,4096,8388608,uniform,23004265,2,bench/results/raw/energy/measurements/20260817_174754_npu_int_map_reduce_q23_k4096_max_uniform_s23004265_rep2_rapl.txt,0.502277,6.074881,12.094674,4.871461,3.628056,7.223213,0,rapl:package+core,3.937738,3.851758,0.304517,0.298777,2.45429531066,2.3962774968,3.989646,0.305755
rapl,npu,int,map_reduce,max,4096,8388608,uniform,23004265,3,bench/results/raw/energy/measurements/20260817_174754_npu_int_map_reduce_q23_k4096_max_uniform_s23004265_rep3_rapl.txt,0.511827,6.228743,12.169632,4.871461,3.735399,7.298171,0,rapl:package+core,4.042241,3.955148,0.303805,0.298156,2.56226679089,2.50269267408,4.059894,0.305067
rapl,npu,int,map_reduce,max,8,8388608,uniform,23000177,1,bench/results/raw/energy/measurements/20260817_174754_npu_int_map_reduce_q23_k8_max_uniform_s23000177_rep1_rapl.txt,0.475216,5.827579,12.263007,4.871461,3.512582,7.391546,0,rapl:package+core,3.615474,3.51268,0.272655,0.267009,2.28724580104,2.21195606985,3.685585,0.273923
rapl,npu,int,map_reduce,max,8,8388608,uniform,23000177,2,bench/results/raw/energy/measurements/20260817_174754_npu_int_map_reduce_q23_k8_max_uniform_s23000177_rep2_rapl.txt,0.473621,6.205367,13.101971,4.871461,3.898141,8.23051,0,rapl:package+core,3.687889,3.598157,0.268316,0.262989,2.38079807032,2.31701634307,3.687889,0.269561
rapl,npu,int,map_reduce,max,8,8388608,uniform,23000177,3,bench/results/raw/energy/measurements/20260817_174754_npu_int_map_reduce_q23_k8_max_uniform_s23000177_rep3_rapl.txt,0.476535,5.819935,12.213031,4.871461,3.498514,7.34157,0,rapl:package+core,3.636667,3.549069,0.27162,0.265751,2.31348076318,2.25447336779,3.671914,0.272869
rapl,npu,int,map_reduce,max,131072,16777216,uniform,24131244,1,bench/results/raw/energy/measurements/20260817_174754_npu_int_map_reduce_q24_k131072_max_uniform_s24131244_rep1_rapl.txt,3.572303,39.596952,11.084432,4.871461,22.194617,6.212971,0,rapl:package+core,34.268049,34.207153,3.045268,3.037963,19.4331447035,19.4078347261,34.278775,3.046525
rapl,npu,int,map_reduce,max,131072,16777216,uniform,24131244,2,bench/results/raw/energy/measurements/20260817_174754_npu_int_map_reduce_q24_k131072_max_uniform_s24131244_rep2_rapl.txt,3.544808,39.098381,11.029759,4.871461,21.829986,6.158298,0,rapl:package+core,33.703289,33.599564,3.014907,3.007498,19.0162871309,18.9486547854,33.703289,3.01617
rapl,npu,int,map_reduce,max,131072,16777216,uniform,24131244,3,bench/results/raw/energy/measurements/20260817_174754_npu_int_map_reduce_q24_k131072_max_uniform_s24131244_rep3_rapl.txt,3.528999,35.970826,10.192927,4.871461,18.779447,5.321466,0,rapl:package+core,30.454815,30.370317,3.004809,2.997371,15.8170051441,15.768741071,30.49737,3.00607
rapl,npu,int,map_reduce,max,256,16777216,uniform,24000428,1,bench/results/raw/energy/measurements/20260817_174754_npu_int_map_reduce_q24_k256_max_uniform_s24000428_rep1_rapl.txt,0.836368,12.44148,14.875608,4.871461,8.367147,10.004147,0,rapl:package+core,8.38186,8.194372,0.550486,0.5435,5.70018891995,5.5467329465,8.38186,0.551726
rapl,npu,int,map_reduce,max,256,16777216,uniform,24000428,2,bench/results/raw/energy/measurements/20260817_174754_npu_int_map_reduce_q24_k256_max_uniform_s24000428_rep2_rapl.txt,0.819865,10.439539,12.733234,4.871461,6.445596,7.861773,0,rapl:package+core,7.280172,7.245949,0.53957,0.532663,4.65167778823,4.65110196936,7.280172,0.540817
rapl,npu,int,map_reduce,max,256,16777216,uniform,24000428,3,bench/results/raw/energy/measurements/20260817_174754_npu_int_map_reduce_q24_k256_max_uniform_s24000428_rep3_rapl.txt,0.817396,10.542087,12.897165,4.871461,6.560176,8.025704,0,rapl:package+core,7.529366,7.442975,0.538011,0.53098,4.90846639593,4.85632663822,7.529366,0.539249
rapl,npu,int,map_reduce,max,4096,16777216,uniform,24004268,1,bench/results/raw/energy/measurements/20260817_174754_npu_int_map_reduce_q24_k4096_max_uniform_s24004268_rep1_rapl.txt,0.825723,10.453485,12.659801,4.871461,6.431009,7.78834,0,rapl:package+core,7.42613,7.32117,0.546489,0.539501,4.76393014957,4.69301191904,7.443676,0.547736
rapl,npu,int,map_reduce,max,4096,16777216,uniform,24004268,2,bench/results/raw/energy/measurements/20260817_174754_npu_int_map_reduce_q24_k4096_max_uniform_s24004268_rep2_rapl.txt,0.828058,10.569583,12.764295,4.871461,6.535728,7.892834,0,rapl:package+core,7.53762,7.414198,0.548383,0.54126,4.86619360244,4.77747101914,7.53762,0.54963
rapl,npu,int,map_reduce,max,4096,16777216,uniform,24004268,3,bench/results/raw/energy/measurements/20260817_174754_npu_int_map_reduce_q24_k4096_max_uniform_s24004268_rep3_rapl.txt,0.816586,10.42808,12.770335,4.871461,6.450112,7.898874,0,rapl:package+core,7.426923,7.355225,0.541572,0.534628,4.78867612331,4.75080554849,7.444668,0.542823
rapl,npu,int,map_reduce,max,8,16777216,uniform,24000180,1,bench/results/raw/energy/measurements/20260817_174754_npu_int_map_reduce_q24_k8_max_uniform_s24000180_rep1_rapl.txt,0.812246,10.665799,13.131249,4.871461,6.708976,8.259788,0,rapl:package+core,7.590077,7.486157,0.528211,0.521352,5.01691771373,4.94641106473,7.606769,0.529471
rapl,npu,int,map_reduce,max,8,16777216,uniform,24000180,2,bench/results/raw/energy/measurements/20260817_174754_npu_int_map_reduce_q24_k8_max_uniform_s24000180_rep2_rapl.txt,0.797097,10.053268,12.612345,4.871461,6.170239,7.740884,0,rapl:package+core,7.070862,6.950734,0.52274,0.515809,4.52435447686,4.43799057305,7.070862,0.523973
rapl,npu,int,map_reduce,max,8,16777216,uniform,24000180,3,bench/results/raw/energy/measurements/20260817_174754_npu_int_map_reduce_q24_k8_max_uniform_s24000180_rep3_rapl.txt,0.809032,10.58864,13.088037,4.871461,6.647472,8.216576,0,rapl:package+core,7.528511,7.35474,0.530471,0.523464,4.94434221187,4.8047055391,7.545768,0.531723
